Ticker,Name,Sector,Industry,Price,MarketCap,PriceChg1Y,PriceChg3Y,PriceChg5Y,PriceChg10Y,Sales_D,Sales_Pct,Profits_D,Profits_Pct,Q,P,O,Score_Sector,Score_Sector_Adj,Score_Ind,Score_Ind_Adj,Rank_Sales_D,Rank_Price3Y,Rank_Sales_TotalShare,Rank_Profits_D,Rank_Sales_D_Sec,Rank_Price3Y_Sec,Rank_Sales_D_Ind,Rank_Price3Y_Ind,Sales_D_SecShare,Sales_D_IndShare,OnGRNJ
AAOI,Applied Optoelectronics Inc.,Information Technology,Communications Equipment,166.236,13339.24,9.186,2.714,0.7997,0.3209,198.45569620253167,0.11254964780233045,-5.1100000000000065,0.13366466126079013,0.25,1.0,4,203.33333333333334,203.33333333333334,23.333333333333332,23.333333333333332,546.0,1.0,1151.0,895.0,63.0,1.0,6.0,1.0,0.0026101046944238798,0.05804224924221725,False
AII,Almonty Industries Inc.,Materials,Metals and Mining,22.96,4675.88,3.7833,1.9033,0.6663,0.4813,15.154620322711235,0.517095821021528,22.689999999999998,-0.19235334011529326,0.6,3.0,5,347.3333333333333,347.3333333333333,20.0,20.0,997.0,3.0,1251.0,444.0,44.0,1.0,15.0,1.0,0.000601256840645403,0.002028922518923976,False
SNEX,StoneX Group Inc.,Financials,Capital Markets,127.698,10120.26,1.2519,0.6974,0.4515,0.3185,28812.765416026523,0.15005611252145767,156.5,0.5116050997057862,0.75,3.0,4,3.3333333333333335,3.3333333333333335,2.0,2.0,3.0,66.0,2.0,106.0,2.0,5.0,2.0,2.0,0.16810711620979998,0.2743426368672852,False
BG,Bunge Global SA,Consumer Staples,Food Products,127.915,24817.83,0.6949,0.1093,0.0859,0.0693,29213.751641068135,0.14528857228170455,-133.0,-0.16299019607843135,1.0,2.0,2,6.0,6.0,1.6666666666666667,1.6666666666666667,2.0,589.0,4.0,1224.0,1.0,15.0,1.0,3.0,0.49889793817122363,0.8089452367334727,False
SMCI,Super Micro Computer Inc.,Information Technology,Technology Hardware Storage and Peripherals,29.211,17568.04,-0.324,0.0373,0.5142,0.2745,12130.695151049666,0.5337770184288759,198.5400000000002,0.1892930352290605,1.25,5.0,4,36.0,1000.0,2.6666666666666665,1000.0,5.0,767.0,23.0,75.0,1.0,102.0,1.0,6.0,0.15954384261194018,0.7311046985096029,False
AXTI,AXT Inc.,Information Technology,Semiconductors and Semiconductor Equipment,84.15,5356.75,41.5,1.8151,0.5247,0.3732,-0.1344342078910472,0.08558813540133592,7.1800000000000015,-0.3377234242709314,1.25,5.0,4,397.3333333333333,397.3333333333333,61.333333333333336,61.333333333333336,1035.0,5.0,1237.0,667.0,155.0,2.0,28.0,1.0,-1.768089119243441e-06,-2.2445586802320388e-05,False
CNC,Centene Corporation,Health Care,Health Care Providers and Services,63.6,31405.49,0.1507,-0.0267,-0.0212,0.0647,25086.318123227626,0.012381422756612137,230.0,-0.03446209169913095,2.0,4.0,2,36.333333333333336,1000.0,6.666666666666667,1000.0,4.0,922.0,1.0,67.0,1.0,104.0,1.0,18.0,0.3601296796624131,0.5480268709010584,False
DAVE,Dave Inc.,Financials,Consumer Finance,268.195,3409.9,0.1577,2.5996,-0.0335,,223.20440575321726,0.09101735898083674,29.120000000000005,0.14867003624853226,2.0,2.0,1,203.0,203.0,37.333333333333336,37.333333333333336,507.0,2.0,1118.0,392.0,101.0,1.0,10.0,1.0,0.001302278640550915,0.03388825748746393,False
SUN,Sunoco LP,Energy,Oil Gas and Consumable Fuels,66.33,9080.23,0.2396,0.1441,0.1159,0.0844,8338.57536242442,0.2186817983413356,437.0,0.8292220113851991,2.6666666666666665,8.0,3,13.333333333333334,1000.0,8.666666666666666,1000.0,8.0,501.0,29.0,31.0,2.0,30.0,2.0,22.0,0.20347826179391,0.21684354920526505,False
EXE,Expand Energy Corporation,Energy,Oil Gas and Consumable Fuels,87.802,21004.77,-0.2177,0.0318,0.0932,,6388.018655581466,0.1131540510353124,1408.0,0.7740516767454646,3.0,9.0,3,22.0,1000.0,15.0,1000.0,9.0,782.0,124.0,5.0,3.0,54.0,3.0,39.0,0.15588069614410321,0.16611958007932268,False
WULF,TeraWulf Inc.,Information Technology,Software,24.229,12006.26,4.4941,1.6243,,,36.04114689709348,-0.002374450908227521,-366.21000000000015,0.5536724018021835,3.0,6.0,2,363.6666666666667,363.6666666666667,67.66666666666667,67.66666666666667,947.0,6.0,1224.0,1277.0,141.0,3.0,61.0,1.0,0.0004740159567529929,0.002332815235180238,False
VG,Venture Global Inc.,Energy,Oil Gas and Consumable Fuels,13.775,34222.03,-0.1781,,,,9021.929783596714,0.12382889098699978,96.0,0.03559510567296997,3.0,6.0,2,23.666666666666668,1000.0,16.333333333333332,1000.0,6.0,1199.0,86.0,160.0,1.0,64.0,1.0,47.0,0.2201535047180075,0.2346140905281687,False
STRL,Sterling Infrastructure Inc.,Industrials,Construction and Engineering,815.73,25031.45,2.9897,1.4737,1.0195,0.6689,778.486191588785,0.15852292122648137,56.49000000000001,0.19469240048250902,3.3333333333333335,10.0,3,68.0,68.0,14.333333333333334,14.333333333333334,170.0,10.0,590.0,248.0,32.0,2.0,9.0,2.0,0.009031888124814402,0.05682307777497613,True
PRAX,Praxis Precision Medicines Inc.,Health Care,Biotechnology,246.378,6868.72,4.5248,1.5454,-0.0393,,,,-23.25999999999999,0.07669733241006371,3.5,7.0,2,467.3333333333333,467.3333333333333,62.666666666666664,62.666666666666664,1258.0,7.0,1278.0,1039.0,142.0,2.0,44.0,2.0,,,False
TTMI,TTM Technologies Inc.,Information Technology,Electronic Equipment Instruments and Components,177.585,18440.99,3.8547,1.3346,0.6367,0.3639,582.4071080422423,0.06788951051838388,17.810000000000002,0.10036630036630045,3.75,15.0,4,86.33333333333333,86.33333333333333,10.666666666666666,10.666666666666666,229.0,15.0,551.0,499.0,24.0,6.0,7.0,1.0,0.007659863414630979,0.01957508825118623,False
POWL,Powell Industries Inc.,Industrials,Electrical Equipment,281.135,10242.21,3.3745,1.3735,0.8889,0.3654,48.74899521531097,0.025119530570849147,6.180000000000007,0.03419087136929466,4.0,12.0,3,364.6666666666667,364.6666666666667,61.666666666666664,61.666666666666664,921.0,12.0,923.0,688.0,170.0,3.0,14.0,1.0,0.0005655790375462123,0.010553890998334474,False
AGX,Argan Inc.,Industrials,Construction and Engineering,613.003,8593.84,1.7328,1.5162,0.6639,0.3042,131.70518913252386,0.10299488677867075,23.519999999999982,0.170719314800029,4.0,8.0,2,270.0,270.0,49.0,49.0,678.0,8.0,954.0,435.0,131.0,1.0,15.0,1.0,0.0015280252194001971,0.009613393643080205,False
SYRE,Spyre Therapeutics Inc.,Health Care,Biotechnology,78.78,6841.35,3.3767,1.8568,-0.1374,-0.0666,,,-24.24000000000001,0.1561855670103094,4.0,4.0,1,467.0,467.0,62.333333333333336,62.333333333333336,1258.0,4.0,1278.0,1047.0,142.0,1.0,44.0,1.0,,,False
GLXY,Galaxy Digital Inc.,Financials,Capital Markets,30.987,12081.83,0.6031,1.0918,0.119,,57585.181435322134,-0.043070998980208386,79.12,-0.32782266418065054,4.333333333333333,13.0,3,2.0,2.0,1.0,1.0,1.0,25.0,8.0,200.0,1.0,4.0,1.0,1.0,0.3359788152138129,0.5483010843054986,True
IESC,IES Holdings Inc.,Industrials,Construction and Engineering,700.824,13963.14,1.584,1.3595,0.6819,0.482,505.4451790633607,0.07763082572290436,74.38999999999999,0.24312046538989462,4.666666666666667,14.0,3,106.33333333333333,106.33333333333333,21.0,21.0,266.0,14.0,482.0,206.0,49.0,4.0,11.0,3.0,0.005864104411679102,0.03689333353786084,True
SNX,TD SYNNEX Corporation,Information Technology,Electronic Equipment Instruments and Components,270.184,21720.39,1.1362,0.4256,0.1584,0.1102,6130.804023915218,0.042066394925840855,159.38,0.19256699610951356,5.0,10.0,2,16.0,16.0,4.0,4.0,10.0,158.0,5.0,103.0,2.0,36.0,1.0,9.0,0.08063280958730067,0.20606037969262486,False
FMCC,Federal Home Loan Mortgage Corporation,Financials,Financial Services,5.51,17749.59,-0.3043,1.2994,0.1817,0.1007,-569.3825971097685,0.040080069150630004,764.0,0.07119560152828264,5.333333333333333,16.0,3,473.3333333333333,473.3333333333333,78.33333333333333,78.33333333333333,1211.0,16.0,47.0,15.0,206.0,3.0,27.0,2.0,-0.0033220437204867803,-0.046334791331672356,False
RGTI,Rigetti Computing Inc.,Information Technology,Semiconductors and Semiconductor Equipment,19.89,6611.41,0.5887,1.4577,0.1528,,0.8062068965517231,0.4132581100141044,-9.509999999999991,0.04398501456916892,5.5,11.0,2,397.0,397.0,61.0,61.0,1032.0,11.0,1261.0,942.0,154.0,5.0,27.0,2.0,1.0603295574943117e-05,0.00013460701082753315,False
ARW,Arrow Electronics Inc.,Information Technology,Electronic Equipment Instruments and Components,217.855,11139.79,0.7511,0.1749,0.1249,0.1255,5698.98340360196,0.08620021301049441,155.38,0.2719904773574666,5.5,11.0,2,27.666666666666668,27.666666666666668,7.0,7.0,11.0,434.0,24.0,107.0,3.0,69.0,2.0,16.0,0.07495347132795224,0.1915466029296172,False
CRS,Carpenter Technology Corporation,Industrials,Aerospace and Defense,548.672,27261.1,1.2387,1.2037,0.6536,0.3222,108.6303123794828,0.052726703972750366,103.10000000000002,0.2742021276595745,5.666666666666667,17.0,3,293.6666666666667,293.6666666666667,53.333333333333336,53.333333333333336,736.0,17.0,570.0,150.0,140.0,5.0,19.0,1.0,0.0012603137203663975,0.010563916759358971,True
PFGC,Performance Food Group Company,Consumer Staples,Consumer Staples Distribution and Retail,102.114,16041.07,0.1778,0.2268,0.1421,0.1525,5400.817233809001,0.05760706790942738,-11.699999999999989,-0.034391534391534306,6.5,13.0,2,8.0,1000.0,3.3333333333333335,1000.0,13.0,341.0,6.0,959.0,2.0,9.0,1.0,7.0,0.09223247378467839,0.2943206380829016,False
FNMA,Federal National Mortgage Association,Financials,Financial Services,6.075,34863.45,-0.3894,1.3732,0.204,0.1007,-3253.621585311241,-0.011515547805870385,59.0,0.004107490949596171,6.5,13.0,2,488.6666666666667,488.6666666666667,81.66666666666667,81.66666666666667,1251.0,13.0,37.0,236.0,213.0,2.0,31.0,1.0,-0.018983146325843355,-0.26477078504483664,False
ONDS,Ondas Inc.,Information Technology,Communications Equipment,9.517,4718.17,5.4304,1.1437,0.0307,,85.79347011207273,0.9043958210132073,375.39,-2.8434328132101196,6.666666666666667,20.0,3,310.0,310.0,43.333333333333336,43.333333333333336,803.0,20.0,1236.0,39.0,119.0,8.0,9.0,2.0,0.0011283623668927433,0.025091978063041944,False
SANM,Sanmina Corporation,Information Technology,Electronic Equipment Instruments and Components,241.075,12921.07,1.7464,0.6303,0.4179,0.2398,3491.446024363233,0.3952251248096177,13.720000000000027,0.05579730773923308,6.666666666666667,20.0,3,16.0,16.0,4.666666666666667,4.666666666666667,20.0,81.0,144.0,548.0,5.0,23.0,4.0,5.0,0.045919768658178796,0.11734981099544971,True
INGM,Ingram Micro Holding Corporation,Information Technology,Electronic Equipment Instruments and Components,28.57,6583.8,0.4606,,,,5308.8555705908875,0.032006463169182986,29.680000000000007,0.09052092228864228,7.0,14.0,2,60.333333333333336,60.333333333333336,12.666666666666666,12.666666666666666,14.0,1199.0,13.0,387.0,4.0,163.0,3.0,31.0,0.06982247983789983,0.17843414833388466,False
QXO,QXO Inc.,Industrials,Trading Companies and Distributors,15.685,11374.26,-0.2138,-0.1422,-0.2379,0.0205,8502.955016151614,0.25089883370845634,-235.89999999999998,0.8443092340730136,7.0,7.0,1,67.33333333333333,1000.0,6.333333333333333,1000.0,7.0,1102.0,202.0,1255.0,1.0,194.0,1.0,17.0,0.09865009715776336,0.5552898023332311,False
LQDA,Liquidia Corporation,Health Care,Pharmaceuticals,69.915,6217.41,3.948,1.0219,0.9136,,273.9162548486247,0.8194795351187469,91.22,-1.3235635519442832,7.25,29.0,4,171.66666666666666,171.66666666666666,20.0,20.0,456.0,29.0,1198.0,169.0,54.0,5.0,4.0,2.0,0.003932237988388841,0.09832584320176006,False
EQT,EQT Corporation,Energy,Oil Gas and Consumable Fuels,51.929,32480.45,-0.0378,0.1041,0.1766,-0.0367,3208.377962135156,0.1446584163741087,1245.0900000000001,0.6105627068775286,7.333333333333333,22.0,3,22.333333333333332,1000.0,12.666666666666666,1000.0,22.0,603.0,178.0,7.0,4.0,41.0,4.0,30.0,0.07829097208319029,0.08343344447498822,False
HPQ,HP Inc.,Information Technology,Technology Hardware Storage and Peripherals,24.475,22382.94,-0.0139,-0.0633,-0.0404,0.0612,3116.8297711367486,0.03837598336196768,24.0,0.009489916963226541,7.666666666666667,23.0,3,52.0,1000.0,5.0,1000.0,23.0,992.0,9.0,426.0,6.0,127.0,2.0,7.0,0.04099278666741718,0.18784817042702695,False
INOD,Innodata Inc.,Industrials,Professional Services,99.105,3236.31,1.3283,1.1104,0.6871,0.4558,81.12164168451108,0.12620201859651914,7.109999999999999,0.2209446861404598,7.666666666666667,23.0,3,327.3333333333333,327.3333333333333,58.333333333333336,58.333333333333336,820.0,23.0,1200.0,668.0,154.0,8.0,19.0,2.0,0.0009411619629379432,0.00821394425923899,False
IPEU,IPE Universal Inc.,Information Technology,Software,12.0,3121.33,,1.4913,,,-0.3284471163643765,0.12532467532467528,0.020000000000000018,0.020000000000000018,9.0,9.0,1,398.6666666666667,398.6666666666667,75.0,75.0,1036.0,9.0,1256.0,809.0,156.0,4.0,67.0,2.0,-4.319761925189372e-06,-2.1259213509313275e-05,False
CPNG,Coupang Inc.,Consumer Discretionary,Broadline Retail,16.915,30363.51,-0.4019,0.0184,-0.152,,4068.992042440317,0.01725835408582843,-373.0,-1.7932692307692308,9.0,18.0,2,34.666666666666664,1000.0,2.3333333333333335,1000.0,18.0,819.0,22.0,1279.0,2.0,84.0,1.0,4.0,0.06663203746268555,0.7482558502455944,False
OSCR,Oscar Health Inc.,Financials,Insurance,28.319,8529.06,1.0013,0.4532,0.0233,,3220.99584691171,0.13681490211025493,403.71999999999997,-0.9110233555229607,10.5,21.0,2,12.666666666666666,12.666666666666666,3.0,3.0,21.0,144.0,121.0,34.0,5.0,12.0,2.0,2.0,0.018792792546281824,0.12542450264712396,False
UAL,United Airlines Holdings Inc.,Industrials,Passenger Airlines,104.215,33825.03,0.3254,0.273,0.1301,0.085,2725.3132161955655,0.023616048755713548,312.0,0.09305099910527881,10.666666666666666,32.0,3,34.333333333333336,34.333333333333336,2.3333333333333335,2.3333333333333335,32.0,287.0,7.0,47.0,4.0,67.0,1.0,2.0,0.03161870350393904,0.332107320311626,False
PL,Planet Labs PBC,Industrials,Professional Services,32.451,11565.62,4.9762,1.1148,0.2664,,85.43482295937383,0.09059890163454964,-126.24000000000001,0.5113829701045127,11.0,22.0,2,320.0,320.0,56.0,56.0,804.0,22.0,1186.0,1220.0,149.0,7.0,18.0,1.0,0.00099120289000577,0.008650673963372683,False
MOD,Modine Manufacturing Company,Industrials,Building Products,257.159,13582.05,1.7314,0.9961,0.7167,0.3835,597.5703971412331,0.23131410876717617,-62.5,-0.33967391304347827,11.333333333333334,34.0,3,90.33333333333333,90.33333333333333,13.666666666666666,13.666666666666666,223.0,34.0,540.0,1152.0,39.0,9.0,1.0,1.0,0.0069329283319278885,0.20952458220304662,False
FTAI,FTAI Aviation Ltd.,Industrials,Aerospace and Defense,228.41,23430.98,0.8979,0.9893,0.4903,0.3583,925.7309295433113,0.1310595395248484,35.52000000000004,0.0708897138067297,11.666666666666666,35.0,3,57.333333333333336,57.333333333333336,9.666666666666666,9.666666666666666,138.0,35.0,597.0,350.0,24.0,10.0,3.0,2.0,0.010740201020459672,0.09002408505553176,False
NRG,NRG Energy Inc.,Utilities,Electric Utilities,122.65,25877.49,-0.1772,0.5307,0.2686,0.2344,3098.4149032374735,0.05440692866213004,-625.0,-0.7233796296296297,12.0,24.0,2,9.333333333333334,9.333333333333334,1.3333333333333333,1.3333333333333333,24.0,105.0,26.0,1296.0,1.0,3.0,1.0,2.0,0.14646777162905072,0.30892552722319705,False
DKS,DICK'S Sporting Goods Inc.,Consumer Discretionary,Specialty Retail,214.685,19214.85,0.1617,0.1647,0.1646,0.1776,5605.636871547938,0.11558618237921103,55.52999999999997,0.06538787621873676,12.0,12.0,1,18.666666666666668,1000.0,4.333333333333333,1000.0,12.0,458.0,60.0,255.0,1.0,43.0,1.0,11.0,0.09179546239741074,0.2836564667477649,False
CIFR,Cipher Digital Inc.,Information Technology,Software,21.653,8857.14,4.3071,1.1072,0.1668,,57.732438387938515,-0.06305260337590424,-75.35000000000002,0.0916399104884218,12.0,24.0,2,344.0,344.0,63.666666666666664,63.666666666666664,892.0,24.0,1214.0,1174.0,131.0,9.0,56.0,4.0,0.0007593015032590102,0.003736815374383896,False
TNGX,Tango Therapeutics Inc.,Health Care,Biotechnology,28.865,4175.26,5.0897,1.0502,0.2128,,16.001795166858464,-0.08640589932670728,-5.640000000000001,0.05551727532237427,13.5,27.0,2,371.6666666666667,371.6666666666667,50.666666666666664,50.666666666666664,996.0,27.0,1245.0,904.0,115.0,4.0,34.0,3.0,0.00022971570954163014,0.0017893820253992016,False
MOH,Molina Healthcare Inc.,Health Care,Health Care Providers and Services,192.87,10046.81,-0.3454,-0.1211,-0.0493,0.1428,2916.9957113555865,-0.01072010651240729,-284.0,-0.6016949152542372,13.5,27.0,2,52.666666666666664,1000.0,9.666666666666666,1000.0,27.0,1078.0,16.0,1268.0,3.0,128.0,3.0,23.0,0.04187528540246234,0.06372366101209008,False
SEI,Solaris Energy Infrastructure Inc.,Energy,Energy Equipment and Services,72.344,5320.32,1.732,1.049,0.4722,,320.5871055880616,0.11234149242217262,16.119999999999997,0.5343056015909844,14.0,28.0,2,139.33333333333334,139.33333333333334,7.666666666666667,7.666666666666667,398.0,28.0,1086.0,512.0,19.0,1.0,3.0,1.0,0.00782297984528058,0.1269230255064084,False
LPLA,LPL Financial Holdings Inc.,Financials,Capital Markets,287.34,22981.93,-0.238,0.1197,0.1562,0.2776,4944.255340465519,0.07560561362637452,37.84000000000003,0.04384602906074031,15.0,15.0,1,46.0,1000.0,11.333333333333334,1000.0,15.0,557.0,68.0,340.0,3.0,120.0,3.0,28.0,0.02884709242897742,0.047077051711738364,False
ACI,Albertsons Companies Inc.,Consumer Staples,Consumer Staples Distribution and Retail,15.535,7682.6,-0.2696,-0.0926,-0.053,,2781.527643533729,0.03460093119992447,-741.2,-0.7732109326100564,15.5,31.0,2,22.0,1000.0,5.666666666666667,1000.0,31.0,1046.0,3.0,1300.0,3.0,32.0,2.0,12.0,0.04750154733205987,0.15158094700284921,False
CELC,Celcuity Inc.,Health Care,Biotechnology,90.719,4424.03,6.2633,1.0099,0.2751,,,,-15.849999999999994,0.08952779032986902,16.0,32.0,2,468.6666666666667,468.6666666666667,63.333333333333336,63.333333333333336,1258.0,32.0,1278.0,995.0,142.0,6.0,44.0,4.0,,,False
IP,International Paper Company,Materials,Containers and Packaging,32.327,17117.7,-0.3134,0.0067,-0.1267,-0.0285,4439.928951026082,0.029914529914529808,165.0,-0.04692832764505117,16.0,16.0,1,17.666666666666668,1000.0,2.0,1000.0,16.0,842.0,43.0,98.0,1.0,36.0,1.0,4.0,0.17615338404640463,0.4221114686079513,False
OMC,Omnicom Group Inc.,Communication Services,Media,73.57,20967.91,0.0037,-0.0798,-0.0257,-0.0124,4075.75049253257,0.14778339383623118,117.5,-2.1559633027522933,17.0,17.0,1,14.666666666666666,1000.0,3.0,1000.0,17.0,1023.0,56.0,141.0,1.0,26.0,1.0,7.0,0.2835938838618853,0.6641855815274282,False
KEY,KeyCorp,Financials,Banks,22.045,23794.68,0.3583,0.2724,0.001,0.0605,2613.499203669491,0.027686599115170463,117.0,0.06396938217605252,17.5,35.0,2,26.333333333333332,26.333333333333332,6.0,6.0,35.0,288.0,252.0,142.0,6.0,38.0,1.0,11.0,0.015248373698315972,0.11980369006380381,False
TPC,Tutor Perini Corporation,Industrials,Construction and Engineering,71.274,3750.06,0.7055,1.1838,0.3729,0.1191,1161.4229824142594,0.025765644844706115,-2.299999999999997,-0.028592739930382804,18.0,18.0,1,37.666666666666664,37.666666666666664,7.333333333333333,7.333333333333333,92.0,18.0,316.0,847.0,15.0,6.0,3.0,4.0,0.013474667317278328,0.08477430835951251,False
RGA,Reinsurance Group of America Incorporated,Financials,Insurance,207.015,13562.21,0.0442,0.1275,0.1075,0.0792,3901.2113032475754,0.052071904802093005,44.0,0.0372250423011844,19.0,19.0,1,45.333333333333336,1000.0,8.333333333333334,1000.0,19.0,536.0,41.0,296.0,4.0,113.0,1.0,20.0,0.02276148687724497,0.15191186536310294,False
QBTS,D-Wave Quantum Inc.,Information Technology,Software,23.565,8729.54,0.4256,1.18,0.189,,-8.916223175965664,-0.4941032940219602,-12.939999999999998,0.03644454458401403,19.0,19.0,1,405.0,405.0,77.33333333333333,77.33333333333333,1048.0,19.0,1259.0,974.0,160.0,7.0,69.0,3.0,-0.0001172668581120933,-0.0005771154099104772,False
RSI,Rush Street Interactive Inc.,Consumer Discretionary,Hotels Restaurants and Leisure,29.254,6808.23,1.1076,1.1226,0.1622,,273.28483619344775,0.09515792071789364,3.75,0.11257880516361451,21.0,21.0,1,172.66666666666666,172.66666666666666,25.666666666666668,25.666666666666668,458.0,21.0,891.0,733.0,59.0,1.0,17.0,1.0,0.004475193181332644,0.014930808506989308,False
BTSG,BrightSpring Health Services Inc.,Health Care,Health Care Providers and Services,62.345,12999.08,1.8481,,,,2981.7648765239137,0.0569766144923225,119.22,0.6252687890071853,25.0,25.0,1,58.666666666666664,58.666666666666664,10.333333333333334,10.333333333333334,25.0,1199.0,117.0,138.0,2.0,149.0,2.0,27.0,0.0428050870014652,0.06513858538416072,False
AMTM,Amentum Holdings Inc.,Industrials,Professional Services,21.901,5350.77,-0.0218,,,,2940.1959400523338,-0.013339817967067291,82.0,1.2424242424242422,26.0,26.0,1,78.33333333333333,1000.0,9.333333333333334,1000.0,26.0,1199.0,110.0,191.0,2.0,207.0,1.0,25.0,0.03411174287033912,0.2977085406722216,False
BLTE,Belite Bio Inc,Health Care,Pharmaceuticals,136.885,5385.05,1.2403,1.0841,,,,,-12.659999999999997,0.16312330885195192,26.0,26.0,1,467.6666666666667,467.6666666666667,54.666666666666664,54.666666666666664,1258.0,26.0,1278.0,970.0,142.0,3.0,21.0,1.0,,,False
DTE,DTE Energy Company,Utilities,Multi-Utilities,146.816,30541.88,0.0878,0.096,0.0115,0.0457,2858.339121806004,0.04432781080055648,-198.0,-0.1354309165526676,28.0,28.0,1,15.0,1000.0,2.0,1000.0,28.0,625.0,78.0,1248.0,2.0,15.0,1.0,3.0,0.13511894785092182,0.4251059099148749,False
MTZ,MasTec Inc.,Industrials,Construction and Engineering,348.302,27165.61,1.1381,0.4668,0.2432,0.3153,2815.7341341055544,0.06861097532234384,50.94,0.12765637530072182,29.0,29.0,1,22.666666666666668,22.666666666666668,4.0,4.0,29.0,139.0,92.0,266.0,3.0,36.0,1.0,8.0,0.03266775437154573,0.20552539200393435,False
AVT,Avnet Inc.,Information Technology,Electronic Equipment Instruments and Components,86.675,7109.44,0.6794,0.2295,0.1455,0.0745,2808.2238906638268,0.12406562841345448,-26.319999999999993,-0.10956623095495788,30.0,30.0,1,32.666666666666664,32.666666666666664,8.333333333333334,8.333333333333334,30.0,337.0,40.0,1059.0,7.0,61.0,5.0,13.0,0.036933978214133224,0.0943862630276258,False
NESR,National Energy Services Reunited Corp.,Energy,Energy Equipment and Services,24.15,2435.46,2.9141,1.0207,0.0958,,117.58431690980842,0.07664363128280649,13.43999999999999,0.2628593780559356,30.0,30.0,1,247.66666666666666,247.66666666666666,13.0,13.0,711.0,30.0,838.0,555.0,30.0,2.0,7.0,2.0,0.0028692973774450234,0.046552581167983775,False
NN,NextNav Inc.,Information Technology,Software,22.585,3078.44,0.7826,1.0186,0.1758,,-2.133964515142246,-0.11816192560175054,47.96000000000001,-0.2534214002642008,31.0,31.0,1,401.3333333333333,401.3333333333333,76.66666666666667,76.66666666666667,1037.0,31.0,1266.0,281.0,157.0,10.0,68.0,5.0,-2.806606666015012e-05,-0.0001381239322508713,False
ACMR,ACM Research Inc.,Information Technology,Semiconductors and Semiconductor Equipment,86.024,5945.07,2.3278,1.0001,0.2378,,157.96581752861562,0.0653715147951317,-3.0799999999999983,-0.03273809523809523,33.0,33.0,1,238.66666666666666,238.66666666666666,31.0,31.0,625.0,33.0,984.0,861.0,80.0,11.0,10.0,3.0,0.0020775786726180447,0.026374503370538108,False
FLUT,Flutter Entertainment plc,Consumer Discretionary,Hotels Restaurants and Leisure,111.246,19283.32,-0.587,-0.1646,-0.1028,,2705.767872161481,0.03900384544955138,-65.0,0.20967741935483875,33.0,33.0,1,53.666666666666664,1000.0,12.333333333333334,1000.0,33.0,1130.0,74.0,1158.0,3.0,125.0,1.0,33.0,0.044308473534165,0.14782855326451375,False
JLL,Jones Lang LaSalle Incorporated,Real Estate,Real Estate Management and Development,296.72,13765.9,0.2493,0.2478,0.0699,0.0948,2701.308199226827,0.02451025440732746,103.69999999999993,0.13091781340739805,34.0,34.0,1,14.0,1000.0,1.6666666666666667,1000.0,34.0,312.0,38.0,149.0,1.0,7.0,1.0,3.0,0.15130961961101982,0.34374272700456326,False
AA,Alcoa Corporation,Materials,Metals and Mining,67.11,17709.65,1.3351,0.2389,0.1241,,-10.13210568454815,-0.013716779674226465,-123.0,-0.10630942091616247,,,0,371.0,371.0,24.333333333333332,24.333333333333332,1051.0,326.0,133.0,1214.0,46.0,16.0,16.0,11.0,-0.00040198947405149256,-0.0013565009845010474,False
AADX,Applied Aerospace & Defense Inc.,Industrials,Aerospace and Defense,21.385,3651.35,,,,,,0.04677600449113806,-7.82,0.45945945945945943,,,0,562.6666666666666,1000.0,91.33333333333333,1000.0,1258.0,1199.0,1146.0,924.0,223.0,207.0,28.0,23.0,,,False
AAL,American Airlines Group Inc.,Industrials,Passenger Airlines,13.605,8998.14,0.2301,-0.0439,-0.1037,-0.0851,1804.51001645215,0.024911683414786,91.0,0.8198198198198199,,,1,76.0,1000.0,4.666666666666667,1000.0,46.0,959.0,10.0,170.0,6.0,176.0,2.0,6.0,0.020935673316748924,0.2198980221715577,False
AAMI,Acadian Asset Management Inc.,Financials,Capital Markets,77.74,2769.8,1.464,0.5039,0.2786,0.1839,91.01444983405668,0.08355508249068633,4.200000000000003,0.05249999999999999,,,0,314.3333333333333,314.3333333333333,62.0,62.0,786.0,117.0,1116.0,719.0,148.0,9.0,35.0,3.0,0.0005310207636825572,0.0008666000573000109,False
AAON,AAON Inc.,Industrials,Building Products,122.955,10071.45,0.621,0.2445,0.2333,0.211,356.3690590161377,0.12126927770997464,10.530000000000001,0.09787154940050202,,,0,169.33333333333334,169.33333333333334,27.333333333333332,27.333333333333332,363.0,316.0,801.0,599.0,74.0,71.0,3.0,5.0,0.004134544076639607,0.12495277302500252,False
AAP,Advance Auto Parts Inc.,Consumer Discretionary,Specialty Retail,59.524,3591.04,0.1554,-0.0217,-0.2147,-0.09,-273.3956463427203,0.0036042320660387706,379.79,-1.1310342773757407,,,0,465.3333333333333,1000.0,60.666666666666664,1000.0,1173.0,911.0,200.0,36.0,128.0,95.0,29.0,25.0,-0.004477007759965524,-0.013834367948343891,False
AB,AllianceBernstein Holding L.P.,Financials,Capital Markets,36.67,3425.12,-0.0928,0.022,-0.0439,0.0478,,,11.200000000000045,0.03735325506937048,,,0,547.0,1000.0,99.66666666666667,1000.0,1258.0,808.0,1278.0,589.0,215.0,168.0,50.0,34.0,,,False
ABCB,Ameris Bancorp,Financials,Banks,86.269,5785.69,0.3781,0.3416,0.0971,0.1057,72.17846846846851,0.029720187595510428,22.560000000000002,0.05473735290549553,,,0,344.0,344.0,75.66666666666667,75.66666666666667,849.0,213.0,909.0,445.0,162.0,21.0,61.0,4.0,0.00042112286035290053,0.0033086854794274457,False
ABG,Asbury Automotive Group Inc.,Consumer Discretionary,Specialty Retail,196.349,3655.78,-0.1922,-0.046,0.0208,0.1368,827.6610226080338,-0.0019723317962109244,55.700000000000045,0.1132113821138212,,,0,92.33333333333333,1000.0,17.666666666666668,1000.0,157.0,964.0,67.0,253.0,20.0,100.0,7.0,26.0,0.01355341560996234,0.04188130746203814,False
ABM,ABM Industries Incorporated,Industrials,Commercial Services and Supplies,45.096,2641.77,-0.0279,-0.0093,-0.0143,0.0191,554.9120811039138,0.03509072822694059,-4.0,-0.024630541871921152,,,0,150.66666666666666,1000.0,20.333333333333332,1000.0,245.0,882.0,186.0,878.0,44.0,163.0,2.0,15.0,0.006438012503998136,0.11247701683630082,False
ACA,Arcosa Inc.,Industrials,Construction and Engineering,123.359,6056.48,0.3814,0.1896,0.1508,,388.6574114181758,0.008358188249982579,14.199999999999989,0.06813819577735125,,,0,163.0,163.0,31.666666666666668,31.666666666666668,334.0,403.0,585.0,540.0,68.0,87.0,14.0,13.0,0.004509149034030853,0.02836878875367589,False
ACAD,ACADIA Pharmaceuticals Inc.,Health Care,Biotechnology,21.394,3663.42,-0.0406,-0.0469,-0.0484,-0.0597,98.93416264895836,0.022155649503970976,-15.350000000000023,-0.03925831202046037,,,0,319.6666666666667,1000.0,53.333333333333336,1000.0,760.0,967.0,931.0,991.0,88.0,111.0,22.0,50.0,0.0014202613602930098,0.011063197003584853,False
ACHC,Acadia Healthcare Company Inc.,Health Care,Health Care Providers and Services,24.385,2242.62,0.0709,-0.2899,-0.1849,-0.0884,214.63741573033712,0.01759856555088346,-4.269999999999982,0.003872067611560004,,,0,243.33333333333334,1000.0,37.0,1000.0,520.0,1191.0,515.0,886.0,62.0,148.0,23.0,26.0,0.0030812534302897283,0.004688893393729006,False
ACHR,Archer Aviation Inc.,Industrials,Aerospace and Defense,5.045,3832.17,-0.5855,0.1574,-0.1276,,,5.333333333333333,-124.29999999999995,0.20106761565836284,,,1,526.3333333333334,1000.0,90.0,1000.0,1258.0,469.0,1270.0,1217.0,223.0,98.0,28.0,19.0,,,False
ACIW,ACI Worldwide Inc.,Information Technology,Software,43.573,4429.7,-0.0741,0.227,0.0206,0.0747,118.1043172053055,0.017723806384889018,-20.569999999999993,-0.09075266919615277,,,0,289.3333333333333,1000.0,52.666666666666664,1000.0,707.0,340.0,761.0,1027.0,99.0,62.0,42.0,17.0,0.0015533171315712652,0.007644472338900929,False
ACLS,Axcelis Technologies Inc.,Information Technology,Semiconductors and Semiconductor Equipment,166.135,5105.98,1.4457,-0.0126,0.3195,0.316,-112.56566572237955,0.0076157559144272025,-19.36999999999999,-0.16109447771124408,,,1,473.3333333333333,473.3333333333333,81.33333333333333,81.33333333333333,1131.0,888.0,1020.0,1019.0,173.0,116.0,39.0,32.0,-0.0014804723580878704,-0.01879434156357247,False
ACM,AECOM,Industrials,Construction and Engineering,68.185,8763.34,-0.3923,-0.0654,0.0108,0.0761,-60.977869905642365,-0.009528724963784874,-56.049999999999955,-0.09977392883208425,,,0,490.6666666666667,1000.0,74.0,1000.0,1099.0,996.0,83.0,1142.0,190.0,183.0,17.0,15.0,-0.0007074567346573639,-0.004450882085819914,False
ACT,Enact Holdings Inc.,Financials,Financial Services,42.12,5879.98,0.209,0.1741,,,24.097054324377268,0.0042805240202941075,2.0,0.002966302800189835,,,0,414.3333333333333,1000.0,72.66666666666667,1000.0,977.0,438.0,892.0,774.0,188.0,78.0,22.0,8.0,0.00014059345755713988,0.001960952072465156,False
AD,Array Digital Infrastructure Inc.,Communication Services,Wireless Telecommunication Services,40.055,3462.47,-0.3458,0.3635,0.0014,0.0082,-3519.8995463510873,0.15359597447226303,159.54000000000002,3.27194421657096,,,1,433.0,433.0,14.0,14.0,1255.0,198.0,1219.0,102.0,39.0,5.0,1.0,2.0,-0.24491734343952015,,False
ADC,Agree Realty Corporation,Real Estate,Retail REITs,75.58,9089.59,0.014,0.0493,0.011,0.055,113.225600271693,0.044042316258351866,15.050000000000011,0.07364815267922697,,,0,264.3333333333333,1000.0,14.333333333333334,1000.0,721.0,734.0,1059.0,531.0,29.0,43.0,2.0,12.0,0.0063421576672527905,0.13289829574374493,False
ADEA,Adeia Inc.,Information Technology,Software,31.048,3424.4,1.2417,0.4389,0.0674,-0.0036,80.2026104550335,0.03856649901892251,10.950000000000003,0.09857760172848407,,,0,327.3333333333333,327.3333333333333,62.333333333333336,62.333333333333336,824.0,152.0,1161.0,594.0,124.0,34.0,53.0,10.0,0.001054830947457895,0.005191229682699592,False
ADPT,Adaptive Biotechnologies Corporation,Health Care,Life Sciences Tools and Services,18.789,3007.07,0.7675,0.3686,-0.1348,,105.88667928401873,0.06653910029605026,9.82,-0.1650420168067227,,,0,290.0,290.0,31.333333333333332,31.333333333333332,741.0,194.0,1196.0,610.0,86.0,43.0,7.0,1.0,0.0015200690553215438,0.03400644345265301,False
ADT,ADT Inc.,Consumer Discretionary,Diversified Consumer Services,6.635,5198.6,-0.1928,0.0289,-0.1061,,163.2266847405108,0.0021526300498575512,28.129999999999995,0.047201946472019474,,,0,257.0,1000.0,35.0,1000.0,611.0,792.0,352.0,400.0,85.0,75.0,9.0,11.0,0.00267292893647855,0.06743987154098158,False
AEE,Ameren Corporation,Utilities,Multi-Utilities,109.15,30207.44,0.1388,0.0937,0.0493,0.0791,952.8187472234558,0.008854781582054327,68.0,0.04670329670329676,,,0,52.333333333333336,1000.0,5.666666666666667,1000.0,132.0,633.0,203.0,220.0,9.0,16.0,4.0,4.0,0.04504149477411262,0.14170777618103395,False
AEHR,Aehr Test Systems Inc.,Information Technology,Semiconductors and Semiconductor Equipment,94.648,2976.99,7.1313,0.3045,1.039,0.496,-16.226211112620568,-0.2324910971680516,-7.51,1.9207161125319692,,,3,426.6666666666667,426.6666666666667,70.0,70.0,1066.0,248.0,1248.0,923.0,163.0,51.0,31.0,16.0,-0.0002134083858925466,-0.002709182697727305,False
AEIS,Advanced Energy Industries Inc.,Information Technology,Electronic Equipment Instruments and Components,330.237,12559.13,1.5856,0.4634,0.2585,0.2404,346.1165302782324,0.059150544807649696,42.099999999999994,0.28369272237196763,,,0,149.0,149.0,19.0,19.0,376.0,140.0,738.0,306.0,39.0,32.0,11.0,7.0,0.0045521514261549064,0.01163320559078643,False
AEO,American Eagle Outfitters Inc.,Consumer Discretionary,Specialty Retail,17.871,2994.7,0.7677,0.1454,-0.1223,0.0143,378.68973315917174,0.01905091541018611,88.43000000000004,0.46062089801020956,,,0,146.66666666666666,146.66666666666666,24.0,24.0,348.0,498.0,320.0,177.0,44.0,48.0,16.0,12.0,0.0062012577619747055,0.01916245988868741,False
AES,The AES Corporation,Utilities,Independent Power and Renewable Electricity Producers,14.665,10458.46,0.2774,-0.0993,-0.1073,0.0273,368.4052795031057,0.020763508542467113,441.0,0.48461538461538467,,,1,137.0,137.0,7.0,7.0,353.0,1058.0,134.0,30.0,15.0,43.0,2.0,4.0,0.01741519519829841,0.20513808691313323,False
AESI,Atlas Energy Solutions Inc.,Energy,Energy Equipment and Services,16.77,2094.67,0.1662,-0.0156,,,-97.63459984714473,-0.02922460308040642,-48.49000000000001,0.9640159045725649,,,0,412.3333333333333,1000.0,27.0,1000.0,1127.0,893.0,945.0,1125.0,50.0,60.0,14.0,17.0,-0.0023824835543687904,-0.038654326985410103,False
AFG,American Financial Group Inc.,Financials,Insurance,133.685,11107.36,0.0873,0.048,0.0137,0.0634,-39.93467336683443,0.000755572346052169,37.0,0.0439429928741093,,,0,482.3333333333333,1000.0,86.66666666666667,1000.0,1086.0,737.0,219.0,345.0,200.0,161.0,34.0,26.0,-0.00023299751618928948,-0.0015550428449676453,False
AFRM,Affirm Holdings Inc.,Financials,Financial Services,63.303,21200.08,-0.0031,0.5365,-0.0141,,964.3922753085485,0.23171060752199635,330.23,6.327457367311746,,,1,54.333333333333336,54.333333333333336,11.666666666666666,11.666666666666666,131.0,100.0,447.0,43.0,26.0,6.0,6.0,3.0,0.005626714477290365,0.07847959362495886,False
AGCO,AGCO Corporation,Industrials,Machinery,108.755,7874.79,0.0622,-0.0396,-0.0362,0.0729,-409.7995841995853,0.029002182106724783,44.5,0.061252580867171336,,,0,526.0,1000.0,100.0,1000.0,1193.0,951.0,161.0,294.0,211.0,174.0,45.0,44.0,-0.00475443757137469,-0.033841553513084544,False
AGNC,AGNC Investment Corp.,Real Estate,Mortgage Real Estate Investment Trusts (REITs),10.245,11760.54,0.0992,0.0152,-0.1036,-0.0593,1021.0026198013318,-0.10684474123539234,-198.0,-0.11856287425149703,,,0,58.333333333333336,1000.0,3.0,1000.0,120.0,824.0,803.0,1248.0,4.0,51.0,2.0,3.0,0.057189889723879665,0.23948178889444488,False
AGYS,Agilysys Inc.,Information Technology,Software,91.72,2576.58,-0.1792,0.0794,0.1025,0.2298,43.686348726801896,0.15851534721718297,15.559999999999999,0.6698235040895393,,,0,390.0,1000.0,76.66666666666667,1000.0,936.0,672.0,1189.0,522.0,139.0,95.0,60.0,31.0,0.0005745662436299962,0.0028276619545505887,False
AHR,American Healthcare REIT Inc.,Real Estate,Health Care REITs,46.899,9129.3,0.3064,,,,266.8077706780264,0.049956601835122294,30.50999999999999,0.4370434035238504,,,0,188.66666666666666,188.66666666666666,8.333333333333334,8.333333333333334,463.0,1199.0,664.0,382.0,14.0,89.0,1.0,10.0,0.014944826474117729,0.2798688448116081,False
AIR,AAR Corp.,Industrials,Aerospace and Defense,121.455,4764.47,0.7806,0.2999,0.242,0.175,452.00106974754,0.12731523107354792,158.5,12.68,,,1,136.0,136.0,27.0,27.0,293.0,253.0,547.0,104.0,56.0,59.0,9.0,16.0,0.005244053315736455,0.04395551822840993,False
AIT,Applied Industrial Technologies Inc.,Industrials,Trading Companies and Distributors,316.584,11700.8,0.3753,0.3284,0.2739,0.2118,339.26003533568837,0.060329752685485794,10.769999999999982,0.02740527748797672,,,0,172.0,172.0,29.0,29.0,382.0,221.0,372.0,598.0,78.0,56.0,6.0,3.0,0.003936047572172071,0.022155549171231824,False
AIZ,Assurant Inc.,Financials,Insurance,258.99,12832.34,0.3177,0.2722,0.0972,0.1181,1088.8534947716016,0.02700888850737071,127.5,0.14609831557236164,,,0,56.0,56.0,12.0,12.0,107.0,290.0,123.0,133.0,21.0,40.0,8.0,7.0,0.006352879299784321,0.04239959147052398,False
AKAM,Akamai Technologies Inc.,Information Technology,IT Services,129.572,18837.88,0.6571,0.1186,0.0181,0.094,247.1963966085732,0.013894367636365201,-16.849999999999966,-0.0372762869721035,,,0,206.33333333333334,206.33333333333334,21.333333333333332,21.333333333333332,483.0,561.0,415.0,1001.0,52.0,84.0,7.0,5.0,0.0032511461629916843,0.05117158176885911,False
AKR,Acadia Realty Trust,Real Estate,Retail REITs,21.728,3040.36,0.1058,0.1463,-0.0071,-0.0442,14.91212325469428,-0.002974419988102328,28.870000000000005,1.7082840236686394,,,0,361.0,1000.0,29.0,1000.0,998.0,497.0,1173.0,397.0,70.0,15.0,13.0,4.0,0.0008352796241118469,0.01750307140535422,False
ALB,Albemarle Corporation,Materials,Chemicals,156.572,18465.26,1.4058,-0.1076,-0.0165,0.0696,400.8746138870865,0.06841696919729423,277.75,-0.5439359222920706,,,0,132.0,132.0,16.0,16.0,323.0,1064.0,332.0,55.0,20.0,53.0,6.0,22.0,0.01590462833829507,0.05845917082572942,True
ALGM,Allegro MicroSystems Inc.,Information Technology,Semiconductors and Semiconductor Equipment,46.567,8671.82,0.5502,0.0621,0.1113,,165.0857457033477,0.22770720403856504,58.11000000000001,-0.7959183673469388,,,0,260.3333333333333,260.3333333333333,36.666666666666664,36.666666666666664,609.0,705.0,1001.0,240.0,75.0,97.0,8.0,27.0,0.002171220519682306,0.02756327048851566,False
ALGN,Align Technology Inc.,Health Care,Health Care Equipment and Supplies,171.31,12268.9,-0.0764,-0.174,-0.2246,0.0806,115.04357177568227,0.015075738049447729,19.539999999999964,0.04761788716948945,,,0,312.6666666666667,1000.0,40.333333333333336,1000.0,719.0,1138.0,431.0,474.0,81.0,138.0,18.0,22.0,0.0016515219350756519,0.013917514699570406,False
ALGT,Allegiant Travel Company,Industrials,Passenger Airlines,81.395,2173.61,0.491,-0.0929,-0.1734,-0.0584,84.58233859258507,0.0127983794857629,10.380000000000003,-0.23221476510067118,,,0,381.3333333333333,381.3333333333333,54.333333333333336,54.333333333333336,807.0,1047.0,624.0,601.0,150.0,187.0,6.0,7.0,0.0009813124853817966,0.010307224009608413,False
ALH,Alliance Laundry Holdings Inc.,Industrials,Machinery,25.16,4996.99,,,,,238.17276535106657,0.021828414968055876,39.69,0.39007371007370994,,,0,264.0,1000.0,53.0,1000.0,491.0,1199.0,769.0,325.0,94.0,207.0,18.0,47.0,0.0027632471767267954,0.01966848355820173,False
ALHC,Alignment Healthcare Inc.,Health Care,Health Care Providers and Services,20.822,4304.61,0.3486,0.43,-0.0247,,1255.0901473802974,0.07806580360217996,20.529999999999998,-28.51388888888889,,,0,41.666666666666664,41.666666666666664,5.333333333333333,5.333333333333333,82.0,156.0,418.0,465.0,5.0,38.0,5.0,6.0,0.01801759869675779,0.027418257346051574,False
ALK,Alaska Air Group Inc.,Industrials,Passenger Airlines,43.392,4835.13,-0.1172,-0.0373,-0.079,-0.0424,1762.0140424784968,0.01144743310625751,-27.0,-0.27,,,0,76.0,1000.0,5.0,1000.0,50.0,947.0,108.0,1063.0,7.0,171.0,3.0,5.0,0.02044264095878026,0.21471945261978923,False
ALLY,Ally Financial Inc.,Financials,Consumer Finance,41.886,12839.02,0.1199,0.1433,-0.0523,0.0909,1029.28304174606,0.042446433414700335,544.0,0.6384976525821595,,,1,79.66666666666667,1000.0,11.333333333333334,1000.0,117.0,502.0,228.0,23.0,23.0,99.0,3.0,8.0,0.006005317483872511,0.15627204413131435,True
ALMS,Alumis Inc.,Health Care,Pharmaceuticals,20.63,2630.16,5.2705,,,,-8.984105960264904,-0.6507276507276507,5.909999999999997,-0.024289002137103388,,,1,441.6666666666667,441.6666666666667,55.666666666666664,55.666666666666664,1049.0,1199.0,1262.0,696.0,127.0,149.0,15.0,25.0,-0.0001289724217651395,-0.0032249630254516464,False
ALRM,Alarm.com Holdings Inc.,Information Technology,Software,45.75,2262.82,-0.2199,-0.0317,-0.1114,0.0739,82.16405156537758,0.026078185108634244,-4.359999999999985,-0.032888285434110154,,,0,353.6666666666667,1000.0,71.0,1000.0,818.0,934.0,958.0,888.0,122.0,121.0,51.0,40.0,0.0010806279729296173,0.005318186788648085,False
ALSN,Allison Transmission Holdings Inc.,Industrials,Machinery,114.554,9500.65,0.1197,0.2917,0.2221,0.1498,447.9647337485744,0.21262458471760803,-80.0,-0.1284109149277689,,,0,138.66666666666666,138.66666666666666,26.0,26.0,296.0,267.0,481.0,1177.0,58.0,62.0,9.0,11.0,0.00519722430891436,0.03699325986076096,False
ALTB,Alpine Auto Brokers Inc.,Consumer Staples,Food Products,7.6099,7580.22,,,,,-0.04191219254165565,,0.31999999999999995,-0.9142857142857143,,,0,374.6666666666667,1000.0,24.666666666666668,1000.0,1034.0,1199.0,1276.0,802.0,39.0,51.0,15.0,20.0,-7.157556037367209e-07,-1.1605722172966647e-06,False
AM,Antero Midstream Corporation,Energy,Oil Gas and Consumable Fuels,21.805,10356.94,0.2014,0.2608,0.1568,,96.77973737747357,0.021142085616710382,-2.4700000000000273,-0.005978313486300735,,,0,273.0,273.0,24.0,24.0,768.0,301.0,881.0,852.0,35.0,16.0,27.0,10.0,0.002361623164932799,0.002516744267690251,False
AMBA,Ambarella Inc.,Information Technology,Semiconductors and Semiconductor Equipment,63.07,2766.77,0.166,-0.0876,-0.09,0.0206,88.9318045582267,0.03708727924238553,6.230000000000004,-0.08212496704455585,,,0,347.6666666666667,1000.0,56.333333333333336,1000.0,792.0,1033.0,1171.0,685.0,116.0,135.0,19.0,34.0,0.001169637984712345,0.014848352737098275,False
AMG,Affiliated Managers Group Inc.,Financials,Capital Markets,337.155,8904.97,0.8409,0.3147,0.1586,0.0775,85.16880399308889,0.02328384111068238,38.0,0.053028188668713394,,,0,328.0,328.0,66.0,66.0,806.0,233.0,705.0,336.0,153.0,25.0,36.0,9.0,0.0004969145385243743,0.0008109403567802075,False
AMH,American Homes 4 Rent,Real Estate,Residential REITs,33.097,13594.02,-0.0892,-0.0197,-0.0336,0.0625,98.62731508665593,0.006891035168600679,17.799999999999955,0.03929620063138839,,,0,288.0,1000.0,15.666666666666666,1000.0,761.0,904.0,749.0,500.0,35.0,68.0,5.0,7.0,0.0055244571994004475,0.1357965742501385,False
AMKR,Amkor Technology Inc.,Information Technology,Semiconductors and Semiconductor Equipment,71.25,17660.92,2.5064,0.4003,0.2473,0.2782,797.3898332002482,0.05413403140736861,62.23000000000002,0.16643932707480813,,,0,74.0,74.0,9.666666666666666,9.666666666666666,168.0,173.0,257.0,233.0,17.0,37.0,3.0,9.0,0.01048733287452644,0.13313488432117934,False
AMPX,Amprius Technologies Inc.,Industrials,Electrical Equipment,16.567,2391.51,3.9602,0.2031,,,57.14557067909161,0.23626900424599362,4.32,-0.09813721035892775,,,1,381.6666666666667,381.6666666666667,62.333333333333336,62.333333333333336,897.0,381.0,1238.0,718.0,165.0,83.0,13.0,9.0,0.0006629949339870412,0.012371703689911718,False
AMR,Alpha Metallurgical Resources Inc.,Materials,Metals and Mining,190.07,2416.67,0.7074,0.0815,0.5171,,-502.7342795299937,-0.0032730995360368276,22.919999999999995,-0.3715350948289835,,,1,430.0,430.0,30.0,30.0,1203.0,668.0,706.0,442.0,57.0,30.0,17.0,16.0,-0.019945892286153226,-0.06730679350935667,False
AMRX,Amneal Pharmaceuticals Inc.,Health Care,Pharmaceuticals,15.82,5046.94,1.0334,0.8615,0.2155,,215.66115220219308,0.008977195934754656,50.06,0.694698862059395,,,0,195.66666666666666,195.66666666666666,24.0,24.0,517.0,45.0,568.0,272.0,60.0,10.0,7.0,5.0,0.003095949803263124,0.07741440772787427,False
AN,AutoNation Inc.,Consumer Discretionary,Specialty Retail,192.135,6429.12,-0.011,0.1058,0.1442,0.1495,523.2157543653157,-0.005005175271611373,29.899999999999977,0.04606378061931893,,,0,114.66666666666667,1000.0,21.0,1000.0,256.0,598.0,36.0,385.0,35.0,53.0,14.0,14.0,0.008567952795756385,0.02647576638139406,False
ANDE,The Andersons Inc.,Consumer Staples,Consumer Staples Distribution and Retail,72.87,2458.49,1.0573,0.1775,0.1757,0.0816,-221.73697204652126,-0.0028912891625253456,32.91000000000001,0.3438512172186816,,,0,406.0,406.0,21.666666666666668,21.666666666666668,1163.0,429.0,154.0,360.0,44.0,11.0,13.0,8.0,-0.003786713857552839,-0.012083683686010588,False
ANDG,Andersen Group Inc.,Industrials,Professional Services,36.265,4095.49,,,,,139.80254134833353,0.03896552957588617,-50.089999999999996,21.59051724137931,,,1,332.0,1000.0,56.333333333333336,1000.0,662.0,1199.0,1011.0,1129.0,127.0,207.0,17.0,25.0,0.0016219695694870673,0.014155658811752347,False
ANF,Abercrombie & Fitch Co.,Consumer Discretionary,Specialty Retail,88.487,3931.63,0.1199,0.3711,0.1546,0.1677,257.78335394273745,0.0031350343410636583,-13.28000000000003,-0.02619742760198851,,,0,180.66666666666666,180.66666666666666,28.0,28.0,469.0,193.0,347.0,978.0,62.0,11.0,19.0,3.0,0.004221347674808374,0.013044354645397063,False
AOS,A. O. Smith Corporation,Industrials,Building Products,57.435,7916.19,-0.1222,-0.0582,-0.0358,0.0322,8.747251321959538,-0.004777818390684474,-18.600000000000023,-0.03405346027096301,,,0,459.3333333333333,1000.0,71.0,1000.0,1014.0,986.0,466.0,1014.0,183.0,181.0,13.0,17.0,0.00010148438879607687,0.003067026391244501,False
APA,APA Corporation,Energy,Oil Gas and Consumable Fuels,38.066,13455.2,0.9412,0.0443,0.1095,-0.0335,-1785.5154088813397,-0.03615428900402995,99.0,0.06903765690376562,,,0,453.0,453.0,49.666666666666664,49.666666666666664,1243.0,744.0,207.0,155.0,67.0,49.0,47.0,35.0,-0.04357022105269849,-0.04643209200545605,False
APAM,Artisan Partners Asset Management Inc.,Financials,Capital Markets,35.182,2851.77,-0.1745,-0.0084,-0.0814,0.0116,97.95244687701211,0.021609606497923428,-3.099999999999966,-0.010677872692201551,,,0,360.3333333333333,1000.0,72.33333333333333,1000.0,762.0,879.0,895.0,862.0,144.0,175.0,34.0,39.0,0.0005715002753962996,0.0009326606514796691,False
APG,APi Group Corporation,Industrials,Construction and Engineering,42.109,18242.8,0.3126,0.368,0.2308,,1038.2514185945001,0.03324484894450763,22.0,0.07284768211920523,,,0,61.0,61.0,11.666666666666666,11.666666666666666,114.0,195.0,216.0,450.0,19.0,50.0,5.0,11.0,0.012045648027535888,0.07578379905283922,False
APGE,Apogee Therapeutics Inc.,Health Care,Biotechnology,85.424,6402.36,1.0128,,,,,,-18.78,0.07340525328330205,,,0,516.3333333333334,516.3333333333334,81.33333333333333,81.33333333333333,1258.0,1199.0,1278.0,1016.0,142.0,149.0,44.0,58.0,,,False
APLD,Applied Digital Corporation,Information Technology,IT Services,39.6,11316.47,2.2863,0.7021,0.4611,0.8371,152.88343009015583,1.2141618697551841,41.19,-0.1782653856141262,,,3,244.33333333333334,244.33333333333334,30.333333333333332,30.333333333333332,633.0,63.0,1190.0,311.0,82.0,18.0,8.0,1.0,0.002010734719202533,0.0316480622342969,False
APLE,Apple Hospitality REIT Inc.,Real Estate,Hotel and Resort REITs,16.003,3777.79,0.3736,0.0107,-0.0045,-0.0117,-7.291528796863986,0.007101437988091153,-3.5200000000000102,-0.02007299270072993,,,0,392.0,392.0,30.0,30.0,1044.0,835.0,841.0,869.0,78.0,54.0,6.0,6.0,-0.00040842375888544254,-0.010245235481504427,False
APPF,AppFolio Inc.,Information Technology,Software,162.897,5759.8,-0.285,0.0011,0.026,0.2708,170.83530152418825,0.04681222523716366,11.04000000000002,0.07834232188475743,,,0,258.6666666666667,1000.0,46.666666666666664,1000.0,593.0,856.0,975.0,590.0,72.0,111.0,32.0,36.0,0.0022468391233605445,0.011057561382275963,False
AR,Antero Resources Corporation,Energy,Oil Gas and Consumable Fuels,35.389,10964.79,-0.0977,0.1837,0.2019,0.0249,1015.9764568993769,0.09459267517720549,327.24,0.5158097159610353,,,0,50.0,1000.0,10.0,1000.0,121.0,416.0,321.0,46.0,7.0,22.0,7.0,16.0,0.02479189963371807,0.02642033336003776,False
ARCB,ArcBest Corporation,Industrials,Ground Transportation,169.05,3763.69,1.4292,0.2558,0.2296,0.2588,-67.80971530249099,0.007907415165479659,-4.170000000000002,-0.06938435940099841,,,0,455.6666666666667,455.6666666666667,69.0,69.0,1105.0,306.0,439.0,881.0,192.0,70.0,12.0,3.0,-0.000786718851284551,-0.028662365817166316,False
ARCC,Ares Capital Corporation,Financials,Capital Markets,18.995,13638.84,-0.1531,-0.002,-0.0099,0.0274,61.93189612934839,0.010157273918741883,-149.0,-0.11470361816782138,,,0,407.0,1000.0,81.33333333333333,1000.0,879.0,864.0,561.0,1230.0,169.0,173.0,38.0,37.0,0.0003613395767252044,0.0005896886135360541,False
ARE,Alexandria Real Estate Equities Inc.,Real Estate,Health Care REITs,51.725,9014.09,-0.2933,-0.2453,-0.2318,-0.0624,-181.7340271877656,-0.028764339908449843,370.5899999999999,-0.2592317969739152,,,0,443.3333333333333,1000.0,35.333333333333336,1000.0,1156.0,1176.0,582.0,40.0,87.0,87.0,10.0,9.0,-0.010179551719433607,-0.19063047572695824,False
ARLP,Alliance Resource Partners L.P.,Energy,Oil Gas and Consumable Fuels,25.29,3253.78,-0.0258,0.1215,0.288,0.0536,-167.1305761981689,-0.011139916439236064,-64.89000000000001,-0.20854222907828768,,,0,414.3333333333333,1000.0,40.333333333333336,1000.0,1153.0,552.0,695.0,1157.0,56.0,34.0,40.0,25.0,-0.004078327251278863,-0.004346208524641181,False
ARMK,Aramark,Consumer Discretionary,Hotels Restaurants and Leisure,53.852,14160.58,0.3406,0.1012,0.0724,0.048,1788.9257512482982,0.0490378952032553,30.639999999999986,0.09387542510493585,,,0,37.0,37.0,6.666666666666667,6.666666666666667,48.0,609.0,59.0,381.0,6.0,57.0,3.0,11.0,0.029294667188302294,0.09773724805646838,False
AROC,Archrock Inc.,Energy,Energy Equipment and Services,36.305,6362.87,0.4645,0.5372,0.3082,0.1583,338.1604817404816,0.017854505913466046,2.9399999999999977,0.009122219119426678,,,0,135.0,135.0,7.666666666666667,7.666666666666667,383.0,99.0,821.0,753.0,18.0,4.0,2.0,3.0,0.008251806098918386,0.13388046712133522,False
ARQT,Arcutis Biotherapeutics Inc.,Health Care,Biotechnology,24.402,3052.28,0.7773,0.3479,-0.0296,,202.7980429105433,0.10516659132608286,13.760000000000002,-0.8525402726146221,,,0,215.66666666666666,215.66666666666666,36.0,36.0,535.0,208.0,1168.0,547.0,65.0,47.0,16.0,27.0,0.002911291879134542,0.022677653912345688,False
ARR,ARMOUR Residential REIT Inc.,Real Estate,Mortgage Real Estate Investment Trusts (REITs),17.065,2116.85,0.0152,-0.1267,-0.2222,-0.1617,252.68136416324194,-0.21190122933446376,-82.19,-0.2547026557996839,,,0,192.0,1000.0,9.0,1000.0,477.0,1086.0,1195.0,1181.0,15.0,84.0,5.0,7.0,0.014153557563434213,0.059267805915989215,False
ARWR,Arrowhead Pharmaceuticals Inc.,Health Care,Biotechnology,74.054,10431.03,3.4238,0.279,-0.0355,0.2887,76.81760802874919,-0.25009343540900597,-299.28000000000003,183.60736196319021,,,2,328.6666666666667,328.6666666666667,52.666666666666664,52.666666666666664,835.0,280.0,1112.0,1273.0,100.0,51.0,29.0,29.0,0.0011027644804604332,0.008590039155450027,False
ARXS,Arxis Inc.,Industrials,Aerospace and Defense,40.384,16570.96,,,,,,0.04951540521175102,57.63,1.2530984996738423,,,0,562.6666666666666,1000.0,91.33333333333333,1000.0,1258.0,1199.0,785.0,245.0,223.0,207.0,28.0,23.0,,,False
ASB,Associated Banc-Corp,Financials,Banks,28.614,4674.46,0.2048,0.1904,0.0512,0.0471,488.1389620117711,0.028132956646088392,17.950000000000045,0.037806984287459544,,,0,131.66666666666666,1000.0,31.666666666666668,1000.0,272.0,400.0,830.0,496.0,52.0,71.0,13.0,30.0,0.0028480304486080297,0.022376455608180378,False
ASFZ,Associates First Capital Corporation,Financials,Financial Services,0.0,25727.03,0.0,,-0.7977,-0.4509,-964.1883706844337,-0.26671881110676576,-199.0,-0.47951807228915666,,,0,546.3333333333334,1000.0,88.33333333333333,1000.0,1228.0,1199.0,746.0,1250.0,208.0,203.0,28.0,29.0,-0.005625524802580324,-0.07846300042689155,False
ASH,Ashland Inc.,Materials,Chemicals,64.23,2940.95,0.2055,-0.0938,-0.0727,-0.0576,-140.90589630268414,-0.00877192982456143,139.0,-0.16449704142011834,,,0,415.0,1000.0,31.666666666666668,1000.0,1142.0,1050.0,756.0,121.0,51.0,52.0,23.0,21.0,-0.005590416139445961,-0.02054817535697407,False
ASO,Academy Sports and Outdoors Inc.,Consumer Discretionary,Specialty Retail,50.27,3192.5,0.1117,-0.001,0.038,,223.21400886576157,0.014966770795303841,6.6200000000000045,0.017570401040422512,,,0,222.66666666666666,1000.0,38.666666666666664,1000.0,506.0,861.0,295.0,679.0,73.0,89.0,21.0,22.0,0.0036552551702754544,0.011295076462200826,False
ATEN,A10 Networks Inc.,Information Technology,Software,31.524,2269.67,0.7562,0.3039,0.2458,0.1655,32.27153461812992,0.030492841409691662,2.490000000000002,0.05908875177978179,,,0,383.6666666666667,383.6666666666667,73.0,73.0,956.0,249.0,1194.0,765.0,143.0,52.0,62.0,14.0,0.0004244377239597173,0.0020888216414081742,False
ATI,ATI Inc.,Industrials,Aerospace and Defense,193.593,26419.72,1.3077,0.6979,0.5203,0.3054,130.7867968522305,0.001547717661420478,21.19999999999999,0.052436309671036296,,,1,275.6666666666667,275.6666666666667,51.0,51.0,680.0,65.0,395.0,459.0,132.0,15.0,16.0,5.0,0.001517370160363923,0.012718557140328211,False
ATKR,Atkore Inc.,Industrials,Electrical Equipment,77.533,2618.08,0.1507,-0.1746,0.0091,0.1708,-99.92314569536393,0.008279597808011463,-105.31,6.937417654808959,,,1,508.6666666666667,1000.0,77.0,1000.0,1128.0,1140.0,592.0,1200.0,198.0,200.0,17.0,16.0,-0.0011592943879430763,-0.021632814855399238,False
ATMU,Atmus Filtration Technologies Inc.,Industrials,Machinery,47.885,3910.88,0.3159,0.3385,,,165.78549868169853,0.03457461882899726,3.6999999999999886,0.017839922854387513,,,0,258.0,258.0,49.333333333333336,49.333333333333336,606.0,217.0,755.0,736.0,113.0,55.0,25.0,10.0,0.0019234202134706662,0.013690689404403222,False
ATO,Atmos Energy Corporation,Utilities,Gas Utilities,170.155,28402.24,0.116,0.1315,0.1082,0.0839,395.2184946236566,0.037952181272274066,147.43000000000006,0.12298644421272154,,,0,116.33333333333333,1000.0,5.666666666666667,1000.0,328.0,528.0,369.0,113.0,13.0,8.0,2.0,2.0,0.018682705196657226,0.2247601068801551,False
ATR,AptarGroup Inc.,Materials,Containers and Packaging,114.497,7307.23,-0.2463,-0.0009,-0.0472,0.0388,318.13697108765473,0.025299297359405726,-6.1200000000000045,-0.015580844726189591,,,0,154.0,1000.0,11.333333333333334,1000.0,402.0,860.0,459.0,910.0,22.0,38.0,7.0,5.0,0.01262202721383916,0.030245813742866442,False
ATRO,Astronics Corporation,Industrials,Aerospace and Defense,89.279,3198.6,1.6603,0.7209,0.3592,0.1208,70.52686303387338,0.028626773224455615,16.009999999999998,0.5452997275204359,,,0,343.6666666666667,343.6666666666667,62.666666666666664,62.666666666666664,857.0,59.0,1002.0,513.0,161.0,13.0,23.0,4.0,0.0008182428199735194,0.006858489992976093,False
AUB,Atlantic Union Bankshares Corporation,Financials,Banks,39.019,5584.23,0.2293,0.1055,0.0004,0.039,603.4251705289529,0.13689394431102753,72.35000000000002,0.2643308611303936,,,0,129.33333333333334,1000.0,35.0,1000.0,218.0,599.0,847.0,210.0,41.0,129.0,8.0,56.0,0.0035206639765860536,0.027661214514718833,False
AUGO,Aura Minerals Inc.,Materials,Metals and Mining,53.345,4469.74,1.0644,,0.3395,,518.644406705619,0.2395603918718061,168.41,-2.1226367532140156,,,0,113.33333333333333,113.33333333333333,14.666666666666666,14.666666666666666,259.0,1199.0,918.0,92.0,17.0,64.0,8.0,19.0,0.02057712372555438,0.06943686438003324,False
AUR,Aurora Innovation Inc.,Information Technology,Software,6.045,11855.47,0.0281,0.3808,-0.0952,,2.0,0.33333333333333326,-15.0,0.018382352941176405,,,1,408.3333333333333,408.3333333333333,76.66666666666667,76.66666666666667,1029.0,189.0,1268.0,989.0,153.0,43.0,66.0,11.0,2.6304154976334545e-05,0.0001294528857164846,False
AVA,Avista Corporation,Utilities,Multi-Utilities,42.58,3518.74,0.1223,0.0065,-0.0108,0.0003,25.348134991119196,-0.02393075356415475,13.0,0.06735751295336789,,,0,347.3333333333333,1000.0,17.333333333333332,1000.0,975.0,843.0,735.0,562.0,36.0,31.0,8.0,8.0,0.00119825296580593,0.00376989626872418,False
AVAV,AeroVironment Inc.,Industrials,Aerospace and Defense,178.24,8980.38,-0.0595,0.2202,0.0964,0.1872,867.7364234990316,0.962248516383754,-267.98,-6.14351215038973,,,1,85.66666666666667,1000.0,16.666666666666668,1000.0,150.0,356.0,802.0,1263.0,28.0,79.0,4.0,18.0,0.010067356856869818,0.08438432281116191,True
AVB,AvalonBay Communities Inc.,Real Estate,Residential REITs,185.246,26442.47,-0.1031,-0.0054,-0.029,0.0086,122.77837204837806,0.0062048079863474825,89.13000000000011,0.08478074764577204,,,0,261.0,1000.0,11.0,1000.0,695.0,869.0,565.0,175.0,26.0,62.0,2.0,5.0,0.006877241470046864,0.16904933791951623,False
AVEX,AEVEX Corp.,Industrials,Aerospace and Defense,20.494,2337.17,,,,,,0.3775206153419721,48.260000000000005,-2.857312018946122,,,1,562.6666666666666,1000.0,91.33333333333333,1000.0,1258.0,1199.0,1120.0,279.0,223.0,207.0,28.0,23.0,,,False
AVNT,Avient Corporation,Materials,Chemicals,35.685,3272.68,-0.0104,-0.0312,-0.0695,-0.0056,43.06454159676332,0.00637997668854684,75.9,0.9267399267399268,,,0,340.6666666666667,1000.0,24.666666666666668,1000.0,938.0,932.0,525.0,205.0,41.0,43.0,17.0,16.0,0.0017085779566188496,0.0062800619109446044,False
AVPT,AvePoint Inc.,Information Technology,Software,10.545,2235.72,-0.4397,0.1739,-0.0107,,94.65545626179983,0.05764004767580455,11.810000000000002,0.3393678160919542,,,0,319.3333333333333,1000.0,60.666666666666664,1000.0,774.0,439.0,1164.0,578.0,112.0,72.0,49.0,21.0,0.0012449158954330193,0.006126710980950239,False
AVTR,Avantor Inc.,Health Care,Life Sciences Tools and Services,9.507,6490.96,-0.2968,-0.2142,-0.2222,,-133.03620038771533,-0.03411168111327323,-21.199999999999932,0.0399849113542059,,,0,473.0,1000.0,55.0,1000.0,1139.0,1161.0,273.0,1031.0,136.0,144.0,15.0,14.0,-0.001909817295379508,-0.042725752249777725,False
AVY,Avery Dennison Corporation,Materials,Containers and Packaging,154.85,11844.54,-0.1269,-0.0159,-0.0672,0.0721,252.95434930508236,0.016961210547117744,1.7999999999999545,0.0026162790697674687,,,0,180.66666666666666,1000.0,13.0,1000.0,476.0,895.0,189.0,777.0,25.0,41.0,8.0,6.0,0.0100359183966331,0.024048792909458827,False
AWI,Armstrong World Industries Inc.,Industrials,Building Products,151.783,6477.92,-0.0073,0.3153,0.0695,0.1423,145.85798924437154,0.016781836130306038,-2.3000000000000114,-0.007450599287334048,,,0,276.0,276.0,45.0,45.0,648.0,232.0,791.0,848.0,123.0,57.0,8.0,4.0,0.001692224030688285,0.051141814259216885,True
AWK,American Water Works Company Inc.,Utilities,Water Utilities,126.025,24610.23,-0.1037,-0.0492,-0.047,0.0498,390.0138760407026,0.012645914396887115,-9.0,-0.008100810081008047,,,0,128.33333333333334,1000.0,5.666666666666667,1000.0,332.0,971.0,351.0,934.0,14.0,39.0,1.0,2.0,0.018436673302985433,0.4607508215939909,False
AWR,American States Water Company,Utilities,Water Utilities,77.625,3042.33,-0.0082,-0.0502,-0.012,0.065,71.03904011461316,0.032185025909097664,3.1100000000000136,0.023842379638147948,,,0,308.6666666666667,1000.0,12.333333333333334,1000.0,855.0,972.0,1089.0,749.0,31.0,40.0,3.0,3.0,0.0033581460937920945,0.08392341429062536,False
AX,Axos Financial Inc.,Financials,Banks,87.865,4998.17,0.217,0.283,0.1262,0.1669,142.37604640785366,0.1004330515589027,43.19,0.09976669515603698,,,0,273.6666666666667,273.6666666666667,59.666666666666664,59.666666666666664,655.0,274.0,867.0,302.0,131.0,35.0,39.0,9.0,0.0008306882811624838,0.006526566265031599,False
AXGN,Axogen Inc.,Health Care,Health Care Equipment and Supplies,41.991,2232.99,3.1289,0.6505,0.1534,0.2193,43.58974756964301,0.05723546911771238,-15.75,1.0031847133757963,,,0,355.3333333333333,355.3333333333333,44.333333333333336,44.333333333333336,937.0,79.0,1205.0,994.0,111.0,18.0,21.0,1.0,0.0006257579032407357,0.005273314651026029,False
AXSM,Axsome Therapeutics Inc.,Health Care,Pharmaceuticals,253.073,13023.08,1.3415,0.5067,0.3067,0.4087,276.07011959970714,0.10922474549725925,-5.130000000000024,0.028006769667522136,,,1,178.66666666666666,178.66666666666666,21.666666666666668,21.666666666666668,452.0,115.0,1077.0,896.0,52.0,32.0,3.0,10.0,0.00396315805481841,0.09909900128947474,False
AXTA,Axalta Coating Systems Ltd.,Materials,Chemicals,32.14,6878.56,0.0611,0.0063,0.0033,0.0142,-134.76475418248992,-0.0015634160641000427,-9.0,-0.023809523809523836,,,0,409.3333333333333,1000.0,28.0,1000.0,1141.0,844.0,354.0,934.0,50.0,37.0,22.0,12.0,-0.005346767428325906,-0.019652618332825278,False
AYI,Acuity Inc.,Industrials,Electrical Equipment,282.493,8507.32,0.0295,0.2084,0.0846,0.0116,628.9500302010529,0.0555734536082475,33.099999999999966,0.08345940494200699,,,0,109.0,1000.0,15.333333333333334,1000.0,211.0,373.0,396.0,359.0,35.0,81.0,3.0,8.0,0.007296990454360148,0.13616424364899077,False
AZZ,AZZ Inc.,Industrials,Building Products,143.537,4288.93,0.5528,0.5282,0.2158,0.0904,72.2639739912031,0.04585039360097354,188.42999999999998,1.4626251649460524,,,0,344.3333333333333,344.3333333333333,57.666666666666664,57.666666666666664,848.0,106.0,790.0,83.0,160.0,25.0,11.0,2.0,0.0008383965388146607,0.02533773264417603,False
BAH,Booz Allen Hamilton Holding Corporation,Industrials,Professional Services,77.145,9237.82,-0.2335,-0.0931,-0.0263,0.1019,-763.134572252482,-0.06368948247078465,-84.0,-0.08983957219251337,,,0,541.6666666666666,1000.0,86.66666666666667,1000.0,1220.0,1048.0,148.0,1185.0,217.0,188.0,27.0,16.0,-0.008853780780229071,-0.07727093175897747,False
BALL,Ball Corporation,Materials,Containers and Packaging,55.083,14665.66,0.0028,0.0156,-0.0754,0.041,1648.8853323953572,0.038446926525339986,26.0,0.028508771929824483,,,0,31.0,1000.0,3.0,1000.0,55.0,823.0,116.0,411.0,3.0,35.0,3.0,3.0,0.06541922954393165,0.15676228536554918,False
BANC,Banc of California Inc.,Financials,Banks,19.545,3013.88,0.3852,,,,105.1908538454602,0.0194867101399534,18.390000000000015,0.08031619862864137,,,0,362.6666666666667,362.6666666666667,89.33333333333333,89.33333333333333,743.0,1199.0,943.0,488.0,142.0,203.0,47.0,79.0,0.0006137325187734623,0.004821984423777199,False
BANF,BancFirst Corporation,Financials,Banks,112.925,3792.74,-0.0835,0.0672,0.1121,0.1362,59.84651641217886,0.019840574632095098,6.8799999999999955,0.028593990274718317,,,0,403.0,1000.0,102.66666666666667,1000.0,886.0,691.0,1082.0,677.0,171.0,152.0,67.0,70.0,0.00034917249850851986,0.0027433846138449933,False
BANR,Banner Corporation,Financials,Banks,66.07,2244.26,0.0576,0.1246,0.029,0.0439,46.727846854381596,0.020179406814988532,9.580000000000013,0.049032654314668855,,,0,407.3333333333333,1000.0,99.66666666666667,1000.0,928.0,540.0,1093.0,616.0,179.0,115.0,72.0,48.0,0.00027263205971246064,0.002142020351118186,False
BATRK,Atlanta Braves Holdings Inc.,Communication Services,Entertainment,51.058,3328.74,0.1684,0.1012,0.1355,0.1307,84.38258930158167,0.03385711750331066,0.9100000000000001,-0.038938810440735994,,,0,281.6666666666667,1000.0,11.666666666666666,1000.0,808.0,609.0,1055.0,791.0,21.0,16.0,7.0,7.0,0.0058714060819479085,0.021706016859586882,False
BAX,Baxter International Inc.,Health Care,Health Care Equipment and Supplies,20.184,10424.41,-0.3572,-0.216,-0.2448,-0.0759,549.3054234062784,0.0067591604411241235,-141.0,0.14733542319749215,,,0,141.0,1000.0,20.0,1000.0,250.0,1164.0,146.0,1226.0,28.0,145.0,7.0,25.0,0.007885620568008542,0.06645278990222211,False
BBIO,BridgeBio Pharma Inc.,Health Care,Biotechnology,68.192,13356.17,0.7463,0.6192,0.013,,452.54386976294575,0.15511472275334626,3.3799999999999955,-0.004662519139778998,,,0,115.66666666666667,115.66666666666667,18.333333333333332,18.333333333333332,291.0,84.0,1124.0,745.0,36.0,20.0,6.0,13.0,0.00649654835956254,0.05060518884378335,False
BBT,Beacon Financial Corporation,Financials,Banks,29.705,2496.04,0.1736,,,,294.3147616754935,0.2370360235335509,27.120000000000005,0.30043203722166845,,,0,239.0,1000.0,62.333333333333336,1000.0,430.0,1199.0,1107.0,404.0,84.0,203.0,24.0,79.0,0.0017171696339748602,0.013491488514504314,False
BBWI,Bath & Body Works Inc.,Consumer Discretionary,Specialty Retail,18.096,3647.46,-0.3109,-0.2455,-0.2302,-0.1244,-102.12503802859737,-0.006309148264984188,78.0,0.12018489984591674,,,0,463.0,1000.0,61.666666666666664,1000.0,1129.0,1177.0,250.0,203.0,125.0,135.0,28.0,32.0,-0.0016723550424341972,-0.005167731716748489,False
BBY,Best Buy Co. Inc.,Consumer Discretionary,Specialty Retail,76.15,16049.92,0.0482,0.004,-0.0782,0.0996,410.35151995246997,0.004053632678515662,74.0,0.06922357343311503,,,1,149.0,1000.0,25.333333333333332,1000.0,319.0,850.0,18.0,207.0,40.0,88.0,15.0,21.0,0.006719737361281407,0.02076460979216983,False
BC,Brunswick Corporation,Consumer Discretionary,Leisure Products,79.346,5155.46,0.3629,-0.0199,-0.0387,0.0553,425.32981079833826,0.029145222644886948,0.8000000000000114,-0.0058266569555718295,,,0,146.33333333333334,146.33333333333334,15.0,15.0,307.0,905.0,331.0,793.0,38.0,94.0,3.0,4.0,0.006965015313747084,0.21018378695010162,False
BCC,Boise Cascade Company,Industrials,Trading Companies and Distributors,67.716,2382.91,-0.2339,-0.0443,0.0181,0.1161,-248.74134663341647,-0.005914498953876968,-22.510000000000005,-0.16945197229750075,,,0,517.3333333333334,1000.0,79.33333333333333,1000.0,1168.0,960.0,280.0,1033.0,207.0,177.0,16.0,15.0,-0.0028858623814812722,-0.016244180163461033,False
BCO,The Brink's Company,Industrials,Commercial Services and Supplies,100.06,4120.53,0.1826,0.1168,0.0551,0.1299,367.14170161215134,0.02440507868927244,-19.5,-0.09764646970455682,,,0,179.66666666666666,1000.0,28.666666666666668,1000.0,354.0,563.0,338.0,1020.0,71.0,114.0,6.0,9.0,0.00425952677227,0.0744172000569674,False
BCPC,Balchem Corporation,Materials,Chemicals,163.62,5257.08,-0.0086,0.07,0.0436,0.1028,92.79061302681998,0.01946662038643976,3.240000000000009,0.020924825626453147,,,0,282.0,1000.0,19.666666666666668,1000.0,779.0,689.0,949.0,748.0,36.0,31.0,13.0,10.0,0.0036814509134515012,0.01353156850058587,False
BCRX,BioCryst Pharmaceuticals Inc.,Health Care,Biotechnology,8.375,2128.61,-0.2107,-0.0057,-0.129,0.1062,382.2411459754434,0.012436559828082894,-721.84,-2.7356931706207837,,,0,161.33333333333334,1000.0,33.0,1000.0,344.0,871.0,1004.0,1298.0,42.0,98.0,10.0,47.0,0.0054873090892709735,0.04274366899740359,False
BDC,Belden Inc.,Information Technology,Electronic Equipment Instruments and Components,108.275,4216.67,-0.0265,0.0536,0.1495,0.0537,236.6459443631038,0.02634069807269479,-0.9099999999999966,-0.003831256315257603,,,0,214.33333333333334,1000.0,29.0,1000.0,492.0,727.0,602.0,825.0,53.0,98.0,15.0,19.0,0.0031123857975240625,0.007953826766923792,False
BEAM,Beam Therapeutics Inc.,Health Care,Biotechnology,29.004,2886.96,0.6212,-0.0343,-0.2003,,100.43283986510059,0.1736796908544438,14.009999999999991,-0.1751468933616701,,,0,317.3333333333333,317.3333333333333,52.333333333333336,52.333333333333336,756.0,942.0,1227.0,542.0,87.0,109.0,21.0,49.0,0.001441775802672138,0.011230784830105364,False
BELFA,Bel Fuse Inc.,Information Technology,Electronic Equipment Instruments and Components,251.812,3972.3,2.3133,0.6786,0.7585,0.3208,142.75667834953003,0.038862404879637547,-6.5,-0.10562235944101395,,,2,254.0,254.0,36.0,36.0,653.0,71.0,1080.0,914.0,88.0,21.0,17.0,3.0,0.0018775468956063902,0.0047981464143387,False
BEN,Franklin Resources Inc.,Financials,Capital Markets,31.104,16162.79,0.3799,0.0564,-0.0221,-0.0082,332.24286264688817,0.029530140125645588,208.70000000000005,0.3975995427700516,,,0,207.33333333333334,207.33333333333334,42.333333333333336,42.333333333333336,388.0,723.0,188.0,74.0,77.0,157.0,18.0,32.0,0.0019384598706304766,0.0031634722215238354,False
BEPC,Brookfield Renewable Corporation,Utilities,Independent Power and Renewable Electricity Producers,37.639,12877.16,0.1792,0.0252,-0.0236,,-218.89769116712523,-0.006437768240343367,-2191.0,0.9347269624573378,,,0,410.6666666666667,1000.0,16.333333333333332,1000.0,1162.0,803.0,476.0,1309.0,42.0,28.0,4.0,3.0,-0.010347696496841845,-0.1218881924175774,False
BETA,BETA Technologies Inc.,Industrials,Aerospace and Defense,16.505,3808.63,,,,,21.057944725086628,0.014879281302639047,-44.02999999999997,0.059031734752704956,,,0,457.3333333333333,1000.0,76.0,1000.0,986.0,1199.0,1250.0,1115.0,179.0,207.0,26.0,23.0,0.00024431133519189316,0.0020478112446357362,False
BFAM,Bright Horizons Family Solutions Inc.,Consumer Discretionary,Diversified Consumer Services,64.245,3379.72,-0.4854,-0.1112,-0.1534,-0.0011,251.58731001648084,0.015915544329341724,-3.9399999999999977,-0.020401822700911287,,,0,220.33333333333334,1000.0,26.0,1000.0,479.0,1072.0,576.0,877.0,63.0,119.0,2.0,13.0,0.004119883964211592,0.10394756161240329,False
BFB,Brown-Forman Corporation,Consumer Staples,Beverages,26.539,12227.46,-0.0349,-0.255,-0.1887,-0.0384,-46.90386561424839,-0.011823899371069202,-154.0,-0.17721518987341767,,,0,392.6666666666667,1000.0,18.333333333333332,1000.0,1090.0,1183.0,452.0,1233.0,41.0,47.0,6.0,8.0,-0.0008010009167844455,-0.01368377525495501,False
BFH,Bread Financial Holdings Inc.,Financials,Consumer Finance,98.021,3960.74,0.7992,0.4782,-0.0259,-0.0757,199.0212687257258,0.015751056473300107,43.0,0.08301158301158296,,,0,222.33333333333334,222.33333333333334,42.666666666666664,42.666666666666664,544.0,133.0,622.0,303.0,112.0,11.0,13.0,3.0,0.001161182936341393,0.03021662577537152,False
BGC,BGC Group Inc.,Financials,Capital Markets,11.065,5300.76,0.1325,0.3237,0.1178,0.0212,846.6535266753885,0.10065195622376732,28.98999999999998,0.1870805369127515,,,0,69.66666666666667,69.66666666666667,15.333333333333334,15.333333333333334,155.0,225.0,557.0,396.0,32.0,22.0,7.0,7.0,0.004939771686028068,0.008061467119428779,False
BHE,Benchmark Electronics Inc.,Information Technology,Electronic Equipment Instruments and Components,85.529,3068.53,1.2349,0.5146,0.2287,0.1496,92.21779773978506,0.017114748919751177,9.379999999999995,0.3774647887323941,,,0,307.0,307.0,47.0,47.0,781.0,112.0,613.0,622.0,113.0,27.0,22.0,6.0,0.0012128556216617899,0.003099501197975428,False
BHF,Brighthouse Financial Inc.,Financials,Insurance,62.702,3601.97,0.1004,0.1214,0.0609,,-2521.425339366515,-0.12348877374784106,-498.0,-1.1501154734411085,,,0,525.6666666666666,1000.0,89.66666666666667,1000.0,1247.0,553.0,298.0,1288.0,212.0,118.0,36.0,21.0,-0.014711171816345408,-0.09818346070055317,False
BIIB,Biogen Inc.,Health Care,Biotechnology,197.625,29176.79,0.4852,-0.1378,-0.13,-0.0217,120.74485824360272,0.004731765514730979,79.0,0.06110294686363993,,,0,303.3333333333333,303.3333333333333,50.333333333333336,50.333333333333336,700.0,1097.0,163.0,201.0,79.0,131.0,19.0,53.0,0.0017333674438215036,0.01350215252398427,False
BILL,BILL Holdings Inc.,Information Technology,Software,31.901,3177.24,-0.2728,-0.3475,-0.2731,,177.43389703921048,0.09418352625857218,-23.64,-0.9932773109243698,,,0,271.6666666666667,1000.0,55.0,1000.0,582.0,1196.0,805.0,1043.0,71.0,162.0,31.0,63.0,0.0023336243628871898,0.011484664997823704,False
BIO,Bio-Rad Laboratories Inc.,Health Care,Life Sciences Tools and Services,289.705,7819.17,0.2585,-0.0706,-0.1359,0.0704,48.789324960753675,0.0025936822545680194,-591.0999999999999,-0.7778655086195552,,,0,383.0,383.0,43.333333333333336,43.333333333333336,920.0,1009.0,633.0,1295.0,110.0,119.0,10.0,10.0,0.0007004010665396507,0.015669123175736367,False
BIPC,Brookfield Infrastructure Corporation,Utilities,Gas Utilities,41.525,5107.12,-0.0006,-0.0465,-0.0227,,-70.17023445463838,-0.012268266085059931,-501.0,2.078838174273859,,,1,395.0,1000.0,20.333333333333332,1000.0,1107.0,965.0,483.0,1289.0,40.0,38.0,10.0,11.0,-0.0033170760521839646,-0.03990569674844875,False
BJ,BJ's Wholesale Club Holdings Inc.,Consumer Staples,Consumer Staples Distribution and Retail,92.287,11784.49,-0.1511,0.1395,0.1412,,1227.667265861026,0.023675891667486182,-7.039999999999964,-0.012171928489920103,,,0,36.0,1000.0,8.666666666666666,1000.0,85.0,511.0,51.0,921.0,10.0,13.0,7.0,9.0,0.020965491704850247,0.06690243298362403,False
BKD,Brookdale Senior Living Inc.,Health Care,Health Care Providers and Services,13.205,3152.84,0.9,0.4752,0.0923,-0.0232,-14.475819935691561,-0.017111119116313023,58.09,-0.22113517834710117,,,0,407.0,407.0,54.333333333333336,54.333333333333336,1060.0,134.0,573.0,241.0,128.0,33.0,32.0,3.0,-0.00020780938719996766,-0.00031623366426733023,False
BKE,The Buckle Inc.,Consumer Discretionary,Specialty Retail,44.44,2259.26,0.0179,0.0962,0.0165,0.0588,87.13907563025214,0.01279818775812136,11.689999999999998,0.05573567273767521,,,0,318.6666666666667,1000.0,47.666666666666664,1000.0,797.0,624.0,869.0,581.0,101.0,58.0,26.0,16.0,0.0014269514639739958,0.004409411967871206,False
BKH,Black Hills Corporation,Utilities,Multi-Utilities,72.928,5551.91,0.2683,0.0476,0.0092,0.0156,78.99295230739517,-0.010606060606060619,-3.3000000000000114,-0.011316872427983626,,,0,294.3333333333333,294.3333333333333,14.333333333333334,14.333333333333334,829.0,740.0,678.0,867.0,29.0,25.0,7.0,7.0,0.003734142153387806,0.011748210914273959,False
BKU,BankUnited Inc.,Financials,Banks,47.967,3486.32,0.3752,0.2861,0.0076,0.0391,61.926197236062876,0.008583021223470544,3.3999999999999773,0.012670020495621381,,,0,360.6666666666667,360.6666666666667,81.0,81.0,880.0,271.0,961.0,744.0,170.0,32.0,66.0,7.0,0.00036130632672292306,0.0028387178882942118,False
BKV,BKV Corporation,Energy,Oil Gas and Consumable Fuels,25.454,2778.88,0.1243,,,,290.93409229460553,0.11808274966994126,126.06,0.7281233754981806,,,0,173.0,1000.0,28.333333333333332,1000.0,434.0,1199.0,972.0,134.0,21.0,64.0,17.0,47.0,0.007099385785185663,0.007565702582992782,False
BLBD,Blue Bird Corporation,Industrials,Machinery,70.98,2246.27,0.7249,0.4895,0.2261,0.2022,136.8460259787446,0.008783190324977985,5.289999999999992,0.04141872846852479,,,0,276.0,276.0,54.333333333333336,54.333333333333336,667.0,128.0,827.0,704.0,129.0,32.0,32.0,2.0,0.0015876684908732968,0.01130084629114011,False
BLD,TopBuild Corp.,Consumer Discretionary,Household Durables,401.16,11244.1,0.3171,0.2049,0.1574,0.2707,337.15223350253837,0.03930051080680852,-18.58000000000004,-0.0356122898817397,,,0,155.66666666666666,155.66666666666666,19.333333333333332,19.333333333333332,384.0,377.0,322.0,1013.0,49.0,34.0,4.0,5.0,0.005521057799831948,0.07201632779445782,False
BLDR,Builders FirstSource Inc.,Industrials,Building Products,73.795,7937.38,-0.3547,-0.1541,0.1096,0.2016,-1346.7048390967611,-0.024384752716146263,-143.71999999999997,-0.33023897058823526,,,0,551.6666666666666,1000.0,86.66666666666667,1000.0,1239.0,1119.0,104.0,1229.0,220.0,196.0,20.0,20.0,-0.015624281554749871,-0.4721916783569868,False
BLLN,BillionToOne Inc.,Health Care,Health Care Providers and Services,100.212,4609.3,,,,,201.95779996557067,0.1620071449641114,21.96,7.520547945205479,,,1,251.0,1000.0,39.333333333333336,1000.0,538.0,1199.0,1183.0,454.0,66.0,149.0,25.0,27.0,0.0028992296697212196,0.0044118989731982885,False
BMI,Badger Meter Inc.,Information Technology,Electronic Equipment Instruments and Components,127.49,3720.87,-0.4803,-0.0578,0.0616,0.1304,44.244022245460656,-0.021741976305282185,-11.060000000000002,-0.07809079997175739,,,0,399.3333333333333,1000.0,64.0,1000.0,934.0,985.0,999.0,952.0,138.0,126.0,28.0,26.0,0.000581900808960495,0.0014870708617442249,False
BMNR,Bitmine Immersion Technologies Inc.,Information Technology,Software,15.626,8900.21,1.4803,0.037,0.2109,-0.0419,12.085418592422439,1.74384236453202,-9020.38,-25.87750301222101,,,1,419.6666666666667,419.6666666666667,82.33333333333333,82.33333333333333,1007.0,768.0,1258.0,1311.0,149.0,103.0,64.0,34.0,0.00015894836180447737,0.00078224615594037,False
BMRN,BioMarin Pharmaceutical Inc.,Health Care,Biotechnology,55.8,10785.27,-0.0238,-0.1512,-0.0742,-0.0367,292.07432211101013,0.0065409390764454844,-80.15999999999997,-0.22975064488392083,,,0,206.33333333333334,1000.0,39.333333333333336,1000.0,433.0,1115.0,530.0,1178.0,51.0,135.0,13.0,54.0,0.0041929083232849235,0.032660869397236725,False
BNL,Broadstone Net Lease Inc.,Real Estate,Diversified REITs,21.075,4216.32,0.2914,0.0894,-0.0349,,31.720910616087224,0.027986964372220147,29.620000000000005,0.3069430051813471,,,0,350.3333333333333,350.3333333333333,21.333333333333332,21.333333333333332,959.0,641.0,1160.0,388.0,60.0,32.0,3.0,1.0,0.0017767979678916645,0.10821882425026019,False
BOH,Bank of Hawaii Corporation,Financials,Banks,78.04,3092.02,0.1604,0.1952,-0.0257,0.0095,88.75098717723529,0.03397954987023666,13.449999999999989,0.06532297231665862,,,0,337.0,1000.0,76.66666666666667,1000.0,793.0,392.0,1069.0,554.0,150.0,68.0,53.0,27.0,0.0005178146665102542,0.004068375358871071,False
BOKF,BOK Financial Corporation,Financials,Banks,131.553,7993.16,0.3755,0.1429,0.0812,0.08,138.60066016504152,0.023698164576463787,35.99000000000001,0.06226751327877644,,,0,299.6666666666667,299.6666666666667,72.33333333333333,72.33333333333333,664.0,504.0,688.0,349.0,134.0,101.0,41.0,42.0,0.000808660916392274,0.006353501278950886,False
BOOT,Boot Barn Holdings Inc.,Consumer Discretionary,Specialty Retail,167.635,5087.3,0.0331,0.3193,0.1716,0.3551,335.68127659574475,0.3520374802790627,78.88,0.5365986394557822,,,2,150.0,150.0,24.333333333333332,24.333333333333332,385.0,229.0,681.0,202.0,50.0,15.0,17.0,6.0,0.005496970051638495,0.016986145741230405,False
BOX,Box Inc.,Information Technology,Software,25.646,3552.81,-0.286,-0.0396,0.0051,0.0859,105.21301688726612,0.025202803142917896,9.540000000000006,0.08268330733229345,,,0,324.0,1000.0,64.66666666666667,1000.0,742.0,951.0,897.0,619.0,107.0,123.0,46.0,41.0,0.0013837697508651758,0.006810064325496912,False
BPOP,Popular Inc.,Financials,Banks,156.26,10084.66,0.4854,0.3568,0.145,0.179,269.4873918980429,0.022571842698005495,68.17000000000007,0.08182101877190462,,,0,190.66666666666666,190.66666666666666,40.333333333333336,40.333333333333336,460.0,204.0,572.0,219.0,93.0,19.0,26.0,2.0,0.0015723151753313294,0.01235339346180986,False
BR,Broadridge Financial Solutions Inc.,Industrials,Professional Services,144.67,16732.29,-0.4002,-0.0202,-0.0233,0.0857,554.2992605601266,0.06288194394042756,260.9000000000001,0.31078022632519375,,,0,153.0,1000.0,20.333333333333332,1000.0,247.0,907.0,245.0,58.0,45.0,167.0,5.0,11.0,0.006430902645593611,0.05612538324711433,False
BRC,Brady Corporation,Industrials,Commercial Services and Supplies,79.583,3749.38,0.1476,0.1729,0.0598,0.0955,162.179402394024,0.0715706159446623,20.400000000000006,0.10778822783472486,,,0,274.3333333333333,1000.0,44.333333333333336,1000.0,614.0,443.0,799.0,466.0,114.0,95.0,12.0,7.0,0.0018815827877211944,0.03287269460287334,False
BRKR,Bruker Corporation,Health Care,Life Sciences Tools and Services,54.21,8252.15,0.3648,-0.1015,-0.0591,0.0813,12.405938620964662,0.0064018623599593205,-3.0,0.34883720930232553,,,0,416.0,416.0,46.666666666666664,46.666666666666664,1006.0,1060.0,501.0,858.0,117.0,125.0,12.0,11.0,0.00017809495516772706,0.003984276899073486,False
BRO,Brown & Brown Inc.,Financials,Insurance,60.44,20486.01,-0.4215,-0.019,0.0298,0.1274,1404.9561845676617,0.08589276418532021,95.0,0.09013282732447814,,,0,86.0,1000.0,16.0,1000.0,69.0,901.0,287.0,163.0,12.0,177.0,6.0,30.0,0.008197169871706274,0.05470852465064668,False
BROS,Dutch Bros Inc.,Consumer Discretionary,Hotels Restaurants and Leisure,62.516,11732.6,-0.1253,0.2893,,,386.394998052808,0.06669678175513982,0.75,0.009393787575150192,,,0,134.33333333333334,134.33333333333334,19.333333333333332,19.333333333333332,341.0,268.0,768.0,794.0,42.0,20.0,12.0,4.0,0.006327435816317808,0.021110537285358916,False
BRX,Brixmor Property Group Inc.,Real Estate,Retail REITs,32.09,9846.39,0.2477,0.1429,0.0582,0.0217,86.6027660571965,0.01261300670749499,58.01999999999998,0.1502213706858606,,,0,285.0,1000.0,16.666666666666668,1000.0,799.0,504.0,850.0,242.0,39.0,17.0,5.0,6.0,0.004850920599555112,0.10164980347269625,False
BRZE,Braze Inc.,Information Technology,Software,21.46,2417.08,-0.2452,-0.1831,,,167.09636864907452,0.06629819285269178,9.199999999999989,-0.07007388224541089,,,0,277.3333333333333,1000.0,55.666666666666664,1000.0,603.0,1147.0,1045.0,625.0,74.0,155.0,34.0,59.0,0.0021976643884639925,0.010815553557184112,False
BSM,Black Stone Minerals L.P.,Energy,Oil Gas and Consumable Fuels,13.925,2959.05,0.004,-0.0467,0.0589,-0.0112,-11.902442889483439,0.02291884882038997,-2.670000000000016,-0.008902077151335397,,,0,385.0,1000.0,38.0,1000.0,1053.0,966.0,1169.0,855.0,40.0,62.0,29.0,45.0,-0.0002904439049824952,-0.0003095214527890468,False
BSY,Bentley Systems Incorporated,Information Technology,Software,31.139,9749.83,-0.3549,-0.1493,-0.1335,,169.4982322017288,0.035717615096751976,4.019999999999982,0.014467717555603388,,,0,273.6666666666667,1000.0,54.0,1000.0,598.0,1112.0,814.0,724.0,73.0,150.0,33.0,56.0,0.0022292538840245064,0.010971017641178284,False
BTU,Peabody Energy Corporation,Energy,Oil Gas and Consumable Fuels,26.585,3238.05,0.9251,0.0991,0.236,,-292.48165985809464,0.0094004920367734,-66.80000000000001,1.2627599243856333,,,0,427.0,427.0,44.333333333333336,44.333333333333336,1179.0,615.0,455.0,1163.0,59.0,43.0,42.0,32.0,-0.0071371495930474226,-0.00760594687275649,False
BULL,Webull Corporation,Financials,Capital Markets,6.327,3436.43,-0.4201,-0.1564,,,189.49660247592846,0.07541686601810982,-34.81,-1.4053290270488494,,,0,292.3333333333333,1000.0,64.66666666666667,1000.0,563.0,1123.0,1117.0,1089.0,119.0,195.0,29.0,46.0,0.0011056115896485267,0.001804304336983954,False
BURL,Burlington Stores Inc.,Consumer Discretionary,Specialty Retail,336.749,20946.04,0.4103,0.3217,0.0145,0.1807,1141.5883725135627,0.03049092253987218,13.909999999999968,0.02279767270343358,,,0,41.0,41.0,6.666666666666667,6.666666666666667,98.0,226.0,139.0,545.0,11.0,14.0,4.0,5.0,0.018694152854295158,0.05776666088934676,False
BUSE,First Busey Corporation,Financials,Banks,28.207,2385.67,0.241,0.1015,0.0127,0.0244,353.3225793737683,0.1706856217383479,79.97,0.5912317019074376,,,0,190.33333333333334,1000.0,50.666666666666664,1000.0,366.0,608.0,1046.0,198.0,74.0,131.0,21.0,57.0,0.0020614487728864267,0.016196426894795307,False
BW,Babcock & Wilcox Enterprises Inc.,Industrials,Electrical Equipment,15.21,2260.89,11.4672,0.385,0.1233,-0.2333,64.7072267771872,0.11198271167982576,-54.94,1.519358407079646,,,1,360.0,360.0,59.333333333333336,59.333333333333336,870.0,185.0,1098.0,1139.0,163.0,47.0,11.0,4.0,0.0007507242124947782,0.014008760902552013,False
BWA,BorgWarner Inc.,Consumer Discretionary,Automobile Components,73.57,15090.31,1.1844,0.1702,0.0681,0.0813,327.74633574360087,0.0012573344509638762,85.0,0.3068592057761732,,,0,162.33333333333334,162.33333333333334,20.0,20.0,392.0,449.0,109.0,184.0,53.0,42.0,4.0,3.0,0.005367030924058596,0.1524626727497306,False
BWIN,The Baldwin Insurance Group Inc.,Financials,Insurance,19.215,2739.44,-0.5148,-0.0518,-0.0703,,201.64834296724462,0.07896310669289242,-11.599999999999994,0.34309375924282737,,,0,277.6666666666667,1000.0,56.333333333333336,1000.0,539.0,974.0,798.0,958.0,110.0,184.0,26.0,33.0,0.0011765105131440394,0.007852119135929017,False
BWXT,BWX Technologies Inc.,Industrials,Aerospace and Defense,188.43,17262.95,0.3876,0.4252,0.2407,0.1817,594.4899118398284,0.05563667174207354,15.610000000000014,0.047455463002371356,,,0,102.0,102.0,20.333333333333332,20.333333333333332,224.0,159.0,514.0,521.0,40.0,42.0,7.0,14.0,0.0068971889714703315,0.05781205821277508,True
BXMT,Blackstone Mortgage Trust Inc.,Real Estate,Mortgage Real Estate Investment Trusts (REITs),18.175,3110.17,-0.0665,-0.0251,-0.1156,-0.0439,343.8197874528625,0.06139334015228992,-5.939999999999998,-0.054211919320982016,,,0,153.0,1000.0,7.0,1000.0,377.0,919.0,1159.0,908.0,12.0,70.0,4.0,5.0,0.01925853601937183,0.0806448251548472,False
BXP,BXP Inc.,Real Estate,Office REITs,65.14,11612.16,-0.1074,0.0636,-0.1196,-0.0654,-238.4731297053131,0.0017411491584444772,40.39999999999998,0.14595375722543347,,,0,431.6666666666667,1000.0,34.666666666666664,1000.0,1166.0,700.0,545.0,319.0,89.0,40.0,8.0,7.0,-0.01335770518650487,-0.5452379519149385,False
BXSL,Blackstone Secured Lending Fund,Financials,Capital Markets,23.876,5554.8,-0.2511,-0.0283,,,5.93710843373492,-0.02275626343422954,-124.57000000000005,-0.2210804671139035,,,0,464.3333333333333,1000.0,93.0,1000.0,1018.0,925.0,851.0,1218.0,194.0,181.0,44.0,41.0,3.4639860596820855e-05,5.6530567599451844e-05,False
BYD,Boyd Gaming Corporation,Consumer Discretionary,Hotels Restaurants and Leisure,86.409,6422.79,0.1488,0.0807,0.0658,0.1644,136.65868535524396,0.0014149594695980205,-5.869999999999891,-0.0031845578781186656,,,0,274.0,1000.0,44.666666666666664,1000.0,668.0,670.0,430.0,907.0,91.0,63.0,29.0,14.0,0.0022378629761907517,0.007466293008704348,False
CACC,Credit Acceptance Corporation,Financials,Consumer Finance,530.066,5544.53,0.033,0.021,0.0438,0.1151,282.4735907816879,0.030285898885478835,29.5,0.06959188487850909,,,0,234.33333333333334,1000.0,36.0,1000.0,445.0,811.0,885.0,389.0,89.0,169.0,7.0,12.0,0.0016480827184093777,0.042886867512830794,False
CACI,CACI International Inc,Industrials,Professional Services,526.784,11637.35,0.1939,0.1836,0.1459,0.1807,801.0612757802519,0.062014506561333116,37.079999999999984,0.07418522297581176,,,0,96.0,1000.0,12.333333333333334,1000.0,167.0,417.0,182.0,344.0,31.0,90.0,3.0,3.0,0.009293801100315576,0.0811111872351344,False
CAG,Conagra Brands Inc.,Consumer Staples,Food Products,13.408,6414.89,-0.4006,-0.2688,-0.1851,-0.1177,-555.1332948462259,-0.0371572747313309,-1195.7,-1.0375737591114196,,,0,435.6666666666667,1000.0,29.333333333333332,1000.0,1208.0,1187.0,151.0,1307.0,49.0,50.0,20.0,19.0,-0.009480290638866191,-0.015371953596905215,False
CAI,Caris Life Sciences Inc.,Health Care,Biotechnology,17.546,4959.92,,,,,454.7988524263129,0.1173109367880496,102.07,-1.4990453811132325,,,0,158.0,1000.0,32.666666666666664,1000.0,290.0,1199.0,997.0,151.0,35.0,149.0,5.0,58.0,0.006528920036434915,0.050857349642202586,False
CAKE,The Cheesecake Factory Incorporated,Consumer Discretionary,Hotels Restaurants and Leisure,73.981,3675.77,0.2842,0.3101,0.0569,0.039,185.93952444359957,0.01376135785127719,16.599999999999994,0.11183722967055165,,,0,220.33333333333334,220.33333333333334,35.0,35.0,567.0,238.0,468.0,507.0,78.0,16.0,24.0,3.0,0.0030448644846917485,0.010158732083410801,False
CALM,Cal-Maine Foods Inc.,Consumer Staples,Food Products,79.415,3762.41,-0.1429,0.1709,0.1643,0.0656,-336.20387822271005,-0.18751774447486913,-525.02,-0.43032662595795257,,,0,415.6666666666667,1000.0,22.0,1000.0,1188.0,447.0,500.0,1292.0,47.0,12.0,18.0,1.0,-0.005741522818133552,-0.009309674745000942,False
CALX,Calix Inc.,Information Technology,Communications Equipment,38.769,2472.78,-0.1903,-0.0904,-0.0371,0.1898,234.27095341953577,0.05973940260597388,16.000000000000004,0.8948545861297541,,,0,228.33333333333334,1000.0,23.333333333333332,1000.0,494.0,1042.0,947.0,514.0,54.0,137.0,5.0,11.0,0.00308114973260056,0.06851712159832225,False
CALY,Callaway Golf Company,Consumer Discretionary,Leisure Products,16.5,2966.0,1.1127,-0.0563,-0.1366,0.0491,554.90036900369,0.028105431775156564,91.0,-0.22233080869777666,,,0,126.66666666666667,126.66666666666667,12.666666666666666,12.666666666666666,246.0,981.0,708.0,170.0,32.0,102.0,1.0,5.0,0.009086806213889085,0.2742132293014906,False
CAR,Avis Budget Group Inc.,Industrials,Ground Transportation,188.955,6674.83,0.4889,-0.0074,0.1492,0.191,84.00953137410761,0.008582217645039414,222.0,-0.24971878515185597,,,0,373.6666666666667,373.6666666666667,57.0,57.0,810.0,875.0,140.0,70.0,151.0,160.0,7.0,13.0,0.0009746668559919983,0.03550983674879001,False
CARG,CarGurus Inc.,Communication Services,Interactive Media and Services,27.578,2487.18,-0.1553,0.0955,0.0188,,143.80381033022866,0.0345321837306225,-6.810000000000002,-0.04368184733803726,,,0,229.0,1000.0,8.0,1000.0,652.0,627.0,990.0,918.0,18.0,17.0,4.0,2.0,0.010005980778363741,0.0568197778711193,False
CART,Maplebear Inc.,Consumer Staples,Consumer Staples Distribution and Retail,40.782,9584.99,-0.0767,,,,409.0643776824036,0.03260288615713525,38.0,0.08501118568232657,,,0,130.33333333333334,1000.0,14.666666666666666,1000.0,320.0,1199.0,460.0,336.0,20.0,51.0,10.0,14.0,0.006985798233396089,0.022292198281177362,False
CASY,Casey's General Stores Inc.,Consumer Staples,Consumer Staples Distribution and Retail,906.519,33504.06,0.8147,0.6056,0.3428,0.2243,1619.6511982570792,0.10163792508578551,167.93000000000006,0.3072714630754594,,,0,22.0,22.0,4.666666666666667,4.666666666666667,57.0,88.0,71.0,94.0,8.0,1.0,5.0,1.0,0.02765959857860503,0.08826382258570944,False
CATY,Cathay General Bancorp,Financials,Banks,59.291,3974.6,0.3241,0.2006,0.0751,0.0709,78.25463528566297,0.032592652228752295,17.379999999999995,0.05515359228230521,,,0,351.0,351.0,79.33333333333333,79.33333333333333,832.0,384.0,1050.0,501.0,156.0,65.0,56.0,26.0,0.0004565740524373674,0.0035872190275230633,False
CAVA,CAVA Group Inc.,Consumer Discretionary,Hotels Restaurants and Leisure,84.215,9808.85,0.0961,,,,249.5932366215343,0.0902378651475848,-2.1400000000000006,-0.033573893944148114,,,0,227.66666666666666,1000.0,40.0,1000.0,481.0,1199.0,879.0,845.0,65.0,137.0,19.0,36.0,0.004087229888762543,0.01363642737205464,False
CBC,Central Bancompany Inc.,Financials,Banks,28.923,6934.81,0.4757,,,,127.08916461916453,0.025117336099995224,16.289999999999964,0.0416783932454905,,,0,342.6666666666667,342.6666666666667,86.66666666666667,86.66666666666667,688.0,1199.0,959.0,509.0,137.0,203.0,44.0,79.0,0.0007414974806186659,0.005825810418126154,False
CBOE,Cboe Global Markets Inc.,Financials,Capital Markets,302.579,31666.04,0.3575,0.2969,0.2156,0.1672,388.397721007168,0.016503330363582425,135.0999999999999,0.12281818181818172,,,0,142.66666666666666,142.66666666666666,30.666666666666668,30.666666666666668,335.0,257.0,376.0,126.0,65.0,28.0,15.0,12.0,0.0022660935136984755,0.003698154390799367,False
CBSH,Commerce Bancshares Inc.,Financials,Banks,54.765,7983.49,-0.0757,0.0749,-0.0146,0.0637,138.24562955446913,0.041135505883177714,10.029999999999973,0.01771302428256072,,,0,317.0,1000.0,82.0,1000.0,665.0,682.0,765.0,607.0,135.0,151.0,42.0,69.0,0.0008065895021684825,0.006337226555326537,False
CBT,Cabot Corporation,Materials,Chemicals,83.625,4316.84,0.0763,0.0443,0.0596,0.0587,-332.9580236117181,-0.03716671155399942,-46.0,-0.13897280966767367,,,0,425.0,1000.0,30.666666666666668,1000.0,1187.0,744.0,489.0,1118.0,55.0,33.0,26.0,11.0,-0.013210049811957518,-0.0485549578492321,False
CBU,Community Financial System Inc.,Financials,Banks,65.005,3416.33,0.1353,0.0609,-0.0378,0.0465,72.7866086877334,0.022707302989983136,7.599999999999994,0.03611137508315121,,,0,387.6666666666667,1000.0,97.66666666666667,1000.0,847.0,709.0,1038.0,661.0,161.0,155.0,60.0,72.0,0.00042467103412364705,0.0033365628333756887,False
CC,The Chemours Company,Materials,Chemicals,20.983,3155.38,0.7677,-0.1314,-0.1092,0.0907,32.991647608630956,0.002238292011019327,-24.0,0.06217616580310881,,,0,350.6666666666667,350.6666666666667,28.333333333333332,28.333333333333332,954.0,1090.0,312.0,1045.0,42.0,56.0,18.0,25.0,0.001308937695992576,0.004811141181213503,False
CCC,CCC Intelligent Solutions Holdings Inc.,Information Technology,Software,4.565,2679.38,-0.4972,-0.2535,-0.1466,,117.55812271470609,0.028107852412488255,34.120000000000005,83.21951219512196,,,1,324.0,1000.0,68.33333333333333,1000.0,712.0,1182.0,935.0,357.0,101.0,159.0,43.0,61.0,0.0015461335393072916,0.007609119112415659,False
CCK,Crown Holdings Inc.,Materials,Containers and Packaging,95.83,10588.77,-0.048,0.0457,-0.011,0.0608,833.2616822429918,0.030084917104731046,-18.0,-0.024390243902439046,,,0,65.66666666666667,1000.0,5.0,1000.0,156.0,742.0,129.0,1010.0,9.0,32.0,4.0,2.0,0.03305950765031525,0.07921958128294722,False
CDE,Coeur Mining Inc.,Materials,Metals and Mining,15.657,16197.34,0.7111,0.7095,0.0785,0.0627,1365.277222014227,0.23966127731108688,213.40999999999997,0.3642616962807448,,,0,28.666666666666668,28.666666666666668,4.0,4.0,74.0,61.0,635.0,73.0,6.0,6.0,1.0,5.0,0.05416712867977327,0.18278529196586696,False
CDP,COPT Defense Properties,Real Estate,Office REITs,34.12,3933.96,0.2006,0.1236,0.025,0.0214,31.964187206291285,0.01801155556714873,3.819999999999993,0.02508042807432198,,,0,346.0,1000.0,21.666666666666668,1000.0,958.0,545.0,1047.0,730.0,59.0,21.0,3.0,3.0,0.001790424731522182,0.07308197778307451,False
CDW,CDW Corporation,Information Technology,Electronic Equipment Instruments and Components,128.035,16356.91,-0.2715,-0.0907,-0.0536,0.1157,1580.1561120938459,0.021436757774002002,10.5,0.009844365272829503,,,0,68.66666666666667,1000.0,14.333333333333334,1000.0,59.0,1044.0,46.0,600.0,8.0,139.0,6.0,29.0,0.02078233562965939,0.05311009243837193,False
CE,Celanese Corporation,Materials,Chemicals,50.995,5592.24,-0.1236,-0.2338,-0.2047,-0.0321,-553.5074611069958,-0.005448449287510426,68.0,-0.05836909871244633,,,0,442.3333333333333,1000.0,38.333333333333336,1000.0,1207.0,1168.0,175.0,220.0,58.0,62.0,27.0,30.0,-0.021960309150081767,-0.08071747649075064,False
CECO,CECO Environmental Corp.,Industrials,Machinery,96.035,3445.07,2.5385,0.9401,0.6318,0.2773,195.31902202709864,0.03773341253648077,-36.379999999999995,-0.7268731268731269,,,1,222.66666666666666,222.66666666666666,41.333333333333336,41.333333333333336,555.0,39.0,1041.0,1097.0,102.0,11.0,21.0,1.0,0.0022660640286973188,0.016129589660184157,False
CELH,Celsius Holdings Inc.,Consumer Staples,Beverages,28.048,7170.2,-0.3333,-0.1541,0.0569,0.4204,1639.4213190651026,0.1802351238634421,65.68,0.6081481481481481,,,1,34.0,1000.0,4.666666666666667,1000.0,56.0,1119.0,578.0,226.0,7.0,39.0,1.0,6.0,0.027997222880670133,0.4782862261880169,False
CENT,Central Garden & Pet Company,Consumer Staples,Household Products,41.534,2344.18,0.17,0.0299,-0.0577,0.0765,6.94249052085388,0.010725265734757405,8.620000000000005,0.0529353967084254,,,0,358.6666666666667,1000.0,14.666666666666666,1000.0,1017.0,787.0,544.0,635.0,38.0,21.0,4.0,2.0,0.00011856040433226011,0.025940197310283297,False
CENX,Century Aluminum Company,Materials,Metals and Mining,60.08,5946.36,2.1423,0.9217,0.355,0.2477,178.53240353324009,0.006052454606590318,307.8,7.695,,,1,203.33333333333334,203.33333333333334,14.0,14.0,579.0,41.0,640.0,48.0,28.0,3.0,11.0,3.0,0.007083241058857606,0.02390217677333462,False
CF,CF Industries Holdings Inc.,Materials,Chemicals,111.776,17172.07,0.1736,0.1798,0.1574,0.1434,1277.9143566404628,0.04559570863918694,303.0,0.2082474226804123,,,0,36.0,1000.0,5.0,1000.0,80.0,424.0,242.0,49.0,7.0,21.0,3.0,5.0,0.050701022680031425,0.18635705801150865,False
CFG,Citizens Financial Group Inc.,Financials,Banks,65.428,27668.32,0.5804,0.3207,0.0645,0.1127,769.2162259723855,0.03220316795392075,144.0,0.07864554888039321,,,1,77.0,77.0,15.0,15.0,173.0,228.0,220.0,119.0,34.0,24.0,6.0,5.0,0.004487966344878408,0.03526113273692762,False
CFR,Cullen/Frost Bankers Inc.,Financials,Banks,144.955,9102.75,0.1343,0.0975,0.045,0.0831,193.8273646242351,0.018680626551774493,20.06000000000006,0.030930060441593854,,,0,269.0,1000.0,69.66666666666667,1000.0,558.0,619.0,687.0,469.0,117.0,132.0,34.0,58.0,0.0011308792765654316,0.008885112145709443,False
CG,The Carlyle Group Inc.,Financials,Capital Markets,43.54,15673.29,-0.082,0.1312,-0.0029,0.1067,-1789.661538461538,-0.19416608790554613,-262.20000000000005,-0.32422406331148756,,,0,521.3333333333334,1000.0,95.0,1000.0,1244.0,529.0,529.0,1260.0,211.0,109.0,49.0,25.0,-0.010441720392969247,-0.017040379792506923,False
CGNX,Cognex Corporation,Information Technology,Electronic Equipment Instruments and Components,60.435,10057.56,0.9596,0.03,-0.0544,0.1065,127.01656796415091,0.052697212277243555,28.099999999999994,0.24554351625305837,,,0,297.0,297.0,44.333333333333336,44.333333333333336,689.0,786.0,953.0,401.0,94.0,108.0,18.0,21.0,0.0016705317441455775,0.004269110889836033,False
CGON,CG Oncology Inc.,Health Care,Biotechnology,57.176,5043.06,1.184,,,,4.4081287450555475,0.25495049504950495,-25.75,0.15993788819875787,,,0,431.0,431.0,71.0,71.0,1024.0,1199.0,1264.0,1057.0,120.0,149.0,35.0,58.0,6.328142635637121e-05,0.0004929338402221596,False
CHD,Church & Dwight Co. Inc.,Consumer Staples,Household Products,97.245,23041.58,-0.0187,0.011,0.028,0.0689,134.76802973977738,0.00035465566159409434,-3.7999999999999545,-0.005157437567860912,,,0,240.66666666666666,1000.0,10.333333333333334,1000.0,672.0,833.0,291.0,876.0,27.0,23.0,1.0,3.0,0.0023015014639220354,0.5035526187708758,False
CHDN,Churchill Downs Incorporated,Consumer Discretionary,Hotels Restaurants and Leisure,87.23,6079.66,-0.1333,-0.1447,-0.0279,0.1559,159.38846008323844,0.006835503605728155,6.0,0.015665796344647598,,,0,276.3333333333333,1000.0,48.0,1000.0,620.0,1105.0,580.0,691.0,86.0,123.0,27.0,31.0,0.0026100758449792132,0.0087081252252217,False
CHE,Chemed Corporation,Health Care,Health Care Providers and Services,424.955,5617.63,-0.2257,-0.0726,-0.0244,0.1238,51.522861761536205,0.004177898639514899,-5.460000000000036,-0.020585130447896338,,,0,380.0,1000.0,53.666666666666664,1000.0,911.0,1014.0,641.0,900.0,109.0,120.0,31.0,21.0,0.0007396426853206762,0.0011255502928864886,False
CHEF,The Chefs' Warehouse Inc.,Consumer Staples,Consumer Staples Distribution and Retail,88.13,3593.73,0.4358,0.3988,0.219,0.1917,387.4245795836746,0.02608963885153548,7.079999999999998,0.09784411276948579,,,0,121.0,121.0,11.333333333333334,11.333333333333334,338.0,175.0,417.0,669.0,21.0,4.0,11.0,2.0,0.006616244511349634,0.021112925051094137,False
CHH,Choice Hotels International Inc.,Consumer Discretionary,Hotels Restaurants and Leisure,103.43,4665.45,-0.1994,-0.0406,-0.0341,0.0849,34.69379390196832,0.00737311210597702,-24.22999999999996,-0.06549533720773071,,,0,385.6666666666667,1000.0,55.0,1000.0,949.0,955.0,976.0,1046.0,110.0,98.0,32.0,23.0,0.0005681304241657416,0.0018954816533053656,False
CHRD,Chord Energy Corporation,Energy,Oil Gas and Consumable Fuels,138.832,7816.13,0.3654,-0.0283,0.079,,-13.095851213154674,0.09563709721389246,-111.22999999999999,-2.5017993702204224,,,0,386.0,386.0,38.666666666666664,38.666666666666664,1055.0,925.0,357.0,1206.0,42.0,61.0,30.0,44.0,-0.0003195655043872649,-0.000340555878372356,False
CHRW,C.H. Robinson Worldwide Inc.,Industrials,Air Freight and Logistics,188.43,22210.82,0.9923,0.2797,0.135,0.0994,-1159.548358336906,-0.002082209063646645,11.92999999999995,0.020320910267765724,,,0,505.6666666666667,505.6666666666667,74.66666666666667,74.66666666666667,1233.0,277.0,80.0,576.0,219.0,65.0,4.0,1.0,-0.013452918190414324,-0.8315668879653328,False
CHTR,Charter Communications Inc.,Communication Services,Media,137.38,19026.56,-0.6564,-0.2516,-0.2751,-0.0475,-507.31853048042103,-0.0025194435316026054,-54.0,-0.010828153198315649,,,2,425.0,1000.0,20.333333333333332,1000.0,1204.0,1181.0,12.0,1135.0,36.0,35.0,14.0,11.0,-0.035299617255188764,-0.08267278720916112,False
CHWY,Chewy Inc.,Consumer Discretionary,Specialty Retail,19.101,7828.54,-0.5314,-0.1959,-0.2387,,742.9261164499712,0.019140578502559347,32.39999999999998,0.14542190305206448,,,0,110.66666666666667,1000.0,21.333333333333332,1000.0,176.0,1154.0,127.0,363.0,24.0,132.0,9.0,31.0,0.012165833775780371,0.03759355129056814,False
CHYM,Chime Financial Inc.,Financials,Financial Services,16.507,6289.48,,,,,515.3555803467309,0.05882648838240878,40.520000000000095,-0.040121195318533864,,,0,171.0,1000.0,28.666666666666668,1000.0,262.0,1199.0,675.0,318.0,48.0,203.0,9.0,29.0,0.0030068248980546605,0.041938221150751444,False
CINF,Cincinnati Financial Corporation,Financials,Insurance,169.234,26178.26,0.1513,0.1836,0.068,0.0915,1959.984389581743,0.023513577705644773,364.0,0.15211032177183448,,,1,42.333333333333336,1000.0,8.0,1000.0,44.0,417.0,125.0,41.0,8.0,75.0,3.0,13.0,0.011435463371577003,0.07632113760566278,False
CLBK,Columbia Financial Inc.,Financials,Banks,20.79,2165.13,0.4528,0.0289,0.0419,,82.28374854958707,0.041465766634522616,4.199999999999996,0.08112806644774961,,,0,379.0,379.0,95.33333333333333,95.33333333333333,817.0,792.0,1203.0,720.0,154.0,166.0,55.0,77.0,0.00048008177902664467,0.00377191494632242,False
CLDX,Celldex Therapeutics Inc.,Health Care,Biotechnology,29.55,2319.44,0.4471,-0.0529,-0.0098,-0.0711,-6.657482517482521,-0.4415584415584416,-24.889999999999986,0.09618951924563302,,,0,426.0,426.0,71.0,71.0,1041.0,978.0,1273.0,1054.0,124.0,113.0,38.0,51.0,-9.557229700277053e-05,-0.0007444651944967629,False
CLF,Cleveland-Cliffs Inc.,Materials,Metals and Mining,13.005,7418.24,0.7646,-0.0666,-0.1185,0.0968,288.52437223042944,0.01574422353573346,261.0,-0.17658998646820023,,,0,169.33333333333334,169.33333333333334,16.333333333333332,16.333333333333332,437.0,1000.0,61.0,57.0,23.0,48.0,9.0,17.0,0.011447152670429313,0.0386280608560962,False
CLH,Clean Harbors Inc.,Industrials,Commercial Services and Supplies,286.965,15164.96,0.2708,0.2236,0.2475,0.1849,112.963670264965,0.004573160621074379,4.529999999999973,0.011586566744251403,,,0,311.6666666666667,311.6666666666667,51.666666666666664,51.666666666666664,722.0,349.0,302.0,714.0,136.0,77.0,13.0,6.0,0.0013105887336541495,0.022896990487225467,False
CLMT,Calumet Inc.,Energy,Oil Gas and Consumable Fuels,34.688,3022.96,1.4514,0.2933,0.3984,0.2121,-52.82151898734173,0.008653404558748745,-155.0,4.585798816568048,,,1,384.0,384.0,29.333333333333332,29.333333333333332,1093.0,265.0,424.0,1235.0,46.0,13.0,34.0,8.0,-0.001288952896833128,-0.001373616613605595,False
CLOV,Clover Health Investments Corp.,Health Care,Health Care Providers and Services,4.875,2567.59,0.6414,0.6932,-0.2015,,723.8073528818345,0.14913361510987722,28.61,-0.3344243132670953,,,0,70.33333333333333,70.33333333333333,10.0,10.0,179.0,69.0,691.0,398.0,17.0,15.0,12.0,1.0,0.010390704161934505,0.015812040522906936,False
CLSK,CleanSpark Inc.,Information Technology,Software,15.402,3952.29,0.5448,0.5924,-0.0335,,202.48894828588027,-0.034489958371938134,-865.05,-2.373511496460517,,,0,207.33333333333334,207.33333333333334,30.0,30.0,537.0,89.0,1064.0,1303.0,61.0,24.0,22.0,7.0,0.0026631503383533926,0.013106389340651609,False
CLX,The Clorox Company,Consumer Staples,Household Products,97.275,11762.62,-0.2296,-0.1465,-0.1119,-0.0299,-259.00114214515634,-0.04842342342342343,-54.0,-0.06666666666666665,,,0,417.3333333333333,1000.0,18.666666666666668,1000.0,1170.0,1108.0,263.0,1135.0,45.0,37.0,5.0,6.0,-0.004423092842980233,-0.9677421540084077,False
CMC,Commercial Metals Company,Materials,Metals and Mining,75.414,8362.46,0.5527,0.1738,0.1789,0.1573,648.4742147997795,0.0754441891240345,420.56000000000006,4.967635246869833,,,2,79.66666666666667,79.66666666666667,11.0,11.0,203.0,440.0,206.0,33.0,13.0,23.0,5.0,15.0,0.025728098053780138,0.08681866713460692,False
CMS,CMS Energy Corporation,Utilities,Multi-Utilities,73.964,22848.93,0.0566,0.068,0.0404,0.0549,1036.279410466861,0.03314205410469606,36.0,0.03361344537815136,,,0,47.333333333333336,1000.0,5.333333333333333,1000.0,115.0,690.0,194.0,348.0,8.0,19.0,3.0,5.0,0.04898683384125022,0.15412044650399037,False
CNA,CNA Financial Corporation,Financials,Insurance,45.059,12189.88,-0.0162,0.0443,-0.0114,0.0344,900.3971571119273,0.024284475281873386,-63.0,-0.04929577464788737,,,0,112.0,1000.0,22.0,1000.0,145.0,744.0,89.0,1153.0,29.0,162.0,10.0,27.0,0.005253337100415761,0.03506116461588327,False
CNK,Cinemark Holdings Inc.,Communication Services,Entertainment,33.731,3898.55,0.0498,0.2175,0.0808,-0.0001,206.26289190453917,0.032873194221508806,32.5,0.23516642547033295,,,0,186.33333333333334,1000.0,9.0,1000.0,531.0,360.0,535.0,362.0,17.0,11.0,6.0,4.0,0.014351932170275026,0.053057696454251305,False
CNM,Core & Main Inc.,Industrials,Trading Companies and Distributors,49.14,9505.15,-0.1443,0.2057,,,35.01055146326871,-0.00013077023669416654,8.0,0.018140589569161092,,,0,401.3333333333333,1000.0,64.33333333333333,1000.0,948.0,376.0,231.0,650.0,174.0,82.0,14.0,5.0,0.0004061875309039914,0.002286381871324397,False
CNO,CNO Financial Group Inc.,Financials,Insurance,49.8,4648.76,0.3284,0.2847,0.1498,0.1004,215.71851075985523,0.005682577884744022,16.19999999999999,0.07064980375054519,,,0,218.66666666666666,218.66666666666666,45.333333333333336,45.333333333333336,516.0,273.0,398.0,511.0,106.0,34.0,25.0,5.0,0.0012586024365693462,0.008400006771127866,False
CNP,CenterPoint Energy Inc.,Utilities,Multi-Utilities,42.962,28104.43,0.1924,0.1402,0.1043,0.0638,416.4920194972765,0.005877952335150205,19.0,0.018060836501901045,,,0,110.33333333333333,1000.0,6.333333333333333,1000.0,312.0,510.0,177.0,480.0,12.0,7.0,5.0,2.0,0.019688343847464953,0.06194269167361946,False
CNR,Core Natural Resources Inc.,Energy,Oil Gas and Consumable Fuels,91.395,4607.0,0.279,0.1318,0.3903,,1596.5855501587894,0.01605850983367607,90.32,-0.5894791802636732,,,0,32.333333333333336,32.333333333333336,12.0,12.0,58.0,526.0,422.0,172.0,6.0,33.0,6.0,24.0,0.038959946805245234,0.04151899602255476,False
CNS,Cohen & Steers Inc.,Financials,Capital Markets,75.345,3873.16,-0.0108,0.0783,0.0014,0.0683,38.10156716417919,0.020085593037473926,2.5900000000000034,0.016903798459731112,,,0,425.3333333333333,1000.0,85.33333333333333,1000.0,945.0,674.0,1129.0,760.0,184.0,147.0,41.0,31.0,0.0002223023193560392,0.0003627865723288984,False
CNX,CNX Resources Corporation,Energy,Oil Gas and Consumable Fuels,32.709,4627.59,0.0209,0.2464,0.1726,0.0934,658.1168360864042,0.08350521453679205,545.86,0.8621201592014658,,,1,76.0,1000.0,11.333333333333334,1000.0,199.0,314.0,685.0,22.0,12.0,17.0,11.0,11.0,0.016059394326231092,0.017114241261378182,False
COCO,The Vita Coco Company Inc.,Consumer Staples,Beverages,78.87,4504.47,1.3763,0.4103,,,123.374164973588,0.0800944602971565,11.590000000000003,0.16250701065619744,,,0,242.0,242.0,11.666666666666666,11.666666666666666,694.0,167.0,1095.0,584.0,29.0,3.0,4.0,2.0,0.0021069227015126694,0.03599328805115531,False
COGT,Cogent Biosciences Inc.,Health Care,Biotechnology,32.342,5527.63,3.4548,0.39,0.3179,,,,-25.360000000000014,0.07709612695324375,,,1,480.6666666666667,480.6666666666667,70.0,70.0,1258.0,180.0,1278.0,1055.0,142.0,42.0,44.0,24.0,,,False
COHU,Cohu Inc.,Information Technology,Semiconductors and Semiconductor Equipment,56.521,2666.4,1.9577,0.1378,0.0928,0.165,90.31330625507718,0.062522077004592,18.729999999999997,-0.2521879628382927,,,0,328.3333333333333,328.3333333333333,51.666666666666664,51.666666666666664,788.0,516.0,1153.0,484.0,115.0,82.0,18.0,22.0,0.001187807602079357,0.01507901289972103,False
COKE,Coca-Cola Consolidated Inc.,Consumer Staples,Beverages,189.83,12635.9,0.7548,0.4164,0.3442,0.3156,606.8260959470645,0.03689648398048706,7.949999999999932,0.013933190788320449,,,0,77.33333333333333,77.33333333333333,6.333333333333333,6.333333333333333,215.0,166.0,238.0,653.0,15.0,2.0,3.0,1.0,0.010363074616917446,0.17703598215279975,False
COLB,Columbia Banking System Inc.,Financials,Banks,30.327,8779.37,0.2818,0.0974,-0.0087,0.0156,505.13551218747557,0.08600650860065095,105.0,0.19090909090909092,,,0,150.33333333333334,150.33333333333334,40.666666666666664,40.666666666666664,267.0,620.0,672.0,148.0,51.0,133.0,12.0,59.0,0.002947196252177984,0.02315558323391104,False
COLD,Americold Realty Trust Inc.,Real Estate,Industrial REITs,14.417,4113.26,-0.1882,-0.2144,-0.1813,,-24.951958606764038,0.0007077658064491565,2.8299999999999983,-0.024705368834570085,,,0,413.3333333333333,1000.0,32.0,1000.0,1073.0,1163.0,631.0,757.0,81.0,86.0,8.0,7.0,-0.00139764554315572,-0.06666810250134159,False
COLM,Columbia Sportswear Company,Consumer Discretionary,Textiles Apparel and Luxury Goods,65.48,3348.7,0.0397,-0.0524,-0.0869,0.0142,20.937231166766196,0.00016483435618930287,-7.939999999999998,-0.04480306963096714,,,0,401.0,1000.0,44.333333333333336,1000.0,988.0,975.0,511.0,927.0,114.0,101.0,9.0,10.0,0.00034285895792319815,0.0048550583348398145,False
COMP,Compass Inc.,Real Estate,Real Estate Management and Development,7.995,5973.49,0.2281,0.3135,-0.1127,,2378.4079942897934,0.19363364743737077,73.0,-1.2478632478632479,,,0,14.333333333333334,14.333333333333334,1.6666666666666667,1.6666666666666667,38.0,234.0,209.0,208.0,2.0,3.0,2.0,1.0,0.13322286179666634,0.3026535254735579,False
CON,Concentra Group Holdings Parent Inc.,Health Care,Health Care Providers and Services,27.016,3457.02,0.2319,,,,298.8924406720944,0.03180149947767874,11.580000000000013,0.06958716423291866,,,0,208.0,1000.0,32.333333333333336,1000.0,425.0,1199.0,686.0,585.0,50.0,149.0,20.0,27.0,0.0042907866504767545,0.006529498995942468,False
COO,The Cooper Companies Inc.,Health Care,Health Care Equipment and Supplies,66.378,12945.74,-0.0706,-0.0844,-0.0668,0.0498,242.876708455085,0.03386765712051609,-139.09999999999997,-0.3710322752734062,,,0,222.33333333333334,1000.0,28.666666666666668,1000.0,488.0,1031.0,423.0,1225.0,57.0,122.0,12.0,17.0,0.003486646018907197,0.029382260198752203,False
CORT,Corcept Therapeutics Incorporated,Health Care,Pharmaceuticals,82.09,8812.49,0.1523,0.5195,0.3067,0.3077,83.62762923351147,0.010099683481961108,-52.31,-0.5249372804816859,,,0,312.0,312.0,38.333333333333336,38.333333333333336,813.0,110.0,1051.0,1131.0,94.0,29.0,13.0,8.0,0.0012005265650723834,0.030019237682310407,False
CORZ,Core Scientific Inc.,Information Technology,Software,26.363,8380.41,1.1521,,,,-56.17161820919728,0.11196790169895321,-923.4399999999999,3.1995010740766405,,,1,476.0,476.0,102.0,102.0,1095.0,1199.0,1182.0,1306.0,170.0,163.0,72.0,64.0,-0.0007387734753231103,-0.00363578903627261,False
CPAY,Corpay Inc.,Financials,Financial Services,348.892,22804.25,0.0005,0.1334,0.0511,0.0899,738.6329037713517,0.05638194505785732,106.83000000000015,0.0998569866240433,,,0,107.0,1000.0,19.0,1000.0,178.0,521.0,377.0,147.0,37.0,106.0,8.0,12.0,0.004309528974320732,0.06010791625996052,False
CPB,The Campbell's Company,Consumer Staples,Food Products,23.145,6901.98,-0.307,-0.2044,-0.1287,-0.0948,-296.5108135942337,-0.031698039598166416,6.0,0.009966777408637828,,,0,423.6666666666667,1000.0,26.333333333333332,1000.0,1180.0,1158.0,164.0,691.0,46.0,45.0,17.0,16.0,-0.005063664378514123,-0.00821055142947919,False
CPK,Chesapeake Utilities Corporation,Utilities,Gas Utilities,124.165,2980.55,0.0338,-0.0165,0.0059,0.0746,144.18149539091837,0.05849462365591385,8.399999999999977,0.059871703492515804,,,0,236.0,1000.0,12.333333333333334,1000.0,650.0,897.0,979.0,641.0,23.0,35.0,5.0,9.0,0.006815724491250779,0.0819957789299865,False
CPRT,Copart Inc.,Industrials,Commercial Services and Supplies,31.121,28812.18,-0.3837,-0.101,-0.0006,0.1763,48.20201385452765,-0.0017409230981114687,0.75,0.00048310734645240494,,,0,428.0,1000.0,67.66666666666667,1000.0,924.0,1059.0,391.0,794.0,171.0,189.0,15.0,17.0,0.0005592330361523131,0.009770230111180531,False
CPRX,Catalyst Pharmaceuticals Inc.,Health Care,Biotechnology,31.355,3837.26,0.234,0.3909,0.4041,0.4799,62.28915360501571,0.013531638907281929,6.989999999999981,0.032613259926281835,,,2,340.6666666666667,340.6666666666667,52.666666666666664,52.666666666666664,877.0,179.0,1119.0,674.0,104.0,41.0,31.0,23.0,0.0008941994924893751,0.00696541173511516,False
CPT,Camden Property Trust,Real Estate,Residential REITs,114.56,11930.96,-0.0244,0.0039,-0.0327,0.0355,22.652158698866288,-0.001197401009598198,3.6299999999999955,0.009441814493055256,,,0,369.0,1000.0,25.666666666666668,1000.0,982.0,852.0,806.0,740.0,66.0,59.0,8.0,3.0,0.001268825792286468,0.031188981956710535,False
CQP,Cheniere Energy Partners L.P.,Energy,Oil Gas and Consumable Fuels,66.414,32147.97,0.1552,0.1445,0.0897,0.0785,1970.8020996941395,0.056794943298010825,-455.0,-0.15232674924673584,,,1,25.666666666666668,1000.0,10.333333333333334,1000.0,43.0,499.0,143.0,1285.0,5.0,29.0,5.0,21.0,0.04809159456573615,0.05125044788881217,False
CR,Crane Company,Industrials,Machinery,199.48,11519.11,0.069,0.351,0.1672,0.1299,265.1426049745919,0.06021691973969645,-40.0,-0.1091107474086197,,,0,202.33333333333334,202.33333333333334,37.666666666666664,37.666666666666664,465.0,207.0,657.0,1105.0,88.0,54.0,16.0,9.0,0.003076147491280527,0.021895672911362043,False
CRBG,Corebridge Financial Inc.,Financials,Financial Services,27.615,12612.69,-0.1537,0.1829,,,2236.5653666696016,0.004136004726862597,611.0,-1.669398907103825,,,1,41.333333333333336,1000.0,5.0,1000.0,41.0,420.0,63.0,18.0,7.0,76.0,1.0,7.0,0.013049165832461464,0.18200554440954012,False
CRC,California Resources Corporation,Energy,Oil Gas and Consumable Fuels,58.684,5210.84,0.2699,0.1197,0.1201,,125.84831839645403,0.01792535997649125,-826.0,-2.2754820936639115,,,0,251.0,251.0,25.0,25.0,691.0,557.0,499.0,1302.0,26.0,36.0,22.0,27.0,0.003070955884429606,0.0032726688716604724,False
CRCL,Circle Internet Group Inc.,Information Technology,Software,81.721,20313.88,-0.3027,,,,972.4601346890267,0.042073224011883514,-9.539999999999992,0.13724643936124292,,,0,101.66666666666667,1000.0,27.0,1000.0,128.0,1199.0,594.0,943.0,14.0,163.0,3.0,64.0,0.012789871045583661,0.06294388533986789,False
CRGY,Crescent Energy Company,Energy,Oil Gas and Consumable Fuels,11.875,3921.74,0.2553,0.0553,,,588.9344618246387,0.06499282078786961,-417.70000000000005,-3.1427281619140772,,,0,95.33333333333333,95.33333333333333,19.666666666666668,19.666666666666668,226.0,725.0,465.0,1282.0,13.0,47.0,12.0,34.0,0.014371203160508161,0.015315162770708225,False
CRK,Comstock Resources Inc.,Energy,Oil Gas and Consumable Fuels,13.11,3850.35,-0.4524,0.096,0.147,,570.3944098091085,0.037690253325381784,228.73000000000002,0.5781704203634894,,,0,97.66666666666667,1000.0,20.0,1000.0,235.0,625.0,721.0,68.0,14.0,44.0,13.0,33.0,0.013918788042370773,0.014833031170673264,False
CRL,Charles River Laboratories International Inc.,Health Care,Life Sciences Tools and Services,184.14,8869.61,0.2186,-0.0233,-0.1215,0.0806,4.424876635700912,0.0029038347553655974,-40.31,0.2792711653041431,,,0,414.6666666666667,1000.0,45.666666666666664,1000.0,1023.0,916.0,441.0,1107.0,119.0,102.0,13.0,5.0,6.352185272996294e-05,0.0014210882626067899,False
CRNX,Crinetics Pharmaceuticals Inc.,Health Care,Pharmaceuticals,33.565,3539.1,0.0382,0.1566,0.1459,,17.309957939011568,1.3467532467532468,-31.069999999999993,0.06677125419066443,,,1,392.3333333333333,1000.0,48.333333333333336,1000.0,992.0,471.0,1255.0,1081.0,114.0,71.0,14.0,17.0,0.00024849519873441,0.006213637124532476,False
CROX,Crocs Inc.,Consumer Discretionary,Textiles Apparel and Luxury Goods,123.075,6115.55,0.1801,0.0193,0.0253,0.2762,-75.86168619459977,-0.0039300607575514235,-22.549999999999997,0.27770935960591125,,,0,438.3333333333333,1000.0,46.0,1000.0,1112.0,817.0,442.0,1034.0,121.0,82.0,10.0,7.0,-0.0012422778574591449,-0.017591290315345978,False
CRUS,Cirrus Logic Inc.,Information Technology,Semiconductors and Semiconductor Equipment,160.725,8129.94,0.5655,0.2781,0.1511,0.1576,101.25317258401356,0.053426015779924896,82.90000000000003,0.2500678712557691,,,0,305.6666666666667,305.6666666666667,47.666666666666664,47.666666666666664,751.0,281.0,722.0,189.0,108.0,58.0,16.0,19.0,0.0013316895717477202,0.01690556971992361,False
CRVL,CorVel Corporation,Health Care,Health Care Providers and Services,60.2,3051.61,-0.4429,-0.0339,0.0804,0.1449,62.95866486031957,0.07027769403410034,15.170000000000002,0.15939897026373862,,,0,362.0,1000.0,50.666666666666664,1000.0,875.0,940.0,986.0,529.0,103.0,108.0,30.0,19.0,0.000903810742443178,0.0013753728199580914,False
CSGP,CoStar Group Inc.,Real Estate,Real Estate Management and Development,33.001,13476.15,-0.5965,-0.2554,-0.1761,0.0466,600.298310671611,0.05081613797351392,18.0,2.5714285714285716,,,1,106.0,1000.0,7.666666666666667,1000.0,221.0,1184.0,509.0,493.0,9.0,88.0,5.0,9.0,0.03362478560086444,0.07638823973715898,False
CSL,Carlisle Companies Incorporated,Industrials,Building Products,330.001,13322.83,-0.1052,0.1232,0.1172,0.1269,-26.51438624710954,-0.00870535269626882,-15.600000000000023,-0.02106115836371003,,,0,458.0,1000.0,71.33333333333333,1000.0,1075.0,547.0,363.0,992.0,188.0,111.0,15.0,11.0,-0.00030761620805794254,-0.009296671534220651,False
CSW,CSW Industrials Inc.,Industrials,Building Products,268.655,4384.31,-0.1192,0.1966,0.1837,0.2327,204.21328600405673,0.23255151998178292,-24.60000000000001,-0.18002195389681674,,,0,238.66666666666666,1000.0,36.666666666666664,1000.0,533.0,389.0,938.0,1052.0,98.0,85.0,5.0,7.0,0.0023692540377949823,0.07160278292734533,False
CTOS,Custom Truck One Source Inc.,Industrials,Trading Companies and Distributors,10.4,2365.3,1.1941,0.1407,0.0168,,170.08432071676702,0.02026276260828408,13.690000000000001,-0.44090177133655395,,,0,270.0,270.0,42.333333333333336,42.333333333333336,597.0,508.0,724.0,549.0,111.0,102.0,9.0,7.0,0.001973294546642827,0.011107443077305748,False
CTRE,CareTrust REIT Inc.,Real Estate,Health Care REITs,37.871,8946.65,0.3113,0.2425,0.0978,0.1053,192.71979107492268,0.0968954008270535,14.409999999999968,0.04495538778311592,,,0,195.33333333333334,195.33333333333334,7.666666666666667,7.666666666666667,559.0,320.0,1145.0,538.0,19.0,8.0,2.0,2.0,0.010794902368936684,0.2021540270862701,False
CTRI,Centuri Holdings Inc.,Industrials,Construction and Engineering,28.985,2925.59,0.2548,,,,496.5036900648861,0.05802975747457051,8.41,0.3756141134435016,,,0,176.0,176.0,26.666666666666668,26.666666666666668,270.0,1199.0,546.0,640.0,51.0,207.0,12.0,17.0,0.005760366504474012,0.03624067851292393,False
CTSH,Cognizant Technology Solutions Corporation,Information Technology,IT Services,50.63,23992.01,-0.3722,-0.0654,-0.066,-0.0173,1315.9014547160987,0.014117870001894905,-1.0,-0.0004484304932735883,,,1,71.0,1000.0,7.0,1000.0,75.0,996.0,53.0,827.0,9.0,129.0,1.0,11.0,0.017306837899218167,0.2724018627034879,False
CUBE,CubeSmart,Real Estate,Specialized REITs,41.428,9420.64,-0.0437,-0.022,-0.0224,0.0342,54.75281526601316,0.008102561368906525,-6.309999999999945,-0.01890466774522126,,,0,343.0,1000.0,24.0,1000.0,904.0,912.0,921.0,912.0,56.0,69.0,8.0,8.0,0.0030668946449368974,0.03959282931937794,False
CUBI,Customers Bancorp Inc.,Financials,Banks,75.68,2559.88,0.4306,0.4069,0.1321,0.1136,216.48926793557837,0.12166308044700491,56.73999999999998,0.2532018385470123,,,0,211.33333333333334,211.33333333333334,45.333333333333336,45.333333333333336,514.0,168.0,1040.0,247.0,104.0,16.0,31.0,1.0,0.00126309939353401,0.009923941481014418,False
CURA,Curaleaf Holdings Inc.,Health Care,Pharmaceuticals,14.64,2772.93,3.2807,0.0728,-0.2269,,-72.96231427665634,0.013886588914385767,130.86,-0.566321893798416,,,0,442.0,442.0,57.666666666666664,57.666666666666664,1110.0,686.0,880.0,131.0,134.0,82.0,19.0,20.0,-0.0010474193438355347,-0.026190782570273855,False
CURB,Curbline Properties Corp.,Real Estate,Retail REITs,29.745,3139.27,0.3052,,,,70.65008717715179,0.10552791295314123,-6.989999999999995,-0.17549585739392404,,,0,330.0,330.0,22.0,22.0,856.0,1199.0,1216.0,919.0,45.0,89.0,6.0,15.0,0.003957355854219058,0.0829253822232802,False
CUZ,Cousins Properties Incorporated,Real Estate,Office REITs,28.646,4713.42,-0.053,0.0991,-0.0632,-0.0411,104.82157866475745,0.012194874500334851,-45.75,-1.1296296296296295,,,0,267.6666666666667,1000.0,12.666666666666666,1000.0,744.0,615.0,973.0,1117.0,31.0,28.0,2.0,5.0,0.0058714193365017224,0.23966097538237502,False
CVBF,CVB Financial Corp.,Financials,Banks,20.797,3669.74,0.0934,0.1287,-0.0116,0.0194,12.470466523521338,0.0008478495452441948,-0.10000000000002274,-0.0004777830864788335,,,0,436.6666666666667,1000.0,107.0,1000.0,1005.0,534.0,1147.0,811.0,193.0,112.0,81.0,47.0,7.275851987098594e-05,0.0005716504157480995,False
CVCO,Cavco Industries Inc.,Consumer Discretionary,Household Durables,568.939,4371.72,0.3334,0.2699,0.2107,0.193,228.9658189655172,0.11364651245869428,19.51000000000002,0.1140668849391957,,,0,197.33333333333334,197.33333333333334,25.333333333333332,25.333333333333332,500.0,294.0,684.0,475.0,69.0,23.0,6.0,1.0,0.003749444301649454,0.048907513680234986,False
CVI,CVR Energy Inc.,Energy,Oil Gas and Consumable Fuels,31.3,3146.61,0.2127,0.0433,0.1042,0.0505,102.76595324982736,0.0466350181513544,-69.0,-2.5555555555555554,,,0,278.3333333333333,1000.0,32.333333333333336,1000.0,750.0,749.0,236.0,1166.0,34.0,51.0,26.0,37.0,0.0025076990528978523,0.002672415019545479,False
CVLT,Commvault Systems Inc.,Information Technology,Software,126.34,5211.6,-0.329,0.2113,0.0938,0.1058,188.07220203549502,0.18889737048271438,-5.450000000000003,-0.07160688477204047,,,0,231.66666666666666,1000.0,37.333333333333336,1000.0,564.0,369.0,903.0,899.0,67.0,64.0,27.0,18.0,0.002473540174541081,0.012173244638274268,False
CVSA,Covista Inc.,Consumer Discretionary,Diversified Consumer Services,131.095,4461.28,0.0921,0.4606,0.2729,0.2284,168.7123611997447,0.06795318432692676,-3.0,-0.01265502404454566,,,0,230.0,230.0,30.666666666666668,30.666666666666668,600.0,141.0,737.0,858.0,82.0,8.0,8.0,2.0,0.002762759979529848,0.06970637175394769,False
CW,Curtiss-Wright Corporation,Industrials,Aerospace and Defense,738.948,27297.6,0.5665,0.6177,0.4187,0.2393,392.7136891819641,0.030882954061462797,26.849999999999966,0.05544885694814439,,,1,137.66666666666666,137.66666666666666,27.0,27.0,329.0,85.0,486.0,406.0,65.0,19.0,10.0,6.0,0.004556209402424722,0.03819002847277638,True
CWAN,Clearwater Analytics Holdings Inc.,Information Technology,Software,24.375,7300.36,0.0552,0.139,,,349.7774955328838,0.12901814403106493,-9.280000000000001,0.23911363050760115,,,0,163.0,1000.0,25.0,1000.0,370.0,512.0,1029.0,940.0,38.0,81.0,12.0,25.0,0.004600300724865569,0.022639853077708303,False
CWK,Cushman & Wakefield Limited,Real Estate,Real Estate Management and Development,13.246,3103.54,0.2438,0.1337,-0.0635,,992.8420289855076,0.024416321611166136,-14.5,-0.16439909297052158,,,0,49.333333333333336,1000.0,4.333333333333333,1000.0,124.0,520.0,159.0,985.0,5.0,19.0,3.0,5.0,0.05561251758782221,0.12633961079520817,False
CWST,Casella Waste Systems Inc.,Industrials,Commercial Services and Supplies,90.745,5772.28,-0.2222,-0.0063,0.0663,0.2834,243.69895927601806,0.021901744299993586,-0.7300000000000004,-0.0927573062261754,,,0,246.33333333333334,1000.0,39.0,1000.0,487.0,873.0,744.0,823.0,93.0,159.0,10.0,14.0,0.0028273613072347845,0.04939617081493082,False
CWT,California Water Service Group,Utilities,Water Utilities,45.761,2738.95,-0.0203,-0.0668,-0.049,0.0367,40.74000000000001,0.01059851620773089,-9.290000000000006,-0.07245924654863123,,,0,338.6666666666667,1000.0,14.666666666666666,1000.0,940.0,1002.0,968.0,941.0,35.0,41.0,5.0,4.0,0.0019258547362177429,0.04812902725999476,False
CXT,Crane NXT Co.,Information Technology,Electronic Equipment Instruments and Components,39.476,2271.54,-0.2911,-0.1105,,,210.6353916323128,0.03464719019738016,-15.299999999999983,-0.10544452101998614,,,0,243.0,1000.0,35.333333333333336,1000.0,527.0,1069.0,779.0,990.0,60.0,142.0,16.0,30.0,0.002770292992498638,0.007079594879749714,False
CXW,CoreCivic Inc.,Industrials,Commercial Services and Supplies,27.04,2673.94,0.2612,0.429,0.1882,-0.0236,387.7596063057804,0.057028373990358316,12.810000000000002,0.10995708154506434,,,0,149.0,149.0,25.333333333333332,25.333333333333332,337.0,157.0,671.0,566.0,69.0,41.0,4.0,3.0,0.004498732824442739,0.07859631327566176,False
CYTK,Cytokinetics Incorporated,Health Care,Biotechnology,69.31,9410.26,1.0933,0.2317,0.2691,0.2376,86.59278241917909,0.20184007269422977,-44.64999999999998,0.05688187933143096,,,0,315.6666666666667,315.6666666666667,49.0,49.0,800.0,332.0,1234.0,1116.0,92.0,55.0,24.0,31.0,0.0012430931809328328,0.009683136596517436,False
CZR,Caesars Entertainment Inc.,Consumer Discretionary,Hotels Restaurants and Leisure,29.475,6003.38,0.0565,-0.1526,-0.2319,0.069,265.4684904738642,0.006616750827093787,17.0,-0.03386454183266929,,,0,216.0,1000.0,36.666666666666664,1000.0,464.0,1117.0,141.0,503.0,60.0,124.0,18.0,32.0,0.004347196115873593,0.014503765562385838,False
DAN,Dana Incorporated,Consumer Discretionary,Automobile Components,31.089,3364.94,0.7554,0.2773,0.0338,0.1,-2463.3377930851766,0.011600000000000055,1062.0,12.494117647058824,,,2,469.6666666666667,469.6666666666667,50.333333333333336,50.333333333333336,1246.0,282.0,234.0,11.0,141.0,22.0,9.0,1.0,-0.04033854438645247,-1.1459077428496367,False
DAR,Darling Ingredients Inc.,Consumer Staples,Food Products,58.165,9244.01,0.8477,-0.0267,-0.0414,0.142,630.5532445324452,0.02774174201581525,160.48000000000002,2.555414012738854,,,1,82.66666666666667,82.66666666666667,9.0,9.0,209.0,922.0,283.0,100.0,14.0,25.0,4.0,9.0,0.010768275073653305,0.01746037448180032,False
DBD,Diebold Nixdorf Incorporated,Information Technology,Technology Hardware Storage and Peripherals,80.025,2771.14,0.5694,,,,159.6975460122694,0.013322122080037913,13.300000000000011,0.14059196617336167,,,0,287.0,287.0,30.666666666666668,30.666666666666668,619.0,1199.0,461.0,557.0,79.0,163.0,5.0,8.0,0.0021003544998235255,0.009624809194872961,False
DBRG,DigitalBridge Group Inc.,Financials,Capital Markets,15.695,2948.48,0.4765,0.0281,-0.1314,,-459.7788461538463,0.28512132822477665,6.189999999999998,0.04363149362092056,,,1,523.0,523.0,95.33333333333333,95.33333333333333,1197.0,798.0,1231.0,687.0,205.0,167.0,48.0,33.0,-0.002682564301106627,-0.004377814458569218,False
DBX,Dropbox Inc.,Information Technology,Software,27.0,6299.12,-0.0483,0.0399,-0.019,,-15.757657476353415,0.0019040063466879698,-35.799999999999955,-0.07041699449252548,,,0,442.0,1000.0,88.66666666666667,1000.0,1063.0,761.0,645.0,1092.0,162.0,101.0,71.0,33.0,-0.00020724593216099845,-0.0010199371162229439,False
DCI,Donaldson Company Inc.,Industrials,Machinery,83.59,9689.01,0.1977,0.1163,0.0619,0.0887,161.86614324013772,0.03159121081579008,71.80000000000001,0.19564032697547695,,,0,281.6666666666667,1000.0,55.333333333333336,1000.0,615.0,566.0,467.0,211.0,115.0,115.0,26.0,25.0,0.0018779483987460981,0.013367026125994962,True
DCO,Ducommun Incorporated,Industrials,Aerospace and Defense,159.922,2412.51,1.1432,0.5157,0.2318,0.2368,53.27584113900343,0.020052373793705502,8.510000000000002,-0.2278447121820616,,,0,366.6666666666667,366.6666666666667,66.66666666666667,66.66666666666667,907.0,111.0,1022.0,637.0,167.0,26.0,24.0,9.0,0.0006180988720440083,0.005180888637337306,False
DD,DuPont de Nemours Inc.,Materials,Chemicals,45.249,18328.48,-0.348,-0.1337,-0.1132,-0.1186,1517.953165248614,0.010074463425317592,750.0,-0.962772785622593,,,1,41.333333333333336,1000.0,10.333333333333334,1000.0,62.0,1093.0,260.0,16.0,4.0,58.0,1.0,26.0,0.060224519318197486,0.22136169345390405,False
DDS,Dillard's Inc.,Consumer Discretionary,Broadline Retail,600.547,9380.23,0.4901,0.2042,0.2885,0.2629,40.69860663883901,0.006345854397303841,86.7299999999999,0.1521071923393955,,,0,361.6666666666667,361.6666666666667,38.333333333333336,38.333333333333336,941.0,379.0,269.0,181.0,109.0,35.0,5.0,1.0,0.0006664626162826909,0.007484155829435282,False
DECK,Deckers Outdoor Corporation,Consumer Discretionary,Textiles Apparel and Luxury Goods,111.88,15538.0,0.0366,0.1116,0.1494,0.2847,486.6039358600583,0.09761894733041698,57.979999999999905,0.060015112463642106,,,0,120.66666666666667,1000.0,15.333333333333334,1000.0,274.0,578.0,333.0,243.0,37.0,51.0,4.0,5.0,0.007968413637956438,0.1128368157062349,False
DEI,Douglas Emmett Inc.,Real Estate,Office REITs,12.265,2522.68,-0.1801,-0.0084,-0.1948,-0.0976,7.766023020440571,-0.0005677403932349279,-42.3,-2.5998770743700064,,,0,383.3333333333333,1000.0,28.0,1000.0,1015.0,879.0,971.0,1111.0,72.0,63.0,4.0,8.0,0.00043500182224657575,0.017756006688978938,False
DFTX,Definium Therapeutics Inc.,Health Care,Pharmaceuticals,23.783,2593.94,2.2139,0.8629,-0.1655,,,,-53.75,0.29245334348985264,,,0,469.6666666666667,469.6666666666667,55.666666666666664,55.666666666666664,1258.0,44.0,1278.0,1134.0,142.0,9.0,21.0,4.0,,,False
DG,Dollar General Corporation,Consumer Staples,Consumer Staples Distribution and Retail,112.409,24795.92,0.0086,-0.0975,-0.1169,0.0208,1941.5173720397215,0.008215217684895082,52.200000000000045,0.03451673268046895,,,1,27.666666666666668,1000.0,7.0,1000.0,45.0,1052.0,17.0,264.0,5.0,33.0,3.0,13.0,0.033156269202773786,0.10580410464746669,False
DGII,Digi International Inc.,Information Technology,Communications Equipment,66.415,2503.99,0.9279,0.21,0.2755,0.1964,56.43116672541419,0.10422574496769088,2.440000000000005,0.05980392156862768,,,0,365.3333333333333,365.3333333333333,50.0,50.0,898.0,371.0,1157.0,768.0,133.0,65.0,10.0,7.0,0.000742187077520334,0.016504398244951073,False
DGX,Quest Diagnostics Incorporated,Health Care,Health Care Providers and Services,204.505,22637.97,0.1555,0.1493,0.0994,0.1019,1120.384941006936,0.022020842772995097,32.0,0.032258064516129004,,,0,61.0,1000.0,8.666666666666666,1000.0,103.0,491.0,147.0,367.0,8.0,72.0,6.0,12.0,0.016083821783708884,0.024475534847666208,False
DHC,Diversified Healthcare Trust,Real Estate,Health Care REITs,8.845,2141.44,1.6246,0.491,0.169,-0.0735,5.895103097918081,-0.013258770361218475,-34.29000000000002,0.11994123613977403,,,0,364.6666666666667,364.6666666666667,27.666666666666668,27.666666666666668,1019.0,126.0,820.0,1087.0,74.0,1.0,8.0,1.0,0.0003302051234172521,0.00618368681641829,False
DINO,HF Sinclair Corporation,Energy,Oil Gas and Consumable Fuels,71.285,12850.93,0.8468,0.1583,0.1548,0.1017,-301.5746057420147,0.028024861364397635,652.0,1.1260794473229705,,,2,422.6666666666667,422.6666666666667,40.666666666666664,40.666666666666664,1182.0,467.0,35.0,17.0,60.0,26.0,43.0,19.0,-0.0073590360355905516,-0.007842407727578979,True
DIOD,Diodes Incorporated,Information Technology,Semiconductors and Semiconductor Equipment,101.917,4682.55,1.0015,0.0364,0.0575,0.177,214.19519789600758,0.04949833678571203,19.400000000000006,0.29331720592682187,,,0,228.0,228.0,31.666666666666668,31.666666666666668,521.0,770.0,813.0,476.0,59.0,104.0,7.0,29.0,0.002817111840321615,0.03576274954445734,False
DJT,Trump Media & Technology Group Corp.,Communication Services,Interactive Media and Services,7.975,2208.71,-0.6114,-0.1458,,,0.06307117577664201,0.013586956521739024,-374.09000000000015,0.5253630312052358,,,0,364.6666666666667,1000.0,14.666666666666666,1000.0,1033.0,1106.0,1269.0,1280.0,29.0,32.0,8.0,7.0,4.3885413817663e-06,2.4920690136579783e-05,False
DK,Delek US Holdings Inc.,Energy,Oil Gas and Consumable Fuels,48.448,2969.26,1.3866,0.2625,0.1586,0.1371,-631.9525201185934,0.0010444935605107286,-28.599999999999998,1.2543859649122804,,,0,430.6666666666667,430.6666666666667,39.666666666666664,39.666666666666664,1212.0,299.0,158.0,1071.0,65.0,15.0,45.0,9.0,-0.015420931602952557,-0.016433841685863818,False
DKL,Delek Logistics Partners LP,Energy,Oil Gas and Consumable Fuels,54.149,2879.01,0.2696,0.0055,0.0412,0.0759,122.37804670912953,0.04691509098803914,-6.680000000000007,-0.037855604669613574,,,0,260.6666666666667,260.6666666666667,31.0,31.0,696.0,845.0,946.0,916.0,27.0,59.0,23.0,43.0,0.002986274170803635,0.0031824249155073675,False
DKNG,DraftKings Inc.,Consumer Discretionary,Hotels Restaurants and Leisure,29.643,14706.75,-0.2174,0.0591,-0.1101,,1290.3691573926872,0.039190555155487194,54.93,14.805929919137467,,,1,51.0,1000.0,9.666666666666666,1000.0,78.0,717.0,285.0,258.0,9.0,66.0,5.0,15.0,0.02113052204066694,0.07049880652257458,False
DLB,Dolby Laboratories Inc.,Information Technology,Software,52.272,4944.83,-0.3053,-0.1428,-0.122,0.0091,44.75331173227596,0.01169642658602199,-11.370000000000005,-0.04458473845188615,,,0,406.0,1000.0,83.33333333333333,1000.0,933.0,1103.0,857.0,956.0,137.0,148.0,59.0,54.0,0.0005885990237549989,0.0028967226745562646,False
DLTR,Dollar Tree Inc.,Consumer Staples,Consumer Staples Distribution and Retail,112.654,21649.24,0.1958,-0.0508,0.0217,0.0212,1698.4529659080545,0.0173142109438591,3.900000000000091,0.003040935672514733,,,0,28.333333333333332,1000.0,7.0,1000.0,53.0,973.0,57.0,727.0,6.0,26.0,4.0,11.0,0.02900533602062711,0.0925581701877553,False
DNLI,Denali Therapeutics Inc.,Health Care,Biotechnology,21.003,3333.38,0.3827,-0.1168,-0.2246,,,,4.519999999999982,-0.008818823896671435,,,0,508.6666666666667,508.6666666666667,79.33333333333333,79.33333333333333,1258.0,1074.0,1278.0,715.0,142.0,126.0,44.0,52.0,,,False
DNOW,DNOW Inc.,Industrials,Trading Companies and Distributors,13.785,2516.4,-0.0871,0.1093,0.0498,-0.029,994.9412597310688,0.20709219858156036,-65.0,0.7303370786516854,,,0,87.0,1000.0,11.0,1000.0,123.0,589.0,510.0,1158.0,21.0,117.0,4.0,8.0,0.011543169610129253,0.0649751450407285,False
DNTH,Dianthus Therapeutics Inc.,Health Care,Biotechnology,79.412,4341.15,3.3826,,,,-5.202968750000001,-0.3431372549019608,-11.319999999999993,0.06973019588517926,,,1,437.3333333333333,437.3333333333333,72.66666666666667,72.66666666666667,1040.0,1199.0,1272.0,954.0,123.0,149.0,37.0,58.0,-7.469184836240006e-05,-0.0005818158939595744,False
DOC,Healthpeak Properties Inc.,Real Estate,Health Care REITs,20.456,14368.7,0.1682,-0.0038,-0.1007,-0.0507,75.79266575795918,0.01773598676355448,150.8,2.113524877365102,,,1,314.3333333333333,1000.0,18.666666666666668,1000.0,839.0,866.0,593.0,112.0,43.0,61.0,6.0,7.0,0.004245409475462447,0.07950295359451963,False
DOCN,DigitalOcean Holdings Inc.,Information Technology,IT Services,172.67,18020.56,4.9789,0.5772,0.3306,,142.04042428364926,0.05236124823890931,-22.42999999999998,-0.08651546709866531,,,1,257.0,257.0,33.666666666666664,33.666666666666664,656.0,93.0,987.0,1032.0,89.0,26.0,10.0,2.0,0.0018681266666307113,0.029403475477126424,False
DOCS,Doximity Inc.,Health Care,Health Care Technology,19.813,3623.24,-0.6552,-0.1444,,,74.43983193277313,0.13053997194950928,-27.139999999999986,-0.12160043012679778,,,0,359.3333333333333,1000.0,35.666666666666664,1000.0,842.0,1104.0,1102.0,1064.0,102.0,134.0,3.0,2.0,0.0010686300275866995,0.09603244623502016,False
DOCU,DocuSign Inc.,Information Technology,Software,44.598,8515.75,-0.415,-0.0784,-0.2932,,255.2000885445491,0.020680229849355358,6.110000000000014,0.019768344765109358,,,0,217.66666666666666,1000.0,38.0,1000.0,470.0,1021.0,524.0,689.0,51.0,132.0,18.0,45.0,0.003356411339525059,0.016518193948597132,False
DORM,Dorman Products Inc.,Consumer Discretionary,Automobile Components,127.637,3814.15,0.003,0.1494,0.0439,0.0872,103.22787509520185,0.009895227008148932,-13.949999999999989,-0.06831872275821538,,,0,296.3333333333333,1000.0,35.333333333333336,1000.0,747.0,488.0,700.0,980.0,95.0,47.0,7.0,4.0,0.001690414620818911,0.048020057046807466,False
DOV,Dover Corporation,Industrials,Machinery,214.838,28930.39,0.1993,0.1499,0.0719,0.1175,551.803244353182,0.023178050977625153,7.6099999999999,0.0069563786610111755,,,0,132.0,1000.0,24.0,1000.0,249.0,486.0,212.0,660.0,46.0,101.0,4.0,22.0,0.006401944213983104,0.04556832105856191,False
DOW,Dow Inc.,Materials,Chemicals,34.805,25085.41,0.1345,-0.1235,-0.1253,,-3299.6091480598334,-0.015937750200160083,-226.0,0.08616088448341586,,,1,456.6666666666667,1000.0,39.333333333333336,1000.0,1252.0,1081.0,20.0,1254.0,63.0,55.0,31.0,24.0,-0.13091140058150885,-0.4811789226915249,False
DOX,Amdocs Limited,Information Technology,IT Services,55.805,5924.48,-0.4032,-0.1601,-0.0714,-0.0028,-129.73800863575616,0.019779788259638886,-18.99000000000001,-0.03362847529661772,,,0,488.0,1000.0,66.66666666666667,1000.0,1137.0,1125.0,394.0,1017.0,174.0,153.0,14.0,12.0,-0.0017063243427379797,-0.026856779502113896,False
DPZ,Domino's Pizza Inc.,Consumer Discretionary,Hotels Restaurants and Leisure,309.413,10291.65,-0.3076,0.0125,-0.0734,0.0937,244.73709327755114,0.007801635225982206,-9.840000000000032,-0.016353664616918784,,,0,212.33333333333334,1000.0,35.333333333333336,1000.0,486.0,829.0,362.0,945.0,66.0,85.0,20.0,20.0,0.004007707805198478,0.01337111390877789,True
DRH,DiamondRock Hospitality Company,Real Estate,Hotel and Resort REITs,11.795,2420.1,0.518,0.1239,0.0257,0.0277,-4.513253012048153,0.002954064739533635,2.6099999999999994,0.025732031943212164,,,0,378.6666666666667,378.6666666666667,27.666666666666668,27.666666666666668,1039.0,542.0,925.0,759.0,77.0,20.0,5.0,1.0,-0.0002528029184736328,-0.006341515090213941,False
DRI,Darden Restaurants Inc.,Consumer Discretionary,Hotels Restaurants and Leisure,208.085,23833.02,-0.044,0.087,0.0838,0.1185,1001.0131600774112,0.056894681494116695,56.0,0.05335365853658547,,,0,65.66666666666667,1000.0,11.0,1000.0,122.0,648.0,128.0,251.0,15.0,60.0,6.0,12.0,0.01639215454029673,0.054689956509377684,False
DRS,Leonardo DRS Inc.,Industrials,Aerospace and Defense,48.409,12913.69,0.0844,0.4377,,,349.8977005250772,0.012883771929824483,12.0,0.043165467625899234,,,0,161.33333333333334,161.33333333333334,33.333333333333336,33.333333333333336,369.0,153.0,478.0,571.0,75.0,40.0,12.0,13.0,0.004059464278772492,0.034026323791886234,False
DRVN,Driven Brands Holdings Inc.,Consumer Discretionary,Diversified Consumer Services,13.664,2253.64,-0.2214,-0.2015,-0.1445,,-477.01484235648786,-0.2039459905368035,432.65999999999997,-1.4791794871794872,,,1,489.0,1000.0,54.333333333333336,1000.0,1201.0,1157.0,750.0,32.0,133.0,133.0,16.0,14.0,-0.007811386828638839,-0.19708676766182567,False
DT,Dynatrace Inc.,Information Technology,Software,40.282,11741.23,-0.2522,-0.0752,-0.0618,,319.6944941928966,0.1882108460687122,-321.01,-0.6636826000661595,,,0,191.33333333333334,1000.0,33.666666666666664,1000.0,400.0,1020.0,717.0,1274.0,43.0,131.0,14.0,44.0,0.004204646760165419,0.020692687410471197,False
DTM,DT Midstream Inc.,Energy,Oil Gas and Consumable Fuels,141.32,14416.64,0.3394,0.4238,,,231.9810178366879,0.026548672566371723,22.0,0.049886621315192725,,,0,175.0,175.0,14.333333333333334,14.333333333333334,497.0,160.0,884.0,450.0,22.0,6.0,18.0,3.0,0.005660810417484444,0.006032635680506898,True
DUOL,Duolingo Inc.,Consumer Discretionary,Diversified Consumer Services,120.071,5594.48,-0.7466,-0.083,,,287.5807641196013,0.05900211066028005,8.329999999999984,0.020117857315364862,,,0,202.0,1000.0,23.333333333333332,1000.0,438.0,1027.0,930.0,645.0,57.0,111.0,1.0,12.0,0.004709297056494815,0.11881886727476852,False
DVA,DaVita Inc.,Health Care,Health Care Providers and Services,202.65,13010.13,0.4667,0.2754,0.1063,0.1028,866.314221972254,0.014074544805531275,34.620000000000005,0.04635779325120515,,,0,72.33333333333333,72.33333333333333,10.333333333333334,10.333333333333334,151.0,285.0,113.0,356.0,13.0,53.0,10.0,8.0,0.012436478789487669,0.01892519539744463,False
DX,Dynex Capital Inc.,Real Estate,Mortgage Real Estate Investment Trusts (REITs),12.845,2763.61,0.0435,0.0209,-0.0863,-0.0472,195.94294243070362,-0.1831447690199135,-77.28999999999999,-0.24223524618422287,,,0,206.33333333333334,1000.0,9.0,1000.0,552.0,812.0,1192.0,1176.0,18.0,49.0,7.0,2.0,0.010975442229487044,0.04595949654240537,False
DXCM,DexCom Inc.,Health Care,Health Care Equipment and Supplies,74.872,28891.08,-0.0978,-0.1552,-0.0563,0.1532,669.9017219113211,0.033440583440583316,94.10000000000002,0.11251943082625848,,,0,118.66666666666667,1000.0,16.333333333333332,1000.0,197.0,1122.0,373.0,165.0,23.0,136.0,5.0,21.0,0.009616855344501365,0.08104205144245266,False
DXPE,DXP Enterprises Inc.,Industrials,Trading Companies and Distributors,164.26,2546.9,1.0477,0.6606,0.3825,0.2787,195.54666908037643,0.022357007890416947,-0.6100000000000136,-0.006878664862426831,,,0,224.0,224.0,36.666666666666664,36.666666666666664,554.0,76.0,715.0,821.0,101.0,17.0,8.0,1.0,0.0022687051580318708,0.012770274688541033,False
DY,Dycom Industries Inc.,Industrials,Construction and Engineering,455.491,13679.06,0.9263,0.6083,0.4124,0.183,1433.89487053021,0.127333476381694,30.24000000000001,0.10754294249439877,,,1,32.333333333333336,32.333333333333336,5.666666666666667,5.666666666666667,67.0,87.0,289.0,384.0,10.0,20.0,2.0,5.0,0.016635848128459804,0.10466251120394471,True
DYN,Dyne Therapeutics Inc.,Health Care,Biotechnology,17.915,2961.6,0.2296,0.1136,-0.0268,,,,-5.5,0.012326034826651178,,,0,492.3333333333333,1000.0,76.0,1000.0,1258.0,572.0,1278.0,902.0,142.0,77.0,44.0,42.0,,,False
EAT,Brinker International Inc.,Consumer Discretionary,Hotels Restaurants and Leisure,153.754,6594.17,-0.1255,0.6203,0.2032,0.1272,602.8512304250553,0.06487500464321538,79.79999999999995,0.2083007047768206,,,0,83.66666666666667,83.66666666666667,13.0,13.0,219.0,82.0,314.0,199.0,29.0,3.0,8.0,2.0,0.009872028588686422,0.03293653758859818,False
EBC,Eastern Bankshares Inc.,Financials,Banks,20.481,4485.53,0.3439,0.1694,-0.0071,,572.5471098832547,0.48283437432694365,282.92999999999995,3.2070958966220813,,,2,119.33333333333333,119.33333333333333,28.666666666666668,28.666666666666668,234.0,450.0,962.0,54.0,43.0,81.0,9.0,34.0,0.003340506964430173,0.0262457537400706,False
ECG,Everus Construction Group Inc.,Industrials,Construction and Engineering,140.655,7179.26,1.3322,,,,906.0469313801077,0.05613937684010484,21.639999999999986,0.10725083015314452,,,0,124.66666666666667,124.66666666666667,16.333333333333332,16.333333333333332,142.0,1199.0,448.0,457.0,25.0,207.0,7.0,17.0,0.010511830021487584,0.06613396076366837,False
EE,Excelerate Energy Inc.,Energy,Oil Gas and Consumable Fuels,33.348,3796.98,0.0641,0.1808,,,380.1897330271279,0.09635582042889945,0.9299999999999997,0.023724489795918347,,,0,129.0,1000.0,16.666666666666668,1000.0,347.0,422.0,860.0,790.0,17.0,23.0,16.0,17.0,0.009277405631764697,0.00988678371277979,False
EEFT,Euronet Worldwide Inc.,Financials,Financial Services,63.865,2431.67,-0.4335,-0.1701,-0.1635,-0.0205,292.2813840701365,0.022689788417133983,-0.8999999999999773,-0.0029079159935379018,,,0,238.0,1000.0,41.333333333333336,1000.0,432.0,1136.0,409.0,824.0,85.0,197.0,13.0,26.0,0.0017053059603403945,0.023785055970741775,False
EFR,Energy Fuels Inc.,Energy,Oil Gas and Consumable Fuels,20.15,3610.38,1.7156,0.3339,0.1872,0.2022,12.902058848469437,0.2873179611650485,15.449999999999989,-0.18042742029662484,,,1,350.6666666666667,350.6666666666667,24.333333333333332,24.333333333333332,1004.0,219.0,1240.0,524.0,39.0,9.0,28.0,6.0,0.00031483657506766247,0.0003355163335651469,False
EFSC,Enterprise Financial Services Corp,Financials,Banks,62.745,2295.58,0.1728,0.1379,0.054,0.0857,74.43343688627033,0.02962655108947332,-0.5900000000000034,-0.0029299299796394784,,,0,368.3333333333333,1000.0,86.66666666666667,1000.0,843.0,515.0,1085.0,820.0,159.0,103.0,58.0,43.0,0.0004342793981717239,0.0034120539966440134,False
EFX,Equifax Inc.,Industrials,Professional Services,157.6,18765.81,-0.4195,-0.1101,-0.0735,0.0243,547.5798265632129,0.034060416495184764,38.40000000000009,0.05815538391640174,,,0,163.33333333333334,1000.0,23.666666666666668,1000.0,252.0,1068.0,286.0,329.0,47.0,191.0,6.0,18.0,0.006352944710336801,0.055445009241384326,False
EGP,EastGroup Properties Inc.,Real Estate,Industrial REITs,201.372,10807.67,0.1702,0.0581,0.0361,0.1146,76.61443518767362,0.021971455174618182,35.200000000000045,0.13675213675213693,,,0,306.6666666666667,1000.0,15.666666666666666,1000.0,836.0,719.0,1068.0,355.0,42.0,42.0,3.0,2.0,0.004291439624800329,0.20470292928385983,False
EHC,Encompass Health Corporation,Health Care,Health Care Providers and Services,103.824,10299.25,-0.1305,0.1798,0.0436,0.0985,553.9965470240804,0.022105405041110693,43.0,0.07594489579653829,,,0,114.33333333333333,1000.0,17.333333333333332,1000.0,248.0,424.0,300.0,303.0,27.0,68.0,15.0,10.0,0.007952964561552641,0.01210241346156284,False
EIX,Edison International,Utilities,Electric Utilities,72.306,27822.91,0.4575,0.022,0.0452,-0.0023,2277.375464026867,0.015116218874566378,-905.0,-0.20296030500112128,,,1,24.0,24.0,5.666666666666667,5.666666666666667,40.0,808.0,58.0,1305.0,3.0,29.0,2.0,12.0,0.10765572713652972,0.22706430154804585,False
EL,The Estée Lauder Companies Inc.,Consumer Staples,Personal Care Products,86.551,31313.71,0.2389,-0.211,-0.2201,-0.0056,47.31419457735319,0.03539019963702361,885.0,-0.7811120917917034,,,1,335.3333333333333,1000.0,13.0,1000.0,927.0,1160.0,103.0,12.0,33.0,46.0,2.0,4.0,0.0008080083109794842,0.11895892284358002,False
ELAN,Elanco Animal Health Incorporated,Health Care,Pharmaceuticals,22.872,11423.41,0.6028,0.3605,-0.0745,,466.14756174794184,0.03775185577942741,-10.0,0.0431034482758621,,,0,120.66666666666667,120.66666666666667,15.333333333333334,15.333333333333334,285.0,200.0,368.0,946.0,33.0,44.0,1.0,12.0,0.006691837808285853,0.16732979972524994,False
ELF,e.l.f. Beauty Inc.,Consumer Staples,Personal Care Products,58.158,3456.94,-0.5329,-0.177,0.1535,,322.98577173127865,0.24586606979718617,-85.77000000000001,-0.7651886876617005,,,0,154.0,1000.0,9.333333333333334,1000.0,396.0,1142.0,794.0,1187.0,24.0,42.0,1.0,3.0,0.005515790561759044,0.812061577760555,True
ELS,Equity LifeStyle Properties Inc.,Real Estate,Residential REITs,64.699,12964.63,0.033,-0.0018,-0.0315,0.0592,4.613389830508368,0.0029325703881917242,-1.2900000000000205,-0.0033377318947450663,,,0,385.3333333333333,1000.0,29.666666666666668,1000.0,1021.0,863.0,817.0,836.0,75.0,60.0,10.0,4.0,0.0002584119281803407,0.006352018546921036,False
ELVN,Enliven Therapeutics Inc.,Health Care,Pharmaceuticals,41.453,2524.69,1.1144,0.2416,,,,,4.909999999999997,-0.04735268589063557,,,0,484.6666666666667,484.6666666666667,58.666666666666664,58.666666666666664,1258.0,321.0,1278.0,709.0,142.0,54.0,21.0,13.0,,,False
EMAT,Evolution Metals & Technologies Corp.,Materials,Metals and Mining,6.85,4064.45,-0.4731,-0.1326,,,,,-423.6199999999999,0.6854692556634303,,,0,459.6666666666667,1000.0,33.333333333333336,1000.0,1258.0,1091.0,1271.0,1283.0,64.0,57.0,18.0,18.0,,,False
EMN,Eastman Chemical Company,Materials,Chemicals,71.92,8220.4,-0.1014,-0.0367,-0.1051,-0.0014,-722.7251842219339,-0.01291133455210236,-75.0,-0.15822784810126578,,,0,440.6666666666667,1000.0,35.333333333333336,1000.0,1217.0,946.0,199.0,1173.0,60.0,45.0,29.0,17.0,-0.028673991935576577,-0.10539433912965922,False
ENPH,Enphase Energy Inc.,Information Technology,Semiconductors and Semiconductor Equipment,52.626,6936.01,0.1622,-0.3288,-0.1858,0.3844,-23.339487596583922,-0.049681597849257964,-37.129999999999995,-0.2157090571079997,,,1,465.3333333333333,1000.0,78.33333333333333,1000.0,1070.0,1194.0,848.0,1101.0,165.0,161.0,33.0,37.0,-0.0003069627494043907,-0.003896839227076608,False
ENS,EnerSys,Industrials,Electrical Equipment,222.797,8136.05,1.4794,0.288,0.186,0.1311,133.8486595949853,0.03698605144875855,-70.18,-0.19294001209655254,,,0,289.0,289.0,48.333333333333336,48.333333333333336,674.0,269.0,471.0,1169.0,130.0,63.0,8.0,7.0,0.0015528934644955734,0.02897750317518292,True
ENSG,The Ensign Group Inc.,Health Care,Health Care Providers and Services,151.95,8806.93,0.0167,0.1779,0.1249,0.22,850.6166233330532,0.042737611312338775,19.389999999999986,0.05637119516236866,,,0,78.66666666666667,1000.0,12.0,1000.0,153.0,428.0,348.0,478.0,14.0,69.0,11.0,11.0,0.012211130010059962,0.018582271185902537,False
ENTG,Entegris Inc.,Information Technology,Semiconductors and Semiconductor Equipment,137.144,20914.46,0.7475,0.0791,0.0333,0.2531,-8.10852130325793,0.01210661327660656,29.099999999999994,0.12351443123938877,,,0,433.6666666666667,433.6666666666667,71.66666666666667,71.66666666666667,1046.0,673.0,532.0,394.0,159.0,96.0,30.0,26.0,-0.00010664390049490338,-0.0013538259465793335,False
ENVA,Enova International Inc.,Financials,Consumer Finance,182.246,4546.19,0.879,0.5223,0.3859,0.3751,275.8682748658689,0.059874978201671425,18.150000000000034,0.05885404844515074,,,1,184.33333333333334,184.33333333333334,34.333333333333336,34.333333333333336,453.0,107.0,807.0,490.0,92.0,8.0,9.0,2.0,0.0016095442236057726,0.04188400806753469,False
EOSE,Eos Energy Enterprises Inc.,Industrials,Electrical Equipment,6.125,2079.52,0.5274,0.3114,-0.2097,,141.24792869598915,0.40726795096322244,493.75,-0.5092043520858042,,,2,281.0,281.0,46.0,46.0,659.0,236.0,1228.0,26.0,126.0,58.0,7.0,5.0,0.0016387387517308846,0.030579404490572743,False
EPAM,EPAM Systems Inc.,Information Technology,IT Services,91.13,4761.04,-0.4839,-0.2439,-0.2908,0.0245,691.2062017336493,0.01802618992644378,9.04000000000002,0.02393560686295282,,,0,122.66666666666667,1000.0,12.0,1000.0,191.0,1175.0,326.0,628.0,20.0,157.0,3.0,13.0,0.009090797525502734,0.14308507387817346,False
EPR,EPR Properties,Real Estate,Specialized REITs,59.468,4549.76,0.0404,0.0941,0.0205,-0.0222,23.14231513743698,0.008739985433357633,-3.1999999999999886,-0.011638903033389103,,,0,358.0,1000.0,26.0,1000.0,979.0,631.0,1072.0,864.0,65.0,30.0,10.0,3.0,0.00129628115050559,0.016734659740145947,False
EPRT,Essential Properties Realty Trust Inc.,Real Estate,Diversified REITs,30.685,6653.08,-0.0628,0.0755,0.0152,,115.20318602591965,0.052457146929902665,3.6899999999999977,0.014584403778506783,,,0,260.6666666666667,1000.0,10.666666666666666,1000.0,718.0,679.0,1121.0,738.0,28.0,36.0,2.0,2.0,0.006452929088413046,0.3930263381306061,False
EQH,Equitable Holdings Inc.,Financials,Financial Services,42.092,11849.71,-0.2143,0.1654,0.062,,-3780.7085500867015,-0.02964867180805486,558.0,-0.4043478260869565,,,1,518.3333333333334,1000.0,85.33333333333333,1000.0,1257.0,457.0,145.0,20.0,214.0,84.0,32.0,10.0,-0.022058417594004696,-0.3076636740275451,False
EQPT,EquipmentShare.com Inc.,Industrials,Trading Companies and Distributors,19.238,4855.19,,,,,888.5504409028395,0.062343000685088024,19.0,6.333333333333333,,,1,126.66666666666667,1000.0,16.333333333333332,1000.0,147.0,1199.0,389.0,480.0,26.0,207.0,5.0,18.0,0.010308838181330398,0.058027238501769024,False
EQR,Equity Residential,Real Estate,Residential REITs,67.106,25771.23,-0.0312,0.0046,-0.0363,0.0041,102.94358731386592,0.00615069360948417,-166.50999999999988,-0.14865769714933608,,,0,280.0,1000.0,13.333333333333334,1000.0,748.0,848.0,549.0,1238.0,34.0,58.0,4.0,2.0,0.005766226542500092,0.1417395017390511,False
ERAS,Erasca Inc.,Health Care,Biotechnology,13.815,4296.25,8.0888,0.6707,,,,,-152.46999999999997,1.2241670012043353,,,1,472.0,472.0,65.33333333333333,65.33333333333333,1258.0,72.0,1278.0,1231.0,142.0,16.0,44.0,10.0,,,False
ERIE,Erie Indemnity Company,Financials,Insurance,230.168,12035.45,-0.3548,0.0179,0.0394,0.0893,185.8276555937382,0.005534438418001164,12.049999999999955,0.021543247398719823,,,0,286.0,1000.0,59.0,1000.0,568.0,820.0,432.0,570.0,120.0,170.0,28.0,29.0,0.0010842052417681224,0.007236066852825262,False
EROC,ERock Inc.,Industrials,Electrical Equipment,18.871,4140.3,,,,,,0.041605241605241705,-1.269999999999996,0.021514484160596314,,,0,562.6666666666666,1000.0,86.66666666666667,1000.0,1258.0,1199.0,1218.0,835.0,223.0,207.0,19.0,18.0,,,False
EROK,EagleRock Land LLC,Energy,Energy Equipment and Services,20.739,2698.66,,,,,,,,,,,0,464.0,1000.0,36.333333333333336,1000.0,1258.0,1199.0,1244.0,1312.0,70.0,64.0,21.0,18.0,,,False
ES,Eversource Energy,Utilities,Electric Utilities,69.489,26133.42,0.0601,-0.0042,-0.0344,0.0206,1247.0531503232269,0.02849362674611222,56.05000000000018,0.033119235155433024,,,0,41.0,1000.0,8.0,1000.0,84.0,868.0,112.0,250.0,5.0,34.0,4.0,15.0,0.05895049621662353,0.12433665728124889,False
ESAB,ESAB Corporation,Industrials,Machinery,83.47,5081.8,-0.3403,0.0885,,,180.93750633030095,0.023732212274190534,-19.72,-0.08696035630815357,,,0,268.3333333333333,1000.0,52.333333333333336,1000.0,575.0,645.0,584.0,1022.0,105.0,125.0,23.0,29.0,0.0020992116911193763,0.014941953430628077,False
ESE,ESCO Technologies Inc.,Industrials,Machinery,311.003,8057.21,0.6675,0.4745,0.2812,0.2251,186.95895595987076,0.13933850044276452,8.919999999999959,0.029810841521288545,,,0,234.66666666666666,234.66666666666666,43.0,43.0,566.0,135.0,888.0,631.0,103.0,35.0,22.0,4.0,0.0021690717091788964,0.015439209205700277,False
ESI,Element Solutions Inc,Materials,Chemicals,41.19,10034.18,0.8947,0.3048,0.1082,0.1549,321.83628318584033,0.09654280338664156,-42.10000000000002,-0.22064989517819722,,,0,143.66666666666666,143.66666666666666,10.333333333333334,10.333333333333334,397.0,246.0,601.0,1110.0,21.0,13.0,7.0,3.0,0.012768796757209579,0.04693308482232363,False
ESS,Essex Property Trust Inc.,Real Estate,Residential REITs,282.068,18742.54,-0.0144,0.0636,-0.0213,0.0302,104.78739562624264,0.015800024800562085,-96.92999999999995,-0.14474293308644548,,,0,272.3333333333333,1000.0,12.0,1000.0,745.0,700.0,725.0,1195.0,32.0,40.0,3.0,1.0,0.0058695046262304896,0.14427817829305337,False
ESTA,Establishment Labs Holdings Inc.,Health Care,Health Care Equipment and Supplies,82.225,2419.91,1.1335,0.0622,0.0076,,59.34419991101885,0.08764449497820737,7.32,-0.1433607520564042,,,0,359.0,359.0,43.666666666666664,43.666666666666664,887.0,704.0,1209.0,665.0,106.0,84.0,20.0,5.0,0.0008519228528792863,0.00717922576505428,False
ETNB,89bio Inc.,Health Care,Biotechnology,14.84,2308.62,0.9075,0.1584,-0.0852,,,,-83.13,0.2264628963713633,,,0,490.0,490.0,75.0,75.0,1258.0,466.0,1278.0,1184.0,142.0,70.0,44.0,39.0,,,False
ETSY,Etsy Inc.,Consumer Discretionary,Broadline Retail,68.805,6529.34,0.1429,-0.0895,-0.1612,0.2195,127.91174553102019,0.006613490549679302,121.78,0.7472082464106027,,,0,297.3333333333333,1000.0,34.0,1000.0,685.0,1038.0,587.0,136.0,93.0,114.0,4.0,5.0,0.0020946269079034335,0.023521970775669185,False
EVR,Evercore Inc.,Financials,Capital Markets,344.493,14255.98,0.3917,0.4182,0.1939,0.2128,1459.7077836662588,0.18064860716434006,155.05000000000007,0.2619441816461685,,,0,30.333333333333332,30.333333333333332,6.333333333333333,6.333333333333333,66.0,164.0,397.0,108.0,10.0,15.0,4.0,5.0,0.008516616245542388,0.013898703461624487,False
EVRG,Evergy Inc.,Utilities,Electric Utilities,83.536,19256.14,0.2374,0.12,0.0541,0.0401,140.19636647782772,0.011607622114868432,26.5,0.030972417017297804,,,0,231.33333333333334,1000.0,12.0,1000.0,660.0,556.0,304.0,409.0,24.0,10.0,9.0,3.0,0.00662734011737464,0.013978191359615994,False
EWBC,East West Bancorp Inc.,Financials,Banks,128.466,17599.36,0.3696,0.3442,0.1225,0.1328,377.5317842323652,0.03270227581143925,67.51999999999998,0.05095118435846935,,,0,145.66666666666666,145.66666666666666,29.666666666666668,29.666666666666668,349.0,211.0,603.0,223.0,68.0,20.0,18.0,3.0,0.0022026965689847244,0.017306185057911726,True
EWTX,Edgewise Therapeutics Inc.,Health Care,Pharmaceuticals,33.938,3651.49,1.1548,0.52,0.0554,,,,-8.219999999999999,0.048989808689433145,,,0,476.0,476.0,56.666666666666664,56.666666666666664,1258.0,109.0,1278.0,929.0,142.0,28.0,21.0,7.0,,,False
EXEL,Exelixis Inc.,Health Care,Biotechnology,53.463,13438.2,0.2904,0.4055,0.1839,0.2188,76.55455046937004,0.02386073194174454,50.84999999999991,0.0649782128116334,,,0,326.0,326.0,51.0,51.0,837.0,171.0,663.0,268.0,101.0,40.0,30.0,22.0,0.001098988125790663,0.008560623051601044,True
EXLS,ExlService Holdings Inc.,Industrials,Professional Services,28.611,4371.27,-0.3988,-0.022,0.0634,0.1079,254.04573003969995,0.03320911250766412,0.5199999999999818,0.0020715480838180422,,,0,244.0,1000.0,37.333333333333336,1000.0,473.0,912.0,698.0,798.0,90.0,169.0,10.0,12.0,0.0029474030973145222,0.025723314056675436,False
EXP,Eagle Materials Inc.,Materials,Construction Materials,211.129,6534.05,0.0654,0.0823,0.069,0.1022,48.14888671301287,0.021300502983839786,-39.610000000000014,-0.0854732208363903,,,0,331.0,1000.0,15.333333333333334,1000.0,925.0,664.0,676.0,1104.0,40.0,28.0,2.0,4.0,0.0019102984363306224,0.13378985404693966,False
EXPD,Expeditors International of Washington Inc.,Industrials,Air Freight and Logistics,166.19,21736.18,0.4521,0.1292,0.0575,0.1292,124.98439137743662,0.010528493514776693,25.819999999999936,0.03186356175878946,,,0,310.6666666666667,310.6666666666667,46.0,46.0,692.0,533.0,150.0,414.0,134.0,106.0,2.0,2.0,0.0014500514620114269,0.08963220950184687,False
EXPE,Expedia Group Inc.,Consumer Discretionary,Hotels Restaurants and Leisure,218.348,26206.58,0.2598,0.2542,0.0477,0.0741,1380.4355058631045,0.029729179393198857,194.0,0.14992272024729525,,,0,35.0,35.0,5.666666666666667,5.666666666666667,72.0,308.0,98.0,79.0,8.0,25.0,4.0,5.0,0.022605409246838265,0.07541954570688726,False
EXPO,Exponent Inc.,Industrials,Professional Services,56.065,2719.8,-0.2644,-0.1643,-0.089,0.0726,32.41999999999996,0.02679037186079447,2.9200000000000017,0.027544571266861606,,,0,442.6666666666667,1000.0,71.66666666666667,1000.0,955.0,1129.0,1136.0,754.0,175.0,198.0,20.0,20.0,0.00037613231444592383,0.0032826760819286136,False
EXR,Extra Space Storage Inc.,Real Estate,Specialized REITs,149.005,32882.74,-0.0084,0.0103,-0.0135,0.0533,118.92608460498377,0.009302568507062459,-29.899999999999977,-0.030698151950718677,,,0,262.6666666666667,1000.0,12.0,1000.0,706.0,836.0,496.0,1074.0,27.0,55.0,4.0,5.0,0.006661461520221393,0.08599777283616346,False
EXTR,Extreme Networks Inc.,Information Technology,Communications Equipment,30.019,3925.83,0.7986,0.0894,0.2118,0.2388,162.36331592689294,0.0982220389976054,23.74,-3.178045515394913,,,0,261.0,261.0,31.666666666666668,31.666666666666668,613.0,641.0,887.0,432.0,78.0,92.0,7.0,10.0,0.002135414912306279,0.04748632682835214,False
FA,First Advantage Corporation,Industrials,Professional Services,15.58,2672.55,-0.1615,0.0412,,,559.6017065068716,0.01944245072694817,43.36,-1.2452613440551408,,,0,142.66666666666666,1000.0,18.0,1000.0,242.0,759.0,803.0,300.0,42.0,144.0,4.0,8.0,0.0064924208832917475,0.05666228060939375,False
FAC,Factorial Energy Inc.,Industrials,Electrical Equipment,17.595,2375.61,,,,,,,,,,,0,562.6666666666666,1000.0,86.66666666666667,1000.0,1258.0,1199.0,1278.0,1312.0,223.0,207.0,19.0,18.0,,,False
FAF,First American Financial Corporation,Financials,Insurance,64.864,6609.64,0.108,0.0486,-0.0035,0.0564,1421.894454412004,0.03431201524382055,50.90000000000009,0.08185911868768114,,,0,79.66666666666667,1000.0,13.666666666666666,1000.0,68.0,736.0,226.0,267.0,11.0,160.0,5.0,25.0,0.008295995640632015,0.05536809522195504,False
FBIN,Fortune Brands Innovations Inc.,Industrials,Building Products,40.895,4878.5,-0.2113,-0.1461,-0.1615,-0.0326,-91.10331666496586,-0.004884387883133168,-27.19999999999999,-0.09103078982597046,,,0,503.6666666666667,1000.0,77.0,1000.0,1120.0,1107.0,400.0,1066.0,196.0,195.0,16.0,19.0,-0.0010569679627049214,-0.031943323251716185,False
FBK,FB Financial Corporation,Financials,Banks,53.78,2770.93,0.2237,0.2136,0.0596,,92.40218755214414,0.0792289977357612,18.169999999999987,0.1481813733485564,,,0,329.0,1000.0,72.66666666666667,1000.0,780.0,367.0,1131.0,489.0,146.0,61.0,50.0,22.0,0.0005391174729874366,0.004235747622639988,False
FBNC,First Bancorp,Financials,Banks,60.315,2495.56,0.4464,0.2252,0.0732,0.1209,45.89602773606566,0.038330561495208526,10.25,0.09230076542098153,,,0,389.0,389.0,92.0,92.0,931.0,345.0,1177.0,604.0,182.0,54.0,74.0,20.0,0.000267778838885886,0.0021038894805596843,False
FBP,First BanCorp.,Financials,Banks,24.775,3805.9,0.2204,0.2484,0.1445,0.1904,51.14196597353498,0.019718864088494437,11.70999999999998,0.03395482355670243,,,0,378.3333333333333,1000.0,87.0,1000.0,912.0,311.0,993.0,579.0,175.0,48.0,70.0,16.0,0.0002983860900879924,0.0023443650689253543,False
FCFS,FirstCash Holdings Inc.,Financials,Consumer Finance,209.989,9205.22,0.6062,0.2943,0.204,0.1613,487.62588775242557,0.0587893057710378,24.110000000000014,0.07297657243174527,,,0,118.66666666666667,118.66666666666667,20.333333333333332,20.333333333333332,273.0,263.0,457.0,424.0,53.0,30.0,4.0,4.0,0.0028450369340010605,0.07403434347966133,False
FCN,FTI Consulting Inc.,Industrials,Professional Services,158.502,4686.91,-0.0082,-0.0604,0.0237,0.1393,205.43515151515157,0.0224500245456416,-4.189999999999998,-0.015468675010152477,,,0,270.3333333333333,1000.0,41.0,1000.0,532.0,988.0,458.0,884.0,97.0,182.0,11.0,15.0,0.002383429950892754,0.02080126644867889,False
FCNCA,First Citizens BancShares Inc.,Financials,Banks,2098.046,24102.66,0.1213,0.177,0.1959,0.2357,50.00049726504221,0.011620185922974757,51.0,0.02311876699909332,,,1,390.3333333333333,1000.0,93.0,1000.0,918.0,430.0,183.0,265.0,176.0,77.0,71.0,32.0,0.0002917262290834076,0.0022920397561118702,False
FCPT,Four Corners Property Trust Inc.,Real Estate,Specialized REITs,25.1,2757.58,-0.0886,-0.0158,-0.0259,0.0222,27.74447349310094,0.02274504470812233,4.180000000000007,0.03720185119259534,,,0,366.0,1000.0,26.0,1000.0,969.0,894.0,1193.0,721.0,62.0,67.0,9.0,7.0,0.0015540639649154753,0.020062570266596216,False
FDS,FactSet Research Systems Inc.,Financials,Capital Markets,243.944,8887.15,-0.4238,-0.1499,-0.0577,0.0436,146.75523988357872,0.03415957790459778,-9.25,-0.015493099289829781,,,0,322.6666666666667,1000.0,68.66666666666667,1000.0,644.0,1113.0,660.0,939.0,130.0,194.0,31.0,45.0,0.0008562385390394813,0.0013973396479796927,False
FDXF,FedEx Freight Holding Company Inc.,Industrials,Ground Transportation,184.59,22016.05,,,,,-739.7655995659261,-0.023391812865497075,-443.0,-0.3291233283803864,,,0,547.0,1000.0,81.33333333333333,1000.0,1218.0,1199.0,197.0,1284.0,216.0,207.0,14.0,14.0,-0.008582657221227903,-0.3126901822125043,False
FE,FirstEnergy Corp.,Utilities,Electric Utilities,46.711,27019.1,0.1617,0.0654,0.038,0.0332,1574.539842067481,0.029326890812697126,45.0,0.044117647058823595,,,0,28.0,1000.0,5.666666666666667,1000.0,60.0,697.0,90.0,292.0,4.0,20.0,3.0,10.0,0.07443139450685307,0.15698851381600956,False
FELE,Franklin Electric Co. Inc.,Industrials,Machinery,100.074,4421.49,0.1516,0.0033,0.0435,0.1183,160.84451935543643,0.021203519061583576,3.3700000000000045,0.022911142837718446,,,0,296.0,1000.0,59.666666666666664,1000.0,616.0,854.0,694.0,746.0,116.0,156.0,27.0,36.0,0.0018660956610457302,0.013282659668103375,False
FFBC,First Financial Bancorp.,Financials,Banks,31.52,3307.37,0.3117,0.1309,0.0448,0.047,153.62856143856152,0.07231042626324036,23.159999999999997,0.0906103286384976,,,0,289.6666666666667,289.6666666666667,70.66666666666667,70.66666666666667,631.0,530.0,996.0,439.0,128.0,110.0,38.0,46.0,0.0008963407037816451,0.007042385371187983,False
FFIN,First Financial Bankshares Inc.,Financials,Banks,33.065,4706.53,-0.1032,0.0427,-0.0846,0.0698,68.53174942160524,0.03169206786182199,10.19999999999996,0.04022399242842489,,,0,396.6666666666667,1000.0,102.0,1000.0,861.0,752.0,1111.0,606.0,166.0,163.0,64.0,76.0,0.0003998462000343272,0.0031415186412563226,False
FFIV,F5 Inc.,Information Technology,Communications Equipment,392.029,22117.98,0.3385,0.3862,0.1525,0.1261,284.8633849940743,0.044221795490387183,15.830000000000041,0.022863167624714853,,,0,177.0,177.0,19.333333333333332,19.333333333333332,442.0,183.0,533.0,518.0,48.0,41.0,4.0,6.0,0.003746545312983691,0.08331386756938462,False
FG,F&G Annuities & Life Inc.,Financials,Insurance,28.574,3785.63,-0.1235,0.0753,,,892.9289059174125,0.048682603385098666,269.0,1.0150943396226415,,,0,108.66666666666667,1000.0,21.666666666666668,1000.0,146.0,680.0,305.0,56.0,30.0,150.0,11.0,24.0,0.0052097638385884895,0.034770353408345105,False
FHB,First Hawaiian Inc.,Financials,Banks,27.955,3400.7,0.1571,0.1354,-0.0045,,73.67389127848446,0.017385395798919845,8.53000000000003,0.030875592717269473,,,0,369.3333333333333,1000.0,87.66666666666667,1000.0,844.0,517.0,1015.0,636.0,160.0,104.0,59.0,44.0,0.00042984785472523196,0.0033772361683252834,False
FHI,Federated Hermes Inc.,Financials,Capital Markets,57.41,4158.27,0.3553,0.1497,0.12,0.064,196.79160379045243,0.030777603767507378,-4.759999999999991,-0.011802628316389785,,,0,252.0,252.0,54.0,54.0,548.0,487.0,752.0,890.0,113.0,95.0,27.0,22.0,0.001148174030845136,0.001873764170765255,False
FHN,First Horizon Corporation,Financials,Banks,24.688,11717.36,0.2369,0.2814,0.0617,0.0589,385.8690095846646,0.022361359570661987,44.0,0.044806517311609007,,,0,148.66666666666666,148.66666666666666,31.333333333333332,31.333333333333332,343.0,275.0,506.0,296.0,67.0,36.0,17.0,10.0,0.0022513398314737425,0.01768836629626701,False
FIBK,First Interstate BancSystem Inc.,Financials,Banks,36.219,3518.42,0.3052,0.1324,-0.0441,0.0242,117.86201454158527,0.007848837209302184,10.0,0.03310162197947708,,,0,319.0,319.0,77.0,77.0,709.0,525.0,956.0,608.0,140.0,108.0,46.0,45.0,0.0006876619820825175,0.00540283472847819,False
FICO,Fair Isaac Corporation,Information Technology,Software,1183.733,27451.84,-0.3442,0.1513,0.1857,0.2639,415.38227951374733,0.13307247585226567,107.67999999999995,0.16516604034051685,,,0,141.0,1000.0,21.333333333333332,1000.0,314.0,482.0,680.0,146.0,32.0,77.0,9.0,23.0,0.005463139927376362,0.026886217379272995,False
FIG,Figma Inc.,Information Technology,Software,19.067,10074.56,,,,,340.04994060246077,0.09967891342028246,-187.28999999999996,0.14977688210738438,,,0,195.0,1000.0,39.333333333333336,1000.0,381.0,1199.0,913.0,1245.0,41.0,163.0,13.0,64.0,0.004472363168650242,0.022010223049353864,False
FIGR,Figure Technology Solutions Inc.,Financials,Consumer Finance,27.776,6141.3,,,,,217.68455671521963,0.18120168495116418,45.75999999999999,0.3418496937098461,,,0,272.6666666666667,1000.0,42.666666666666664,1000.0,512.0,1199.0,1149.0,286.0,103.0,203.0,11.0,14.0,0.0012700732659437599,0.03305020025978352,False
FINN,First National of Nebraska Inc.,Financials,Banks,18499.0,4998.98,0.4498,0.1131,0.069,0.1051,254.72433428497266,-0.000989161540129846,-23.420000000000016,-0.056785393885022906,,,0,230.33333333333334,230.33333333333334,58.666666666666664,58.666666666666664,471.0,573.0,743.0,1041.0,96.0,124.0,28.0,52.0,0.001486180609421459,0.011676649892809709,False
FIS,Fidelity National Information Services Inc.,Financials,Financial Services,38.423,19860.05,-0.526,-0.1106,-0.2338,-0.0638,1249.3711027970785,0.07146202116699452,2289.0,5.992146596858639,,,3,95.66666666666667,1000.0,12.333333333333334,1000.0,83.0,1071.0,142.0,3.0,13.0,191.0,2.0,22.0,0.0072894139154810345,0.10167038760540796,False
FISV,Fiserv Inc.,Financials,Financial Services,52.352,27916.91,-0.6885,-0.2342,-0.1382,-0.0016,387.14341808186873,-0.004860095314490609,-280.0,-0.08045977011494254,,,1,201.33333333333334,1000.0,34.333333333333336,1000.0,339.0,1169.0,54.0,1266.0,66.0,199.0,10.0,27.0,0.002258775325229545,0.0315046676581082,False
FIVE,Five Below Inc.,Consumer Discretionary,Specialty Retail,199.775,11046.63,0.5978,0.0255,0.0104,0.1614,1043.9296210375783,0.06613351804624124,81.91000000000003,0.22839058666071832,,,0,68.66666666666667,68.66666666666667,12.666666666666666,12.666666666666666,113.0,802.0,355.0,192.0,13.0,80.0,5.0,20.0,0.01709493577079251,0.05282493222845576,False
FIZZ,National Beverage Corp.,Consumer Staples,Beverages,36.711,3437.33,-0.1991,-0.0843,-0.0574,0.0277,11.969414909414809,-0.0035709826445249337,1.2700000000000102,0.006797987367519687,,,0,358.3333333333333,1000.0,15.333333333333334,1000.0,1009.0,1030.0,899.0,781.0,37.0,29.0,5.0,4.0,0.00020440772184248694,0.003491967696240052,False
FLG,Flagstar Bank National Association,Financials,Banks,14.465,6029.23,0.2524,-0.2386,-0.1627,-0.1094,412.0086145578123,0.0463258785942493,121.0,-0.6836158192090396,,,0,193.33333333333334,193.33333333333334,52.333333333333336,52.333333333333336,317.0,1171.0,726.0,137.0,63.0,200.0,16.0,78.0,0.0024038504824803616,0.018886614655476874,False
FLNC,Fluence Energy Inc.,Industrials,Electrical Equipment,22.566,4159.15,3.568,-0.0428,,,254.65727485801835,0.14217594781755594,6.510000000000005,-0.13475470916994425,,,1,245.33333333333334,245.33333333333334,36.333333333333336,36.333333333333336,472.0,957.0,634.0,680.0,89.0,175.0,6.0,14.0,0.002954498154930238,0.055131908030389615,False
FLOC,Flowco Holdings Inc.,Energy,Energy Equipment and Services,24.34,2199.01,0.3651,,,,115.9897490429604,0.02261359448217748,1.2700000000000031,0.03067632850241564,,,0,270.3333333333333,270.3333333333333,19.0,19.0,716.0,1199.0,1048.0,782.0,31.0,64.0,8.0,18.0,0.0028303866662316005,0.04592127886509045,False
FLR,Fluor Corporation,Industrials,Construction and Engineering,48.408,6761.14,-0.0278,0.1841,0.2017,-0.0073,-1379.7613177702624,-0.020576662581435867,401.0,-7.862745098039215,,,1,517.0,1000.0,84.66666666666667,1000.0,1241.0,414.0,96.0,35.0,221.0,89.0,19.0,14.0,-0.01600779820591879,-0.10071120787711689,False
FLS,Flowserve Corporation,Industrials,Machinery,74.183,9481.11,0.568,0.2688,0.1153,0.0385,38.30191113755791,-0.016127258810046508,7.769999999999982,0.02244043321299638,,,0,395.0,395.0,75.66666666666667,75.66666666666667,944.0,295.0,388.0,656.0,173.0,68.0,40.0,14.0,0.0004443734263994997,0.003163000221063637,False
FLY,Firefly Aerospace Inc.,Industrials,Aerospace and Defense,37.772,6052.4,,,,,76.54764326731512,0.15658429777916805,-24.400000000000034,0.07306264223260284,,,0,401.3333333333333,1000.0,68.0,1000.0,838.0,1199.0,1222.0,1051.0,159.0,207.0,22.0,23.0,0.0008880950717926036,0.0074439897473198464,False
FNB,F.N.B. Corporation,Financials,Banks,18.085,6437.61,0.2863,0.1486,0.0677,0.0328,199.65613290915508,0.02251340083382969,20.0,0.03539823008849563,,,0,250.33333333333334,250.33333333333334,61.666666666666664,61.666666666666664,542.0,493.0,778.0,470.0,111.0,98.0,33.0,41.0,0.0011648870301873041,0.009152304861161517,False
FND,Floor & Decor Holdings Inc.,Consumer Discretionary,Specialty Retail,50.96,5508.48,-0.3206,-0.1898,-0.1224,,156.36651652812634,-0.0018061138876495075,-9.170000000000016,-0.04394919722022528,,,0,282.0,1000.0,47.333333333333336,1000.0,626.0,1152.0,383.0,937.0,89.0,131.0,23.0,30.0,0.0025605898164802266,0.007912459299879033,False
FNF,Fidelity National Financial Inc.,Financials,Insurance,47.473,12777.72,-0.1468,0.1025,0.0012,0.0291,1798.4184409642803,0.031644260599793084,160.0,0.26578073089700993,,,0,62.0,1000.0,12.0,1000.0,47.0,607.0,100.0,101.0,9.0,130.0,4.0,23.0,0.010492812247756902,0.07002981352044688,False
FORM,FormFactor Inc.,Information Technology,Semiconductors and Semiconductor Equipment,121.784,9493.64,2.4696,0.5852,0.2919,0.317,73.55737226277381,0.06979706747856662,13.980000000000004,0.25717439293598243,,,1,331.6666666666667,331.6666666666667,51.0,51.0,845.0,92.0,1023.0,544.0,125.0,25.0,21.0,7.0,0.0009674322598259671,0.012281385891102767,False
FOUR,Shift4 Payments Inc.,Financials,Financial Services,37.01,2935.96,-0.6126,-0.1677,-0.18,,981.4166211896777,0.06531100478468899,-2.0,-0.01680672268907568,,,0,115.33333333333333,1000.0,18.0,1000.0,126.0,1134.0,399.0,843.0,24.0,196.0,5.0,25.0,0.005726042453974024,0.07986498811710606,False
FOXA,Fox Corporation,Communication Services,Media,68.325,27163.56,0.25,0.2668,0.1248,,96.62624254473121,-0.006073619631901894,-552.0,-0.2439239946973044,,,0,265.3333333333333,265.3333333333333,9.666666666666666,9.666666666666666,769.0,297.0,79.0,1293.0,20.0,7.0,8.0,1.0,0.006723328981115711,0.015746242860785173,False
FPS,Forgent Power Solutions Inc.,Industrials,Electrical Equipment,56.524,17207.54,,,,,950.2129058775174,0.587912744460229,10.79,0.7098684210526316,,,1,120.66666666666667,1000.0,14.0,1000.0,133.0,1199.0,900.0,597.0,22.0,207.0,2.0,18.0,0.01102423749241511,0.20571590018520555,False
FR,First Industrial Realty Trust Inc.,Real Estate,Industrial REITs,62.385,8547.77,0.2575,0.0666,0.0307,0.0901,59.32793373216748,0.024245423057892346,95.0,0.38393145813126406,,,0,326.6666666666667,326.6666666666667,19.333333333333332,19.333333333333332,888.0,694.0,1061.0,163.0,53.0,39.0,4.0,1.0,0.003323162861568862,0.15851584356895876,False
FRHC,Freedom Holding Corp.,Financials,Capital Markets,136.321,8355.47,-0.0679,0.1863,0.183,1.1557,171.60676094155542,0.11731774838511222,68.68,0.8113408151210868,,,1,262.6666666666667,1000.0,57.0,1000.0,592.0,410.0,795.0,218.0,124.0,72.0,30.0,17.0,0.0010012339075215295,0.0016339650367185297,False
FRME,First Merchants Corporation,Financials,Banks,41.105,2590.55,0.1014,0.1236,-0.0144,0.0486,22.40089154766497,-0.006062022752065022,-27.180000000000007,-0.12026548672566373,,,0,429.6666666666667,1000.0,106.0,1000.0,983.0,545.0,1104.0,1065.0,190.0,116.0,79.0,49.0,0.00013069725256263735,0.0010268644675159137,False
FRMI,Fermi Inc.,Real Estate,Specialized REITs,6.775,4319.57,,,,,,,-188.61,0.38778321477034416,,,0,480.6666666666667,1000.0,40.666666666666664,1000.0,1258.0,1199.0,1278.0,1246.0,95.0,89.0,14.0,13.0,,,False
FROG,JFrog Ltd.,Information Technology,Software,79.81,9666.57,0.902,0.4511,0.1105,,112.82618682021752,0.0593599578820696,10.239999999999995,-0.14257866889445836,,,0,287.0,287.0,52.666666666666664,52.666666666666664,724.0,146.0,1130.0,605.0,104.0,33.0,45.0,9.0,0.0014838987517539377,0.007302837734132179,False
FRPT,Freshpet Inc.,Consumer Staples,Food Products,51.112,2511.79,-0.3351,-0.0818,-0.2114,0.1825,121.84880010713334,0.031206330193644494,61.20000000000002,0.43984476067270384,,,0,251.66666666666666,1000.0,17.333333333333332,1000.0,697.0,1025.0,920.0,234.0,30.0,28.0,12.0,10.0,0.002080873278070483,0.0033740619027440542,False
FRSH,Freshworks Inc.,Information Technology,Software,9.145,2527.99,-0.4149,-0.1639,,,119.64308488612835,0.03857846234546569,-3.5,-0.01905072937078167,,,0,318.0,1000.0,65.0,1000.0,703.0,1128.0,1012.0,868.0,97.0,154.0,40.0,58.0,0.0015735551233457346,0.007744071297265819,False
FRT,Federal Realty Investment Trust,Real Estate,Retail REITs,124.871,10853.24,0.2945,0.0908,0.002,-0.0226,89.20108957032335,0.024920172692424636,95.33000000000004,0.2319013330738544,,,0,286.6666666666667,286.6666666666667,17.333333333333332,17.333333333333332,791.0,638.0,871.0,162.0,38.0,31.0,4.0,10.0,0.004996461690538407,0.10469957990008417,False
FRVO,Fervo Energy Company,Utilities,Independent Power and Renewable Electricity Producers,35.06,9941.7,,,,,,-0.29999999999999993,-16.68,0.40574069569447824,,,0,449.0,1000.0,18.0,1000.0,1258.0,1199.0,1275.0,999.0,44.0,45.0,5.0,5.0,,,False
FSK,FS KKR Capital Corp.,Financials,Capital Markets,10.865,3042.92,-0.4947,-0.1815,-0.135,-0.113,-264.0183758150563,-0.06319947333772213,-561.0,-51.0,,,0,524.3333333333334,1000.0,99.0,1000.0,1172.0,1146.0,840.0,1294.0,203.0,198.0,47.0,47.0,-0.0015404063839001359,-0.0025138682926364245,False
FSLR,First Solar Inc.,Information Technology,Semiconductors and Semiconductor Equipment,263.388,28301.93,0.5691,0.1108,0.2703,0.1842,1162.1371956009434,0.03825550161130242,137.07999999999993,0.08969854014120915,,,0,63.0,63.0,12.0,12.0,91.0,583.0,336.0,124.0,10.0,88.0,1.0,25.0,0.015284518448425013,0.19403432883099772,False
FSLY,Fastly Inc.,Information Technology,IT Services,18.272,2859.57,1.2755,0.0322,-0.1959,,97.94650858405578,0.04575173872632288,18.63000000000001,-0.15310650887573973,,,0,327.0,327.0,43.333333333333336,43.333333333333336,763.0,781.0,1100.0,486.0,111.0,107.0,12.0,7.0,0.0012882000705929425,0.020275691077001095,False
FSS,Federal Signal Corporation,Industrials,Machinery,111.969,6830.36,0.1063,0.2296,0.2153,0.2374,441.8537525354968,0.07420316441183217,24.099999999999994,0.09772911597729106,,,0,146.66666666666666,1000.0,29.666666666666668,1000.0,302.0,336.0,669.0,425.0,62.0,76.0,11.0,16.0,0.005126325557920823,0.03648861050113863,False
FTDR,Frontdoor Inc.,Consumer Discretionary,Diversified Consumer Services,66.817,4692.89,0.1889,0.2794,0.0521,,226.92857142857156,0.011944577161968395,4.0,0.015686274509803866,,,0,199.33333333333334,199.33333333333334,27.333333333333332,27.333333333333332,505.0,278.0,708.0,725.0,72.0,21.0,4.0,6.0,0.0037160832252977013,0.093759385791918,False
FTV,Fortive Corporation,Industrials,Machinery,58.985,17982.23,-0.1727,-0.0469,-0.0376,,-1945.8609457092816,0.01834531509220727,-35.5,-0.06129143646408841,,,0,548.6666666666666,1000.0,104.66666666666667,1000.0,1245.0,967.0,421.0,1091.0,222.0,179.0,47.0,45.0,-0.02257560706661219,-0.16069063967417416,False
FUL,H.B. Fuller Company,Materials,Chemicals,61.23,3336.26,0.0822,-0.0224,-0.0238,0.0245,-91.15599815252017,-0.005130139135591794,7.789999999999992,0.05126011712838063,,,0,403.6666666666667,1000.0,27.666666666666668,1000.0,1121.0,914.0,502.0,655.0,48.0,42.0,20.0,15.0,-0.003616597861770583,-0.013293194138975915,False
FULT,Fulton Financial Corporation,Financials,Banks,22.675,4333.95,0.2906,0.2044,0.0604,0.0501,91.24928166527275,0.010106387142734041,1.7699999999999818,0.004519802865095235,,,0,332.0,332.0,74.33333333333333,74.33333333333333,785.0,378.0,876.0,778.0,147.0,64.0,51.0,25.0,0.0005323908821481052,0.004182898025689836,False
FUN,Six Flags Entertainment Corporation,Consumer Discretionary,Hotels Restaurants and Leisure,23.52,2403.84,-0.2657,-0.1796,-0.1261,-0.0877,314.38073028149984,0.00760251460347261,-48.88000000000011,0.030567194046651203,,,0,197.33333333333334,1000.0,35.0,1000.0,408.0,1143.0,548.0,1127.0,54.0,130.0,16.0,35.0,0.005148161603457006,0.017176066361756923,False
FWONK,Formula One Group,Communication Services,Entertainment,89.15,22158.87,-0.0811,0.0561,0.1424,0.1705,272.010436079016,0.10165745856353592,252.0,-8.4,,,0,164.0,1000.0,9.333333333333334,1000.0,459.0,724.0,445.0,60.0,15.0,18.0,5.0,8.0,0.0189266973432125,0.0699701580667664,False
GAP,The Gap Inc.,Consumer Discretionary,Specialty Retail,21.555,7759.35,-0.0356,0.308,-0.0777,0.0131,239.53534160267736,0.0022126773395809707,146.0,0.178921568627451,,,0,191.33333333333334,191.33333333333334,31.333333333333332,31.333333333333332,490.0,240.0,88.0,115.0,67.0,17.0,20.0,7.0,0.003922526190475067,0.012120968628043122,False
GATX,GATX Corporation,Industrials,Trading Companies and Distributors,170.29,6045.76,0.0938,0.108,0.1184,0.1395,275.3190215531988,0.09313950815904382,6.899999999999977,0.02070207020702064,,,0,219.66666666666666,1000.0,34.333333333333336,1000.0,454.0,591.0,739.0,675.0,87.0,118.0,7.0,9.0,0.003194212855885009,0.017979848742754816,False
GBCI,Glacier Bancorp Inc.,Financials,Banks,48.029,6250.62,0.1183,0.1167,-0.0353,0.0599,207.9064100103941,0.08868292887731966,27.57000000000002,0.11534117056436433,,,0,253.33333333333334,1000.0,63.666666666666664,1000.0,530.0,564.0,960.0,403.0,108.0,122.0,32.0,51.0,0.0012130229960133955,0.009530500362193066,False
GBDC,Golub Capital BDC Inc.,Financials,Capital Markets,13.222,3444.27,-0.1313,-0.0057,-0.0324,-0.0262,1.0793258763608264,-0.04530421001860396,-171.84999999999997,-0.45625912651002254,,,0,466.3333333333333,1000.0,92.66666666666667,1000.0,1030.0,871.0,1026.0,1241.0,195.0,174.0,45.0,38.0,6.297290728806961e-06,1.0276872167057592e-05,False
GCMG,GCM Grosvenor Inc.,Financials,Capital Markets,11.18,2258.91,-0.0873,0.1679,0.0185,,22.385597773939708,-0.002723861750487,5.010000000000005,0.11042539122768358,,,0,419.3333333333333,1000.0,84.33333333333333,1000.0,984.0,455.0,1134.0,707.0,191.0,83.0,43.0,19.0,0.00013060802155132008,0.0002131459383533196,False
GDDY,GoDaddy Inc.,Information Technology,IT Services,75.623,10013.23,-0.5725,0.0164,-0.0179,0.0909,364.7924603542615,0.014663408131526223,-4.899999999999977,-0.005599999999999938,,,0,166.66666666666666,1000.0,16.0,1000.0,356.0,821.0,358.0,891.0,35.0,109.0,5.0,8.0,0.004797778705678435,0.07551488399420295,False
GEF,Greif Inc.,Materials,Containers and Packaging,64.736,3336.06,0.0037,-0.0324,0.0018,0.0497,-1198.9255925688658,-0.006409285306422152,125.30000000000007,0.13673665371687993,,,0,447.0,1000.0,26.333333333333332,1000.0,1235.0,936.0,416.0,135.0,62.0,44.0,10.0,7.0,-0.04756715764607874,-0.11398386060072996,False
GEHC,GE HealthCare Technologies Inc.,Health Care,Health Care Equipment and Supplies,63.62,28940.22,-0.1332,-0.0619,,,1180.0192525481325,0.01716363636363627,-175.0,-0.08397312859884842,,,1,70.0,1000.0,7.333333333333333,1000.0,90.0,989.0,55.0,1242.0,6.0,114.0,1.0,15.0,0.01693990936924958,0.14275404561618601,False
GEN,Gen Digital Inc.,Information Technology,Software,24.075,14503.6,-0.1822,0.1052,-0.0338,0.0336,1064.851251377302,0.27064803049555275,330.0,0.5132192846034214,,,1,71.33333333333333,1000.0,14.666666666666666,1000.0,110.0,600.0,360.0,44.0,13.0,91.0,2.0,29.0,0.014005006171486164,0.06892403367480074,False
GEO,The GEO Group Inc.,Industrials,Commercial Services and Supplies,28.635,3755.72,0.0963,0.5576,0.3106,0.0248,309.38232419969836,0.03821322034542374,18.779999999999973,0.0738294610213468,,,0,173.33333333333334,173.33333333333334,31.333333333333332,31.333333333333332,414.0,97.0,609.0,483.0,83.0,23.0,9.0,2.0,0.003589410538244659,0.06270975542402535,False
GFF,Griffon Corporation,Industrials,Building Products,91.925,4216.29,0.3045,0.3585,0.2935,0.1849,348.2136468661088,0.002373081791954501,-43.91,-0.8591273723341812,,,0,167.0,167.0,27.666666666666668,27.666666666666668,373.0,202.0,644.0,1114.0,76.0,52.0,4.0,3.0,0.004039926123300594,0.12209326169110254,False
GFL,GFL Environmental Inc.,Industrials,Commercial Services and Supplies,51.13,13245.81,-0.2501,0.0095,0.0498,,310.79562207670733,-0.0010373271812915696,-2643.2999999999997,-0.946276361527474,,,0,216.33333333333334,1000.0,34.0,1000.0,413.0,838.0,374.0,1310.0,82.0,154.0,8.0,12.0,0.0036058074229294488,0.06299622157698927,False
GGG,Graco Inc.,Industrials,Machinery,73.555,12207.79,-0.1395,-0.0376,-0.0008,0.1066,99.0861351687222,0.005302691585442165,-5.600000000000023,-0.010731258623332907,,,0,358.0,1000.0,73.33333333333333,1000.0,759.0,949.0,682.0,903.0,142.0,173.0,35.0,43.0,0.001149583508652473,0.008182606510610594,False
GH,Guardant Health Inc.,Health Care,Health Care Providers and Services,131.82,17479.32,1.6886,0.5869,0.0174,,306.1988220120378,0.0999877802896072,-16.910000000000025,0.04062169693475548,,,0,161.33333333333334,161.33333333333334,22.0,22.0,417.0,90.0,939.0,1002.0,46.0,21.0,18.0,2.0,0.004395674293155931,0.00668911162955695,False
GHC,Graham Holdings Company,Consumer Discretionary,Diversified Consumer Services,1143.63,4925.71,0.195,0.2569,0.1173,0.086,177.28085254122834,0.014268379089332095,5.2099999999999795,0.01782476307776526,,,0,229.33333333333334,229.33333333333334,31.666666666666668,31.666666666666668,583.0,303.0,361.0,705.0,81.0,24.0,7.0,7.0,0.0029030738533613694,0.07324658919013662,False
GIS,General Mills Inc.,Consumer Staples,Food Products,33.815,18046.43,-0.3765,-0.256,-0.1156,-0.0638,-1272.9402908468765,-0.05723933369597556,-80.89999999999964,-0.0352474729871034,,,1,445.6666666666667,1000.0,30.0,1000.0,1237.0,1185.0,66.0,1179.0,52.0,48.0,21.0,17.0,-0.021738641935526656,-0.03524843359998703,False
GKOS,Glaukos Corporation,Health Care,Health Care Equipment and Supplies,125.522,7368.88,0.266,0.2299,0.0945,0.1647,134.7022254968639,0.08653239791896583,-1.6400000000000148,0.00873781235015203,,,0,268.6666666666667,268.6666666666667,32.0,32.0,673.0,334.0,1135.0,841.0,77.0,56.0,17.0,2.0,0.001933734120715135,0.01629574060055154,False
GL,Globe Life Inc.,Financials,Insurance,164.07,12739.18,0.3698,0.1494,0.0951,0.1054,231.34993459022735,0.013212507840756116,15.960000000000036,0.01374392890358589,,,0,231.0,231.0,46.666666666666664,46.666666666666664,498.0,488.0,299.0,517.0,99.0,96.0,24.0,17.0,0.0013498034561325487,0.009008689195065362,False
GLPI,Gaming and Leisure Properties Inc.,Real Estate,Specialized REITs,48.201,14065.2,0.012,-0.0107,0.0014,0.0353,68.7004213348655,0.015519673930083133,66.64999999999998,0.08077710850674458,,,0,323.6666666666667,1000.0,19.0,1000.0,860.0,887.0,800.0,224.0,46.0,65.0,5.0,6.0,0.003848148323938221,0.04967861548060159,False
GME,GameStop Corp.,Consumer Discretionary,Specialty Retail,22.053,9888.02,-0.2276,-0.0093,-0.1767,0.1276,59.14583210313958,0.02834788837158042,344.80000000000007,0.8240917782026771,,,0,362.0,1000.0,52.333333333333336,1000.0,889.0,882.0,472.0,42.0,106.0,91.0,27.0,24.0,0.000968546327776681,0.00299289771022936,False
GMED,Globus Medical Inc.,Health Care,Health Care Equipment and Supplies,79.691,10817.62,0.3107,0.1262,0.02,0.1245,589.8008211191191,0.055030232091271225,48.84000000000003,0.09080261029616832,,,0,108.0,108.0,11.0,11.0,225.0,538.0,556.0,277.0,24.0,75.0,6.0,3.0,0.008466957156920897,0.07135176238920589,False
GNL,Global Net Lease Inc.,Real Estate,Diversified REITs,9.445,2000.1,0.2298,-0.0309,-0.1375,-0.0945,-317.40521739130435,-0.046699913182176034,184.3,-0.817439900647565,,,0,450.0,1000.0,33.666666666666664,1000.0,1185.0,930.0,1158.0,84.0,92.0,73.0,5.0,4.0,-0.01777896454753942,-1.0828572941271437,False
GNRC,Generac Holdings Inc.,Industrials,Electrical Equipment,254.075,14957.06,0.9577,0.2949,-0.0616,0.2097,-22.177695245753057,0.027853604647019248,29.419999999999987,0.18439360701974294,,,0,438.3333333333333,438.3333333333333,69.0,69.0,1068.0,262.0,411.0,391.0,186.0,61.0,15.0,6.0,-0.00025730252442509157,-0.004801349795707074,False
GNTX,Gentex Corporation,Consumer Discretionary,Automobile Components,25.084,5341.68,0.1376,-0.0314,-0.0602,0.0461,333.027351502446,0.03893428876954719,3.580000000000041,0.009302567300696563,,,0,178.0,1000.0,20.333333333333332,1000.0,387.0,933.0,626.0,742.0,51.0,96.0,3.0,7.0,0.00545351053282022,0.15491932196168962,False
GNW,Genworth Financial Inc.,Financials,Insurance,8.845,3387.72,0.2782,0.1573,0.1656,0.1012,75.05621536025319,-0.0012327078482399223,-7.0,-0.03139013452914796,,,0,362.6666666666667,362.6666666666667,68.33333333333333,68.33333333333333,841.0,470.0,247.0,920.0,158.0,89.0,32.0,15.0,0.0004379129783500627,0.0029226639615699025,False
GOLF,Acushnet Holdings Corp.,Consumer Discretionary,Leisure Products,96.66,5659.83,0.3288,0.2454,0.1382,,155.5088602595447,0.019384616587134973,-17.94999999999999,-0.09520526148297437,,,0,248.0,248.0,32.0,32.0,628.0,315.0,629.0,1009.0,90.0,26.0,5.0,1.0,0.0025465452118159306,0.07684728491589889,False
GPC,Genuine Parts Company,Consumer Discretionary,Distributors,99.915,13750.76,-0.1897,-0.1373,-0.0498,0.0035,1129.0033199732825,0.016414308724147286,-5.849999999999994,-0.08871701546860777,,,0,78.0,1000.0,4.666666666666667,1000.0,101.0,1095.0,42.0,906.0,12.0,121.0,1.0,1.0,0.01848806552760899,0.9230008981875935,False
GPCR,Structure Therapeutics Inc.,Health Care,Pharmaceuticals,42.395,3013.06,0.866,0.076,,,,,-18.669999999999987,0.15237084795560252,,,0,493.6666666666667,493.6666666666667,60.666666666666664,60.666666666666664,1258.0,678.0,1278.0,1015.0,142.0,81.0,21.0,19.0,,,False
GPGI,GPGI Inc.,Information Technology,Technology Hardware Storage and Peripherals,11.45,3318.91,-0.1673,0.1738,0.025,,-199.98000000002202,-0.9996656636576395,-256.5,1.886029411764706,,,0,469.3333333333333,1000.0,63.0,1000.0,1159.0,440.0,1277.0,1259.0,176.0,73.0,8.0,5.0,-0.0026301524560839807,-0.012052591857880072,False
GPI,Group 1 Automotive Inc.,Consumer Discretionary,Specialty Retail,322.68,3797.81,-0.2709,0.1029,0.1523,0.1868,1503.525650835123,-0.004350638418529673,2.1000000000000227,0.0064575645756457245,,,0,42.0,1000.0,8.0,1000.0,63.0,606.0,49.0,770.0,7.0,56.0,2.0,15.0,0.024621079728745637,0.07608141296936262,False
GPK,Graphic Packaging Holding Company,Materials,Containers and Packaging,10.135,2998.82,-0.5362,-0.2737,-0.1072,-0.0264,-14.73514975458238,0.004177788093303825,-170.0,-0.38288288288288286,,,0,390.3333333333333,1000.0,22.0,1000.0,1061.0,1189.0,198.0,1240.0,47.0,63.0,9.0,10.0,-0.0005846144211610351,-0.0014008953232522848,False
GPN,Global Payments Inc.,Financials,Financial Services,61.8,16904.99,-0.2239,-0.1481,-0.204,-0.0188,-1224.714467842914,0.14915363332935372,-2105.6099999999997,-1.5038889801515596,,,0,546.0,1000.0,87.33333333333333,1000.0,1236.0,1110.0,193.0,1308.0,209.0,193.0,29.0,24.0,-0.007145555603453936,-0.0996638983987802,False
GPOR,Gulfport Energy Corporation,Energy,Oil Gas and Consumable Fuels,164.701,2959.62,-0.1262,0.1764,0.2015,,397.1073266259432,0.08394771603231677,166.29000000000002,0.3887005913840256,,,0,121.66666666666667,1000.0,16.333333333333332,1000.0,325.0,433.0,844.0,97.0,16.0,24.0,15.0,18.0,0.009690229452334193,0.010326723496320078,False
GRAL,GRAIL Inc.,Health Care,Biotechnology,60.298,2587.78,0.3745,,,,25.410020093770925,0.06081402459740448,13.03000000000003,-0.031908901677482615,,,0,412.0,412.0,68.0,68.0,974.0,1199.0,1229.0,561.0,113.0,149.0,33.0,58.0,0.00036477662252526043,0.0028414457719716413,False
GRBK,Green Brick Partners Inc.,Consumer Discretionary,Household Durables,70.61,3046.56,0.1619,0.0821,0.251,0.2547,-66.3713519091848,-0.011355892626532582,-14.120000000000005,-0.04507869616575677,,,0,428.3333333333333,1000.0,45.666666666666664,1000.0,1104.0,666.0,712.0,983.0,119.0,62.0,9.0,9.0,-0.0010868682859870092,-0.014177040993018307,False
GRC,The Gorman-Rupp Company,Industrials,Machinery,81.544,2153.6,1.1909,0.4479,0.1782,0.1073,30.692397247180338,0.018523131933351866,5.709999999999994,0.10769520935496035,,,0,392.0,392.0,74.0,74.0,962.0,148.0,1084.0,701.0,176.0,38.0,41.0,5.0,0.0003560889084662448,0.0025346009218482593,False
GRDN,Guardian Pharmacy Services Inc.,Health Care,Health Care Providers and Services,41.845,2649.65,1.0756,,,,173.62897481063942,0.005032167214291672,3.8500000000000014,0.07822023567655423,,,0,269.6666666666667,269.6666666666667,41.333333333333336,41.333333333333336,589.0,1199.0,833.0,729.0,71.0,149.0,26.0,27.0,0.002492551787453126,0.0037930374356183482,False
GRND,Grindr Inc.,Communication Services,Interactive Media and Services,11.792,2095.74,-0.493,0.2443,0.0314,,112.67301175393072,0.08183678108661052,-0.269999999999996,-0.0028496042216358264,,,0,251.33333333333334,1000.0,8.333333333333334,1000.0,726.0,317.0,1156.0,813.0,19.0,9.0,5.0,1.0,0.007839875642107334,0.0445193732017725,False
GSAT,Globalstar Inc.,Communication Services,Diversified Telecommunication Services,81.045,10437.7,2.6956,0.64,0.3294,0.1622,29.122090248497358,0.03674127257408677,-0.08999999999999986,0.010404624277456698,,,0,332.0,332.0,10.333333333333334,10.333333333333334,966.0,80.0,1201.0,810.0,26.0,4.0,3.0,2.0,0.002026337651158783,0.01602822409466186,False
GTES,Gates Industrial Corporation plc,Industrials,Machinery,25.915,6579.19,0.1694,0.2652,0.0705,,53.61080921441226,0.0010164962825278678,-2.3000000000000114,-0.009148766905330175,,,0,380.3333333333333,380.3333333333333,73.0,73.0,906.0,298.0,503.0,848.0,166.0,69.0,38.0,15.0,0.0006219851248962297,0.00442722037518147,False
GTLB,GitLab Inc.,Information Technology,Software,28.526,4818.04,-0.3423,-0.154,,,200.33036829463583,0.051977554908816836,30.91,-0.5523588277340958,,,0,251.66666666666666,1000.0,47.333333333333336,1000.0,541.0,1118.0,970.0,380.0,62.0,152.0,23.0,57.0,0.0026347605270441387,0.01296667213619338,False
GTLS,Chart Industries Inc.,Industrials,Machinery,206.233,9872.18,0.4088,0.1614,0.0688,0.2282,-64.01194151096661,-0.027368667917448408,-66.6,-1.6363636363636362,,,0,463.0,463.0,84.66666666666667,84.66666666666667,1102.0,463.0,428.0,1162.0,191.0,96.0,43.0,20.0,-0.0007426576098919496,-0.0052861535922515135,False
GTY,Getty Realty Corp.,Real Estate,Retail REITs,33.53,2027.46,0.1436,-0.0132,0.0006,0.0461,20.48902192703119,0.024850042844901443,11.840000000000003,0.14951382750347264,,,0,374.3333333333333,1000.0,31.333333333333332,1000.0,989.0,890.0,1210.0,577.0,68.0,66.0,12.0,14.0,0.0011476610165653345,0.024048943781483482,False
GVA,Granite Construction Incorporated,Industrials,Construction and Engineering,136.085,5953.27,0.5102,0.5065,0.2778,0.1199,602.4091969024626,0.048124256958037126,-8.039999999999992,-0.04165803108808286,,,0,94.66666666666667,94.66666666666667,17.666666666666668,17.666666666666668,220.0,116.0,392.0,928.0,37.0,27.0,10.0,6.0,0.006989067411302707,0.04397090792078048,False
GWRE,Guidewire Software Inc.,Information Technology,Software,116.224,9676.39,-0.5365,0.1745,0.0108,0.0688,283.4420589177073,0.18161934700530558,90.04,1.289971346704871,,,0,187.66666666666666,1000.0,28.666666666666668,1000.0,443.0,436.0,842.0,173.0,49.0,71.0,17.0,20.0,0.00372785192229136,0.018346196230159525,False
GXO,GXO Logistics Inc.,Industrials,Air Freight and Logistics,48.484,5578.02,0.111,-0.0702,,,1269.4294256205849,0.024358779784489304,100.0,3.125,,,1,93.33333333333333,1000.0,6.333333333333333,1000.0,81.0,1007.0,118.0,153.0,14.0,185.0,1.0,4.0,0.014727742994584543,0.9103677904981531,False
H,Hyatt Hotels Corporation,Consumer Discretionary,Hotels Restaurants and Leisure,193.505,18220.91,0.4401,0.1868,0.1876,0.1507,227.04632916121818,-0.008352534562211966,18.0,-0.34615384615384615,,,0,204.0,204.0,33.333333333333336,33.333333333333336,504.0,407.0,504.0,493.0,71.0,37.0,21.0,8.0,0.003718011574523109,0.012404586036092291,True
HAE,Haemonetics Corporation,Health Care,Health Care Equipment and Supplies,80.186,3644.13,0.1213,-0.031,0.0594,0.1048,-26.808518820769223,-0.01968665951411641,-70.37,-0.4196684160305344,,,0,437.0,1000.0,55.333333333333336,1000.0,1077.0,931.0,863.0,1170.0,129.0,105.0,24.0,13.0,-0.0003848529404643152,-0.0032431882025470327,False
HAL,Halliburton Company,Energy,Energy Equipment and Services,40.065,33470.21,0.8055,0.0738,0.1076,-0.0102,-387.98005698005727,-0.0006761630003606633,257.0,0.2003117692907248,,,0,433.0,433.0,30.666666666666668,30.666666666666668,1192.0,683.0,50.0,59.0,62.0,45.0,18.0,12.0,-0.00946750543992817,-0.153604439510219,False
HALO,Halozyme Therapeutics Inc.,Health Care,Biotechnology,70.897,8409.31,0.3166,0.2772,0.1062,0.2325,424.17305347901083,0.0800867815639299,31.94999999999999,0.10082362965066749,,,0,133.0,133.0,25.666666666666668,25.666666666666668,308.0,283.0,823.0,373.0,39.0,52.0,8.0,30.0,0.006089267668553743,0.047432655501429444,True
HAS,Hasbro Inc.,Consumer Discretionary,Leisure Products,82.545,11679.35,0.1956,0.1101,-0.0327,-0.004,548.9618853548327,0.024057175674813136,99.79999999999998,-0.30955334987593053,,,0,112.0,1000.0,12.333333333333334,1000.0,251.0,586.0,375.0,154.0,33.0,52.0,2.0,2.0,0.008989560197963013,0.2712786290210276,False
HASI,HA Sustainable Infrastructure Capital Inc.,Financials,Financial Services,36.531,4718.43,0.3465,0.1428,-0.0745,0.0558,-38.79798501008936,-0.08379364252214705,-128.58,-0.6967217556217827,,,0,462.0,462.0,78.33333333333333,78.33333333333333,1085.0,506.0,1239.0,1222.0,199.0,102.0,25.0,11.0,-0.00022636554598710326,-0.003157273419765714,False
HAWK,HawkEye 360 Inc.,Industrials,Aerospace and Defense,24.515,2281.96,,,,,,0.7415630550621668,31.67,-1.0920689655172413,,,1,562.6666666666666,1000.0,91.33333333333333,1000.0,1258.0,1199.0,1232.0,375.0,223.0,207.0,28.0,23.0,,,False
HAYW,Hayward Holdings Inc.,Industrials,Building Products,14.155,3071.11,0.0018,0.0865,-0.0937,,80.62669920966982,0.02350844361270754,9.030000000000001,0.05957643333113416,,,0,368.3333333333333,1000.0,59.666666666666664,1000.0,822.0,651.0,917.0,629.0,156.0,127.0,10.0,13.0,0.0009354197094345615,0.02826993362980149,False
HBAN,Huntington Bancshares Incorporated,Financials,Banks,16.927,34313.24,0.052,0.1558,0.0318,0.0545,1194.1561510144675,0.07878315132605307,-4.0,-0.0018091361374943382,,,1,65.0,1000.0,18.666666666666668,1000.0,88.0,475.0,211.0,878.0,15.0,92.0,2.0,39.0,0.0069672641259063426,0.054740523051643675,False
HCC,Warrior Met Coal Inc.,Materials,Metals and Mining,94.28,4978.17,0.9576,0.3785,0.3952,,153.05451612903244,0.12263273459180857,80.50999999999999,1.4124561403508769,,,0,224.66666666666666,224.66666666666666,17.333333333333332,17.333333333333332,632.0,191.0,831.0,194.0,31.0,11.0,13.0,8.0,0.006072410450055353,0.020491160305205883,False
HCI,HCI Group Inc.,Financials,Insurance,163.01,2080.79,0.0531,0.406,0.1236,0.1811,167.54567390413763,0.02934680059936734,3.730000000000018,0.012474916387959833,,,0,248.33333333333334,248.33333333333334,53.0,53.0,602.0,170.0,994.0,734.0,126.0,17.0,29.0,4.0,0.0009775396310201295,0.006524172590986795,False
HE,Hawaiian Electric Industries Inc.,Utilities,Electric Utilities,13.195,2277.93,0.224,-0.2955,-0.2169,-0.0887,-82.79078652839098,0.0007677605364604378,3.780000000000001,0.030701754385964897,,,0,401.3333333333333,1000.0,24.0,1000.0,1119.0,1192.0,559.0,732.0,41.0,44.0,15.0,16.0,-0.0039136727626630785,-0.008254603781689239,False
HESM,Hess Midstream LP,Energy,Oil Gas and Consumable Fuels,38.79,7997.66,-0.0125,0.1041,0.0832,,107.44969176162908,0.004995990871522915,16.0,0.04533862283933132,,,0,270.6666666666667,1000.0,29.333333333333332,1000.0,738.0,603.0,796.0,515.0,33.0,41.0,25.0,30.0,0.002621991834297086,0.0027942150199418508,False
HGTY,Hagerty Inc.,Financials,Insurance,10.89,3739.13,0.1403,0.0414,0.0211,,141.75522538766677,-0.011336249218959149,-13.010000000000002,-0.3137964302942595,,,0,317.6666666666667,1000.0,63.666666666666664,1000.0,657.0,757.0,836.0,975.0,132.0,164.0,31.0,28.0,0.0008270661216828528,0.0055199011383160025,False
HGV,Hilton Grand Vacations Inc.,Consumer Discretionary,Hotels Restaurants and Leisure,50.09,3995.37,0.2432,0.0287,0.0136,,188.06312961719232,0.02681143363616223,83.0,1.0246913580246915,,,0,239.66666666666666,1000.0,39.0,1000.0,565.0,795.0,393.0,188.0,77.0,77.0,23.0,17.0,0.0030796397160038065,0.010274754408809495,False
HHH,Howard Hughes Holdings Inc.,Real Estate,Real Estate Management and Development,65.509,3873.23,-0.066,-0.0528,-0.0898,-0.0535,-282.1357588702979,0.024808629796120307,-2.3100000000000023,-0.01864406779661021,,,0,448.3333333333333,1000.0,35.666666666666664,1000.0,1175.0,977.0,822.0,850.0,91.0,79.0,9.0,7.0,-0.015803400132406196,-0.03590190677514564,False
HII,Huntington Ingalls Industries Inc.,Industrials,Aerospace and Defense,297.156,11709.14,0.314,0.113,0.061,0.0617,1384.8672376873656,0.029237423902595427,55.0,0.10000000000000009,,,0,66.0,66.0,11.0,11.0,71.0,574.0,126.0,257.0,11.0,116.0,1.0,21.0,0.01606703637605437,0.1346734801846694,True
HIMS,Hims & Hers Health Inc.,Health Care,Health Care Providers and Services,28.015,6484.29,-0.5133,0.4586,0.1806,,585.4291190422409,0.00940944948970035,-141.6,-1.1030614629586353,,,0,96.0,96.0,14.666666666666666,14.666666666666666,228.0,142.0,665.0,1227.0,25.0,35.0,14.0,5.0,0.008404198658013564,0.012789078360049281,False
HIW,Highwoods Properties Inc.,Real Estate,Office REITs,30.13,3383.3,-0.0404,0.101,-0.0908,-0.048,4.0169370086574645,0.018949139125272074,-66.13000000000001,-0.41432241087651156,,,0,375.6666666666667,1000.0,28.333333333333332,1000.0,1025.0,611.0,1031.0,1161.0,76.0,26.0,5.0,4.0,0.0002250025417149197,0.009184206666294777,False
HL,Hecla Mining Company,Materials,Metals and Mining,14.137,9481.86,1.329,0.3821,0.0935,0.1214,683.3868059909438,0.14483282033984057,-47.89999999999998,-0.1488918591277858,,,0,71.66666666666667,71.66666666666667,7.333333333333333,7.333333333333333,194.0,188.0,797.0,1123.0,11.0,10.0,4.0,7.0,0.027113248841549167,0.09149281541106255,False
HLI,Houlihan Lokey Inc.,Financials,Capital Markets,134.19,9267.08,-0.2321,0.1345,0.1098,0.188,228.39988316903964,0.09559546780627248,25.99000000000001,0.0650221410522629,,,0,236.0,1000.0,49.333333333333336,1000.0,503.0,519.0,628.0,413.0,100.0,105.0,24.0,24.0,0.001332591479776727,0.002174724477294392,False
HLIO,Helios Technologies Inc.,Industrials,Machinery,81.01,2677.09,1.4254,0.0907,0.022,0.1043,82.49302851969219,0.0392133492252682,12.399999999999999,0.25619834710743805,,,0,363.3333333333333,363.3333333333333,72.66666666666667,72.66666666666667,814.0,639.0,1010.0,569.0,153.0,123.0,37.0,28.0,0.0009570726015658686,0.006812335460413573,False
HLNE,Hamilton Lane Incorporated,Financials,Capital Markets,76.355,4286.57,-0.4818,0.004,-0.0336,,46.0555645312794,0.06456182675044886,31.76000000000002,0.14607671787324072,,,0,427.0,1000.0,85.33333333333333,1000.0,929.0,850.0,1054.0,374.0,180.0,172.0,40.0,36.0,0.0002687096509820348,0.0004385210802741842,False
HNGE,Hinge Health Inc.,Health Care,Health Care Providers and Services,64.684,5005.26,0.8397,,,,214.81376151689147,0.09947946790052065,17.99000000000001,-0.03405520009086438,,,0,243.0,243.0,36.666666666666664,36.666666666666664,519.0,1199.0,1101.0,495.0,61.0,149.0,22.0,27.0,0.003083784983597379,0.0046927457816771795,False
HNI,HNI Corporation,Industrials,Commercial Services and Supplies,31.814,2290.38,-0.3358,0.06,-0.07,-0.0381,1048.5215271389143,0.26336738288129613,-52.7,-0.9723247232472325,,,0,89.0,1000.0,9.666666666666666,1000.0,111.0,715.0,488.0,1133.0,18.0,138.0,1.0,10.0,0.01216480039324907,0.2125283940955376,False
HOG,Harley-Davidson Inc.,Consumer Discretionary,Automobiles,25.135,2645.92,0.0062,-0.0931,-0.1191,-0.0554,-470.0380350410287,-0.03502653593193217,-108.33000000000001,-0.319802798606601,,,0,482.0,1000.0,46.0,1000.0,1199.0,1048.0,412.0,1202.0,132.0,115.0,3.0,3.0,-0.007697137677604666,-0.6248202594869815,False
HOMB,Home BancShares Inc.,Financials,Banks,27.585,5555.99,-0.029,0.0565,0.0071,0.0224,87.46543817747568,0.005736853434157307,3.0,0.00630994447248856,,,0,367.6666666666667,1000.0,92.66666666666667,1000.0,796.0,722.0,941.0,751.0,151.0,156.0,54.0,73.0,0.0005103141738648737,0.004009445356630094,False
HP,Helmerich & Payne Inc.,Energy,Energy Equipment and Services,39.519,3949.17,1.1834,0.0432,0.0368,-0.0482,917.1451769058813,0.06835272730184916,-211.75,1.2936037632109474,,,0,67.0,67.0,8.0,8.0,141.0,750.0,443.0,1252.0,8.0,52.0,1.0,15.0,0.022380214640791797,0.3631051862425234,False
HQY,HealthEquity Inc.,Health Care,Health Care Providers and Services,88.12,7367.02,-0.1572,0.1074,0.0234,0.1174,94.22014686744751,0.018120493669247617,15.5,0.07202602230483279,,,0,314.3333333333333,1000.0,43.666666666666664,1000.0,775.0,595.0,862.0,523.0,90.0,78.0,28.0,13.0,0.001352588735518823,0.002058300146317446,False
HR,Healthcare Realty Trust Incorporated,Real Estate,Health Care REITs,20.507,7193.27,0.3922,0.0133,-0.086,-0.0481,-79.90597263787936,-0.016511911620183728,44.81999999999999,-0.18214329255902795,,,0,418.0,418.0,33.333333333333336,33.333333333333336,1117.0,828.0,914.0,293.0,85.0,52.0,9.0,6.0,-0.004475810027136725,-0.08381761970005862,False
HRB,H&R Block Inc.,Consumer Discretionary,Diversified Consumer Services,36.036,4567.93,-0.3442,0.043,0.0659,0.0405,198.99203492786683,0.040026695098897,133.59000000000003,0.22052924377238892,,,0,229.66666666666666,1000.0,30.333333333333332,1000.0,545.0,751.0,453.0,127.0,76.0,68.0,6.0,9.0,0.003258606698610701,0.08221693220412007,False
HRI,Herc Holdings Inc.,Industrials,Trading Companies and Distributors,142.25,4750.16,0.1738,0.0571,0.0605,,1029.1070955681907,0.0635283363802559,-6.0,-6.0,,,0,93.0,1000.0,11.666666666666666,1000.0,118.0,721.0,387.0,909.0,20.0,141.0,3.0,12.0,0.01193955686825375,0.06720636232842522,False
HRL,Hormel Foods Corporation,Consumer Staples,Food Products,24.435,13446.95,-0.21,-0.1572,-0.1291,-0.0346,294.5210451839557,0.009275443245422288,-11.319999999999993,-0.023672103722291893,,,0,164.66666666666666,1000.0,16.0,1000.0,429.0,1124.0,136.0,954.0,25.0,40.0,10.0,13.0,0.00502968410204972,0.008155453621519655,False
HRMY,Harmony Biosciences Holdings Inc.,Health Care,Pharmaceuticals,35.533,2057.1,0.0112,0.0055,0.0212,,154.25870350426646,0.03530427773619671,-13.069999999999993,-0.08236183754489879,,,0,265.6666666666667,1000.0,34.333333333333336,1000.0,629.0,845.0,998.0,976.0,73.0,95.0,9.0,21.0,0.0022144795105142807,0.055373190983680154,False
HSIC,Henry Schein Inc.,Health Care,Health Care Providers and Services,79.469,9052.85,0.1171,0.0201,0.0014,-0.0114,714.556607345703,0.015169902912621325,-3.0,-0.007537688442211032,,,0,97.66666666666667,1000.0,15.666666666666666,1000.0,181.0,816.0,119.0,858.0,18.0,94.0,13.0,16.0,0.010257903963427857,0.015609951993822471,False
HST,Host Hotels & Resorts Inc.,Real Estate,Hotel and Resort REITs,24.345,16907.96,0.5244,0.1112,0.0633,0.0468,361.16344976932487,0.007338551859099818,246.0,0.32156862745098036,,,0,131.66666666666666,131.66666666666666,4.666666666666667,4.666666666666667,360.0,580.0,293.0,62.0,11.0,24.0,1.0,2.0,0.020230014560219937,0.5074662246126834,False
HTFL,HeartFlow Inc.,Health Care,Health Care Technology,30.75,2651.91,,,,,55.245851888738684,0.08742827927057872,4.960000000000008,-0.04246938950252599,,,0,386.6666666666667,1000.0,38.333333333333336,1000.0,903.0,1199.0,1217.0,708.0,108.0,149.0,4.0,3.0,0.0007930885212265175,0.07127090649538952,False
HTGC,Hercules Capital Inc.,Financials,Capital Markets,15.465,2851.25,-0.1446,0.014,-0.024,0.024,62.96783263895037,0.04137166895152955,-7.840000000000032,-0.02307647024194981,,,0,404.3333333333333,1000.0,80.0,1000.0,874.0,826.0,1133.0,925.0,168.0,171.0,37.0,35.0,0.00036738371364476464,0.0005995523509999082,False
HTH,Hilltop Holdings Inc.,Financials,Banks,37.635,2202.78,0.2339,0.0502,0.0029,0.0597,55.362906865557534,-0.008144114739435326,-4.280000000000001,-0.02584697143547321,,,0,411.6666666666667,1000.0,106.0,1000.0,902.0,733.0,886.0,887.0,174.0,159.0,69.0,75.0,0.0003230130285579543,0.0025378544312697157,False
HTO,H2O America,Utilities,Water Utilities,57.177,2392.3,0.0679,-0.088,-0.0271,0.0426,49.603941016248655,0.019598046440749917,2.460000000000008,0.023981282901150314,,,0,331.6666666666667,1000.0,14.333333333333334,1000.0,919.0,1034.0,1036.0,766.0,34.0,42.0,4.0,5.0,0.0023448695321847818,0.058600624186897474,False
HUBB,Hubbell Incorporated,Industrials,Electrical Equipment,468.861,24775.45,0.2053,0.1513,0.205,0.1639,401.6793991416316,0.025921363309721723,18.600000000000023,0.02096719648292189,,,0,161.66666666666666,1000.0,26.0,1000.0,322.0,482.0,306.0,487.0,63.0,100.0,5.0,10.0,0.004660228317840534,0.08696139430348306,False
HUBG,Hub Group Inc.,Industrials,Air Freight and Logistics,45.775,2799.3,0.3672,0.0592,0.0666,0.0867,-229.17054771255698,-0.05511872876223589,0.980000000000004,0.009423983075295794,,,0,503.3333333333333,503.3333333333333,70.66666666666667,70.66666666666667,1165.0,716.0,474.0,788.0,206.0,139.0,3.0,3.0,-0.0026588047043172173,-0.1643490224486797,False
HUBS,HubSpot Inc.,Information Technology,Software,188.014,9629.65,-0.6722,-0.2855,-0.1839,0.1437,573.7519180571617,0.053285088797836,54.35000000000001,1.1838379438030935,,,0,139.0,1000.0,31.333333333333332,1000.0,232.0,1190.0,523.0,260.0,25.0,160.0,7.0,62.0,0.007546029685272389,0.03713692073893379,False
HUN,Huntsman Corporation,Materials,Chemicals,14.605,2560.97,0.213,-0.1646,-0.117,-0.0078,-283.2754566449712,0.0017596339961287732,-48.0,0.16901408450704225,,,0,429.3333333333333,1000.0,35.0,1000.0,1176.0,1130.0,315.0,1124.0,53.0,59.0,25.0,27.0,-0.011238902886896471,-0.04130979547487462,False
HUT,Hut 8 Corp.,Information Technology,Software,111.992,12609.64,5.0471,,,,151.86251106452363,0.20925484858795507,-85.96000000000001,0.38010170240990493,,,1,293.3333333333333,293.3333333333333,61.333333333333336,61.333333333333336,634.0,1199.0,1199.0,1188.0,83.0,163.0,37.0,64.0,0.0019973075130682743,0.009829520144727077,False
HWC,Hancock Whitney Corporation,Financials,Banks,70.464,5718.72,0.2833,0.1923,0.0822,0.1041,-16.1148912493677,-0.051103590952061184,-72.07999999999998,-0.1482913983582611,,,0,443.6666666666667,443.6666666666667,102.33333333333333,102.33333333333333,1065.0,396.0,852.0,1171.0,197.0,69.0,82.0,28.0,-9.40217940503171e-05,-0.0007387120814655138,False
HWKN,Hawkins Inc.,Materials,Chemicals,155.94,3254.18,0.1562,0.4501,0.3633,0.215,109.23727182807306,0.11213735209301867,-2.7900000000000063,-0.03308038890206311,,,0,258.0,258.0,16.333333333333332,16.333333333333332,732.0,147.0,937.0,857.0,35.0,7.0,12.0,2.0,0.004333969148777717,0.015929969404679417,False
HXL,Hexcel Corporation,Industrials,Aerospace and Defense,94.68,7141.45,0.6799,0.0892,0.0886,0.0819,51.709032509246754,0.023760494218279637,8.299999999999997,0.07586837294332716,,,0,400.6666666666667,400.6666666666667,71.66666666666667,71.66666666666667,910.0,643.0,729.0,647.0,168.0,124.0,25.0,22.0,0.0005999209770346243,0.00502852199509868,False
HYMC,Hycroft Mining Holding Corporation,Materials,Metals and Mining,23.356,2133.82,4.457,0.9355,-0.0854,,,,-36.53,0.898425971470733,,,1,441.3333333333333,441.3333333333333,28.0,28.0,1258.0,40.0,1278.0,1099.0,64.0,2.0,18.0,2.0,,,False
IBOC,International Bancshares Corporation,Financials,Banks,75.17,4674.16,0.1625,0.1629,0.1023,0.1045,33.76203454894437,0.012743628185907019,5.2999999999999545,0.012855029227000214,,,0,407.3333333333333,1000.0,99.0,1000.0,952.0,460.0,1025.0,703.0,185.0,85.0,76.0,36.0,0.00019698346144315996,0.0015476631166927589,False
IBP,Installed Building Products Inc.,Consumer Discretionary,Household Durables,196.885,5271.96,0.1529,0.1905,0.1087,0.1883,13.199850671976037,-0.008179614918540468,-10.599999999999966,-0.039939713639788876,,,0,384.6666666666667,1000.0,43.0,1000.0,1003.0,399.0,579.0,948.0,115.0,36.0,8.0,6.0,0.00021615499251492163,0.002819512013773338,True
IBRX,ImmunityBio Inc.,Health Care,Biotechnology,7.115,7451.92,1.196,0.357,-0.1407,,109.75726839855601,0.24441698296407433,-503.13,1.4317871371656232,,,0,286.0,286.0,42.666666666666664,42.666666666666664,730.0,203.0,1230.0,1290.0,83.0,45.0,20.0,25.0,0.0015756337663754348,0.01227347814300572,False
ICHR,Ichor Holdings Ltd.,Information Technology,Semiconductors and Semiconductor Equipment,75.52,2633.16,2.9477,0.3001,0.0648,,67.17337022226354,0.012240806204822485,2.0900000000000034,-0.039598332701781036,,,0,349.3333333333333,349.3333333333333,56.0,56.0,866.0,252.0,985.0,772.0,128.0,54.0,22.0,18.0,0.0008834693703045581,0.011215491471859447,False
ICUI,ICU Medical Inc.,Health Care,Health Care Equipment and Supplies,138.65,3465.36,0.0312,-0.0975,-0.0751,0.0259,-263.3052782764812,-0.03338024255353478,45.61000000000001,62.47945205479453,,,1,477.6666666666667,1000.0,61.0,1000.0,1171.0,1052.0,699.0,287.0,138.0,124.0,26.0,19.0,-0.003779910828418195,-0.03185362749370071,False
IDA,IDACORP Inc.,Utilities,Electric Utilities,142.318,7885.59,0.2356,0.104,0.0712,0.0656,-26.247869101978722,-0.016023166023166002,8.339999999999975,0.025782916499211606,,,0,374.6666666666667,1000.0,19.0,1000.0,1074.0,605.0,763.0,644.0,38.0,12.0,14.0,5.0,-0.001240785052176462,-0.002617027433072854,False
IDCC,InterDigital Inc.,Information Technology,Software,283.101,7316.75,0.2756,0.4729,0.2842,0.1697,13.45516969995083,-0.00610304432800568,-40.26999999999998,-0.09903108400550853,,,0,393.3333333333333,393.3333333333333,73.0,73.0,1002.0,136.0,1027.0,1106.0,148.0,30.0,63.0,8.0,0.0001769634345101937,0.0008709052727318205,False
IDYA,IDEAYA Biosciences Inc.,Health Care,Biotechnology,29.435,2586.19,0.3428,0.0491,0.0709,,218.26999378522999,0.029994056055964613,-26.36,0.23183817062445033,,,0,218.66666666666666,218.66666666666666,39.333333333333336,39.333333333333336,511.0,735.0,1211.0,1060.0,59.0,86.0,15.0,44.0,0.0031334013447358103,0.024407786719592404,False
IEP,Icahn Enterprises L.P.,Industrials,Industrial Conglomerates,7.335,4929.49,-0.1141,-0.3593,-0.334,-0.1831,361.6271186440681,0.03932405144011053,-36.0,0.12286689419795227,,,0,212.0,1000.0,24.666666666666668,1000.0,358.0,1197.0,171.0,1095.0,72.0,206.0,1.0,1.0,0.004195547350462806,1.0,False
IEX,IDEX Corporation,Industrials,Machinery,214.089,15845.81,0.1688,0.0115,-0.0057,0.0955,247.5074762878926,0.02099783080260309,24.5,0.05070364238410585,,,0,242.33333333333334,1000.0,48.0,1000.0,482.0,831.0,493.0,421.0,92.0,153.0,17.0,35.0,0.002871547189970227,0.020439350908676927,False
IFF,International Flavors & Fragrances Inc.,Materials,Chemicals,75.176,19192.69,-0.0403,-0.0132,-0.1264,-0.0523,-639.9661016949158,-0.009366391184573053,1187.0,-3.2880886426592797,,,1,437.3333333333333,1000.0,33.666666666666664,1000.0,1213.0,890.0,157.0,8.0,59.0,40.0,28.0,14.0,-0.025390540193777685,-0.09332565935990382,False
ILMN,Illumina Inc.,Health Care,Life Sciences Tools and Services,162.915,24649.04,0.861,-0.0667,-0.1849,0.0141,55.94797117188227,0.011512779184895239,3.0,0.003529411764705781,,,0,374.6666666666667,374.6666666666667,41.333333333333336,41.333333333333336,900.0,1001.0,404.0,751.0,107.0,117.0,9.0,8.0,0.0008031678796752642,0.0179681857133698,False
IMNM,Immunome Inc.,Health Care,Biotechnology,18.25,2066.82,0.9231,0.5643,0.0055,,-6.913454099700354,-0.4221902017291067,-12.200000000000017,0.057441499128960904,,,0,396.6666666666667,396.6666666666667,59.666666666666664,59.666666666666664,1042.0,96.0,1267.0,963.0,125.0,23.0,39.0,15.0,-9.924692806875533e-05,-0.00077308891723896,False
IMVT,Immunovant Inc.,Health Care,Biotechnology,32.353,6642.36,1.0033,0.1491,0.2473,,,,-91.77000000000004,0.2217523680649527,,,0,491.0,491.0,75.33333333333333,75.33333333333333,1258.0,492.0,1278.0,1193.0,142.0,73.0,44.0,40.0,,,False
INCY,Incyte Corporation,Health Care,Biotechnology,108.67,21710.33,0.5784,0.2114,0.0564,0.0306,947.9314257490942,0.04274844201009875,145.12999999999988,0.11279679788598296,,,0,69.0,69.0,15.666666666666666,15.666666666666666,134.0,368.0,340.0,116.0,11.0,62.0,1.0,35.0,0.013608144448302715,0.10600132278030365,False
INDB,Independent Bank Corp.,Financials,Banks,80.935,3911.35,0.2413,0.1627,0.0036,0.0541,222.08293019783514,0.10628116911811136,35.5,0.17306942277691117,,,0,232.33333333333334,1000.0,56.333333333333336,1000.0,509.0,461.0,1008.0,351.0,102.0,86.0,30.0,37.0,0.0012957354289295062,0.01018035685663347,False
INDV,Indivior Pharmaceuticals Inc.,Health Care,Pharmaceuticals,38.696,4717.9,1.8328,0.2259,0.2797,0.0945,120.03809178305823,0.041162227602905554,42.0,0.19999999999999996,,,0,279.6666666666667,279.6666666666667,34.666666666666664,34.666666666666664,702.0,342.0,877.0,309.0,80.0,57.0,10.0,14.0,0.0017232213722544547,0.043089252214776795,False
INFQ,Infleqtion Inc.,Information Technology,Technology Hardware Storage and Peripherals,13.523,2950.68,,,,,,0.03573629081947005,-24.27,0.7632075471698112,,,0,532.6666666666666,1000.0,64.66666666666667,1000.0,1258.0,1199.0,1252.0,1048.0,177.0,163.0,9.0,8.0,,,False
INGR,Ingredion Incorporated,Consumer Staples,Food Products,100.435,6333.34,-0.2736,-0.0204,0.0121,-0.0197,-162.6708252377548,-0.0029089901648428063,-55.0,-0.07544581618655688,,,0,406.3333333333333,1000.0,22.333333333333332,1000.0,1152.0,909.0,253.0,1140.0,43.0,24.0,16.0,8.0,-0.0027780115443180385,-0.004504446770424231,False
INSM,Insmed Incorporated,Health Care,Biotechnology,97.148,21057.07,-0.0085,0.6968,0.2643,0.2445,438.528803756567,0.3514725767619802,93.01999999999998,-0.07285515123983766,,,1,119.0,119.0,18.0,18.0,305.0,67.0,1035.0,166.0,38.0,14.0,7.0,9.0,0.006295353381226861,0.04903797048264988,False
INSW,International Seaways Inc.,Energy,Oil Gas and Consumable Fuels,84.09,4162.85,1.217,0.3158,0.33,,126.68027894002785,0.17073402110755365,236.58000000000004,0.7649873892517625,,,0,242.0,242.0,17.666666666666668,17.666666666666668,690.0,230.0,977.0,64.0,25.0,11.0,21.0,7.0,0.0030912574201152295,0.003294303895537601,False
INVH,Invitation Homes Inc.,Real Estate,Residential REITs,29.545,17615.87,-0.1133,-0.0483,-0.0476,,160.5392301893903,0.022725182047989234,-5.2299999999999045,-0.00889576813171844,,,0,238.66666666666666,1000.0,11.0,1000.0,617.0,970.0,604.0,898.0,21.0,78.0,1.0,11.0,0.008992357798919517,0.22104097098576705,False
IONQ,IonQ Inc.,Information Technology,Technology Hardware Storage and Peripherals,56.343,21031.15,0.4192,0.7453,0.3972,,144.06233512816974,0.4391632056606676,837.61,-1.6411497315725538,,,2,251.66666666666666,251.66666666666666,31.666666666666668,31.666666666666668,651.0,55.0,1220.0,14.0,87.0,17.0,6.0,2.0,0.0018947189947320104,0.008682490886052495,True
IONS,Ionis Pharmaceuticals Inc.,Health Care,Biotechnology,74.08,12242.65,1.047,0.2208,0.1432,0.1303,340.9189364874941,0.12130845280859592,54.40999999999997,-0.1426623666063609,,,0,160.33333333333334,160.33333333333334,29.0,29.0,379.0,354.0,948.0,259.0,43.0,59.0,11.0,33.0,0.004894103103731807,0.03812286126074055,False
IOSP,Innospec Inc.,Materials,Chemicals,84.632,2084.57,-0.0422,-0.0538,-0.0299,0.0554,4.464837905236891,0.006974128233970811,-2.3999999999999915,-0.020583190394511064,,,0,371.0,1000.0,27.333333333333332,1000.0,1022.0,979.0,762.0,851.0,45.0,46.0,19.0,18.0,0.00017714164233289745,0.0006511031448974557,False
IOT,Samsara Inc.,Information Technology,Software,32.036,18667.7,-0.2434,0.0339,,,395.2604938271604,0.06917578445969719,66.63,-7.30592105263158,,,0,155.0,1000.0,26.0,1000.0,327.0,777.0,775.0,225.0,33.0,105.0,10.0,35.0,0.005198496642826076,0.02558380576782433,False
IPAR,Interparfums Inc.,Consumer Staples,Personal Care Products,98.33,3149.1,-0.3016,-0.0975,0.0504,0.1273,27.435600274860008,0.004077903406762395,0.8700000000000045,0.005166577587742749,,,0,345.6666666666667,1000.0,12.666666666666666,1000.0,970.0,1052.0,826.0,792.0,34.0,33.0,3.0,1.0,0.0004685315524616084,0.06897949939586502,False
IPGP,IPG Photonics Corporation,Information Technology,Electronic Equipment Instruments and Components,108.445,4602.8,0.5955,-0.0086,-0.1183,0.025,88.52913532802631,0.037558030644165186,-2.1799999999999997,-0.07009646302250805,,,0,342.0,342.0,54.0,54.0,794.0,881.0,955.0,846.0,117.0,115.0,23.0,22.0,0.0011643420477946487,0.002975522813711317,False
IQV,IQVIA Holdings Inc.,Health Care,Life Sciences Tools and Services,179.827,30013.13,0.1322,-0.0451,-0.0587,0.1061,1134.4226612001476,0.019742489270386354,25.0,0.018382352941176405,,,0,72.33333333333333,1000.0,5.0,1000.0,100.0,961.0,76.0,417.0,7.0,110.0,1.0,7.0,0.01628534197696877,0.3643298698227608,False
IR,Ingersoll Rand Inc.,Industrials,Machinery,70.047,27411.97,-0.1581,0.0388,0.0787,,499.52945910537164,0.017043746487341416,5.600000000000023,0.009631922944616456,,,0,154.33333333333334,1000.0,29.0,1000.0,268.0,762.0,223.0,702.0,50.0,145.0,5.0,32.0,0.005795471054510306,0.04125151311389183,False
IRDM,Iridium Communications Inc.,Communication Services,Diversified Telecommunication Services,47.83,5056.96,0.6625,-0.0882,0.0413,0.1905,34.09084094185482,0.004795447766331007,-8.820000000000007,-0.07711812538253049,,,0,334.3333333333333,334.3333333333333,10.333333333333334,10.333333333333334,951.0,1035.0,1009.0,933.0,25.0,27.0,2.0,4.0,0.0023720671823585925,0.01876292647708268,False
IRON,Disc Medicine Inc.,Health Care,Biotechnology,68.015,2598.11,0.3373,0.1414,,,,,-29.419999999999987,0.1386558582335753,,,0,491.3333333333333,491.3333333333333,75.66666666666667,75.66666666666667,1258.0,507.0,1278.0,1073.0,142.0,74.0,44.0,41.0,,,False
IRT,Independence Realty Trust Inc.,Real Estate,Residential REITs,16.747,4039.71,-0.0884,-0.0296,-0.0218,0.0806,31.04081648225872,0.005413003170046116,-8.420000000000002,-0.14886845827439887,,,0,364.3333333333333,1000.0,25.666666666666668,1000.0,960.0,929.0,1091.0,931.0,61.0,72.0,7.0,9.0,0.001738703542117245,0.042739037725141135,False
IRTC,iRhythm Holdings Inc.,Health Care,Health Care Equipment and Supplies,111.625,3668.27,-0.2426,0.029,0.118,,169.24918341708542,0.0544877800679926,16.769999999999996,-0.37643097643097634,,,0,254.0,1000.0,31.333333333333332,1000.0,599.0,789.0,1044.0,506.0,72.0,91.0,14.0,8.0,0.002429677161380025,0.020475094451087635,False
IT,Gartner Inc.,Information Technology,IT Services,147.402,9868.84,-0.6435,-0.2459,-0.0875,0.039,145.55739980449562,-0.0035538221672927195,11.409999999999968,0.015646640977469373,,,0,297.6666666666667,1000.0,36.333333333333336,1000.0,649.0,1178.0,277.0,587.0,86.0,158.0,9.0,14.0,0.00191438220120487,0.030131516835791697,False
ITGR,Integer Holdings Corporation,Health Care,Health Care Equipment and Supplies,91.109,3093.59,-0.2409,0.0287,0.0047,0.1079,109.6595069627399,0.001181459183012823,38.99000000000001,0.3792432642739034,,,0,302.3333333333333,1000.0,37.333333333333336,1000.0,731.0,795.0,753.0,327.0,84.0,92.0,19.0,9.0,0.0015742303402372963,0.013266171908130715,False
ITRI,Itron Inc.,Information Technology,Electronic Equipment Instruments and Components,79.16,3509.9,-0.3545,0.0339,-0.0432,0.0603,-97.53827413811086,-0.008516426649318287,-12.019999999999982,-0.039925596226665694,,,0,467.3333333333333,1000.0,74.33333333333333,1000.0,1125.0,777.0,668.0,962.0,172.0,105.0,31.0,20.0,-0.001282830939526536,-0.0032783259300184085,False
ITT,ITT Inc.,Industrials,Machinery,184.098,16458.36,0.2083,0.288,0.1459,0.1798,604.2009945983027,0.07589183699377933,-30.399999999999977,-0.06229508196721312,,,0,105.33333333333333,105.33333333333333,17.0,17.0,217.0,269.0,420.0,1077.0,36.0,63.0,3.0,12.0,0.007009855598050246,0.049895366124624925,True
IVT,InvenTrust Properties Corp.,Real Estate,Retail REITs,35.22,2744.9,0.2597,0.1445,0.209,0.0693,27.027619047619055,0.029448139853594846,-1.6099999999999994,-0.014449829474062148,,,0,350.0,350.0,26.0,26.0,971.0,499.0,1191.0,840.0,63.0,16.0,10.0,5.0,0.0015139104668831596,0.03172360756596272,False
IVZ,Invesco Ltd.,Financials,Capital Markets,27.606,12237.65,0.8319,0.1953,-0.0118,-0.0029,471.32293407613724,0.033761427608160366,38.29999999999998,-0.13596024139155127,,,0,134.66666666666666,134.66666666666666,28.666666666666668,28.666666666666668,281.0,391.0,270.0,332.0,56.0,67.0,14.0,16.0,0.002749917896010408,0.004487732249350504,False
J,Jacobs Solutions Inc.,Industrials,Professional Services,125.069,14768.26,-0.0157,0.0247,-0.0225,0.0926,1487.7341976403786,0.09516300381220599,92.14000000000004,0.3184488836662751,,,0,74.66666666666667,1000.0,7.0,1000.0,64.0,805.0,122.0,167.0,9.0,151.0,2.0,10.0,0.01726048448608346,0.15064002056944276,False
JAN,Janus Living Inc.,Real Estate,Health Care REITs,25.488,6706.93,,,,,,0.0851338598321163,-6.449999999999999,-1.015748031496063,,,0,480.6666666666667,1000.0,38.666666666666664,1000.0,1258.0,1199.0,1096.0,913.0,95.0,89.0,11.0,10.0,,,False
JBHT,J.B. Hunt Transport Services Inc.,Industrials,Ground Transportation,285.06,26880.93,1.0231,0.1874,0.1151,0.134,69.97246172201267,0.011258344375828289,23.82000000000005,0.03981413385037125,,,0,369.3333333333333,369.3333333333333,58.333333333333336,58.333333333333336,858.0,405.0,137.0,430.0,162.0,88.0,9.0,4.0,0.0008118107333429818,0.029576533186393125,False
JBTM,JBT Marel Corporation,Industrials,Machinery,118.81,6186.18,-0.0238,0.0006,-0.0327,0.0664,1702.5145134134023,0.021589173819177576,218.0,-4.316831683168317,,,0,72.33333333333333,1000.0,15.333333333333334,1000.0,52.0,857.0,456.0,71.0,8.0,157.0,1.0,37.0,0.01975233572819123,0.14059491086360418,False
JEF,Jefferies Financial Group Inc.,Financials,Capital Markets,58.034,11864.02,0.085,0.2221,0.1259,0.1284,902.1537952978606,0.05775114893617017,31.370000000000005,0.04415324850805091,,,0,76.0,1000.0,16.0,1000.0,144.0,353.0,224.0,378.0,28.0,56.0,6.0,14.0,0.005263586147162833,0.008589916569555578,False
JKHY,Jack Henry & Associates Inc.,Financials,Financial Services,126.525,8989.7,-0.2963,-0.071,-0.0489,0.0411,195.79881593507935,0.05910857200594455,63.39999999999998,0.13911135490948978,,,0,285.6666666666667,1000.0,50.0,1000.0,553.0,1011.0,647.0,230.0,115.0,189.0,15.0,20.0,0.0011423816433056167,0.015933569668957447,False
JOBY,Joby Aviation Inc.,Industrials,Passenger Airlines,8.915,8769.18,-0.0742,0.0858,-0.0231,,77.55900142295974,0.4539498315237738,-27.549999999999955,0.0296287533339068,,,1,373.3333333333333,1000.0,56.333333333333336,1000.0,834.0,655.0,1242.0,1067.0,158.0,128.0,7.0,4.0,0.0008998287079374639,0.009451358462416229,False
JOE,The St. Joe Company,Real Estate,Real Estate Management and Development,64.475,3701.49,0.3689,0.1231,0.0579,0.1409,108.95314459448787,0.009430102289332831,-3.530000000000001,-0.030528409582288307,,,0,261.6666666666667,261.6666666666667,14.333333333333334,14.333333333333334,733.0,549.0,1148.0,870.0,30.0,22.0,7.0,6.0,0.006102842640737903,0.013864338415494863,False
JXN,Jackson Financial Inc.,Financials,Financial Services,106.934,7457.91,0.277,0.5314,,,-1511.825944995605,-0.1254809115122817,-400.0,-14.814814814814815,,,0,486.3333333333333,486.3333333333333,81.33333333333333,81.33333333333333,1242.0,104.0,311.0,1281.0,210.0,7.0,30.0,4.0,-0.008820697914786122,-0.12302824154928481,False
KAI,Kadant Inc.,Industrials,Machinery,281.05,3318.77,-0.147,0.0969,0.1048,0.1868,50.92825324180012,0.04019006889997612,1.4500000000000028,0.014219868588800644,,,0,402.0,1000.0,78.33333333333333,1000.0,915.0,621.0,932.0,780.0,169.0,122.0,39.0,27.0,0.0005908624849638009,0.004205692913955974,False
KALU,Kaiser Aluminum Corporation,Materials,Metals and Mining,180.13,2916.36,1.3035,0.386,0.0608,0.0746,638.513869579609,0.09765787133115933,40.900000000000006,0.36355555555555563,,,0,76.66666666666667,76.66666666666667,8.666666666666666,8.666666666666666,207.0,184.0,477.0,314.0,14.0,9.0,6.0,6.0,0.02533292314531725,0.08548516168985652,False
KBH,KB Home,Consumer Discretionary,Household Durables,52.646,3298.18,-0.0145,0.026,0.0374,0.1401,-932.8734170621601,-0.05047296354676967,-76.13,-0.17754611814641197,,,0,481.0,1000.0,56.0,1000.0,1225.0,801.0,310.0,1175.0,139.0,79.0,15.0,14.0,-0.015276327853506995,-0.19926345169348755,False
KBR,KBR Inc.,Industrials,Professional Services,34.52,4376.79,-0.3525,-0.1835,-0.0292,0.0888,-250.96612969847138,-0.012201387105060357,-14.0,-0.03373493975903619,,,0,526.0,1000.0,84.33333333333333,1000.0,1169.0,1148.0,227.0,982.0,208.0,201.0,24.0,21.0,-0.0029116740040413956,-0.025411490170739275,False
KD,Kyndryl Holdings Inc.,Information Technology,IT Services,11.125,2446.59,-0.7244,-0.0362,,,34.63194652299717,0.002324500232450122,-54.0,-0.2142857142857143,,,0,404.6666666666667,1000.0,55.0,1000.0,950.0,945.0,99.0,1135.0,142.0,122.0,13.0,10.0,0.0004554820442365239,0.007169082994856421,False
KEEL,Keel Infrastructure Corp.,Information Technology,Software,5.322,3213.58,4.9411,0.694,0.0569,,9.21386973180077,-0.04649337055129099,-89.79999999999995,0.31559710409784203,,,1,394.3333333333333,394.3333333333333,73.66666666666667,73.66666666666667,1013.0,68.0,1212.0,1190.0,150.0,20.0,65.0,6.0,0.00012118152867852273,0.0005963810126986908,False
KEX,Kirby Corporation,Industrials,Marine Transportation,139.9,7484.65,0.2408,0.2304,0.159,0.0709,179.03852160727774,0.017371917777678547,5.2099999999999795,0.014693854528019745,,,0,253.33333333333334,1000.0,36.666666666666664,1000.0,578.0,333.0,507.0,705.0,107.0,75.0,1.0,2.0,0.002077179935444849,1.0,False
KFY,Korn Ferry,Industrials,Professional Services,72.74,3774.27,0.0493,0.1232,0.0196,0.0969,150.88331723027386,0.04748927691028482,22.480000000000018,0.09135983093554434,,,0,290.0,1000.0,47.0,1000.0,639.0,547.0,595.0,447.0,120.0,111.0,16.0,5.0,0.001750527184488017,0.015277639007830602,False
KGS,Kodiak Gas Services Inc.,Energy,Energy Equipment and Services,68.065,6761.2,1.0007,,,,50.80909510529864,0.0123232168794436,-12.599999999999994,-0.15648286140089418,,,0,339.3333333333333,339.3333333333333,22.333333333333332,22.333333333333332,916.0,1199.0,866.0,969.0,38.0,64.0,11.0,18.0,0.0012398456458084608,0.02011573129923008,False
KHC,The Kraft Heinz Company,Consumer Staples,Food Products,24.232,28733.76,-0.0828,-0.1303,-0.11,-0.1182,-445.1145038167924,0.0019244647582390417,86.0,-0.014710913445090679,,,0,426.3333333333333,1000.0,26.333333333333332,1000.0,1195.0,1088.0,39.0,183.0,48.0,36.0,19.0,12.0,-0.007601444379096036,-0.012325471308429736,False
KIM,Kimco Realty Corporation,Real Estate,Retail REITs,25.609,17315.48,0.2201,0.0967,0.0299,-0.0133,91.69289763477946,0.00999476664859933,32.08000000000004,0.054861989944248846,,,0,283.0,1000.0,16.333333333333332,1000.0,783.0,622.0,696.0,366.0,37.0,29.0,3.0,9.0,0.005136036482664845,0.10762433405720148,False
KLRA,Kailera Therapeutics Inc.,Health Care,Biotechnology,19.825,2568.08,,,,,,,180.60999999999999,-0.5480171132081196,,,0,516.3333333333334,1000.0,81.33333333333333,1000.0,1258.0,1199.0,1278.0,85.0,142.0,149.0,44.0,58.0,,,False
KMB,Kimberly-Clark Corporation,Consumer Staples,Household Products,101.38,33652.11,-0.2369,-0.0897,-0.0481,-0.0253,-3228.8948374760985,0.006627348452605375,98.0,0.04849084611578425,,,1,444.6666666666667,1000.0,21.333333333333332,1000.0,1250.0,1039.0,77.0,156.0,53.0,31.0,6.0,5.0,-0.05514146203406401,-12.064570909631348,False
KMT,Kennametal Inc.,Industrials,Machinery,33.945,2586.95,0.5053,0.0611,-0.0155,0.0348,142.75433743934332,0.08626992399013655,43.870000000000005,0.47106195640502535,,,0,304.3333333333333,304.3333333333333,61.666666666666664,61.666666666666664,654.0,707.0,702.0,298.0,124.0,135.0,30.0,31.0,0.0016562158956895331,0.011788759032331283,False
KMX,CarMax Inc.,Consumer Discretionary,Specialty Retail,50.042,7101.42,-0.2622,-0.1401,-0.1559,0.0016,-451.3013008130074,-0.016034490337969,-253.27,-0.50597330989292,,,1,483.0,1000.0,63.333333333333336,1000.0,1196.0,1099.0,34.0,1258.0,131.0,122.0,31.0,28.0,-0.0073903130969743365,-0.0228367508207748,False
KN,Knowles Corporation,Information Technology,Electronic Equipment Instruments and Components,38.57,3300.07,1.1977,0.3057,0.139,0.099,61.70277053161817,0.03523263654753883,11.699999999999996,0.2647058823529411,,,0,354.0,354.0,55.333333333333336,55.333333333333336,882.0,242.0,1114.0,580.0,130.0,50.0,26.0,10.0,0.0008115196192664463,0.00207387094322948,False
KNF,Knife River Corporation,Materials,Construction Materials,73.9,4194.11,-0.1244,0.1911,,,279.72576343889705,0.018010114398873345,-10.45999999999998,-0.06659451200101851,,,0,163.33333333333334,1000.0,9.0,1000.0,448.0,398.0,537.0,947.0,24.0,18.0,1.0,2.0,0.011098069446209996,0.7772655115937365,False
KNSL,Kinsale Capital Group Inc.,Financials,Insurance,315.258,7270.74,-0.3142,-0.0398,0.1403,,279.14210526315765,0.02311111585440684,23.33000000000004,0.04632552967574122,,,0,241.0,1000.0,48.666666666666664,1000.0,450.0,954.0,733.0,437.0,91.0,182.0,23.0,32.0,0.0016286452775692382,0.010869700361169809,False
KNTK,Kinetik Holdings Inc.,Energy,Oil Gas and Consumable Fuels,47.765,7755.12,0.0702,0.1326,,,146.27898013366303,-0.018867710653540426,-24.38999999999993,-0.046374992869773424,,,0,233.66666666666666,1000.0,22.333333333333332,1000.0,645.0,524.0,774.0,1050.0,24.0,32.0,20.0,23.0,0.003569505739398829,0.003803965527402457,False
KNX,Knight-Swift Transportation Holdings Inc.,Industrials,Ground Transportation,80.845,13136.83,0.8508,0.1316,0.1159,0.1177,83.75330267972004,0.0034619910598701065,-31.96,-0.4846095526914329,,,0,356.3333333333333,356.3333333333333,55.333333333333336,55.333333333333336,812.0,527.0,237.0,1082.0,152.0,105.0,8.0,6.0,0.0009716941264470429,0.035401531905765234,False
KOD,Kodiak Sciences Inc.,Health Care,Biotechnology,33.234,2075.13,7.2467,0.5356,-0.1684,,,,-0.6899999999999977,0.003000391355394205,,,1,475.0,475.0,67.66666666666667,67.66666666666667,1258.0,101.0,1278.0,822.0,142.0,25.0,44.0,17.0,,,False
KRC,Kilroy Realty Corporation,Real Estate,Office REITs,38.115,4475.17,0.0691,0.0836,-0.1226,-0.0475,-16.01612497463998,-0.0007100038645779794,-58.27000000000001,-0.21103143560770687,,,0,392.6666666666667,1000.0,30.666666666666668,1000.0,1064.0,661.0,927.0,1146.0,80.0,34.0,6.0,6.0,-0.0008971185806376915,-0.036618797218694946,False
KRG,Kite Realty Group Trust,Real Estate,Retail REITs,29.077,6058.9,0.2958,0.1144,0.0487,0.0123,-27.151411011259256,-0.024136338335090102,-12.330000000000041,-0.041284403669724856,,,0,394.3333333333333,394.3333333333333,34.666666666666664,34.666666666666664,1078.0,570.0,1030.0,966.0,82.0,23.0,15.0,7.0,-0.0015208444831256087,-0.031868908107139604,False
KRMN,Karman Holdings Inc.,Industrials,Aerospace and Defense,47.765,6330.12,0.0386,,,,160.20875043339572,0.10835630965005305,12.59,0.7248128957973516,,,0,314.0,1000.0,51.666666666666664,1000.0,618.0,1199.0,1144.0,567.0,117.0,207.0,15.0,23.0,0.001858719558760105,0.015579738901855175,False
KRYS,Krystal Biotech Inc.,Health Care,Biotechnology,322.736,9514.18,1.3115,0.3567,0.3773,,83.86012784658413,0.07239225965615614,20.19999999999999,0.09861836645022692,,,0,316.6666666666667,316.6666666666667,48.0,48.0,811.0,205.0,1167.0,467.0,93.0,46.0,25.0,26.0,0.0012038642270854585,0.009377560695636417,False
KTB,Kontoor Brands Inc.,Consumer Discretionary,Textiles Apparel and Luxury Goods,79.865,4414.33,0.2119,0.2426,0.0452,,943.4259948320414,0.06037190003996873,49.56,0.2178940426467355,,,0,60.0,1000.0,7.666666666666667,1000.0,136.0,319.0,517.0,274.0,17.0,27.0,3.0,3.0,0.01544913226058294,0.21876762037113706,False
KTOS,Kratos Defense & Security Solutions Inc.,Industrials,Aerospace and Defense,55.859,10474.68,0.3826,0.5748,0.1634,0.3027,253.485995731407,0.050787050787050925,7.399999999999999,0.3363636363636362,,,0,195.66666666666666,195.66666666666666,37.333333333333336,37.333333333333336,475.0,94.0,843.0,663.0,91.0,21.0,14.0,7.0,0.0029409091380038187,0.024650623752376956,True
KVUE,Kenvue Inc.,Consumer Staples,Personal Care Products,18.025,34608.16,-0.1751,-0.1042,,,-10.711898328831012,0.01110817244115303,152.0,0.10340136054421767,,,0,375.6666666666667,1000.0,15.333333333333334,1000.0,1052.0,1062.0,91.0,110.0,40.0,35.0,4.0,2.0,-0.00018293247836888133,-0.026932211320312968,False
KVYO,Klaviyo Inc.,Information Technology,Software,14.212,4253.36,-0.5833,,,,304.907453749904,0.06335391646812871,23.13,-0.7280453257790368,,,0,209.0,1000.0,42.0,1000.0,418.0,1199.0,872.0,440.0,46.0,163.0,16.0,64.0,0.004010166458438516,0.019735574882195316,False
KWR,Quaker Chemical Corporation,Materials,Chemicals,139.49,2422.45,0.1615,-0.1139,-0.1036,0.0431,113.30588235294113,0.019892726473687228,6.75,-2.710843373493976,,,0,269.3333333333333,1000.0,22.666666666666668,1000.0,720.0,1073.0,730.0,678.0,34.0,54.0,11.0,23.0,0.004495390540927854,0.016523291080478068,False
KYMR,Kymera Therapeutics Inc.,Health Care,Biotechnology,82.26,6766.51,0.6999,0.5331,0.1022,,-7.4081262868908695,0.31293037490436104,-3.6499999999999773,0.01172314115946671,,,1,399.0,399.0,61.333333333333336,61.333333333333336,1045.0,103.0,1247.0,874.0,126.0,26.0,40.0,18.0,-0.0001063482545940647,-0.0008284050558967575,False
L,Loews Corporation,Financials,Insurance,108.115,22246.7,0.2209,0.2207,0.1395,0.105,741.1687625995983,0.0033055164192044018,-33.0,-0.019796040791841607,,,0,90.0,1000.0,19.333333333333332,1000.0,177.0,355.0,65.0,1084.0,36.0,57.0,12.0,10.0,0.004324324357845236,0.02886086410690955,False
LAD,Lithia Motors Inc.,Consumer Discretionary,Specialty Retail,306.42,6988.16,-0.0905,0.0633,-0.0171,0.1511,923.7857769973634,0.0024737676996617886,-109.10000000000002,-0.13311371400683258,,,1,73.66666666666667,1000.0,13.666666666666666,1000.0,139.0,702.0,21.0,1203.0,18.0,64.0,6.0,17.0,0.015127512626804862,0.046745412794202586,False
LAMR,Lamar Advertising Company,Real Estate,Specialized REITs,152.257,15450.29,0.2514,0.1783,0.0724,0.0897,68.1675822256716,0.009790771348646699,-37.47000000000003,-0.06381674188878483,,,0,307.0,307.0,18.333333333333332,18.333333333333332,862.0,427.0,677.0,1103.0,47.0,12.0,6.0,2.0,0.003818302161642086,0.04929330912142157,False
LASR,nLIGHT Inc.,Information Technology,Electronic Equipment Instruments and Components,66.661,3760.26,2.6993,0.6639,0.1886,,84.14842381662052,0.10909577928289904,8.739999999999998,-0.37239028547081376,,,0,317.3333333333333,317.3333333333333,49.666666666666664,49.666666666666664,809.0,75.0,1197.0,633.0,121.0,22.0,24.0,4.0,0.0011067265905433336,0.002828284201313516,False
LAUR,Laureate Education Inc.,Consumer Discretionary,Diversified Consumer Services,37.498,5248.91,0.7217,0.4513,0.1942,,210.9395290396276,0.021416862033103667,-2.1000000000000227,-0.00745659198238835,,,0,203.0,203.0,27.333333333333332,27.333333333333332,526.0,145.0,773.0,844.0,74.0,9.0,5.0,3.0,0.003454253646782813,0.08715324190994238,False
LAZ,Lazard Inc.,Financials,Capital Markets,42.382,4171.99,-0.0326,0.1178,-0.0188,0.0252,259.7980485115768,0.03247161961079237,40.53999999999999,0.17117763796816288,,,0,227.66666666666666,1000.0,48.666666666666664,1000.0,467.0,562.0,538.0,317.0,95.0,121.0,22.0,29.0,0.0015157830253920077,0.0024736841692396625,False
LB,LandBridge Company LLC,Real Estate,Real Estate Management and Development,67.03,5162.45,-0.0532,,,,71.252735244078,0.035461349138580456,2.2500000000000036,0.07467640225688688,,,0,329.0,1000.0,20.666666666666668,1000.0,854.0,1199.0,1215.0,769.0,44.0,89.0,8.0,10.0,0.003991112257798635,0.00906694375945101,False
LBRDK,Liberty Broadband Corporation,Communication Services,Media,32.165,4612.58,-0.6597,-0.2414,-0.2763,-0.0608,,,-65.0,0.02428998505231683,,,0,444.3333333333333,1000.0,22.0,1000.0,1258.0,1173.0,1278.0,1158.0,41.0,34.0,15.0,10.0,,,False
LBRT,Liberty Energy Inc.,Energy,Energy Equipment and Services,28.087,4583.56,1.1007,0.2708,0.1291,,-169.62238799749957,0.01091330264695034,2.4499999999999886,0.016568607560695225,,,0,408.3333333333333,408.3333333333333,26.666666666666668,26.666666666666668,1154.0,292.0,435.0,767.0,57.0,14.0,17.0,6.0,-0.004139132546141358,-0.06715487398900008,False
LC,LendingClub Corporation,Financials,Consumer Finance,17.401,2007.22,0.5862,0.236,0.0085,-0.02,176.58238302692325,0.02802835051546393,39.93000000000001,0.29429540094339623,,,0,253.33333333333334,253.33333333333334,48.0,48.0,585.0,329.0,853.0,321.0,123.0,52.0,14.0,7.0,0.0010302640081746146,0.02680981696383966,False
LCII,LCI Industries,Consumer Discretionary,Automobile Components,90.35,2194.17,-0.0022,-0.0968,-0.0816,0.0135,348.2633137829912,0.010897569638186999,13.509999999999991,0.0717662682602922,,,0,178.33333333333334,1000.0,19.333333333333332,1000.0,372.0,1051.0,426.0,553.0,47.0,116.0,2.0,9.0,0.005703008000219664,0.16200686277564166,False
LCLN,Lincoln International Inc.,Financials,Capital Markets,23.7,2417.0,,,,,,0.0322906547503401,-22.659999999999997,-0.10582356512399005,,,0,558.6666666666666,1000.0,104.66666666666667,1000.0,1258.0,1199.0,1043.0,1036.0,215.0,203.0,50.0,49.0,,,False
LDOS,Leidos Holdings Inc.,Industrials,Professional Services,122.51,15409.98,-0.1604,0.1386,0.0276,0.0971,396.2268907563048,0.00902527075812265,-35.0,-0.024171270718231996,,,0,164.33333333333334,1000.0,25.666666666666668,1000.0,326.0,514.0,72.0,1090.0,64.0,103.0,9.0,4.0,0.004596969076677401,0.04011981916417844,False
LEA,Lear Corporation,Consumer Discretionary,Automobile Components,142.13,7120.02,0.512,0.0096,-0.0589,0.0212,649.5657720731215,0.0112859053015808,91.59999999999997,0.20970695970695963,,,0,105.33333333333333,105.33333333333333,11.333333333333334,11.333333333333334,202.0,837.0,45.0,168.0,27.0,87.0,1.0,6.0,0.010637005530563001,0.30216824091203903,False
LECO,Lincoln Electric Holdings Inc.,Industrials,Machinery,253.14,13868.81,0.243,0.0991,0.1444,0.1539,318.1193298730186,0.027651783605008307,17.899999999999977,0.03438802758726678,,,0,201.0,1000.0,40.333333333333336,1000.0,403.0,615.0,408.0,497.0,80.0,120.0,15.0,26.0,0.0036907760584554273,0.02627053013358145,False
LEGN,Legend Biotech Corporation,Health Care,Biotechnology,35.065,6512.97,-0.0417,-0.1961,-0.0255,,410.69256346313693,0.10700748372047819,46.70000000000002,-0.15734501347708896,,,0,166.66666666666666,1000.0,34.666666666666664,1000.0,318.0,1155.0,919.0,285.0,40.0,142.0,9.0,55.0,0.0058957468606272104,0.045925215475079335,False
LEN,Lennar Corporation,Consumer Discretionary,Household Durables,91.159,22388.66,-0.1824,-0.0722,-0.0034,0.0707,-2585.472003880568,-0.029604003635307352,-290.1399999999999,-0.13961254559277825,,,1,498.3333333333333,1000.0,58.0,1000.0,1248.0,1012.0,25.0,1270.0,142.0,105.0,17.0,15.0,-0.042338560907574346,-0.5522615033587043,False
LEU,Centrus Energy Corp.,Energy,Oil Gas and Consumable Fuels,153.631,3022.35,-0.0285,0.6813,0.4189,0.4592,-19.091349661281924,0.008023178069979986,-17.199999999999996,-0.22107969151670948,,,2,371.0,371.0,25.0,25.0,1067.0,70.0,1162.0,1006.0,43.0,3.0,31.0,1.0,-0.00046586790615128987,-0.000496468022382598,False
LEVI,Levi Strauss & Co.,Consumer Discretionary,Textiles Apparel and Luxury Goods,23.756,9136.47,0.3708,0.1852,-0.0271,,96.02512315270906,0.034336198662846096,40.799999999999955,0.07057602490918513,,,0,302.6666666666667,302.6666666666667,36.666666666666664,36.666666666666664,770.0,412.0,276.0,315.0,98.0,40.0,8.0,4.0,0.0015724654992033333,0.022266916327341034,False
LFST,LifeStance Health Group Inc.,Health Care,Health Care Providers and Services,8.175,3170.55,0.4598,-0.0129,-0.1937,,211.26776060449947,0.049498346544594174,13.54,1.401656314699793,,,0,229.0,229.0,35.0,35.0,524.0,889.0,825.0,552.0,64.0,99.0,24.0,17.0,0.003032879937811487,0.004615281094564281,False
LFTO,Liftoff Mobile Inc.,Communication Services,Media,23.6,3996.2,,,,,222.1819581203165,0.08119695511418312,45.46,-1.964563526361279,,,0,187.0,1000.0,12.0,1000.0,508.0,1199.0,1062.0,289.0,16.0,37.0,7.0,13.0,0.015459593157830128,0.03620684174102835,False
LFUS,Littelfuse Inc.,Information Technology,Electronic Equipment Instruments and Components,451.199,11410.33,1.0109,0.1898,0.1159,0.1433,279.30090909090904,0.04302494667454493,31.580000000000005,-0.4404463040446305,,,0,188.66666666666666,188.66666666666666,26.333333333333332,26.333333333333332,449.0,402.0,653.0,376.0,50.0,67.0,14.0,15.0,0.0036733871988791984,0.009387488354099102,False
LGN,Legence Corp.,Industrials,Construction and Engineering,84.369,9115.05,,,,,946.5999002217295,0.20856384459456812,37.31,-0.6241217798594848,,,0,121.66666666666667,1000.0,15.333333333333334,1000.0,135.0,1199.0,562.0,343.0,23.0,207.0,6.0,17.0,0.010982319905141275,0.06909399335948205,False
LGND,Ligand Pharmaceuticals Incorporated,Health Care,Pharmaceuticals,254.328,5097.0,1.2041,0.509,0.1551,0.0837,92.99362073525523,0.023835279197284676,29.11,0.23390920048212127,,,0,300.0,300.0,37.333333333333336,37.333333333333336,778.0,114.0,1202.0,393.0,91.0,31.0,12.0,9.0,0.0013349811910033525,0.033381283546797,False
LH,Labcorp Holdings Inc.,Health Care,Health Care Providers and Services,267.289,21917.7,0.0282,0.0708,0.0067,0.0744,967.1923607229346,0.013797601725954456,65.0,0.07415858528237318,,,0,74.33333333333333,1000.0,10.666666666666666,1000.0,130.0,688.0,111.0,228.0,10.0,83.0,8.0,14.0,0.013884647134271018,0.02112894368965298,False
LII,Lennox International Inc.,Industrials,Building Products,499.603,17386.17,-0.0932,0.1804,0.0807,0.1372,-147.56650560296112,0.012030104132581432,-12.399999999999977,-0.015388433854554462,,,0,480.3333333333333,1000.0,76.0,1000.0,1147.0,423.0,349.0,967.0,202.0,92.0,17.0,9.0,-0.001712045998986404,-0.05174086698661621,False
LINE,Lineage Inc.,Real Estate,Industrial REITs,43.7,11054.12,-0.0353,,,,56.22006728676024,0.0009337068160597539,-46.0,0.45999999999999996,,,0,347.6666666666667,1000.0,22.666666666666668,1000.0,899.0,1199.0,341.0,1118.0,55.0,89.0,5.0,8.0,0.003149080507770426,0.15021206421406985,False
LION,Lionsgate Studios Corp.,Communication Services,Entertainment,13.985,4064.51,1.0811,0.1632,-0.0507,,-1316.2948094809476,-0.33336710656298285,163.7,-0.4522099447513812,,,0,430.0,430.0,18.333333333333332,18.333333333333332,1238.0,459.0,627.0,99.0,38.0,14.0,11.0,6.0,-0.09158881487271493,-0.33859493484688086,False
LKQ,LKQ Corporation,Consumer Discretionary,Distributors,25.489,6494.36,-0.3527,-0.2223,-0.1244,-0.0232,-321.8178469095383,0.010402168339315843,-90.0,-0.1482701812191104,,,0,483.3333333333333,1000.0,45.333333333333336,1000.0,1186.0,1166.0,114.0,1192.0,130.0,134.0,3.0,3.0,-0.005269948578856599,-0.26309768669000066,False
LLYVK,Liberty Live Holdings Inc.,Consumer Discretionary,Diversified Consumer Services,100.969,9201.91,0.3342,,,,10.967454050374386,0.04335646026966877,-264.65999999999997,3.0431183166609177,,,1,421.3333333333333,421.3333333333333,48.666666666666664,48.666666666666664,1011.0,1199.0,1175.0,1261.0,116.0,137.0,15.0,15.0,0.00017959823994065905,0.004531389542492475,False
LMAT,LeMaitre Vascular Inc.,Health Care,Health Care Equipment and Supplies,91.279,2085.79,0.0979,0.1148,0.101,0.1975,30.024151143285962,0.02676282051282053,4.670000000000002,0.08089381604018708,,,0,384.0,1000.0,46.0,1000.0,964.0,569.0,1204.0,711.0,112.0,76.0,22.0,4.0,0.00043101533992570974,0.00363220263791508,False
LMND,Lemonade Inc.,Financials,Insurance,56.089,4308.8,0.3219,0.4227,-0.1198,,286.1098664197857,0.1447350589510774,26.599999999999994,-0.16072507552870086,,,0,180.0,180.0,37.0,37.0,440.0,161.0,1021.0,408.0,86.0,14.0,22.0,3.0,0.0016692984470087766,0.011141022653768214,False
LNC,Lincoln National Corporation,Financials,Insurance,35.89,6862.64,0.0856,0.1577,-0.1192,-0.018,505.74931880109216,0.030707756308500755,550.0,0.4672897196261683,,,1,134.33333333333334,1000.0,26.666666666666668,1000.0,265.0,468.0,62.0,21.0,50.0,88.0,16.0,14.0,0.002950777486337069,0.019693709582261215,False
LNT,Alliant Energy Corporation,Utilities,Electric Utilities,73.261,18921.63,0.1984,0.112,0.0457,0.065,340.0971017168172,0.012838147638697839,11.0,0.013580246913580174,,,0,135.66666666666666,1000.0,8.666666666666666,1000.0,380.0,577.0,401.0,591.0,16.0,11.0,6.0,4.0,0.01607701556493028,0.03390916960319581,False
LNTH,Lantheus Holdings Inc.,Health Care,Health Care Equipment and Supplies,102.565,6677.61,0.2702,0.0604,0.3336,0.4388,9.527247068177303,0.002964433287277801,45.46999999999997,0.19468230861448865,,,1,405.0,405.0,49.0,49.0,1012.0,712.0,815.0,288.0,118.0,85.0,23.0,6.0,0.00013676954975511233,0.001152568536174609,False
LOAR,Loar Holdings Inc.,Industrials,Aerospace and Defense,65.464,6129.03,-0.2199,,,,112.07080107654559,0.08348109937938264,-4.180000000000007,-0.057934857934857975,,,0,357.3333333333333,1000.0,59.666666666666664,1000.0,727.0,1199.0,1140.0,882.0,138.0,207.0,18.0,23.0,0.001300229789966992,0.01089849221450745,False
LOPE,Grand Canyon Education Inc.,Consumer Discretionary,Diversified Consumer Services,149.694,3925.02,-0.1843,0.122,0.0985,0.1357,77.8424425207113,0.01758478215664483,3.730000000000018,0.017254938243049578,,,0,328.3333333333333,1000.0,41.333333333333336,1000.0,833.0,550.0,924.0,734.0,103.0,49.0,13.0,8.0,0.0012747138584022091,0.03216192457978721,False
LPX,Louisiana-Pacific Corporation,Materials,Paper and Forest Products,70.545,4928.62,-0.2074,0.0348,0.0377,0.1482,-382.90595539204423,-0.0553914327917282,-64.0,-0.4383561643835616,,,0,427.0,1000.0,19.333333333333332,1000.0,1191.0,775.0,636.0,1155.0,56.0,34.0,1.0,1.0,-0.015191725038357267,,False
LRN,Stride Inc.,Consumer Discretionary,Diversified Consumer Services,98.603,4131.38,-0.3071,0.3359,0.2648,0.2375,249.84011358514363,0.05418821612093172,20.180000000000007,0.07008404528721268,,,0,185.33333333333334,185.33333333333334,24.0,24.0,480.0,218.0,643.0,468.0,64.0,12.0,3.0,5.0,0.004091272638150185,0.1032256777913016,False
LSCC,Lattice Semiconductor Corporation,Information Technology,Semiconductors and Semiconductor Equipment,135.917,18621.7,1.6645,0.19,0.2145,0.3733,85.28288207747983,0.09698811298398491,16.799999999999997,5.454545454545454,,,2,330.3333333333333,330.3333333333333,53.333333333333336,53.333333333333336,805.0,401.0,1125.0,505.0,120.0,66.0,20.0,20.0,0.0011216470734972466,0.014239116386013287,True
LSTR,Landstar System Inc.,Industrials,Ground Transportation,222.235,7540.04,0.5926,0.0584,0.0668,0.1294,-76.66596017069696,0.003819280957826132,9.629999999999995,0.08373184940439948,,,0,482.3333333333333,482.3333333333333,72.33333333333333,72.33333333333333,1113.0,718.0,378.0,615.0,194.0,140.0,13.0,10.0,-0.0008894677679896143,-0.03240579592960032,False
LTH,Life Time Group Holdings Inc.,Consumer Discretionary,Hotels Restaurants and Leisure,33.625,7485.02,0.2232,0.1865,,,347.5720243058636,0.02759359788465754,11.95999999999998,0.03200685096475486,,,0,153.66666666666666,1000.0,23.666666666666668,1000.0,375.0,408.0,563.0,575.0,48.0,38.0,14.0,9.0,0.005691687745508647,0.018989459530875743,False
LUMN,Lumen Technologies Inc.,Communication Services,Diversified Telecommunication Services,8.351,8604.13,1.0123,0.6655,-0.1112,-0.1105,-881.4290924694269,-0.022818900177390744,1.0,-0.0005750431282346424,,,0,421.3333333333333,421.3333333333333,14.0,14.0,1224.0,74.0,138.0,786.0,37.0,3.0,4.0,1.0,-0.06133052063423484,-0.4851211879745949,False
LUNR,Intuitive Machines Inc.,Industrials,Aerospace and Defense,29.595,6422.73,1.6377,0.4971,,,116.95405798985828,0.5912596401028276,-25.989999999999995,0.31204226197622753,,,1,292.6666666666667,292.6666666666667,54.333333333333336,54.333333333333336,713.0,123.0,1188.0,1058.0,135.0,30.0,17.0,11.0,0.001356884655014443,0.011373371816865499,False
LUV,Southwest Airlines Co.,Industrials,Passenger Airlines,41.575,20320.77,0.2414,0.107,-0.063,-0.0048,1301.876241405651,0.029255603463635316,376.0,0.8526077097505669,,,1,69.66666666666667,1000.0,6.666666666666667,1000.0,77.0,597.0,33.0,38.0,13.0,119.0,4.0,3.0,0.01510418642202555,0.15864695013447452,False
LVS,Las Vegas Sands Corp.,Consumer Discretionary,Hotels Restaurants and Leisure,50.811,33667.58,0.2144,-0.0457,-0.0179,0.0094,2539.2174125703114,0.05554275178612578,215.0,0.13214505224339268,,,0,46.333333333333336,1000.0,10.0,1000.0,36.0,963.0,115.0,72.0,4.0,99.0,2.0,24.0,0.04158111591164906,0.1387291350401284,False
LW,Lamb Weston Holdings Inc.,Consumer Staples,Food Products,44.57,6153.9,-0.2008,-0.2673,-0.1184,,130.3088984711876,0.01033900144156985,-56.89999999999998,-0.1592945128779395,,,0,253.0,1000.0,19.0,1000.0,682.0,1186.0,274.0,1143.0,28.0,49.0,11.0,18.0,0.0022253506352552066,0.003608326791348006,False
LXP,LXP Industrial Trust,Real Estate,Industrial REITs,52.644,3103.5,0.2186,0.0109,-0.0408,0.0076,-13.756638943757139,-0.008337378294263842,-19.22,-0.1698480028278544,,,0,396.3333333333333,1000.0,30.333333333333332,1000.0,1057.0,834.0,1185.0,1018.0,79.0,53.0,7.0,5.0,-0.0007705569495186842,-0.03675579258646777,False
LYFT,Lyft Inc.,Industrials,Ground Transportation,13.485,5120.02,-0.1334,0.0885,-0.248,,557.7467885881488,0.03171497056802597,11.679999999999836,0.004106877261331743,,,1,137.0,1000.0,17.666666666666668,1000.0,243.0,645.0,275.0,582.0,43.0,125.0,2.0,8.0,0.006470900384529366,0.2357529804770613,False
M,Macy's Inc.,Consumer Discretionary,Broadline Retail,24.111,6342.11,0.9828,0.1543,0.0438,-0.0316,-79.79929754139448,0.0043764643472878895,25.0,0.0389408099688473,,,0,427.6666666666667,427.6666666666667,43.666666666666664,43.666666666666664,1116.0,477.0,48.0,417.0,123.0,44.0,6.0,2.0,-0.0013067584620011406,-0.014674467437647516,False
MAA,Mid-America Apartment Communities Inc.,Real Estate,Residential REITs,138.315,16503.35,-0.0801,-0.0356,-0.0421,0.0349,16.914172868909645,0.0020053143092528813,-57.31,-0.12823611017878322,,,0,379.3333333333333,1000.0,29.333333333333332,1000.0,994.0,943.0,690.0,1144.0,69.0,75.0,9.0,10.0,0.0009474213507226872,0.023288545671698316,False
MAC,The Macerich Company,Real Estate,Retail REITs,24.649,7265.71,0.5178,0.2994,0.0686,-0.1095,12.045942286787295,-0.01608937044934966,13.77000000000001,-0.06984529546030949,,,0,361.3333333333333,361.3333333333333,28.666666666666668,28.666666666666668,1008.0,254.0,964.0,546.0,71.0,5.0,14.0,1.0,0.0006747349102156394,0.014138897887934368,False
MAIN,Main Street Capital Corporation,Financials,Capital Markets,51.594,4797.72,-0.1064,0.088,0.0424,0.047,23.005320986469656,0.00540263775843508,-67.09999999999997,-0.13599513579246036,,,0,436.0,1000.0,87.0,1000.0,980.0,647.0,1128.0,1164.0,189.0,139.0,42.0,30.0,0.00013422377590889157,0.00021904667359335886,False
MAIR,Madison Air Solutions Corporation,Industrials,Building Products,38.59,19343.93,,,,,,0.06984820813748094,-4.099999999999994,-0.04226804123711336,,,0,562.6666666666666,1000.0,88.33333333333333,1000.0,1258.0,1199.0,490.0,880.0,223.0,207.0,21.0,21.0,,,False
MANE,Veradermics Incorporated,Health Care,Pharmaceuticals,94.515,3948.71,,,,,,,-14.829999999999998,0.21185714285714274,,,0,516.3333333333334,1000.0,62.666666666666664,1000.0,1258.0,1199.0,1278.0,986.0,142.0,149.0,21.0,25.0,,,False
MANH,Manhattan Associates Inc.,Information Technology,Software,139.684,8264.35,-0.2622,-0.0905,-0.0067,0.0776,50.218740217598906,0.01796761575379824,-3.289999999999992,-0.01495794498749714,,,0,396.6666666666667,1000.0,80.0,1000.0,917.0,1043.0,928.0,866.0,135.0,138.0,58.0,47.0,0.0006604807627000029,0.0032504804191073296,False
MARA,MARA Holdings Inc.,Information Technology,Software,12.865,4905.05,-0.2131,0.1107,-0.1348,-0.114,162.73387715307115,-0.04329228632219517,-726.4200000000001,0.5538933113734101,,,0,259.3333333333333,1000.0,46.666666666666664,1000.0,612.0,584.0,1016.0,1299.0,77.0,89.0,35.0,28.0,0.0021402885622670855,0.01053318500064848,False
MAS,Masco Corporation,Industrials,Building Products,71.425,14173.18,0.1185,0.0977,0.0398,0.0861,-23.878924666465537,0.01547209732874899,27.0,0.03333333333333344,,,0,459.6666666666667,1000.0,71.0,1000.0,1071.0,618.0,229.0,405.0,187.0,121.0,14.0,12.0,-0.0002770399506871546,-0.0083726063709557,False
MASI,Masimo Corporation,Health Care,Health Care Equipment and Supplies,179.95,9423.23,0.0775,0.048,-0.0412,0.1319,-568.274017467249,0.02069552688453724,227.8,-1.5036303630363035,,,0,478.6666666666667,1000.0,57.666666666666664,1000.0,1210.0,737.0,811.0,69.0,139.0,87.0,27.0,7.0,-0.008157926518577618,-0.0687475351243932,False
MAT,Mattel Inc.,Consumer Discretionary,Leisure Products,14.505,4215.15,-0.2465,-0.074,-0.0713,-0.0733,-13.491629072681462,0.006645947169021005,101.35000000000002,0.2549172493586198,,,0,426.6666666666667,1000.0,43.333333333333336,1000.0,1056.0,1016.0,339.0,152.0,117.0,107.0,7.0,6.0,-0.00022093302823576475,-0.00666711248219274,False
MATX,Matson Inc.,Industrials,Marine Transportation,198.718,6013.86,0.7369,0.3806,0.2511,0.1955,-161.55822147650997,-0.007235760203318842,-15.699999999999989,-0.03529676258992798,,,0,467.6666666666667,467.6666666666667,69.0,69.0,1150.0,190.0,519.0,993.0,204.0,49.0,2.0,1.0,-0.0018743759334277274,-0.9023657033478475,False
MBIN,Merchants Bancorp,Financials,Financial Services,49.305,2264.85,0.5083,0.2185,0.1224,,-35.91673105497773,0.03865599886462401,9.48999999999998,0.04337889107281612,,,0,446.3333333333333,446.3333333333333,76.0,76.0,1083.0,359.0,1122.0,621.0,198.0,58.0,24.0,6.0,-0.00020955496614624973,-0.0029228048893587054,False
MC,Moelis & Company,Financials,Capital Markets,66.807,5439.32,0.1518,0.1566,0.041,0.1007,246.3320429566238,0.008689345991561126,-11.840000000000003,-0.050806728458633765,,,0,224.0,1000.0,47.333333333333336,1000.0,484.0,471.0,818.0,960.0,98.0,90.0,23.0,21.0,0.001437216066336799,0.0023454667135850787,False
MCHB,Mechanics Bancorp,Financials,Banks,15.103,3343.82,0.3659,,0.1067,,89.9821251629727,0.07034824012697238,0.30000000000001137,0.0011289230074509327,,,0,380.6666666666667,380.6666666666667,93.33333333333333,93.33333333333333,790.0,1199.0,1087.0,803.0,149.0,203.0,52.0,79.0,0.0005249976999140364,0.004124811141771624,False
MCRI,Monarch Casino & Resort Inc.,Consumer Discretionary,Hotels Restaurants and Leisure,127.092,2255.82,0.4959,0.2254,0.1219,0.1887,30.346370426396902,0.020453836699502848,7.730000000000004,0.07624026038070819,,,0,368.0,368.0,50.666666666666664,50.666666666666664,963.0,344.0,1132.0,657.0,112.0,29.0,34.0,6.0,0.0004969389150969002,0.0016579618980321566,False
MCY,Mercury General Corporation,Financials,Insurance,101.126,5601.23,0.5558,0.5014,0.1076,0.0667,555.2543428831286,0.02436320593278185,298.75,0.5521262636529967,,,0,99.66666666666667,99.66666666666667,20.0,20.0,244.0,119.0,296.0,50.0,45.0,10.0,14.0,1.0,0.003239612893704764,0.021621418688119468,False
MDB,MongoDB Inc.,Information Technology,IT Services,353.74,28451.99,0.6797,-0.0188,0.0115,,497.5795535425427,0.05625456611737967,42.06,-0.591145467322558,,,0,137.33333333333334,137.33333333333334,13.0,13.0,269.0,900.0,630.0,307.0,26.0,117.0,4.0,9.0,0.006544204844719198,0.10300284777586265,True
MDGL,Madrigal Pharmaceuticals Inc.,Health Care,Biotechnology,476.674,10990.03,0.6195,0.2147,0.3457,,815.1058847598229,0.18164649415692824,-21.160000000000025,0.07340086027473292,,,0,79.0,79.0,17.0,17.0,162.0,364.0,922.0,1030.0,15.0,60.0,2.0,34.0,0.011701351299444307,0.09114826204044489,False
MDU,MDU Resources Group Inc.,Utilities,Gas Utilities,21.1,4410.03,0.253,0.0043,-0.0874,-0.0091,-38.36720588235312,-0.0367239623054072,-1.1500000000000057,-0.006039915966386533,,,0,385.0,385.0,18.666666666666668,18.666666666666668,1084.0,849.0,759.0,832.0,39.0,32.0,9.0,8.0,-0.0018136883938137207,-0.021819366786015863,False
MEDP,Medpace Holdings Inc.,Health Care,Life Sciences Tools and Services,472.15,13484.46,0.5618,0.3135,0.2192,,521.6792922135437,0.058508515036182374,9.279999999999973,0.020571023231069185,,,0,112.33333333333333,112.33333333333333,11.333333333333334,11.333333333333334,258.0,234.0,618.0,623.0,29.0,50.0,3.0,2.0,0.007489030294063979,0.16754191812451572,False
MGEE,MGE Energy Inc.,Utilities,Electric Utilities,77.7,3112.41,-0.1284,0.0014,0.0025,0.0347,62.778893979657255,0.03267047409344248,6.890000000000015,0.05070277430274506,,,0,314.0,1000.0,19.666666666666668,1000.0,876.0,855.0,1058.0,676.0,33.0,33.0,12.0,14.0,0.002967673792470163,0.0062593305050561154,False
MGM,MGM Resorts International,Consumer Discretionary,Hotels Restaurants and Leisure,46.706,11949.79,0.4055,0.0415,0.0157,0.0664,580.858253215978,0.010129047855816697,-23.420000000000016,-0.1137666375206452,,,0,110.0,110.0,18.333333333333332,18.333333333333332,230.0,755.0,70.0,1041.0,30.0,70.0,9.0,16.0,0.009511881194435842,0.03173496001195258,False
MGNI,Magnite Inc.,Communication Services,Media,15.654,2241.89,-0.1146,0.0523,-0.1377,0.0105,47.90014005602234,0.012045661460886592,14.049999999999983,0.09715787289952282,,,0,322.6666666666667,1000.0,12.0,1000.0,926.0,729.0,1070.0,541.0,23.0,19.0,9.0,4.0,0.0033329289368679584,0.007805821881551357,False
MGRC,McGrath RentCorp,Industrials,Trading Companies and Distributors,114.428,2810.55,-0.0222,0.0536,0.0618,0.1425,28.841481481481537,0.0033042446835549466,-1.1800000000000068,-0.007549101145160275,,,0,429.0,1000.0,68.33333333333333,1000.0,968.0,727.0,988.0,834.0,177.0,142.0,15.0,13.0,0.000334614842124581,0.001883507618284201,False
MGY,Magnolia Oil & Gas Corporation,Energy,Oil Gas and Consumable Fuels,28.06,5189.64,0.1815,0.1075,0.1313,,-26.665158130993632,0.006258337462362373,-3.1000000000000227,-0.009531129900076984,,,0,386.3333333333333,1000.0,35.0,1000.0,1076.0,594.0,868.0,863.0,44.0,39.0,32.0,29.0,-0.0006506842945144046,-0.0006934239097124548,False
MH,McGraw Hill Inc.,Consumer Discretionary,Diversified Consumer Services,12.215,2333.08,,,,,64.90311524668027,0.005244372531290065,14.560000000000002,-0.1696178937558248,,,0,370.3333333333333,1000.0,44.666666666666664,1000.0,869.0,1199.0,710.0,536.0,105.0,137.0,14.0,15.0,0.0010628250833265743,0.026815822191108375,False
MHK,Mohawk Industries Inc.,Consumer Discretionary,Household Durables,103.605,6315.05,-0.0106,0.028,-0.1171,-0.0614,304.4886242100147,0.018812468707697372,44.5,0.12030278453636112,,,0,184.33333333333334,1000.0,24.666666666666668,1000.0,419.0,799.0,153.0,294.0,56.0,78.0,5.0,13.0,0.004986172792600361,0.06503932168263928,False
MHO,M/I Homes Inc.,Consumer Discretionary,Household Durables,137.922,3529.44,0.2552,0.2227,0.1664,0.2208,-71.83460052856299,-0.012535707980026234,-43.39999999999998,-0.10770834367399607,,,0,420.3333333333333,420.3333333333333,44.666666666666664,44.666666666666664,1109.0,350.0,407.0,1113.0,120.0,32.0,10.0,4.0,-0.0011763320605231848,-0.01534400079425835,False
MIAX,Miami International Holdings Inc.,Financials,Capital Markets,42.285,4013.15,,,,,212.45449613719325,0.031244730842258983,191.64,-2.736541482221905,,,0,277.6666666666667,1000.0,60.333333333333336,1000.0,523.0,1199.0,846.0,81.0,107.0,203.0,25.0,49.0,0.001239558652414663,0.0020228994281877577,False
MIDD,The Middleby Corporation,Industrials,Machinery,155.277,7020.77,0.0584,0.0326,-0.0173,0.0223,356.5415749085396,0.03414032237910791,-142.43,0.5128362078277464,,,0,194.33333333333334,1000.0,39.666666666666664,1000.0,362.0,780.0,522.0,1228.0,73.0,148.0,12.0,34.0,0.004136545581941514,0.029443467617161614,False
MIR,Mirion Technologies Inc.,Information Technology,Electronic Equipment Instruments and Components,15.867,3973.42,-0.2137,0.2556,0.0908,,110.7791182471392,0.06008212664793611,-3.6999999999999993,-0.1284722222222222,,,0,297.6666666666667,297.6666666666667,46.0,46.0,729.0,307.0,980.0,875.0,105.0,59.0,21.0,12.0,0.0014569755472572197,0.0037233594613324352,False
MIRM,Mirum Pharmaceuticals Inc.,Health Care,Biotechnology,98.28,5993.23,1.0281,0.5109,0.413,,190.35039549903456,0.09265120561661977,-775.48,33.19691780821918,,,2,219.33333333333334,219.33333333333334,34.333333333333336,34.333333333333336,561.0,113.0,1127.0,1301.0,67.0,30.0,17.0,19.0,0.00273259816837008,0.021285710301994283,False
MKC,McCormick & Company Incorporated,Consumer Staples,Food Products,49.07,13182.45,-0.3512,-0.1846,-0.1119,-0.0017,382.0724451173355,0.0392380451149803,853.9,1.0817076260450977,,,1,137.0,1000.0,15.0,1000.0,345.0,1149.0,256.0,13.0,22.0,44.0,8.0,15.0,0.006524843417683936,0.010579801196443632,False
MKL,Markel Group Inc.,Financials,Insurance,1839.965,23024.79,-0.0463,0.1105,0.0881,0.0698,460.3653846153866,-0.034724771554694,-334.0000000000002,-0.15851846930009839,,,0,157.0,1000.0,32.333333333333336,1000.0,287.0,585.0,82.0,1275.0,58.0,126.0,17.0,22.0,0.0026859864401443754,0.017926474340753635,False
MKSI,MKS Inc.,Information Technology,Semiconductors and Semiconductor Equipment,334.676,22605.4,2.5729,0.4901,0.1351,0.233,419.10209024849746,0.036123123887051634,32.0,0.1084745762711865,,,0,123.66666666666667,123.66666666666667,14.666666666666666,14.666666666666666,311.0,127.0,433.0,367.0,31.0,29.0,5.0,8.0,0.005512063166401112,0.06997469240366634,False
MKTX,MarketAxess Holdings Inc.,Financials,Capital Markets,116.224,4130.54,-0.4835,-0.2505,-0.2339,-0.0197,55.690424974258235,0.029305068122466915,62.81,0.25467299193123294,,,0,425.3333333333333,1000.0,86.66666666666667,1000.0,901.0,1180.0,1013.0,232.0,173.0,202.0,39.0,48.0,0.0003249239220096998,0.0005302600363101381,False
MLI,Mueller Industries Inc.,Industrials,Machinery,135.331,14963.63,0.727,0.4784,0.4203,0.2375,452.26681549219984,0.04614998025630901,81.58999999999992,0.10662711222049404,,,1,127.0,127.0,22.0,22.0,292.0,132.0,406.0,193.0,55.0,34.0,8.0,3.0,0.005247136460770171,0.03734852896096985,True
MLM,Martin Marietta Materials Inc.,Materials,Construction Materials,548.903,32959.37,0.0056,0.0868,0.0925,0.1145,-288.09324691616166,0.03252032520325199,1397.0,1.2286719437115217,,,2,419.3333333333333,1000.0,20.333333333333332,1000.0,1178.0,649.0,281.0,6.0,54.0,26.0,4.0,3.0,-0.011430047850984221,-0.8005159846490326,False
MMED,MiniMed Group Inc.,Health Care,Health Care Equipment and Supplies,15.098,4239.82,,,,,386.9015317286653,0.14254143646408846,-118.0,0.5539906103286385,,,0,176.66666666666666,1000.0,25.666666666666668,1000.0,340.0,1199.0,554.0,1212.0,41.0,149.0,10.0,26.0,0.005554211821675419,0.04680581167646097,False
MMS,Maximus Inc.,Industrials,Professional Services,61.095,3209.95,-0.1325,-0.1015,-0.0833,0.0066,-77.69556818181809,-0.02088826206713701,54.24000000000001,0.17001535905714205,,,0,499.6666666666667,1000.0,77.66666666666667,1000.0,1114.0,1060.0,344.0,261.0,195.0,190.0,21.0,17.0,-0.0009014131364101898,-0.007867038351089093,False
MMSI,Merit Medical Systems Inc.,Health Care,Health Care Equipment and Supplies,66.434,3963.11,-0.2963,-0.0739,0.0139,0.1325,154.10416741674157,0.017494442282193434,10.849999999999994,0.0844423690559577,,,0,275.0,1000.0,35.0,1000.0,630.0,1015.0,816.0,595.0,74.0,121.0,15.0,16.0,0.0022122610489838466,0.018642910526713262,False
MNR,Mach Natural Resources LP,Energy,Oil Gas and Consumable Fuels,13.4899,2269.33,-0.0426,,,,215.10765548681206,0.10673082442076276,-50.91999999999999,-0.356133724996503,,,0,201.66666666666666,1000.0,29.666666666666668,1000.0,518.0,1199.0,915.0,1130.0,23.0,64.0,19.0,47.0,0.005249065929685835,0.0055938461247440115,False
MOGA,Moog Inc.,Industrials,Aerospace and Defense,394.455,12550.48,1.209,0.5341,0.3456,0.2215,506.4431400456856,0.08039900326890503,48.54999999999998,0.20656937412245235,,,0,112.0,112.0,21.333333333333332,21.333333333333332,264.0,102.0,425.0,278.0,48.0,24.0,8.0,8.0,0.005875682615689238,0.04924981855986515,False
MORN,Morningstar Inc.,Financials,Capital Markets,180.35,6858.35,-0.4068,-0.0409,-0.0522,0.0819,194.16436940677204,0.025720711510938576,28.600000000000023,0.07642971672902199,,,0,285.3333333333333,1000.0,62.0,1000.0,557.0,956.0,648.0,399.0,116.0,183.0,28.0,42.0,0.0011328455196984036,0.0018487487861577655,False
MOS,The Mosaic Company,Materials,Chemicals,20.205,6422.09,-0.4169,-0.1676,-0.1019,-0.0284,1365.319832650881,0.03128837409976448,-495.70000000000005,-0.9167745515073054,,,0,46.0,1000.0,11.666666666666666,1000.0,73.0,1133.0,135.0,1287.0,5.0,60.0,2.0,28.0,0.05416881924913277,0.19910331700668776,False
MP,MP Materials Corp.,Materials,Metals and Mining,55.128,9814.01,1.1501,0.36,0.1147,,131.59410986143044,0.2617802947796415,14.680000000000007,-0.17095609642482834,,,0,241.33333333333334,241.33333333333334,18.666666666666668,18.666666666666668,679.0,201.0,1184.0,533.0,33.0,12.0,14.0,9.0,0.005220972684103013,0.01761801003060995,True
MPT,Medical Properties Trust Inc.,Real Estate,Health Care REITs,4.955,2963.59,0.0914,-0.1856,-0.256,-0.1054,104.24412329139136,0.028059483862525658,151.10000000000002,-0.5453889189676954,,,0,288.0,1000.0,15.0,1000.0,746.0,1151.0,929.0,111.0,33.0,85.0,4.0,8.0,0.005839074062863057,0.10934719888337686,False
MRCY,Mercury Systems Inc.,Industrials,Aerospace and Defense,113.529,6816.65,1.1724,0.3827,0.1112,0.1741,79.4327902707663,0.060228942347755554,23.799999999999997,-0.6279683377308707,,,0,344.3333333333333,344.3333333333333,64.33333333333333,64.33333333333333,828.0,187.0,983.0,431.0,157.0,48.0,21.0,15.0,0.0009215681445848558,0.007724560171130289,False
MRNA,Moderna Inc.,Health Care,Biotechnology,47.72,18934.64,0.7196,-0.2705,-0.2625,,-952.2097672426107,0.1445473251028806,-372.0,0.13182140326009928,,,0,505.0,505.0,80.33333333333333,80.33333333333333,1227.0,1188.0,689.0,1278.0,141.0,147.0,43.0,57.0,-0.013669562698042597,-0.10647974331294949,False
MRP,Millrose Properties Inc.,Real Estate,Specialized REITs,28.862,4792.48,0.0446,,,,629.9921582733814,0.1869067048596076,58.120000000000005,0.1435699817202707,,,0,102.0,1000.0,7.0,1000.0,210.0,1199.0,1074.0,239.0,7.0,89.0,1.0,13.0,0.03528804075505138,0.45555962508739806,False
MSA,MSA Safety Incorporated,Industrials,Commercial Services and Supplies,155.865,6017.03,-0.0557,0.0037,-0.0134,0.1171,100.97699507389189,0.02256228631167967,11.669999999999959,0.04183995410870489,,,0,349.6666666666667,1000.0,56.0,1000.0,753.0,853.0,734.0,583.0,141.0,155.0,14.0,13.0,0.0011715210013244185,0.020467370529059288,False
MSGE,Madison Square Garden Entertainment Corp.,Communication Services,Entertainment,73.591,3481.24,0.982,0.2443,,,43.95642522246669,0.08047903429401848,11.560000000000002,0.3088431739246593,,,0,322.6666666666667,322.6666666666667,11.666666666666666,11.666666666666666,935.0,317.0,966.0,586.0,24.0,9.0,8.0,3.0,0.003058522196675965,0.011307058895242363,False
MSGS,Madison Square Garden Sports Corp.,Communication Services,Entertainment,386.417,9303.42,1.0206,0.2943,0.1687,0.0855,16.46968488429343,0.038307576836473345,0.120000000000001,-0.005347593582887722,,,0,342.6666666666667,342.6666666666667,12.666666666666666,12.666666666666666,995.0,263.0,940.0,805.0,27.0,6.0,9.0,2.0,0.0011459734620349392,0.004236552359075991,False
MSM,MSC Industrial Direct Co. Inc.,Industrials,Trading Companies and Distributors,115.42,6444.4,0.4046,0.0657,0.047,0.0469,81.03763508222437,0.0167819775462128,8.349999999999994,0.041890332614257675,,,0,370.0,370.0,59.333333333333336,59.333333333333336,821.0,696.0,463.0,643.0,155.0,134.0,12.0,11.0,0.0009401873300648143,0.005292203978603114,False
MTB,M&T Bank Corporation,Financials,Banks,224.375,32858.61,0.2159,0.2085,0.0765,0.0667,525.3236459709387,0.013609145345672369,80.0,0.028060329708874177,,,1,121.33333333333333,1000.0,26.666666666666668,1000.0,255.0,372.0,180.0,196.0,46.0,63.0,10.0,24.0,0.0030649832435685398,0.02408101413489037,False
MTCH,Match Group Inc.,Communication Services,Interactive Media and Services,34.154,7966.98,0.0829,-0.0634,-0.2474,,69.0186274509806,0.009391488873594867,49.25999999999999,0.08029994294563525,,,0,302.0,1000.0,10.666666666666666,1000.0,859.0,994.0,495.0,275.0,22.0,25.0,6.0,4.0,0.00480236968712915,0.027270647917664387,False
MTDR,Matador Resources Company,Energy,Oil Gas and Consumable Fuels,55.362,6874.76,0.1294,0.029,0.1047,0.0952,-161.78602257289185,-0.017656180346833583,-275.96000000000004,-0.3634783066831748,,,0,420.3333333333333,1000.0,44.666666666666664,1000.0,1151.0,789.0,487.0,1265.0,55.0,55.0,39.0,40.0,-0.003947909232076656,-0.0042072241146368814,False
MTG,MGIC Investment Corporation,Financials,Financial Services,25.505,5394.06,-0.039,0.1713,0.1197,0.148,-15.123078169299333,-0.0075475429287104046,-20.159999999999968,-0.027304124060404944,,,0,445.6666666666667,1000.0,76.0,1000.0,1062.0,445.0,898.0,1024.0,196.0,79.0,23.0,9.0,-8.823509380471305e-05,-0.0012306745496332141,False
MTH,Meritage Homes Corporation,Consumer Discretionary,Household Durables,71.235,4751.55,0.0846,0.0318,0.0763,0.1437,-668.0473872664206,-0.04116674974904577,-67.49000000000001,-0.14898125869186118,,,0,475.0,1000.0,53.0,1000.0,1216.0,782.0,323.0,1165.0,136.0,73.0,12.0,11.0,-0.010939652393247032,-0.14269613202265036,False
MTN,Vail Resorts Inc.,Consumer Discretionary,Hotels Restaurants and Leisure,136.445,4862.02,-0.1022,-0.1708,-0.1567,-0.0043,-126.91291087660647,-0.04483950950461313,-123.16999999999999,-0.4398928571428571,,,0,463.3333333333333,1000.0,65.66666666666667,1000.0,1136.0,1137.0,598.0,1215.0,126.0,128.0,37.0,34.0,-0.0020782704276209093,-0.006933836490005164,False
MTRN,Materion Corporation,Materials,Metals and Mining,238.411,4959.3,1.926,0.2986,0.2503,0.2507,196.23028812494408,0.0724804791357645,1.6800000000000068,0.02245388933440262,,,0,197.0,197.0,15.666666666666666,15.666666666666666,550.0,255.0,736.0,779.0,27.0,14.0,10.0,10.0,0.0077854014527915915,0.02627159519628339,False
MTSI,MACOM Technology Solutions Holdings Inc.,Information Technology,Semiconductors and Semiconductor Equipment,365.31,27871.61,1.7823,0.8241,0.4354,0.2553,228.62519480519472,0.11016686309782275,230.96,-4.260468548238332,,,1,191.33333333333334,191.33333333333334,22.666666666666668,22.666666666666668,502.0,50.0,942.0,65.0,56.0,16.0,6.0,6.0,0.0030068962778252587,0.038172030286787985,False
MTX,Minerals Technologies Inc.,Materials,Chemicals,76.14,2361.01,0.3141,0.1008,-0.0172,0.0262,51.89512195121915,0.026584965743510436,180.20000000000002,-9.793478260869566,,,0,324.3333333333333,324.3333333333333,20.666666666666668,20.666666666666668,909.0,612.0,703.0,86.0,39.0,25.0,16.0,7.0,0.002058929646857407,0.007567817202869548,False
MUR,Murphy Oil Corporation,Energy,Oil Gas and Consumable Fuels,40.0,5733.98,0.6447,0.0136,0.1102,0.0313,-147.14820480404524,0.022168604824078564,-20.049999999999997,-0.192363043269692,,,0,418.6666666666667,418.6666666666667,44.333333333333336,44.333333333333336,1145.0,827.0,607.0,1023.0,54.0,57.0,38.0,41.0,-0.003590716595852171,-0.003826569599967636,False
MUSA,Murphy USA Inc.,Consumer Discretionary,Specialty Retail,634.54,11720.39,0.5301,0.3054,0.3566,0.2465,-299.16195320447514,0.01649439707601985,83.10000000000002,0.1765830854228645,,,0,442.6666666666667,442.6666666666667,55.666666666666664,55.666666666666664,1181.0,243.0,73.0,187.0,129.0,18.0,30.0,8.0,-0.00489894555344861,-0.01513819474501719,False
MWA,Mueller Water Products Inc.,Industrials,Machinery,25.42,3977.49,0.0548,0.1833,0.118,0.0838,90.23654874730232,0.02378121284185486,15.700000000000017,0.08189880020865936,,,0,342.6666666666667,1000.0,67.33333333333333,1000.0,789.0,419.0,832.0,520.0,148.0,91.0,36.0,18.0,0.0010469118423175599,0.007451801102317917,False
MWH,SOLV Energy Inc.,Industrials,Construction and Engineering,30.69,6214.01,,,,,,0.10799036338084722,-22.64,-0.15176297090762836,,,0,562.6666666666666,1000.0,86.66666666666667,1000.0,1258.0,1199.0,605.0,1035.0,223.0,207.0,20.0,17.0,,,False
MXL,MaxLinear Inc.,Information Technology,Semiconductors and Semiconductor Equipment,77.229,6915.54,5.2131,0.3828,0.1414,0.1438,147.69622400454256,0.08823026259515876,4.5800000000000125,-0.033508925958443125,,,1,256.3333333333333,256.3333333333333,36.333333333333336,36.333333333333336,642.0,186.0,1150.0,712.0,85.0,42.0,12.0,12.0,0.0019425121828174547,0.02465985754872507,False
MYRG,MYR Group Inc.,Industrials,Construction and Engineering,416.096,6479.05,1.5172,0.4475,0.358,0.3293,444.1921601555596,0.04558912378447699,23.489999999999995,0.1983617632156729,,,1,133.66666666666666,133.66666666666666,28.0,28.0,301.0,149.0,464.0,436.0,61.0,39.0,13.0,10.0,0.005153455436707134,0.03242236784192902,False
MZTI,The Marzetti Company,Consumer Staples,Food Products,109.265,2996.31,-0.3501,-0.1798,-0.1112,-0.0133,53.763996110840935,0.016290227958431158,8.490000000000009,0.05073199880489998,,,0,326.6666666666667,1000.0,19.666666666666668,1000.0,905.0,1144.0,728.0,638.0,32.0,43.0,13.0,14.0,0.0009181548175359074,0.0014887553333095816,False
NATL,NCR Atleos Corporation,Financials,Financial Services,43.945,3242.25,0.5605,,,,184.17153809295633,0.014699127239320209,8.0,0.04938271604938271,,,0,298.6666666666667,298.6666666666667,55.666666666666664,55.666666666666664,571.0,1199.0,401.0,650.0,122.0,203.0,16.0,29.0,0.0010745426795967675,0.014987373744977906,False
NAVN,Navan Inc.,Consumer Discretionary,Hotels Restaurants and Leisure,23.884,6031.97,,,,,165.44605717780155,0.30813650249608804,-216.94999999999996,1.1980892423238343,,,1,276.0,1000.0,48.666666666666664,1000.0,607.0,1199.0,1079.0,1253.0,84.0,137.0,26.0,36.0,0.0027092724106959434,0.009039079637077153,False
NBIX,Neurocrine Biosciences Inc.,Health Care,Biotechnology,164.005,16490.7,0.3208,0.2059,0.107,0.1297,689.770713119216,0.08456563537843031,190.0,0.39699122440451307,,,0,92.0,92.0,20.0,20.0,192.0,375.0,552.0,82.0,21.0,63.0,3.0,36.0,0.009902087055419086,0.0771328030906566,False
NBTB,NBT Bancorp Inc.,Financials,Banks,47.385,2464.5,0.1261,0.0955,0.0457,0.0504,127.1046631785481,0.04782033153825327,14.389999999999986,0.08502718033561796,,,0,319.0,1000.0,79.66666666666667,1000.0,687.0,627.0,1083.0,539.0,136.0,134.0,43.0,60.0,0.0007415879064450576,0.005826520877345816,False
NCLH,Norwegian Cruise Line Holdings Ltd.,Consumer Discretionary,Hotels Restaurants and Leisure,18.245,8376.46,-0.0438,0.0204,-0.1075,-0.0853,355.1145384392785,0.02072430779061807,144.96000000000004,0.3424926166568223,,,0,163.33333333333334,1000.0,25.333333333333332,1000.0,364.0,815.0,162.0,117.0,45.0,81.0,13.0,18.0,0.005815200664447444,0.019401541795504438,False
NDSN,Nordson Corporation,Industrials,Machinery,281.904,15707.11,0.2856,0.0667,0.0485,0.1274,199.3091813355686,0.04010115736346087,43.64999999999998,0.09009845810886108,,,0,258.0,258.0,50.0,50.0,543.0,692.0,586.0,299.0,100.0,131.0,20.0,30.0,0.002312357300002154,0.01645909997441999,False
NE,Noble Corporation plc,Energy,Energy Equipment and Services,46.465,7413.3,0.5929,0.0511,0.1329,,-121.47162280245493,-0.028926271478271537,12.419999999999987,0.05730897009966762,,,0,410.6666666666667,410.6666666666667,26.666666666666668,26.666666666666668,1133.0,732.0,571.0,568.0,51.0,48.0,15.0,14.0,-0.002964155577043637,-0.04809159698104509,False
NEU,NewMarket Corporation,Materials,Chemicals,831.6,7649.07,0.2465,0.2743,0.1983,0.0741,-96.84006837252673,-0.011459835533196072,-7.8799999999999955,-0.018817910447761155,,,0,396.0,396.0,24.666666666666668,24.666666666666668,1124.0,286.0,615.0,926.0,49.0,15.0,21.0,4.0,-0.003842112327307278,-0.014122096794484052,False
NEXT,NextDecade Corporation,Energy,Oil Gas and Consumable Fuels,8.655,2293.51,0.0255,0.1209,0.1517,,,,-47.610000000000014,0.15536990503540782,,,0,454.3333333333333,1000.0,48.666666666666664,1000.0,1258.0,554.0,1278.0,1121.0,70.0,35.0,50.0,26.0,,,False
NFG,National Fuel Gas Company,Utilities,Gas Utilities,78.057,7418.18,-0.0483,0.1405,0.0718,0.0337,439.03273222240523,0.10118373332630815,167.97000000000003,0.323953712632594,,,0,107.0,1000.0,4.333333333333333,1000.0,304.0,509.0,649.0,93.0,11.0,6.0,1.0,1.0,0.020753884798849653,0.24967719163081847,False
NGVT,Ingevity Corporation,Materials,Chemicals,69.084,2402.17,0.5514,0.086,-0.0374,0.0736,-172.56370098601246,0.00865022267899973,39.3,-0.2351885098743267,,,0,411.3333333333333,411.3333333333333,28.0,28.0,1155.0,654.0,905.0,326.0,52.0,27.0,24.0,8.0,-0.006846433856837503,-0.025164803469203564,False
NHC,National HealthCare Corporation,Health Care,Health Care Providers and Services,195.47,3053.17,0.867,0.467,0.2166,0.1197,151.4629616285356,0.00534991896058723,3.6500000000000057,0.030411598066988788,,,0,248.66666666666666,248.66666666666666,35.333333333333336,35.333333333333336,637.0,138.0,819.0,739.0,75.0,34.0,27.0,4.0,0.00217434489924211,0.0033088065179974623,False
NHI,National Health Investors Inc.,Real Estate,Health Care REITs,72.45,3511.73,0.0147,0.111,0.0172,0.0013,61.09478519273222,0.06701995834322005,5.930000000000007,0.04170769447179645,,,0,320.0,1000.0,21.0,1000.0,884.0,582.0,1172.0,695.0,51.0,25.0,7.0,5.0,0.003422130325734463,0.0640855658455959,False
NI,NiSource Inc.,Utilities,Multi-Utilities,46.949,22509.19,0.1898,0.2006,0.1253,0.0654,1219.1926412614985,0.027084399747071775,32.299999999999955,0.03474986551909631,,,0,32.333333333333336,1000.0,3.0,1000.0,87.0,384.0,262.0,364.0,6.0,4.0,2.0,1.0,0.0576334787072969,0.181324179895602,False
NIC,Nicolet Bankshares Inc.,Financials,Banks,147.555,3135.82,0.2382,0.2688,0.144,0.1532,75.73722707064053,0.1053920936589392,-17.400000000000006,-0.11546884332072471,,,0,346.6666666666667,346.6666666666667,75.66666666666667,75.66666666666667,840.0,295.0,1165.0,1007.0,157.0,43.0,57.0,13.0,0.00044188631839865933,0.0034718201809754282,False
NIQ,NIQ Global Intelligence plc,Communication Services,Media,8.09,2387.65,,,,,328.47729539996317,0.025438262195121908,29.69999999999999,-0.0840645343900368,,,0,146.0,1000.0,9.333333333333334,1000.0,390.0,1199.0,414.0,386.0,11.0,37.0,4.0,13.0,0.022855705258110554,0.053528763319419005,False
NJR,New Jersey Resources Corporation,Utilities,Gas Utilities,55.37,5588.03,0.2365,0.0357,0.0463,0.0408,106.53889290469851,0.0701577776577409,5.7900000000000205,0.01725113964782654,,,0,264.3333333333333,1000.0,13.333333333333334,1000.0,739.0,774.0,693.0,700.0,27.0,27.0,6.0,7.0,0.005036289432791077,0.06058849290176948,False
NKTR,Nektar Therapeutics,Health Care,Pharmaceuticals,59.545,2011.79,5.2351,0.8899,-0.2575,-0.1289,-31.61905897114179,0.007242440702516895,5.980000000000018,-0.03644563627498787,,,1,406.0,406.0,49.666666666666664,49.666666666666664,1080.0,42.0,1246.0,694.0,130.0,8.0,16.0,3.0,-0.00045391123251207447,-0.011350077184363571,False
NLY,Annaly Capital Management Inc.,Real Estate,Mortgage Real Estate Investment Trusts (REITs),21.865,16022.15,0.1317,0.0301,-0.1025,-0.0658,1544.9180327242145,0.050111265062770416,158.43000000000006,0.07814981798092013,,,1,36.333333333333336,1000.0,1.6666666666666667,1000.0,61.0,785.0,651.0,105.0,3.0,45.0,1.0,1.0,0.08653620491309115,0.3623690351000986,False
NMIH,NMI Holdings Inc.,Financials,Financial Services,36.595,2780.19,-0.0942,0.1162,0.081,0.2006,48.6953518501258,0.014481059962629494,-3.230000000000018,-0.00830483634587209,,,0,408.0,1000.0,71.0,1000.0,923.0,568.0,1073.0,865.0,178.0,123.0,21.0,14.0,0.00028411140180917445,0.003962693939454853,False
NMRK,Newmark Group Inc.,Real Estate,Real Estate Management and Development,14.755,3554.09,0.2547,0.302,0.0247,,617.5136131897048,0.0549571648016709,23.180000000000007,0.183691259212299,,,0,75.0,75.0,4.666666666666667,4.666666666666667,213.0,251.0,497.0,438.0,8.0,4.0,4.0,2.0,0.03458907426524081,0.07857889500391893,False
NNI,Nelnet Inc.,Financials,Consumer Finance,128.8,4628.3,0.1116,0.0867,0.1064,0.1376,282.18389676029506,-0.01603820955477986,-11.430000000000007,-0.02667631339416998,,,0,225.33333333333334,1000.0,35.666666666666664,1000.0,446.0,650.0,792.0,957.0,90.0,140.0,8.0,9.0,0.0016463925083300465,0.042842884395398996,False
NNN,NNN REIT Inc.,Real Estate,Retail REITs,46.464,8839.69,0.094,0.0239,-0.0136,-0.003,51.04897986196465,0.010332430010472793,-2.509999999999991,-0.00643952999127706,,,0,339.6666666666667,1000.0,26.333333333333332,1000.0,914.0,806.0,992.0,853.0,57.0,48.0,9.0,13.0,0.00285943000752573,0.05991862623675553,False
NOG,Northern Oil and Gas Inc.,Energy,Oil Gas and Consumable Fuels,21.258,2239.06,-0.3162,-0.136,0.0201,-0.0688,-142.0178674970473,-0.01961583117756094,-661.83,-17.075077399380806,,,0,419.6666666666667,1000.0,45.333333333333336,1000.0,1143.0,1094.0,731.0,1297.0,53.0,63.0,37.0,46.0,-0.0034655258921321443,-0.0036931558569819082,False
NOV,NOV Inc.,Energy,Energy Equipment and Services,21.026,7545.99,0.5726,0.1072,0.0443,-0.0497,-125.21870561980177,-0.005832570905763945,-54.0,-0.37241379310344824,,,0,409.0,409.0,26.333333333333332,26.333333333333332,1135.0,596.0,196.0,1135.0,52.0,40.0,16.0,11.0,-0.003055592047343748,-0.049575097345566456,False
NOVT,Novanta Inc.,Information Technology,Electronic Equipment Instruments and Components,158.13,5631.3,0.2377,-0.0196,0.0321,0.2582,53.20214603655654,0.024821537833979335,-0.10999999999999943,-0.002043470183912266,,,0,386.6666666666667,1000.0,61.333333333333336,1000.0,908.0,903.0,969.0,812.0,134.0,118.0,27.0,23.0,0.0006997187472095829,0.0017881593295090005,False
NP,Neptune Insurance Holdings Inc.,Financials,Insurance,27.144,3754.85,,,,,48.695865644084634,0.052898777812598,-2.5899999999999963,-0.06923282544774112,,,0,434.0,1000.0,82.0,1000.0,922.0,1199.0,1225.0,854.0,177.0,203.0,33.0,36.0,0.000284114399522844,0.0018962007464978583,False
NPO,Enpro Inc.,Industrials,Machinery,330.635,6985.21,0.7122,0.4048,0.2748,0.2108,108.67753379911096,0.026064899851307555,2.8999999999999986,0.07160493827160486,,,0,306.3333333333333,306.3333333333333,60.0,60.0,735.0,172.0,908.0,756.0,139.0,45.0,34.0,7.0,0.001260861576685218,0.00897467132114379,False
NSA,National Storage Affiliates Trust,Real Estate,Specialized REITs,45.221,5796.85,0.3411,0.073,-0.017,0.082,7.200691294443914,0.005284334763948406,4.789999999999992,0.06492274329086456,,,0,375.3333333333333,375.3333333333333,29.333333333333332,29.333333333333332,1016.0,685.0,1060.0,710.0,73.0,37.0,11.0,4.0,0.0004033356360486888,0.005206960409566677,False
NSIT,Insight Enterprises Inc.,Information Technology,Electronic Equipment Instruments and Components,108.635,3281.2,-0.1853,-0.0897,0.0035,0.1468,-154.1921798920248,0.002962224663460855,22.49000000000001,0.14292977438830645,,,0,486.6666666666667,1000.0,78.33333333333333,1000.0,1149.0,1039.0,213.0,446.0,175.0,136.0,32.0,28.0,-0.0020279474980093378,-0.005182501187485932,False
NTAP,NetApp Inc.,Information Technology,Technology Hardware Storage and Peripherals,159.055,31162.04,0.5498,0.3155,0.1378,0.2056,352.92066052956307,0.053712720632988376,90.0,0.07588532883642496,,,0,150.33333333333334,150.33333333333334,14.666666666666666,14.666666666666666,367.0,231.0,259.0,174.0,37.0,47.0,4.0,3.0,0.00464163987445999,0.021270170414920495,False
NTCT,NetScout Systems Inc.,Information Technology,Communications Equipment,41.126,2940.31,0.7309,0.1077,0.059,0.0559,36.774917201110384,0.044731851995915894,462.45000000000005,-1.2603564809767795,,,1,392.0,392.0,53.333333333333336,53.333333333333336,946.0,593.0,1018.0,28.0,140.0,90.0,11.0,9.0,0.00048366656064993923,0.010755543685026873,False
NTNX,Nutanix Inc.,Information Technology,Software,48.341,13067.56,-0.3474,0.1747,0.067,,317.20169143665953,0.0834538383643364,87.49000000000001,0.4644582470669427,,,0,173.0,1000.0,26.0,1000.0,405.0,435.0,606.0,178.0,44.0,70.0,15.0,19.0,0.0041718612251526715,0.020531337155312746,False
NTRA,Natera Inc.,Health Care,Biotechnology,218.685,31319.06,0.3114,0.6512,0.1604,0.3387,669.9540866827731,0.0844799250686219,-18.150000000000006,0.0871925441967718,,,1,78.33333333333333,78.33333333333333,12.333333333333334,12.333333333333334,196.0,78.0,652.0,1011.0,22.0,17.0,4.0,11.0,0.009617607073323264,0.0749168320211817,False
NTRS,Northern Trust Corporation,Financials,Capital Markets,167.29,30956.56,0.5427,0.3066,0.073,0.0894,-213.56901856219883,0.03330903519934769,133.5,0.07686107432782552,,,0,462.6666666666667,462.6666666666667,86.0,86.0,1160.0,241.0,208.0,128.0,202.0,26.0,46.0,10.0,-0.0012460612962294296,-0.0020335114266026573,False
NTSK,Netskope Inc.,Information Technology,Software,8.734,3527.87,,,,,177.84809058275414,0.06184767277856129,-37.25,0.05482859624074532,,,0,271.3333333333333,1000.0,54.666666666666664,1000.0,581.0,1199.0,1056.0,1102.0,70.0,163.0,30.0,64.0,0.0023390718684669744,0.011511474272552136,False
NUVL,Nuvalent Inc.,Health Care,Biotechnology,123.33,9742.81,0.6036,0.4326,,,,,-24.689999999999998,0.058042221072923006,,,0,479.0,479.0,68.66666666666667,68.66666666666667,1258.0,155.0,1278.0,1053.0,142.0,37.0,44.0,20.0,,,False
NVR,NVR Inc.,Consumer Discretionary,Household Durables,6335.82,17102.23,-0.1317,0.0288,0.0629,0.139,-825.009358752166,-0.04989413782201757,-101.22000000000003,-0.07554746159931935,,,0,478.6666666666667,1000.0,54.666666666666664,1000.0,1222.0,794.0,165.0,1197.0,138.0,76.0,14.0,12.0,-0.013509993120181144,-0.17622349345327448,False
NVST,Envista Holdings Corporation,Health Care,Health Care Equipment and Supplies,23.91,3890.82,0.2434,-0.0903,-0.115,,304.22126616139076,0.03257951829380401,20.700000000000003,0.44042553191489375,,,0,196.66666666666666,1000.0,25.333333333333332,1000.0,420.0,1041.0,599.0,464.0,47.0,123.0,11.0,18.0,0.004367285250510863,0.03680348131035735,False
NVTS,Navitas Semiconductor Corporation,Information Technology,Semiconductors and Semiconductor Equipment,20.857,5147.59,1.6202,0.3103,0.1585,,-33.648663493225925,-0.11803135888501748,-16.959999999999994,0.14501923899102165,,,0,432.0,432.0,71.66666666666667,71.66666666666667,1082.0,237.0,1249.0,1003.0,166.0,48.0,34.0,15.0,-0.0004425498296361726,-0.0056180938547380635,False
NWBI,Northwest Bancshares Inc.,Financials,Banks,14.526,2125.37,0.1621,0.0823,0.0054,-0.0012,102.93843971631213,0.03744011751155907,7.079999999999998,0.05618601698277903,,,0,345.6666666666667,1000.0,86.0,1000.0,749.0,664.0,1113.0,669.0,143.0,145.0,48.0,67.0,0.000600590883866364,0.0047187329960190014,False
NWE,NorthWestern Energy Group Inc.,Utilities,Multi-Utilities,70.517,4336.73,0.3386,0.0604,0.0161,0.0152,136.36521181001285,0.019210709318497887,-13.47999999999999,-0.07443812468938094,,,0,239.0,239.0,12.333333333333334,12.333333333333334,669.0,712.0,793.0,979.0,25.0,23.0,6.0,6.0,0.0064462343892893684,0.020280888647881218,False
NWN,Northwest Natural Holding Company,Utilities,Gas Utilities,50.045,2105.91,0.2489,0.0479,-0.0195,-0.0169,71.617865911237,-0.003009244896692853,9.570000000000007,0.08445111189551713,,,0,302.3333333333333,1000.0,14.333333333333334,1000.0,853.0,739.0,882.0,617.0,30.0,24.0,7.0,6.0,0.003385508253877344,0.04072896237324704,False
NWSA,News Corporation,Communication Services,Media,26.505,15141.22,-0.0493,0.1129,-0.0025,0.0869,365.22572606153517,0.04117368670137256,-43.0,-0.03644067796610173,,,0,126.66666666666667,1000.0,5.333333333333333,1000.0,355.0,575.0,195.0,1112.0,10.0,15.0,3.0,3.0,0.0254126895966363,0.05951729913236819,False
NXST,Nexstar Media Group Inc.,Communication Services,Media,172.763,5276.0,0.0022,0.0144,0.033,0.1287,-245.88083010166702,0.03273388563346136,56.0,0.5137614678899083,,,0,408.0,1000.0,17.333333333333332,1000.0,1167.0,825.0,353.0,251.0,34.0,23.0,12.0,6.0,-0.017108579071136276,-0.04006881736915289,False
NXT,Nextpower Inc.,Industrials,Electrical Equipment,115.986,17429.73,0.9283,0.4212,,,600.1365912869974,0.2028217085698838,76.70999999999998,0.15065695150931901,,,0,101.0,101.0,15.0,15.0,222.0,163.0,492.0,204.0,38.0,43.0,4.0,3.0,0.006962700958188342,0.1299262916205846,True
NYT,The New York Times Company,Communication Services,Media,73.155,11841.07,0.3127,0.2564,0.1202,0.1995,273.3436919735768,0.027241665237033086,38.370000000000005,0.11154718297575439,,,0,159.66666666666666,159.66666666666666,7.333333333333333,7.333333333333333,457.0,304.0,591.0,330.0,14.0,8.0,6.0,2.0,0.019019466323554404,0.044544173973101356,False
OBDC,Blue Owl Capital Corporation,Financials,Capital Markets,11.055,5486.66,-0.2505,-0.0661,-0.0569,,121.64282146850519,-0.036660724896018904,-267.02,-0.42559092140705435,,,0,341.6666666666667,1000.0,71.66666666666667,1000.0,698.0,999.0,764.0,1262.0,139.0,188.0,32.0,44.0,0.0007097209736528655,0.0011582301079327748,False
OC,Owens Corning,Industrials,Building Products,115.389,9292.08,-0.1621,-0.0078,0.0298,0.0885,-526.517488411293,-0.02622983272295354,-12.0,0.02298850574712641,,,0,527.3333333333334,1000.0,83.0,1000.0,1206.0,876.0,168.0,961.0,215.0,161.0,19.0,15.0,-0.006108582403220072,-0.18461148227846425,False
OCTV,Octave Intelligence plc,Information Technology,Software,18.849,5059.78,,,,,,,,,,,0,532.6666666666666,1000.0,104.66666666666667,1000.0,1258.0,1199.0,1278.0,1312.0,177.0,163.0,73.0,64.0,,,False
OGE,OGE Energy Corp.,Utilities,Electric Utilities,47.842,9873.36,0.0826,0.0966,0.0618,0.0445,128.8939583133224,0.001503021379712255,-12.5,-0.026556192904185205,,,0,241.0,1000.0,14.333333333333334,1000.0,683.0,623.0,526.0,968.0,26.0,14.0,10.0,7.0,0.0060930544940491944,0.012851291796402795,False
OGN,Organon & Co.,Health Care,Pharmaceuticals,13.445,3530.67,0.3338,-0.1212,-0.1462,,-130.91339869281092,-0.008526383526383574,59.0,0.31550802139037426,,,0,467.3333333333333,467.3333333333333,59.333333333333336,59.333333333333336,1138.0,1079.0,294.0,236.0,135.0,129.0,20.0,23.0,-0.0018793431584169813,-0.04699308670086928,False
OGS,ONE Gas Inc.,Utilities,Gas Utilities,77.375,4856.25,0.0449,-0.02,-0.0004,0.0213,63.518135395389436,-0.04262944760508025,9.259999999999991,0.0350465521156611,,,0,313.0,1000.0,16.666666666666668,1000.0,871.0,906.0,674.0,624.0,32.0,36.0,8.0,10.0,0.003002619093935458,0.03612265897093307,False
OHI,Omega Healthcare Investors Inc.,Real Estate,Health Care REITs,45.995,14341.07,0.2424,0.1388,0.0403,0.0338,151.3467880649407,0.0387950592387194,42.020000000000095,0.07119861737097177,,,0,226.33333333333334,1000.0,10.0,1000.0,638.0,513.0,893.0,308.0,23.0,18.0,3.0,4.0,0.008477457306800591,0.15875568629070172,False
OICT,Oicintra Inc.,Financials,Insurance,11.25,5052.73,,,0.5324,,,,,,,,1,558.6666666666666,1000.0,96.0,1000.0,1258.0,1199.0,1278.0,1312.0,215.0,203.0,37.0,36.0,,,False
OII,Oceaneering International Inc.,Energy,Energy Equipment and Services,39.682,3958.09,0.8762,0.3051,0.1863,0.0196,65.40602988573119,0.006429228205275583,-14.269999999999982,-0.040338082315694246,,,0,305.3333333333333,305.3333333333333,16.666666666666668,16.666666666666668,868.0,244.0,600.0,984.0,36.0,12.0,9.0,5.0,0.0015960406536542516,0.02589477572478109,False
OKLO,Oklo Inc.,Utilities,Electric Utilities,56.158,9770.99,-0.1745,0.7439,,,,,-23.25999999999999,0.22014007192882823,,,0,434.6666666666667,434.6666666666667,20.333333333333332,20.333333333333332,1258.0,56.0,1278.0,1039.0,44.0,2.0,16.0,1.0,,,False
OKTA,Okta Inc.,Information Technology,IT Services,116.52,20252.03,0.1601,0.1768,-0.1243,,315.015659955257,0.026378896882494063,12.0,0.051063829787234116,,,0,173.33333333333334,1000.0,18.333333333333332,1000.0,407.0,431.0,575.0,571.0,45.0,68.0,6.0,4.0,0.0041431103697176916,0.06521069814539718,False
OLED,Universal Display Corporation,Information Technology,Semiconductors and Semiconductor Equipment,87.08,4071.07,-0.4584,-0.1521,-0.1704,0.0238,-22.186444398426147,-0.03699604986089988,-28.539999999999992,-0.11789978105506671,,,0,461.3333333333333,1000.0,77.33333333333333,1000.0,1069.0,1116.0,1110.0,1070.0,164.0,151.0,32.0,36.0,-0.00029179783591501543,-0.0037043232625979046,False
OLLI,Ollie's Bargain Outlet Holdings Inc.,Consumer Discretionary,Broadline Retail,80.99,4896.11,-0.2776,0.0931,-0.0152,0.1263,391.66495117354816,0.031013136041069034,8.840000000000003,0.03674147963424779,,,0,143.33333333333334,1000.0,15.666666666666666,1000.0,330.0,635.0,611.0,632.0,41.0,59.0,3.0,3.0,0.006413734268146964,0.07202412489261119,False
OLN,Olin Corporation,Materials,Chemicals,24.299,2767.6,0.1146,-0.221,-0.1302,-0.0019,170.28226120857744,-0.009025483718735239,-84.4,0.8398009950248757,,,0,229.0,1000.0,22.666666666666668,1000.0,596.0,1165.0,265.0,1186.0,30.0,61.0,9.0,29.0,0.006755918143247,0.024832103235620667,False
OMF,OneMain Holdings Inc.,Financials,Consumer Finance,54.38,6282.57,0.0159,0.0813,-0.0172,0.0716,456.94281587220667,0.02253615876219306,13.0,0.016602809706258048,,,0,164.33333333333334,1000.0,25.0,1000.0,288.0,669.0,569.0,562.0,59.0,146.0,5.0,11.0,0.002666017577276192,0.06937585191954015,False
ONB,Old National Bancorp,Financials,Banks,24.33,9400.46,0.1493,0.2104,0.0554,0.0653,710.9750254316211,0.0896516950147137,89.00999999999999,0.13299763918357588,,,0,94.66666666666667,1000.0,22.666666666666668,1000.0,184.0,370.0,650.0,176.0,38.0,62.0,7.0,23.0,0.004148160008133702,0.032591336347193585,False
ONTO,Onto Innovation Inc.,Information Technology,Semiconductors and Semiconductor Equipment,287.317,14292.17,1.8749,0.3756,0.308,,5.53540282474637,0.025217356703738147,-30.349999999999994,-0.22192161450716585,,,0,405.0,405.0,63.333333333333336,63.333333333333336,1020.0,192.0,963.0,1076.0,151.0,44.0,26.0,13.0,7.280204687928427e-05,0.0009242094444395382,False
OPCH,Option Care Health Inc.,Health Care,Health Care Providers and Services,20.922,3285.33,-0.3398,-0.1191,-0.0008,,482.2045745654159,0.0031294694062502515,-1.4000000000000057,-0.006744062816127938,,,0,144.33333333333334,1000.0,23.0,1000.0,275.0,1076.0,319.0,838.0,31.0,127.0,16.0,22.0,0.006922346201501916,0.010534071314697213,False
OPEN,Opendoor Technologies Inc.,Real Estate,Real Estate Management and Development,4.455,4297.9,6.3321,0.2283,-0.2366,,-1186.9349297241024,-0.09906199954243877,-88.0,0.06769230769230772,,,1,446.0,446.0,36.0,36.0,1234.0,339.0,450.0,1189.0,94.0,10.0,10.0,4.0,-0.06648433258041062,-0.15103802285022905,False
OPLN,OPENLANE Inc.,Industrials,Commercial Services and Supplies,37.565,3979.87,0.5587,0.3554,0.1577,-0.0084,183.68056312443218,0.03504781597311957,12.0,0.06752954417557677,,,0,243.33333333333334,243.33333333333334,39.666666666666664,39.666666666666664,573.0,206.0,720.0,571.0,104.0,53.0,11.0,4.0,0.0021310362531376734,0.037230837991395566,False
ORA,Ormat Technologies Inc.,Utilities,Independent Power and Renewable Electricity Producers,137.143,8427.92,0.7207,0.171,0.1405,0.1225,278.41803347280336,0.17599086444206402,3.6999999999999886,0.02986279257465685,,,0,158.33333333333334,158.33333333333334,8.0,8.0,451.0,446.0,912.0,736.0,19.0,5.0,3.0,2.0,0.013161332557978111,0.15503073904304918,False
ORI,Old Republic International Corporation,Financials,Insurance,38.495,9215.92,0.0483,0.1494,0.0784,0.0727,1091.9977455574226,0.03123871236085418,85.0,0.09087021595039557,,,0,73.33333333333333,1000.0,14.666666666666666,1000.0,104.0,488.0,176.0,184.0,20.0,96.0,7.0,17.0,0.00637122432583832,0.04252202754612077,False
ORKA,Oruka Therapeutics Inc.,Health Care,Biotechnology,68.89,4154.9,4.4675,,,,,,-10.819999999999993,0.10262733567295834,,,1,516.3333333333334,516.3333333333334,81.33333333333333,81.33333333333333,1258.0,1199.0,1278.0,950.0,142.0,149.0,44.0,58.0,,,False
OSIS,OSI Systems Inc.,Information Technology,Electronic Equipment Instruments and Components,227.169,3744.4,-0.0497,0.2156,0.1825,0.1593,117.8933613759582,0.05471727849542085,2.5800000000000125,0.017241379310344973,,,0,290.3333333333333,1000.0,44.666666666666664,1000.0,708.0,362.0,757.0,761.0,100.0,63.0,20.0,14.0,0.0015505426241571086,0.003962473880033737,False
OSK,Oshkosh Corporation,Industrials,Machinery,130.23,8120.01,0.1753,0.1606,0.0017,0.1106,-71.3910994764392,0.00047974055630706225,-69.10000000000002,-0.10680061823802167,,,0,466.0,1000.0,86.0,1000.0,1108.0,465.0,160.0,1167.0,193.0,97.0,44.0,21.0,-0.0008282695705401692,-0.0058955299283885996,False
OTIS,Otis Worldwide Corporation,Industrials,Machinery,69.441,26645.63,-0.2721,-0.0674,-0.0292,,473.3982968840737,0.014967777700783058,97.0,0.0700867052023122,,,0,172.33333333333334,1000.0,35.333333333333336,1000.0,280.0,1004.0,106.0,159.0,53.0,184.0,7.0,46.0,0.005492300958105041,0.039093582362452965,False
OTTR,Otter Tail Corporation,Utilities,Electric Utilities,89.255,3747.3,0.1214,0.0476,0.1238,0.1102,-7.1326583551176554,0.007415302976856886,4.509999999999991,0.01634709485664576,,,0,368.3333333333333,1000.0,20.333333333333332,1000.0,1043.0,740.0,870.0,716.0,37.0,25.0,13.0,11.0,-0.00033717388009392213,-0.0007111572567493497,False
OUST,Ouster Inc.,Information Technology,Electronic Equipment Instruments and Components,37.479,2386.4,0.8408,0.879,-0.2163,,67.5404995551036,0.09416696186090467,4.550000000000004,-0.07535607817158008,,,0,334.3333333333333,334.3333333333333,51.0,51.0,864.0,43.0,1221.0,713.0,126.0,13.0,25.0,2.0,0.0008882978837382496,0.002270080878244473,False
OUT,OUTFRONT Media Inc.,Real Estate,Specialized REITs,30.845,5430.68,0.8842,0.2564,0.0402,0.0288,57.47602985363983,0.021237102145547748,39.69999999999999,0.2700680272108842,,,0,318.3333333333333,318.3333333333333,20.666666666666668,20.666666666666668,895.0,304.0,748.0,324.0,54.0,6.0,7.0,1.0,0.0032194313171651566,0.04156203893616398,False
OVV,Ovintiv Inc.,Energy,Oil Gas and Consumable Fuels,58.112,16330.55,0.4306,0.1545,0.1309,0.0374,-66.09006649204093,0.023317557428142566,-471.0,-0.37922705314009664,,,0,393.0,393.0,35.0,35.0,1103.0,476.0,192.0,1286.0,49.0,27.0,36.0,20.0,-0.0016127325432883635,-0.001718663436193896,False
OWL,Blue Owl Capital Inc.,Financials,Capital Markets,9.405,14662.87,-0.5094,-0.0567,-0.0805,,474.8786684554757,0.024500205562020483,8.11,0.10287961436001525,,,0,173.0,1000.0,37.0,1000.0,279.0,982.0,581.0,648.0,55.0,185.0,13.0,43.0,0.0027706637093291857,0.004521588407603358,False
OZK,Bank OZK,Financials,Banks,50.866,5552.83,0.1124,0.0858,0.0353,0.0296,71.76567067353562,0.003433332904702713,-8.600000000000023,-0.012019902722647746,,,0,385.3333333333333,1000.0,97.0,1000.0,851.0,655.0,810.0,932.0,164.0,141.0,63.0,64.0,0.000418714405423915,0.0032897626884758648,False
P,Everpure Inc.,Information Technology,Technology Hardware Storage and Peripherals,66.434,22082.99,0.2092,0.2331,0.2834,0.1985,684.1309386102616,0.07491727730394993,38.06999999999999,0.20230630247635228,,,0,91.33333333333333,1000.0,9.333333333333334,1000.0,193.0,331.0,451.0,334.0,21.0,60.0,3.0,4.0,0.008997743116654768,0.041231878089893904,True
PAA,Plains All American Pipeline L.P.,Energy,Oil Gas and Consumable Fuels,22.985,16216.65,0.2862,0.1974,0.137,-0.0161,-3474.406697534192,0.02243459400840453,-291.0,-0.20278745644599305,,,1,447.0,447.0,43.333333333333336,43.333333333333336,1253.0,387.0,14.0,1271.0,68.0,20.0,48.0,14.0,-0.08478261631658718,-0.09035148654659493,False
PACS,PACS Group Inc.,Health Care,Health Care Providers and Services,34.593,5475.12,2.2635,,,,985.0593696275073,0.02710378091598864,52.23000000000002,0.27268455675054826,,,0,94.33333333333333,94.33333333333333,14.333333333333334,14.333333333333334,125.0,1199.0,335.0,263.0,9.0,149.0,7.0,27.0,0.014141139145642408,0.021519260073836446,False
PAG,Penske Automotive Group Inc.,Consumer Discretionary,Specialty Retail,178.7,11749.39,0.061,0.0603,0.1739,0.1729,-653.9188201673824,-0.002835720011946541,-23.199999999999932,-0.02480222364763729,,,1,471.6666666666667,1000.0,61.666666666666664,1000.0,1215.0,714.0,27.0,1038.0,135.0,65.0,32.0,18.0,-0.010708289145932203,-0.033089603611324556,False
PAGP,Plains GP Holdings L.P.,Energy,Oil Gas and Consumable Fuels,24.855,5791.23,0.3123,0.2034,0.1433,-0.0123,-3474.406697534192,0.02243459400840453,-64.0,-0.24615384615384617,,,1,446.6666666666667,446.6666666666667,43.0,43.0,1253.0,380.0,14.0,1155.0,68.0,19.0,48.0,13.0,-0.08478261631658718,-0.09035148654659493,False
PARR,Par Pacific Holdings Inc.,Energy,Oil Gas and Consumable Fuels,57.67,2891.82,1.4426,0.3411,0.2869,0.145,-195.00684448091943,0.010544365777364062,84.85000000000002,0.22970302390427477,,,0,407.3333333333333,407.3333333333333,34.333333333333336,34.333333333333336,1157.0,214.0,235.0,186.0,58.0,7.0,41.0,4.0,-0.004758565105941076,-0.00507112719363457,False
PATH,UiPath Inc.,Information Technology,Software,10.565,5473.94,-0.1854,-0.1491,-0.3177,,221.15853175980578,0.038346672296143636,45.08000000000004,0.15967130662699702,,,0,238.66666666666666,1000.0,44.0,1000.0,510.0,1111.0,783.0,291.0,57.0,149.0,20.0,55.0,0.0029086941468742683,0.014314805068563833,True
PATK,Patrick Industries Inc.,Consumer Discretionary,Automobile Components,83.41,2743.62,-0.0798,0.1735,0.0911,0.1377,158.9925719769676,-0.0015794389448132717,1.240000000000009,0.009181104694210074,,,0,249.66666666666666,1000.0,31.666666666666668,1000.0,621.0,442.0,449.0,783.0,87.0,41.0,6.0,2.0,0.0026035929541667136,0.073960956469475,False
PAY,Paymentus Holdings Inc.,Financials,Financial Services,20.586,2589.5,-0.416,0.2708,-0.0732,,317.594369596271,0.0695355659376018,7.060000000000002,0.10546758291006886,,,0,175.0,175.0,32.0,32.0,404.0,292.0,883.0,671.0,79.0,42.0,12.0,5.0,0.0018529937278287578,0.025844957183544338,False
PAYC,Paycom Software Inc.,Industrials,Professional Services,133.836,6240.38,-0.4685,-0.2393,-0.17,0.1253,179.3210843924296,0.020178388653312007,16.30000000000001,0.0359505955006616,,,0,295.3333333333333,1000.0,47.333333333333336,1000.0,577.0,1172.0,711.0,508.0,106.0,203.0,13.0,23.0,0.0020804581894348383,0.018157095457141635,False
PAYO,Payoneer Global Inc.,Financials,Financial Services,6.555,2194.47,-0.0582,0.1332,-0.0867,,71.6216298162143,0.014229128869553742,-1.009999999999991,-0.013799699412487931,,,0,374.6666666666667,1000.0,66.0,1000.0,852.0,522.0,944.0,830.0,165.0,107.0,20.0,13.0,0.0004178740038591556,0.005828371448677769,False
PB,Prosperity Bancshares Inc.,Financials,Banks,70.923,7152.92,0.0136,0.052,-0.0111,0.0297,97.87721939483663,0.0487601917122078,-13.960000000000036,-0.02571660157689193,,,0,355.6666666666667,1000.0,89.33333333333333,1000.0,764.0,730.0,873.0,981.0,145.0,158.0,49.0,74.0,0.0005710613631674439,0.0044867249395836575,False
PBF,PBF Energy Inc.,Energy,Oil Gas and Consumable Fuels,42.745,5093.89,1.0191,0.0083,0.1945,0.0535,-1365.4956203616603,0.02856577902176105,600.1,-3.786119873817035,,,2,454.6666666666667,454.6666666666667,51.333333333333336,51.333333333333336,1240.0,840.0,31.0,19.0,66.0,58.0,46.0,42.0,-0.03332088075505545,-0.03550953296863621,False
PBH,Prestige Consumer Healthcare Inc.,Health Care,Pharmaceuticals,47.481,2249.28,-0.4422,-0.0631,-0.0171,-0.0105,-49.036440589403355,-0.04311981437209955,-24.299999999999983,-0.11323392357875106,,,0,446.3333333333333,1000.0,57.0,1000.0,1092.0,991.0,934.0,1049.0,132.0,115.0,17.0,22.0,-0.0007039485648910642,-0.017602275451782324,False
PBI,Pitney Bowes Inc.,Industrials,Commercial Services and Supplies,16.805,2276.09,0.6081,0.6689,0.1287,-0.0099,-122.1232101395251,-0.008459128302943597,22.710000000000008,0.15694540428472714,,,0,450.3333333333333,450.3333333333333,73.0,73.0,1134.0,73.0,745.0,443.0,201.0,16.0,17.0,1.0,-0.0014168564366855503,-0.024753568773706748,False
PCOR,Procore Technologies Inc.,Information Technology,Software,42.54,6418.87,-0.3556,-0.1312,-0.1271,,178.2245554202193,0.03678611125813802,23.89,-0.23705100218297281,,,0,265.0,1000.0,50.0,1000.0,580.0,1089.0,854.0,428.0,69.0,146.0,29.0,52.0,0.0023440231631808865,0.01153584150234246,False
PCTY,Paylocity Holding Corporation,Industrials,Professional Services,110.129,5896.75,-0.4082,-0.1545,-0.0899,0.1056,175.51075644596176,0.08281616328782238,30.910000000000025,0.1360894641835073,,,0,297.6666666666667,1000.0,47.0,1000.0,588.0,1121.0,776.0,379.0,108.0,197.0,14.0,19.0,0.0020362512964890354,0.01777128199587778,False
PCVX,Vaxcyte Inc.,Health Care,Biotechnology,47.09,6799.69,0.3287,-0.0234,0.1642,,,,-179.89999999999998,0.23466339694507132,,,0,501.0,501.0,78.0,78.0,1258.0,917.0,1278.0,1244.0,142.0,103.0,44.0,48.0,,,False
PDFS,PDF Solutions Inc.,Information Technology,Semiconductors and Semiconductor Equipment,60.57,2535.93,1.9882,0.1123,0.2817,0.1567,45.443002250080355,0.05643320244726513,7.819999999999999,-12.21875,,,0,384.6666666666667,384.6666666666667,61.0,61.0,932.0,576.0,1207.0,654.0,136.0,86.0,23.0,24.0,0.0005976698868880165,0.007587316260968924,False
PEB,Pebblebrook Hotel Trust,Real Estate,Hotel and Resort REITs,17.53,2007.89,0.8279,0.072,-0.063,-0.0377,41.449253208868186,0.01720725971508741,13.670000000000002,-0.20771919161221697,,,0,345.0,345.0,22.0,22.0,939.0,687.0,824.0,550.0,58.0,38.0,4.0,4.0,0.002321716099625276,0.058239824800527216,False
PECO,Phillips Edison & Company Inc.,Real Estate,Retail REITs,41.659,5778.64,0.1653,0.0861,,,60.64658344042584,0.01710730948678063,4.070000000000007,0.0365678346810423,,,0,323.3333333333333,1000.0,23.666666666666668,1000.0,885.0,653.0,1066.0,723.0,52.0,33.0,8.0,11.0,0.003397024994669359,0.07118379202736201,False
PEGA,Pegasystems Inc.,Information Technology,Software,32.512,5433.28,-0.3602,0.1163,-0.131,0.091,57.49299516908195,-0.02615404883692951,-52.660000000000025,-0.1338450589670599,,,0,370.3333333333333,1000.0,71.66666666666667,1000.0,894.0,566.0,780.0,1132.0,132.0,85.0,57.0,26.0,0.0007561523274905924,0.003721317066560783,False
PEN,Penumbra Inc.,Health Care,Health Care Equipment and Supplies,319.286,12557.97,0.2605,-0.0039,0.0196,0.1816,214.16743924277307,0.03606286422637961,-6.639999999999986,-0.03736845067251948,,,0,227.33333333333334,227.33333333333334,29.0,29.0,522.0,867.0,834.0,915.0,63.0,97.0,13.0,11.0,0.0030745066258729176,0.02590912675801237,False
PENG,Penguin Solutions Inc.,Information Technology,Semiconductors and Semiconductor Equipment,61.185,3104.99,2.0022,0.3649,0.2084,,29.92573384179127,-0.015013259886469066,29.42,1.1587239070500197,,,0,384.6666666666667,384.6666666666667,60.666666666666664,60.666666666666664,965.0,197.0,859.0,390.0,144.0,45.0,24.0,14.0,0.00039358557037750847,0.004996501017906435,False
PENN,PENN Entertainment Inc.,Consumer Discretionary,Hotels Restaurants and Leisure,21.005,2670.28,0.2488,-0.0708,-0.2417,0.036,423.8699755593161,0.015313891682229519,-114.10000000000002,0.1353338868461631,,,0,150.66666666666666,1000.0,25.0,1000.0,309.0,1010.0,258.0,1208.0,39.0,104.0,11.0,25.0,0.00694110968913015,0.02315796780052052,False
PFG,Principal Financial Group Inc.,Financials,Insurance,108.915,23526.99,0.4239,0.1508,0.1091,0.0986,-312.26510916139705,-0.010674858404530974,376.5,0.31769470930723154,,,0,493.6666666666667,493.6666666666667,85.0,85.0,1183.0,484.0,87.0,37.0,204.0,94.0,35.0,16.0,-0.0018219003360525096,-0.012159499071745204,False
PFS,Provident Financial Services Inc.,Financials,Banks,23.1,3010.25,0.3525,0.0837,-0.0134,0.0143,185.55146572851606,0.022138390900071414,15.389999999999986,0.05285753537573834,,,0,277.3333333333333,277.3333333333333,74.0,74.0,569.0,660.0,1003.0,526.0,121.0,142.0,36.0,65.0,0.0010825938212363382,0.008505742132927345,False
PFSI,PennyMac Financial Services Inc.,Financials,Financial Services,79.133,4108.97,-0.1867,0.0644,0.0494,0.1885,765.0214120815699,-0.041243277279370605,6.0400000000000205,0.012053963438971804,,,0,120.66666666666667,1000.0,19.666666666666668,1000.0,174.0,698.0,520.0,690.0,35.0,153.0,7.0,17.0,0.004463491843523201,0.06225534056185281,False
PGNY,Progyny Inc.,Health Care,Health Care Providers and Services,25.601,2005.39,0.1803,-0.1401,-0.1673,,79.94865090533835,0.003468719445004931,9.169999999999995,0.15669856459330123,,,0,351.3333333333333,1000.0,50.0,1000.0,825.0,1099.0,875.0,626.0,97.0,132.0,29.0,24.0,0.001147712545880655,0.001746530071618836,False
PHIN,PHINIA Inc.,Consumer Discretionary,Automobile Components,80.44,2977.93,0.8249,,,,228.85925510013112,0.02354292276772907,11.0,0.08461538461538454,,,0,236.0,236.0,28.333333333333332,28.333333333333332,501.0,1199.0,491.0,591.0,70.0,137.0,5.0,10.0,0.003747699258307881,0.10646188808461658,False
PHM,PulteGroup Inc.,Consumer Discretionary,Household Durables,120.305,22916.46,0.1633,0.1861,0.1722,0.2011,-1062.700480544332,-0.027961610332747022,-175.79999999999995,-0.0792345170435339,,,1,470.0,1000.0,54.333333333333336,1000.0,1231.0,411.0,75.0,1243.0,140.0,39.0,16.0,7.0,-0.01740231917209076,-0.2269947476223149,False
PI,Impinj Inc.,Information Technology,Semiconductors and Semiconductor Equipment,124.25,3784.55,0.1192,0.0415,0.2006,,-2.508554022757039,-5.539092142792246e-05,-16.810000000000002,1.5493087557603689,,,0,432.0,1000.0,71.66666666666667,1000.0,1038.0,755.0,1181.0,1000.0,158.0,100.0,29.0,28.0,-3.29926968905543e-05,-0.00041883660378864675,False
PII,Polaris Inc.,Consumer Discretionary,Leisure Products,67.154,3820.13,0.5989,-0.1681,-0.1252,-0.0189,280.77526209483585,0.01615466467669946,19.399999999999977,-0.04167561761546723,,,0,210.66666666666666,210.66666666666666,23.333333333333332,23.333333333333332,447.0,1135.0,244.0,477.0,58.0,127.0,4.0,8.0,0.0045978531261216815,0.13874975694327815,False
PINS,Pinterest Inc.,Communication Services,Interactive Media and Services,21.205,11878.14,-0.3898,-0.0386,-0.2082,,613.0776182287191,0.03612702728950179,-82.50999999999999,-0.19793215947800213,,,0,81.66666666666667,1000.0,4.0,1000.0,214.0,950.0,405.0,1183.0,7.0,24.0,2.0,3.0,0.0426584166967103,0.242239298148751,False
PIPR,Piper Sandler Companies,Financials,Capital Markets,76.375,5425.98,0.1757,0.3051,0.1848,0.2272,476.36641182311155,0.06166749149722528,0.3300000000000409,0.0011729996800911024,,,0,119.66666666666667,119.66666666666667,25.666666666666668,25.666666666666668,278.0,244.0,718.0,801.0,54.0,27.0,12.0,11.0,0.0027793438982517808,0.0045357540537177025,False
PJT,PJT Partners Inc.,Financials,Capital Markets,154.815,6312.11,-0.0089,0.2918,0.1714,0.1977,316.5575257731957,0.0546955744874662,6.47999999999999,0.035976015989340304,,,0,172.33333333333334,172.33333333333334,37.333333333333336,37.333333333333336,406.0,266.0,758.0,682.0,80.0,31.0,19.0,13.0,0.0018469442972190817,0.003014123257064946,False
PK,Park Hotels & Resorts Inc.,Real Estate,Hotel and Resort REITs,14.115,2842.22,0.3405,0.0049,-0.081,,-64.00943202788585,-0.002750491159135615,68.0,-0.24028268551236753,,,0,413.6666666666667,413.6666666666667,32.333333333333336,32.333333333333336,1101.0,847.0,642.0,220.0,83.0,57.0,7.0,7.0,-0.003585389780562234,-0.08993884855053874,False
PKG,Packaging Corporation of America,Materials,Containers and Packaging,216.285,19150.94,0.1194,0.182,0.0849,0.1207,671.5978676061568,0.02522999566150874,-32.89999999999998,-0.04250096886707144,,,0,75.66666666666667,1000.0,6.0,1000.0,195.0,421.0,181.0,1083.0,12.0,20.0,5.0,1.0,0.02664552482756132,0.06384993213544284,False
PLMR,Palomar Holdings Inc.,Financials,Insurance,115.38,3058.02,-0.2696,0.2493,0.0861,,370.3079565677307,0.11906800461203004,0.020000000000010232,0.00010148678134669353,,,0,155.33333333333334,1000.0,32.666666666666664,1000.0,351.0,309.0,981.0,808.0,69.0,46.0,20.0,9.0,0.002160549388068074,0.014419668166698357,False
PLNT,Planet Fitness Inc.,Consumer Discretionary,Hotels Restaurants and Leisure,51.263,4072.48,-0.4982,-0.0864,-0.0736,0.106,158.20695114463638,0.04064955220020039,9.689999999999998,0.0442263806481058,,,0,275.0,1000.0,48.333333333333336,1000.0,624.0,1032.0,878.0,614.0,88.0,113.0,28.0,29.0,0.002590727970361052,0.00864357395352554,False
PLUG,Plug Power Inc.,Industrials,Electrical Equipment,2.775,3868.58,1.0109,-0.3279,-0.386,0.0442,97.55147495442304,0.0420329051160695,-48.65000000000009,0.029817539945697247,,,0,371.6666666666667,371.6666666666667,56.666666666666664,56.666666666666664,766.0,1193.0,1065.0,1126.0,144.0,205.0,9.0,17.0,0.001131778595071584,0.02111936110372134,False
PLUS,ePlus inc.,Information Technology,Electronic Equipment Instruments and Components,83.26,2156.38,0.1617,0.1479,0.127,0.14,373.81958583890946,0.1806659931650869,24.659999999999982,0.22837562511576204,,,0,154.66666666666666,1000.0,20.666666666666668,1000.0,350.0,496.0,658.0,420.0,34.0,80.0,10.0,18.0,0.004916504159547934,0.012564323617918127,False
PLXS,Plexus Corp.,Information Technology,Electronic Equipment Instruments and Components,282.705,7564.17,1.0999,0.4367,0.252,0.2027,342.79104565537546,0.06876073960381546,14.659999999999997,0.08479870430356318,,,0,151.0,151.0,20.0,20.0,378.0,154.0,413.0,534.0,40.0,35.0,12.0,8.0,0.004508414394709383,0.011521433852304032,False
PNFP,Pinnacle Financial Partners Inc.,Financials,Banks,92.325,13885.76,-0.132,0.185,0.0072,0.064,975.1909403597349,0.3573610733154997,10.0,0.015579478710642247,,,1,75.0,1000.0,20.0,1000.0,127.0,413.0,623.0,608.0,25.0,73.0,4.0,31.0,0.005689718927382502,0.044703083516478406,False
PNW,Pinnacle West Capital Corporation,Utilities,Electric Utilities,103.646,12560.57,0.1618,0.0863,0.034,0.0305,251.93760396795096,0.021970284310310673,37.57000000000005,0.060937829464908555,,,0,171.66666666666666,1000.0,11.666666666666666,1000.0,478.0,652.0,334.0,342.0,20.0,17.0,7.0,8.0,0.011909553947791562,0.025119281814654733,False
PODD,Insulet Corporation,Health Care,Health Care Equipment and Supplies,148.355,10275.76,-0.5091,-0.1933,-0.1208,0.1685,701.8915706488779,0.0711568996713563,55.70000000000002,0.22541481181707823,,,0,116.0,1000.0,16.0,1000.0,187.0,1153.0,589.0,254.0,20.0,141.0,4.0,24.0,0.010076089494435803,0.0849120563733678,False
POOL,Pool Corporation,Consumer Discretionary,Distributors,189.165,6893.74,-0.3694,-0.1659,-0.152,0.0764,94.1843520974553,0.012568533293001227,-0.3100000000000023,-0.0007627952755905332,,,0,334.0,1000.0,34.666666666666664,1000.0,776.0,1132.0,342.0,816.0,100.0,126.0,2.0,2.0,0.0015423218359485052,0.07699910181240656,False
POR,Portland General Electric Company,Utilities,Electric Utilities,50.625,5858.83,0.2324,0.0072,0.0031,0.0172,88.03744149765998,-0.013702460850111842,-55.0,-0.1797385620915033,,,0,284.3333333333333,1000.0,17.333333333333332,1000.0,795.0,841.0,494.0,1140.0,28.0,30.0,11.0,13.0,0.004161691793636743,0.00877771824607103,False
POST,Post Holdings Inc.,Consumer Staples,Food Products,92.79,4205.48,-0.1728,0.0208,-0.0409,0.0202,564.5148189623005,0.0356332969686568,2.8000000000000114,0.00834078045874298,,,0,92.66666666666667,1000.0,10.666666666666666,1000.0,238.0,814.0,204.0,758.0,18.0,22.0,7.0,7.0,0.00964050364731231,0.015631733283548752,False
POWI,Power Integrations Inc.,Information Technology,Semiconductors and Semiconductor Equipment,75.382,4200.28,0.3044,-0.0657,-0.0136,0.11,13.460680826301939,0.006268320180383258,-5.489999999999998,-0.2485287460389316,,,0,426.0,426.0,68.33333333333333,68.33333333333333,1001.0,998.0,1163.0,901.0,147.0,130.0,25.0,33.0,0.00017703591727101056,0.002247440474004613,False
PPC,Pilgrim's Pride Corporation,Consumer Staples,Food Products,29.515,7022.27,-0.3457,0.0933,0.0504,0.017,587.9217449404459,0.0037642822968446676,-194.6099999999999,-0.17980154477253396,,,0,86.66666666666667,1000.0,9.0,1000.0,227.0,634.0,64.0,1247.0,17.0,16.0,6.0,4.0,0.010040235501437027,0.016279884247150954,False
PPG,PPG Industries Inc.,Materials,Chemicals,113.42,25281.32,0.0036,-0.0669,-0.0857,0.0038,440.61871413286644,0.015496062992125914,9.0,0.005710659898477077,,,0,123.33333333333333,1000.0,13.666666666666666,1000.0,303.0,1003.0,81.0,630.0,18.0,49.0,4.0,19.0,0.01748146838042135,0.06425501587327187,False
PPL,PPL Corporation,Utilities,Electric Utilities,35.715,26870.19,0.0573,0.0999,0.0402,-0.0096,649.6744186046508,0.029860650298606517,38.0,0.0321761219305674,,,0,74.66666666666667,1000.0,7.0,1000.0,201.0,613.0,179.0,336.0,10.0,13.0,5.0,6.0,0.030711304763605174,0.06477538307770117,False
PPLI,People Incorporated,Communication Services,Interactive Media and Services,41.99,3123.22,0.1318,-0.1079,-0.2276,,-145.04768985661167,-0.024565538047543245,144.93,-1.3931558204364125,,,0,401.6666666666667,1000.0,15.666666666666666,1000.0,1144.0,1065.0,673.0,118.0,33.0,28.0,9.0,5.0,-0.010092530881612098,-0.05731125969086534,False
PPTA,Perpetua Resources Corp.,Materials,Metals and Mining,30.93,2774.52,0.3741,0.7211,0.2408,0.1461,,,-40.42,0.4026297439984061,,,0,442.3333333333333,442.3333333333333,28.666666666666668,28.666666666666668,1258.0,58.0,1278.0,1108.0,64.0,5.0,18.0,4.0,,,False
PR,Permian Resources Corporation,Energy,Oil Gas and Consumable Fuels,19.865,16632.73,0.3872,0.2412,0.2456,0.0709,-57.50545307443372,0.0023098746152676597,-285.66999999999996,-0.30547387106087664,,,0,387.3333333333333,387.3333333333333,31.333333333333332,31.333333333333332,1097.0,323.0,356.0,1269.0,47.0,18.0,35.0,12.0,-0.0014032504506687052,-0.0014954216999115179,False
PRDO,Perdoceo Education Corporation,Consumer Discretionary,Diversified Consumer Services,35.305,2213.73,0.0968,0.4167,0.2258,0.2007,128.86123142250528,0.010329748256707294,10.27000000000001,0.06422362578950658,,,0,262.0,262.0,35.333333333333336,35.333333333333336,684.0,165.0,1019.0,603.0,92.0,10.0,10.0,4.0,0.0021101752743862994,0.05324120199807998,False
PRI,Primerica Inc.,Financials,Insurance,278.141,8673.55,0.071,0.13,0.1142,0.1713,196.70848741871623,0.019822315628582166,21.049999999999955,0.02802071269784223,,,0,258.0,1000.0,53.333333333333336,1000.0,549.0,531.0,508.0,460.0,114.0,111.0,27.0,19.0,0.0011476890911539732,0.007659762810503495,False
PRIM,Primoris Services Corporation,Industrials,Construction and Engineering,92.762,5032.8,0.2671,0.4568,0.2331,0.1642,884.6717813051137,-0.011643718068885422,-26.799999999999983,-0.09748999636231348,,,0,70.66666666666667,70.66666666666667,14.666666666666666,14.666666666666666,148.0,143.0,239.0,1061.0,27.0,37.0,8.0,9.0,0.010263838514105212,0.06457375092528403,False
PRK,Park National Corporation,Financials,Banks,175.465,3175.23,0.0706,0.1704,0.0703,0.0652,57.40468010438224,0.050339014110316826,-0.46999999999999886,-0.0026100960737490686,,,0,382.6666666666667,1000.0,91.0,1000.0,896.0,448.0,1126.0,819.0,172.0,80.0,68.0,33.0,0.0003349256862351048,0.0026314500091605664,False
PRKS,United Parks & Resorts Inc.,Consumer Discretionary,Hotels Restaurants and Leisure,45.478,2143.63,0.0713,-0.0742,-0.0392,0.1086,-60.87449455676506,-0.005208834568376397,-17.930000000000007,-0.10650430650430653,,,0,441.6666666666667,1000.0,60.333333333333336,1000.0,1098.0,1019.0,788.0,1008.0,118.0,109.0,36.0,27.0,-0.00099685414950966,-0.003325853837508361,False
PRM,Perimeter Solutions Inc.,Materials,Chemicals,34.157,5571.93,1.506,0.7342,,,131.95089844702818,0.08124253285543603,16.25,-0.07874206522265836,,,0,237.66666666666666,237.66666666666666,14.333333333333334,14.333333333333334,677.0,57.0,1078.0,510.0,32.0,4.0,10.0,1.0,0.005235128207183545,0.019242276376962117,False
PRMB,Primo Brands Corporation,Consumer Staples,Beverages,23.35,8472.98,-0.1904,0.2155,0.0571,0.0381,1046.1082138640577,0.0018607442977189859,-1.3999999999999986,-0.02329450915141429,,,0,44.666666666666664,1000.0,5.666666666666667,1000.0,112.0,363.0,267.0,837.0,12.0,10.0,2.0,3.0,0.01786491640693902,0.30519253591178797,False
PRVA,Privia Health Group Inc.,Health Care,Health Care Providers and Services,23.155,2917.82,0.0063,-0.0633,-0.1031,,445.2830724823607,0.05829454881196883,-1.1600000000000001,-0.05061082024432806,,,0,150.66666666666666,1000.0,24.666666666666668,1000.0,299.0,992.0,683.0,833.0,37.0,116.0,17.0,20.0,0.006392315104371149,0.00972749718308685,False
PS,Pershing Square Inc.,Financials,Capital Markets,32.672,13068.8,,,,,312.2038886911119,0.006819582693997406,-167.32,-0.6698694851469293,,,0,232.0,1000.0,50.0,1000.0,412.0,1199.0,1052.0,1239.0,81.0,203.0,20.0,49.0,0.0018215431472660797,0.00297266981586219,False
PSKY,Paramount Skydance Corporation,Communication Services,Media,10.245,11465.93,-0.163,-0.1395,-0.247,-0.151,327.39212972118185,0.005364992558236192,16.0,-0.025764895330112725,,,1,145.33333333333334,1000.0,8.666666666666666,1000.0,393.0,1098.0,32.0,515.0,12.0,31.0,5.0,9.0,0.02278019858761071,0.05335192437926908,False
PSMT,PriceSmart Inc.,Consumer Staples,Consumer Staples Distribution and Retail,176.808,5328.1,0.6411,0.3331,0.1351,0.0718,449.33120808451986,0.04865761305784155,8.070000000000022,0.0545675840151465,,,0,107.0,107.0,11.0,11.0,295.0,220.0,329.0,649.0,19.0,7.0,9.0,5.0,0.007673455159871268,0.024486562338405144,False
PSN,Parsons Corporation,Industrials,Professional Services,56.859,6082.69,-0.1841,0.0667,0.075,,-468.4500988397085,-0.009927344034794339,-13.279999999999973,-0.055071742556191294,,,0,514.0,1000.0,81.66666666666667,1000.0,1198.0,692.0,284.0,977.0,213.0,131.0,26.0,6.0,-0.0054348926551203445,-0.04743275555330685,False
PTC,PTC Inc.,Information Technology,Software,126.86,14653.06,-0.2581,-0.0289,-0.0144,0.1309,651.1985518591,0.09441704420585362,512.3599999999999,0.6980381471389645,,,1,113.66666666666667,1000.0,22.0,1000.0,200.0,927.0,574.0,25.0,22.0,119.0,5.0,39.0,0.008564613814233197,0.042149765856278165,False
PTCT,PTC Therapeutics Inc.,Health Care,Biotechnology,74.558,6184.54,0.4671,0.2008,0.1166,0.2624,-945.5218045435062,-0.5220812989339265,-869.37,-1.2735409586311965,,,0,477.0,477.0,73.33333333333333,73.33333333333333,1226.0,383.0,1028.0,1304.0,140.0,65.0,42.0,38.0,-0.013573552839099105,-0.105731869707799,False
PTEN,Patterson-UTI Energy Inc.,Energy,Energy Equipment and Services,12.035,4568.7,0.8953,0.0209,0.0296,-0.0544,-484.4108864113032,-0.033812481612391254,-25.629999999999995,0.27370781717214854,,,0,440.6666666666667,440.6666666666667,33.333333333333336,33.333333333333336,1202.0,812.0,385.0,1056.0,64.0,56.0,20.0,16.0,-0.011820614538687936,-0.19178218406128344,False
PTGX,Protagonist Therapeutics Inc.,Health Care,Biotechnology,108.389,6970.65,0.9586,0.5484,0.2227,,-133.7402244668911,0.6093003042155585,15.440000000000012,-0.11863234729158667,,,1,433.6666666666667,433.6666666666667,64.66666666666667,64.66666666666667,1140.0,98.0,1243.0,525.0,137.0,24.0,41.0,16.0,-0.0019199239983585094,-0.014955344149733433,False
PTON,Peloton Interactive Inc.,Consumer Discretionary,Leisure Products,5.565,2409.6,-0.2459,-0.1248,-0.4523,,-82.39975191234225,-0.018307371125742877,142.1,-1.1951219512195121,,,0,454.0,1000.0,46.333333333333336,1000.0,1118.0,1084.0,656.0,120.0,124.0,120.0,8.0,7.0,-0.0013493423676116017,-0.04071920533427288,False
PTRN,Pattern Group Inc.,Consumer Discretionary,Broadline Retail,20.901,3696.68,,,,,808.7015536305373,0.09327874882062259,6.41,0.3944615384615384,,,0,107.66666666666667,1000.0,10.0,1000.0,164.0,1199.0,608.0,683.0,22.0,137.0,2.0,6.0,0.013242943622304307,0.14871389825669007,False
PVH,PVH Corp.,Consumer Discretionary,Textiles Apparel and Luxury Goods,79.025,3643.69,0.201,-0.0135,-0.0691,-0.0199,307.42339192582585,0.004636767893454907,132.79999999999998,5.24901185770751,,,1,188.0,1000.0,23.0,1000.0,416.0,892.0,190.0,129.0,55.0,93.0,6.0,8.0,0.00503423126760955,0.0712872914955133,False
Q,Qnity Electronics Inc.,Information Technology,Semiconductors and Semiconductor Equipment,145.385,30434.78,,,,,480.9747201155651,0.04143878838872528,-42.0,-0.06069364161849711,,,0,155.33333333333334,1000.0,23.0,1000.0,276.0,1199.0,366.0,1109.0,27.0,163.0,4.0,38.0,0.006325816788809478,0.08030515446503869,False
QLYS,Qualys Inc.,Information Technology,Software,108.936,3836.4,-0.2219,-0.0525,0.0115,0.131,63.22071525823719,0.02350813743218816,3.1100000000000136,0.015681726502622118,,,0,375.3333333333333,1000.0,75.33333333333333,1000.0,872.0,976.0,1088.0,749.0,129.0,125.0,55.0,42.0,0.0008314837459336945,0.004092052013619497,False
QNT,Quantinuum Inc.,Information Technology,Technology Hardware Storage and Peripherals,56.115,14633.98,,,,,,-0.4477853216941481,-106.11000000000001,0.5510490236809307,,,0,532.6666666666666,1000.0,64.66666666666667,1000.0,1258.0,1199.0,1257.0,1201.0,177.0,163.0,9.0,8.0,,,False
QRVO,Qorvo Inc.,Information Technology,Semiconductors and Semiconductor Equipment,96.303,8475.98,0.1655,-0.007,-0.1207,0.0594,-40.53772924881196,-0.010876667464378542,283.37,5.094750089895721,,,1,456.0,1000.0,77.66666666666667,1000.0,1087.0,874.0,480.0,53.0,167.0,114.0,35.0,31.0,-0.0005331553562747197,-0.006768315407939902,False
QS,QuantumScape Corporation,Consumer Discretionary,Automobile Components,6.965,4284.49,0.5076,0.0339,-0.2422,,,,13.620000000000005,-0.031306746350994175,,,0,491.0,491.0,52.666666666666664,52.666666666666664,1258.0,777.0,1278.0,551.0,143.0,72.0,10.0,5.0,,,False
QSR,Restaurant Brands International Inc.,Consumer Discretionary,Hotels Restaurants and Leisure,72.855,33246.42,0.0774,-0.0103,0.0136,0.0559,812.6866190737692,0.01642993428026296,179.0,0.23067010309278357,,,0,92.0,1000.0,16.666666666666668,1000.0,163.0,885.0,173.0,88.0,21.0,92.0,7.0,22.0,0.01330820131441457,0.044400810724067305,False
QTWO,Q2 Holdings Inc.,Information Technology,Software,43.185,2703.4,-0.5153,0.1562,-0.1567,0.0475,100.89578947368432,0.03368100552333275,21.880000000000003,0.4206883291674679,,,0,313.0,1000.0,59.333333333333336,1000.0,754.0,473.0,1032.0,455.0,109.0,76.0,47.0,22.0,0.001326989241387708,0.006530625552005672,False
QUBT,Quantum Computing Inc.,Information Technology,Technology Hardware Storage and Peripherals,9.58,2160.63,-0.495,0.8441,0.0909,0.5487,3.945353865560402,5.367647058823529,-21.04,1.1269416175682911,,,2,397.3333333333333,397.3333333333333,53.333333333333336,53.333333333333336,1026.0,48.0,1265.0,1029.0,152.0,14.0,7.0,1.0,5.188959975809069e-05,0.0002377824776302817,False
R,Ryder System Inc.,Industrials,Ground Transportation,277.05,10719.35,0.8464,0.503,0.2837,0.1546,-8.868207745421387,-0.00039478878799836803,-5.0,-0.01002004008016033,,,0,419.6666666666667,419.6666666666667,65.66666666666667,65.66666666666667,1047.0,118.0,131.0,893.0,184.0,28.0,11.0,2.0,-0.00010288770833660143,-0.003748486679349885,False
RAL,Ralliant Corporation,Information Technology,Electronic Equipment Instruments and Components,64.11,7176.03,,,,,26.399525972743504,0.02552204176334083,-19.700000000000045,0.01611451942740283,,,0,426.6666666666667,1000.0,68.33333333333333,1000.0,972.0,1199.0,707.0,1021.0,145.0,163.0,29.0,31.0,0.00034720861124440703,0.0008873055352003967,False
RAMP,LiveRamp Holdings Inc.,Information Technology,Software,37.587,2258.52,0.1404,0.1484,-0.0208,0.0556,67.32870035769974,0.09034577107755037,146.76,-181.18518518518516,,,0,357.0,1000.0,68.33333333333333,1000.0,865.0,494.0,1039.0,114.0,127.0,79.0,54.0,24.0,0.0008855122842820626,0.00435794727642237,False
RARE,Ultragenyx Pharmaceutical Inc.,Health Care,Biotechnology,22.985,2256.88,-0.3872,-0.2346,-0.2572,-0.0938,79.8476173698582,-0.004457652303120341,-34.0,0.05913043478260871,,,0,356.6666666666667,1000.0,60.333333333333336,1000.0,826.0,1170.0,1092.0,1085.0,98.0,146.0,27.0,56.0,0.0011462621467192916,0.008928866405470161,False
RBA,RB Global Inc.,Industrials,Commercial Services and Supplies,105.44,19643.47,-0.0196,0.2395,0.1244,0.1214,388.658157460085,0.027446794606487135,22.100000000000023,0.051587301587301626,,,0,157.66666666666666,1000.0,25.0,1000.0,333.0,325.0,381.0,449.0,67.0,73.0,3.0,5.0,0.004509157689504943,0.07877844366487574,False
RBC,RBC Bearings Incorporated,Industrials,Machinery,589.762,18603.53,0.5702,0.4067,0.2418,0.2304,234.63972363127505,0.14337224225386547,41.400000000000034,0.16815597075548339,,,0,210.66666666666666,210.66666666666666,40.0,40.0,493.0,169.0,747.0,310.0,95.0,44.0,19.0,6.0,0.002722257319876111,0.01937672235337324,False
RBLX,Roblox Corporation,Communication Services,Entertainment,42.075,30124.81,-0.5625,0.0283,-0.1463,,1461.8031315617986,0.08322172352802859,-31.0,0.02910634142677404,,,0,30.0,1000.0,4.666666666666667,1000.0,65.0,797.0,346.0,1080.0,3.0,22.0,1.0,10.0,0.10171339690214466,0.37602452925063956,False
RBRK,Rubrik Inc.,Information Technology,Software,70.23,14455.34,-0.2097,,,,447.095240513278,0.08250328599974166,60.25,-0.1727202362182152,,,0,163.33333333333334,1000.0,34.0,1000.0,297.0,1199.0,839.0,235.0,30.0,163.0,8.0,64.0,0.005880231247821416,0.028938884537274782,False
RCUS,Arcus Biosciences Inc.,Health Care,Biotechnology,23.615,2970.13,1.6008,0.0381,-0.0105,,95.00346516907635,-0.04453441295546556,-16.0,0.04532577903682711,,,0,317.0,317.0,52.666666666666664,52.666666666666664,773.0,765.0,1206.0,996.0,89.0,89.0,23.0,46.0,0.0013638337563167578,0.010623651356084625,False
RDDT,Reddit Inc.,Communication Services,Interactive Media and Services,167.49,32243.34,0.4561,,,,1023.98194092827,0.12306414045793201,177.81999999999994,0.3356867779204107,,,0,53.333333333333336,53.333333333333336,4.666666666666667,4.666666666666667,119.0,1199.0,654.0,89.0,4.0,37.0,1.0,9.0,0.0712494585142859,0.40459586080488935,True
RDN,Radian Group Inc.,Financials,Financial Services,34.139,4539.64,0.0044,0.091,0.082,0.1163,79.76553588246384,0.14484412069368813,-20.470000000000027,-0.03513318687354117,,,0,373.0,1000.0,63.0,1000.0,827.0,637.0,855.0,1026.0,155.0,137.0,19.0,15.0,0.00046538935143905854,0.00649110014836029,False
RDNT,RadNet Inc.,Health Care,Health Care Providers and Services,57.545,4525.01,-0.0056,0.2141,0.1297,0.2693,275.15827057182696,0.05108787820861571,4.459999999999999,-0.23914209115281493,,,0,189.66666666666666,1000.0,27.666666666666668,1000.0,455.0,365.0,701.0,717.0,53.0,61.0,21.0,9.0,0.003950067895605013,0.0060110106745558485,False
RDW,Redwire Corporation,Industrials,Aerospace and Defense,16.034,3172.85,-0.2007,0.8548,0.0948,,93.25375655038175,0.10608861589838381,-73.56,0.3246965349812403,,,0,311.6666666666667,311.6666666666667,56.333333333333336,56.333333333333336,777.0,46.0,1179.0,1172.0,146.0,12.0,20.0,3.0,0.0010819170660725434,0.009068600652222938,False
REG,Regency Centers Corporation,Real Estate,Retail REITs,80.581,15023.02,0.1348,0.0993,0.0339,0.0012,127.61522974718605,0.02447487337372145,18.959999999999923,0.03594585371402559,,,0,246.0,1000.0,11.333333333333334,1000.0,686.0,614.0,789.0,482.0,25.0,27.0,1.0,8.0,0.007148170606799473,0.14978809124130155,False
RELY,Remitly Global Inc.,Financials,Financial Services,18.285,3850.11,-0.0885,-0.0161,,,369.89879075980184,0.05576246827508169,37.69999999999999,0.5549830708081847,,,0,199.33333333333334,1000.0,33.333333333333336,1000.0,352.0,896.0,777.0,341.0,70.0,176.0,11.0,19.0,0.002158162123845796,0.030101347267537177,False
REXR,Rexford Industrial Realty Inc.,Real Estate,Industrial REITs,34.545,8033.75,-0.0582,-0.1236,-0.1023,0.0518,21.343231235933104,-0.007187503115249294,19.99000000000001,0.09427911144649337,,,0,378.3333333333333,1000.0,26.333333333333332,1000.0,985.0,1082.0,974.0,471.0,67.0,83.0,6.0,6.0,0.0011955082357886482,0.05702609362943144,False
REYN,Reynolds Consumer Products Inc.,Consumer Staples,Household Products,23.245,4899.29,0.0687,-0.0573,-0.0538,,100.09345794392493,0.0158559527008868,28.0,0.09302325581395343,,,0,271.6666666666667,1000.0,12.333333333333334,1000.0,757.0,984.0,470.0,402.0,31.0,27.0,2.0,4.0,0.0017093463518890388,0.3739931715765037,False
REZI,Resideo Technologies Inc.,Industrials,Building Products,29.63,4486.76,0.3996,0.1931,-0.0091,,569.2183567727607,0.01900428265524634,32.0,-0.06072106261859578,,,0,121.0,121.0,17.0,17.0,236.0,393.0,232.0,367.0,41.0,86.0,2.0,8.0,0.0066039919172746556,0.19958357869747284,False
RF,Regions Financial Corporation,Financials,Banks,28.565,24376.79,0.2815,0.156,0.0582,0.116,516.901262063845,0.01729024943310664,69.0,0.03200371057513918,,,1,132.66666666666666,132.66666666666666,32.0,32.0,260.0,474.0,254.0,217.0,47.0,91.0,11.0,38.0,0.003015843126339605,0.023694929199495295,False
RGEN,Repligen Corporation,Health Care,Life Sciences Tools and Services,130.825,7379.54,-0.0089,-0.0689,-0.0734,0.1884,112.913960463531,0.03397177146262842,2.509999999999998,0.05133974227858462,,,0,307.6666666666667,1000.0,32.333333333333336,1000.0,723.0,1005.0,1053.0,763.0,82.0,118.0,6.0,9.0,0.00162095004182758,0.03626331694866645,False
RGLD,Royal Gold Inc.,Materials,Metals and Mining,199.529,16933.35,0.143,0.1869,0.1018,0.1176,539.0473471175749,0.2682924442443755,167.63,0.3595050184438535,,,0,96.0,1000.0,12.0,1000.0,253.0,406.0,874.0,96.0,16.0,19.0,7.0,13.0,0.02138660672352726,0.07216843959423005,True
RH,RH,Consumer Discretionary,Specialty Retail,148.066,2798.56,-0.1727,-0.1752,-0.2632,0.1873,258.90378768263326,0.08136131415546655,52.38000000000001,0.7233807485153987,,,0,219.33333333333334,1000.0,36.0,1000.0,468.0,1141.0,505.0,262.0,61.0,129.0,18.0,29.0,0.004239695408633486,0.013101050839454327,False
RHI,Robert Half Inc.,Industrials,Professional Services,30.953,3111.91,-0.2965,-0.2472,-0.1933,-0.0252,-344.8341396933556,-0.009617905330658538,-3.5600000000000023,-0.026768929994736457,,,0,534.6666666666666,1000.0,86.33333333333333,1000.0,1190.0,1179.0,343.0,872.0,210.0,204.0,25.0,24.0,-0.004000717552832542,-0.034916063621339,False
RHP,Ryman Hospitality Properties Inc.,Real Estate,Hotel and Resort REITs,120.63,7572.1,0.2232,0.08,0.0832,0.091,246.0631997097771,0.03011250311642999,7.509999999999991,0.030850757918087224,,,0,178.66666666666666,1000.0,7.0,1000.0,485.0,671.0,621.0,662.0,16.0,35.0,2.0,3.0,0.013782851271474059,0.3457403096924426,False
RIOT,Riot Platforms Inc.,Information Technology,Software,25.008,9456.81,1.3704,0.3417,-0.0422,0.2171,194.51297752808983,0.009020280184730556,-204.11,0.307774661479538,,,0,222.33333333333334,222.33333333333334,34.0,34.0,556.0,212.0,1099.0,1251.0,65.0,46.0,25.0,12.0,0.0025582497529035766,0.012590133125158474,True
RITM,Rithm Capital Corp.,Real Estate,Mortgage Real Estate Investment Trusts (REITs),9.165,5116.88,-0.1968,0.0094,-0.0365,-0.0398,708.8151669859244,0.12169683054443103,23.860000000000014,0.0342294780937078,,,0,82.66666666666667,1000.0,4.333333333333333,1000.0,186.0,839.0,419.0,429.0,6.0,56.0,3.0,4.0,0.03970319022533569,0.16625650208256443,False
RIVN,Rivian Automotive Inc.,Consumer Discretionary,Automobiles,15.142,19381.41,0.0663,0.0296,,,522.1139183192972,0.026174122888435125,129.0,-0.03538123971475593,,,0,122.33333333333333,1000.0,12.666666666666666,1000.0,257.0,788.0,328.0,132.0,36.0,74.0,1.0,1.0,0.008549909609647815,0.6940445870461359,False
RJF,Raymond James Financial Inc.,Financials,Capital Markets,149.955,29223.69,0.0151,0.1611,0.1139,0.1557,1155.9155915960182,0.05051730288976097,12.0,0.005620608899297386,,,1,66.33333333333333,1000.0,14.0,1000.0,95.0,464.0,105.0,571.0,17.0,87.0,5.0,20.0,0.006744150860891202,0.011006126167190797,False
RL,Ralph Lauren Corporation,Consumer Discretionary,Textiles Apparel and Luxury Goods,386.499,23003.01,0.4439,0.4863,0.2577,0.1496,1035.6375730611535,0.1462777228422094,198.20000000000005,0.2667923004442052,,,0,45.666666666666664,45.666666666666664,5.666666666666667,5.666666666666667,116.0,130.0,218.0,77.0,14.0,7.0,1.0,2.0,0.016959148812832236,0.24015022764542698,False
RLAY,Relay Therapeutics Inc.,Health Care,Biotechnology,14.099,3072.74,3.2213,0.0943,-0.1624,,2.998204704020714,-0.3046875,3.7800000000000296,-0.013671875000000111,,,0,409.0,409.0,66.66666666666667,66.66666666666667,1027.0,630.0,1260.0,731.0,121.0,79.0,36.0,43.0,4.3041090937198056e-05,0.00033527073368326733,False
RLI,RLI Corp.,Financials,Insurance,54.226,4985.45,-0.2589,-0.0601,0.0081,0.0491,165.35622603615116,0.00860580626311469,-8.329999999999984,-0.020652551197500868,,,0,307.0,1000.0,63.666666666666664,1000.0,608.0,987.0,740.0,930.0,127.0,186.0,30.0,34.0,0.0009647653706579439,0.00643891622215996,False
RMBS,Rambus Inc.,Information Technology,Semiconductors and Semiconductor Equipment,140.924,15239.09,1.3023,0.3023,0.4789,0.2775,115.75208193418405,0.019106029987422835,-0.45000000000001705,-0.001952616506118221,,,1,291.0,291.0,45.0,45.0,717.0,250.0,1071.0,818.0,103.0,53.0,15.0,17.0,0.0015223803510150756,0.01932635631482048,False
RMD,ResMed Inc.,Health Care,Health Care Equipment and Supplies,192.697,27829.49,-0.2334,-0.0336,-0.0249,0.124,516.2176387377585,0.07606585663958598,118.84999999999991,0.08484922040093656,,,0,132.66666666666666,1000.0,17.333333333333332,1000.0,261.0,939.0,327.0,139.0,30.0,107.0,8.0,14.0,0.0074106248657743465,0.062449961040143234,False
RNG,RingCentral Inc.,Information Technology,Software,37.471,3142.27,0.3956,0.0437,-0.3284,0.0628,118.98638703527149,0.012778612721359606,40.95,0.9437658446646693,,,0,300.6666666666667,300.6666666666667,57.0,57.0,705.0,747.0,639.0,313.0,98.0,99.0,41.0,32.0,0.0015649181823249522,0.007701565581347202,False
RNST,Renasant Corporation,Financials,Banks,41.845,3861.13,0.1572,0.1205,-0.0034,0.0209,268.04880209089583,0.1137421874110589,46.70999999999998,0.2576819109615489,,,0,224.66666666666666,1000.0,57.0,1000.0,461.0,555.0,982.0,284.0,94.0,119.0,27.0,50.0,0.0015639217712135217,0.01228744801704278,False
ROAD,Construction Partners Inc.,Industrials,Construction and Engineering,104.24,5893.18,-0.004,0.482,0.2589,,1068.562125529198,0.15838299506464315,25.22,0.24778934957752008,,,0,53.0,53.0,9.333333333333334,9.333333333333334,109.0,131.0,527.0,416.0,17.0,33.0,4.0,7.0,0.012397308618277408,0.0779962309189071,False
ROG,Rogers Corporation,Information Technology,Electronic Equipment Instruments and Components,140.47,2507.18,0.9779,-0.0397,-0.0591,0.0811,13.561605035405137,0.012333497779970504,5.899999999999999,-0.09546925566343045,,,0,423.3333333333333,423.3333333333333,67.0,67.0,1000.0,953.0,1033.0,697.0,146.0,124.0,30.0,25.0,0.00017836328028956783,0.000455814518281141,False
ROKU,Roku Inc.,Communication Services,Entertainment,118.069,17438.05,0.4671,0.1927,-0.1938,,713.4819215619109,0.04817351839147177,113.13000000000001,1.2803304662743322,,,0,67.0,67.0,4.666666666666667,4.666666666666667,182.0,394.0,365.0,143.0,6.0,13.0,3.0,5.0,0.04964462608093922,0.18353135103597723,False
ROL,Rollins Inc.,Industrials,Commercial Services and Supplies,47.429,22835.34,-0.1678,0.0513,0.0731,0.1406,381.96900927677234,0.02231291793515089,2.5799999999999272,0.004898331149968627,,,0,186.33333333333334,1000.0,28.666666666666668,1000.0,346.0,731.0,462.0,762.0,70.0,143.0,5.0,11.0,0.004431551126029892,0.07742259747147835,False
ROP,Roper Technologies Inc.,Information Technology,Software,330.193,33322.21,-0.4203,-0.099,-0.0638,0.0672,873.9899170161507,0.026890224612464486,177.79999999999995,0.1157326043090543,,,0,101.66666666666667,1000.0,22.666666666666668,1000.0,149.0,1057.0,217.0,90.0,15.0,141.0,4.0,49.0,0.011494783112473298,0.0565702584224258,False
RPM,RPM International Inc.,Materials,Chemicals,105.154,13420.44,-0.0865,0.0821,0.0272,0.0741,414.5819530658591,0.04624123787408574,-22.760000000000105,-0.0330482510273129,,,0,121.33333333333333,1000.0,11.0,1000.0,316.0,666.0,225.0,1037.0,19.0,29.0,5.0,9.0,0.016448464559380236,0.06045809930575481,False
RPRX,Royalty Pharma plc,Health Care,Pharmaceuticals,55.028,31686.89,0.6161,0.1864,0.0415,,176.58679035250498,0.026209007690722652,55.33999999999992,0.07178156819508397,,,0,240.0,240.0,31.0,31.0,584.0,409.0,659.0,256.0,69.0,67.0,8.0,16.0,0.0025350130668788332,0.06338815149651444,False
RRC,Range Resources Corporation,Energy,Oil Gas and Consumable Fuels,38.99,9186.48,-0.0086,0.1101,0.1946,-0.0102,696.4950050896559,0.07400579492910242,244.58000000000004,0.3716908300659556,,,0,79.33333333333333,1000.0,16.333333333333332,1000.0,189.0,586.0,536.0,63.0,11.0,38.0,10.0,28.0,0.016995899997787927,0.018112260469331346,False
RRR,Red Rock Resorts Inc.,Consumer Discretionary,Hotels Restaurants and Leisure,62.415,6210.97,0.2814,0.0838,0.069,0.1112,73.04602409638574,0.004703004752719453,-1.8599999999999852,-0.009889934598819483,,,0,337.0,337.0,49.0,49.0,846.0,659.0,716.0,842.0,104.0,61.0,30.0,13.0,0.0011961698040509248,0.003990840520723378,False
RRX,Regal Rexnord Corporation,Industrials,Electrical Equipment,204.084,13585.78,0.4185,0.1195,0.0824,0.1355,91.51181683899631,0.010278877748757242,7.0,0.025044722719141266,,,0,348.0,348.0,56.0,56.0,784.0,560.0,307.0,672.0,147.0,113.0,10.0,11.0,0.0010617073247009003,0.019811808134970098,False
RS,Reliance Inc.,Materials,Metals and Mining,404.663,20657.45,0.3154,0.1789,0.1848,0.1808,1160.9756106553596,0.03786824118704657,65.20000000000005,0.0881796050852044,,,0,41.0,41.0,8.0,8.0,93.0,426.0,102.0,227.0,8.0,22.0,2.0,14.0,0.04606149892669337,0.15543309632443222,False
RUM,Rumble Inc.,Communication Services,Interactive Media and Services,6.953,2364.63,-0.2283,-0.1242,-0.0657,,0.9132011892963163,0.017491552375273223,-27.620000000000005,0.3375290235854822,,,0,363.0,1000.0,13.666666666666666,1000.0,1031.0,1083.0,1235.0,1068.0,28.0,30.0,7.0,6.0,6.35412478006995e-05,0.000360824157637438,False
RUN,Sunrun Inc.,Industrials,Electrical Equipment,12.025,2868.56,0.3822,-0.1373,-0.2317,0.0667,1091.1059700708847,0.07370984105512335,117.63000000000005,0.2614290476719636,,,0,104.66666666666667,104.66666666666667,10.666666666666666,10.666666666666666,105.0,1095.0,541.0,140.0,16.0,193.0,1.0,15.0,0.012658859155722617,0.23621847845067748,False
RUSHA,Rush Enterprises Inc.,Industrials,Trading Companies and Distributors,67.525,5287.33,0.317,0.1994,0.1679,0.2151,-516.0528703009531,-0.022415353925578918,1.1300000000000523,0.004283872924406795,,,0,501.0,501.0,79.33333333333333,79.33333333333333,1205.0,386.0,249.0,785.0,214.0,84.0,18.0,6.0,-0.0059871733646748885,-0.033701095183802064,False
RVMD,Revolution Medicines Inc.,Health Care,Biotechnology,148.93,31661.99,2.6511,0.797,0.3414,,,,-240.4000000000001,0.2124988950764608,,,0,470.6666666666667,470.6666666666667,64.33333333333333,64.33333333333333,1258.0,51.0,1278.0,1256.0,142.0,12.0,44.0,7.0,,,False
RVTY,Revvity Inc.,Health Care,Life Sciences Tools and Services,100.331,11192.9,0.0444,-0.0333,-0.0733,0.0645,132.67052104208415,0.016232208819873417,-1.5199999999999818,-0.006301824212271878,,,0,286.6666666666667,1000.0,29.666666666666668,1000.0,676.0,938.0,588.0,839.0,78.0,106.0,5.0,6.0,0.0019045677412219617,0.042608311094071497,False
RXO,RXO Inc.,Industrials,Ground Transportation,27.92,4604.58,0.7385,0.0844,,,664.1503094606542,-0.0013932427725531493,-5.0,0.050000000000000044,,,0,120.0,120.0,14.333333333333334,14.333333333333334,198.0,658.0,313.0,893.0,33.0,129.0,1.0,9.0,0.007705379180672816,0.2807284921110146,False
RYAN,Ryan Specialty Holdings Inc.,Financials,Insurance,34.761,9165.06,-0.4671,-0.0626,,,507.3820809635331,0.03565775501071933,45.29,0.7143533123028392,,,0,166.33333333333334,1000.0,33.0,1000.0,263.0,990.0,555.0,290.0,49.0,187.0,15.0,35.0,0.0029603037825679662,0.019757288795615852,False
RYN,Rayonier Inc.,Real Estate,Specialized REITs,20.485,6195.27,-0.1415,-0.1196,-0.1081,-0.0241,-278.82510935515734,0.40013209766971447,-9.009999999999991,-0.018993212192756848,,,1,448.6666666666667,1000.0,38.333333333333336,1000.0,1174.0,1077.0,1090.0,936.0,90.0,82.0,13.0,12.0,-0.01561795919717907,-0.20162387835257473,False
RYTM,Rhythm Pharmaceuticals Inc.,Health Care,Biotechnology,86.565,5932.53,0.3351,0.7037,0.3529,,80.29732904770907,0.1443929173693086,-6.140000000000015,0.031240459957260658,,,0,310.6666666666667,310.6666666666667,43.333333333333336,43.333333333333336,823.0,62.0,1213.0,911.0,96.0,13.0,26.0,8.0,0.0011527180372046682,0.008979154887766516,False
S,SentinelOne Inc.,Information Technology,Software,14.536,4982.99,-0.1906,-0.0003,,,184.75610314714118,0.047569111537232533,132.03000000000003,-0.29291831210897645,,,0,250.0,1000.0,44.333333333333336,1000.0,570.0,859.0,951.0,130.0,68.0,112.0,28.0,37.0,0.002429926585003026,0.011958605353064953,False
SAH,Sonic Automotive Inc.,Consumer Discretionary,Specialty Retail,84.135,2659.01,0.0979,0.2244,0.1249,0.1744,698.5275329135657,0.0024548622109596963,-9.799999999999997,-0.08256107834877846,,,0,81.0,1000.0,15.0,1000.0,188.0,347.0,94.0,944.0,25.0,30.0,10.0,10.0,0.011438781952962426,0.03534689393064097,False
SAIA,Saia Inc.,Industrials,Ground Transportation,480.675,12786.88,0.8838,0.1765,0.1849,0.3403,11.022519433925027,0.005766335115280352,0.05000000000001137,0.00019604767879544127,,,1,428.3333333333333,428.3333333333333,65.66666666666667,65.66666666666667,1010.0,432.0,528.0,807.0,182.0,93.0,10.0,5.0,0.00012788173182317703,0.004659088787390593,False
SAIC,Science Applications International Corporation,Industrials,Professional Services,115.244,4872.15,0.1103,0.029,0.0417,0.0723,-217.75386199794048,0.003993390250619733,47.0,0.13128491620111737,,,0,505.3333333333333,1000.0,79.0,1000.0,1161.0,789.0,248.0,283.0,205.0,150.0,23.0,9.0,-0.002526349910327691,-0.022048593292048863,False
SAIL,SailPoint Inc.,Information Technology,Software,14.469,8206.94,-0.3578,,,,216.69342045821236,0.04635903753896686,112.63000000000002,-0.41707091279392716,,,0,244.66666666666666,1000.0,47.666666666666664,1000.0,513.0,1199.0,926.0,145.0,58.0,163.0,21.0,64.0,0.00284996865704242,0.014025794297045554,False
SARO,StandardAero Inc.,Industrials,Aerospace and Defense,25.246,8393.59,-0.1787,,,,816.6560215614672,0.03154963868100835,16.97999999999996,0.061206834402710575,,,0,132.66666666666666,1000.0,19.333333333333332,1000.0,161.0,1199.0,288.0,504.0,30.0,207.0,5.0,23.0,0.009474729163976413,0.07941693293366629,False
SBAC,SBA Communications Corporation,Real Estate,Specialized REITs,203.089,21540.23,-0.0964,-0.0322,-0.0854,0.0723,168.4073501458547,0.013921154898157928,-35.90000000000009,-0.034072682061065174,,,0,231.66666666666666,1000.0,10.333333333333334,1000.0,601.0,935.0,596.0,1093.0,20.0,74.0,2.0,9.0,0.00943307842384016,0.1217786416654344,False
SBCF,Seacoast Banking Corporation of Florida,Financials,Banks,30.835,2966.98,0.186,0.0947,-0.0335,0.0634,123.65250120559392,0.052876982469040934,0.4300000000000068,0.0029679734953065307,,,0,322.0,1000.0,81.33333333333333,1000.0,693.0,629.0,1108.0,799.0,138.0,135.0,45.0,61.0,0.0007214463828674679,0.0056682726014415565,False
SBRA,Sabra Health Care REIT Inc.,Real Estate,Health Care REITs,18.705,4717.22,0.0249,0.1681,0.0072,-0.0165,95.43041942604862,0.051433433020521724,0.5799999999999841,0.003727266885161562,,,0,274.0,1000.0,14.666666666666666,1000.0,772.0,453.0,1037.0,797.0,36.0,14.0,5.0,3.0,0.00534538801118969,0.10010203667150944,False
SCI,Service Corporation International,Consumer Discretionary,Diversified Consumer Services,72.453,9996.41,-0.0878,0.0417,0.0566,0.1047,116.33899571817892,0.005172617845879968,-7.07000000000005,-0.01302961611470499,,,0,292.3333333333333,1000.0,38.333333333333336,1000.0,714.0,754.0,410.0,922.0,94.0,69.0,11.0,10.0,0.001905116608784475,0.04806742806124973,False
SDRL,Seadrill Limited,Energy,Energy Equipment and Services,44.945,2810.43,0.6006,0.0626,,,119.01025265470525,0.020304568527918843,7.0,-0.09090909090909094,,,0,259.3333333333333,259.3333333333333,15.333333333333334,15.333333333333334,704.0,703.0,845.0,672.0,28.0,46.0,5.0,13.0,0.002904093120625433,0.04711712065121738,False
SEB,Seaboard Corporation,Consumer Staples,Food Products,5244.515,5023.16,0.9344,0.1139,0.0682,0.0641,605.1501501501516,0.008618920582803113,87.0,0.1754032258064515,,,0,82.0,82.0,7.666666666666667,7.666666666666667,216.0,571.0,169.0,179.0,16.0,14.0,5.0,2.0,0.010334453647148157,0.016756948490803707,False
SEIC,SEI Investments Company,Financials,Capital Markets,87.986,10582.34,0.0584,0.1431,0.0702,0.0587,203.2871907852641,0.030835125229609295,22.970000000000027,0.03211240039144414,,,0,247.66666666666666,1000.0,52.666666666666664,1000.0,534.0,503.0,666.0,441.0,109.0,100.0,26.0,23.0,0.0011860723159288818,0.0019356123286364973,False
SEM,Select Medical Holdings Corporation,Health Care,Health Care Providers and Services,16.625,2061.78,0.0988,-0.1636,-0.1678,0.0352,302.17735797334353,0.01252560596974428,-12.689999999999998,-0.08678703323758719,,,0,202.0,1000.0,30.666666666666668,1000.0,421.0,1127.0,330.0,971.0,48.0,137.0,19.0,25.0,0.004337943678845976,0.006601260142433929,False
SEZL,Sezzle Inc.,Financials,Financial Services,124.268,4178.76,-0.0528,,,,151.83514027644725,0.0680243404104115,15.140000000000015,0.11372342822804793,,,0,322.3333333333333,1000.0,58.333333333333336,1000.0,635.0,1199.0,1154.0,530.0,129.0,203.0,17.0,29.0,0.0008858770479902103,0.01235592653733337,False
SF,Stifel Financial Corp.,Financials,Capital Markets,70.806,10861.77,0.0986,0.2173,0.1018,0.162,638.9125465838506,0.03248575481713911,198.43000000000006,0.29019567697212567,,,0,101.66666666666667,1000.0,21.666666666666668,1000.0,206.0,361.0,318.0,76.0,40.0,59.0,10.0,15.0,0.0037277138853436236,0.00608344774361399,False
SFBS,ServisFirst Bancshares Inc.,Financials,Banks,80.8,4416.76,0.0796,0.2224,0.0287,0.1217,71.84585955153835,0.04403149726110778,19.75,0.07140274765003607,,,0,356.0,1000.0,82.0,1000.0,850.0,351.0,1137.0,473.0,163.0,55.0,62.0,21.0,0.0004191822647507966,0.003293438573845684,False
SFD,Smithfield Foods Inc.,Consumer Staples,Food Products,26.84,10560.93,0.1368,,,,1090.965222242885,0.0018672332753846277,22.0,0.02228976697061813,,,0,56.0,1000.0,11.333333333333334,1000.0,106.0,1199.0,85.0,450.0,11.0,51.0,3.0,20.0,0.01863096211266297,0.030209441458200488,False
SFM,Sprouts Farmers Market Inc.,Consumer Staples,Consumer Staples Distribution and Retail,87.03,8184.68,-0.4557,0.368,0.2457,0.1401,827.3353741496603,0.01053126447850139,-16.299999999999955,-0.03112647277865821,,,0,58.666666666666664,58.666666666666664,8.0,8.0,158.0,195.0,191.0,998.0,13.0,5.0,8.0,3.0,0.014128822528878456,0.04508611654250538,False
SFNC,Simmons First National Corporation,Financials,Banks,22.01,3192.86,0.1566,0.0614,-0.0638,-0.0069,-645.1478571428572,1.175086875167068,36.150000000000034,-0.09093195824424605,,,1,525.0,1000.0,120.33333333333333,1000.0,1214.0,706.0,1241.0,347.0,207.0,154.0,83.0,71.0,-0.003764093596267313,-0.029573796622531685,False
SGI,Somnigroup International Inc.,Consumer Discretionary,Household Durables,69.255,14567.14,0.0637,0.2239,0.1189,0.1668,2327.1702710234795,0.026322477094897323,137.29999999999995,0.3574589950533713,,,0,25.0,1000.0,3.0,1000.0,39.0,348.0,230.0,122.0,5.0,31.0,1.0,3.0,0.03810872448595087,0.4970877853320891,True
SHAK,Shake Shack Inc.,Consumer Discretionary,Hotels Restaurants and Leisure,54.846,2346.4,-0.5704,-0.0724,-0.1137,0.0461,208.10781965238334,0.03170946025420163,-4.539999999999999,-0.0992783730592609,,,0,236.66666666666666,1000.0,41.0,1000.0,529.0,1013.0,828.0,889.0,75.0,106.0,22.0,26.0,0.003407882809974507,0.011369888089353493,False
SHC,Sotera Health Company,Health Care,Life Sciences Tools and Services,16.256,4635.67,0.3479,0.0361,-0.0796,,82.34551005212211,0.021931558412540353,39.849999999999994,0.511225144323284,,,0,333.6666666666667,333.6666666666667,35.333333333333336,35.333333333333336,816.0,773.0,901.0,323.0,95.0,90.0,8.0,3.0,0.0011821209478026548,0.026445988769335228,False
SHO,Sunstone Hotel Investors Inc.,Real Estate,Hotel and Resort REITs,11.585,2158.18,0.3017,0.028,-0.0256,-0.0007,63.02358045492838,0.026704717069563566,13.299999999999997,0.5413105413105412,,,0,322.3333333333333,322.3333333333333,18.666666666666668,18.666666666666668,873.0,799.0,978.0,558.0,48.0,46.0,3.0,5.0,0.003530168822605709,0.08855364089434668,False
SHOO,Steven Madden Ltd.,Consumer Discretionary,Textiles Apparel and Luxury Goods,44.899,3281.46,0.8289,0.1042,0.0013,0.0704,349.67901916572737,0.039287955140068886,31.400000000000006,0.7030900134348412,,,0,157.33333333333334,157.33333333333334,19.0,19.0,371.0,602.0,625.0,377.0,46.0,55.0,5.0,6.0,0.005726190973573928,0.08108579510809268,False
SIGI,Selective Insurance Group Inc.,Financials,Insurance,92.224,5521.41,0.0835,-0.0261,0.0364,0.0939,428.9279872939878,0.01381693220634328,-12.220000000000027,-0.026200124354109122,,,0,182.0,1000.0,36.333333333333336,1000.0,306.0,921.0,337.0,964.0,60.0,180.0,18.0,31.0,0.002502565996860495,0.016702312587382535,False
SIRI,Sirius XM Holdings Inc.,Communication Services,Media,26.955,9073.59,0.1932,-0.1087,-0.1674,-0.0367,-24.09426393902868,0.0026875438186491074,41.0,0.05093167701863344,,,0,377.3333333333333,1000.0,16.333333333333332,1000.0,1072.0,1066.0,201.0,312.0,31.0,29.0,10.0,8.0,-0.0016764975927210553,-0.003926408825844293,False
SITE,SiteOne Landscape Supply Inc.,Industrials,Trading Companies and Distributors,104.19,4616.47,-0.1577,-0.1105,-0.0841,0.1397,130.39061740398665,0.00014878422037067907,0.6999999999999886,0.004611330698287119,,,0,335.3333333333333,1000.0,53.333333333333336,1000.0,681.0,1069.0,382.0,796.0,133.0,192.0,11.0,16.0,0.0015127737417086526,0.008515225592377364,False
SITM,SiTime Corporation,Information Technology,Semiconductors and Semiconductor Equipment,682.674,18020.43,2.1664,0.8303,0.4341,,149.92634481506144,0.16301353088838555,18.66,-0.434965034965035,,,1,246.33333333333334,246.33333333333334,33.333333333333336,33.333333333333336,640.0,49.0,1178.0,485.0,84.0,15.0,11.0,5.0,0.0019718429045253736,0.025032206008372568,False
SJM,The J. M. Smucker Company,Consumer Staples,Food Products,116.265,12401.07,0.2127,-0.0884,-0.0312,-0.0213,324.61770150404845,0.03722166832834817,1092.1,-0.8873090672733182,,,1,149.33333333333334,1000.0,14.333333333333334,1000.0,395.0,1037.0,187.0,9.0,23.0,30.0,9.0,11.0,0.005543659847733618,0.00898884698608559,False
SKT,Tanger Inc.,Real Estate,Retail REITs,39.945,4774.98,0.3157,0.22,0.1561,0.0072,62.008263096414794,0.027052458245118816,9.060000000000002,0.07893361212754835,,,0,312.6666666666667,312.6666666666667,19.333333333333332,19.333333333333332,878.0,358.0,1115.0,627.0,49.0,11.0,7.0,2.0,0.0034732973840393404,0.07278206048604646,False
SKWD,Skyward Specialty Insurance Group Inc.,Financials,Insurance,50.72,2056.34,-0.1411,0.2791,,,350.15861854870013,0.10401400595818,7.6699999999999875,0.04510968652590708,,,0,160.0,160.0,34.0,34.0,368.0,279.0,809.0,659.0,75.0,37.0,21.0,6.0,0.0020429887492676197,0.01363505967298397,False
SKY,Champion Homes Inc.,Consumer Discretionary,Household Durables,76.07,4175.78,0.1614,0.0575,0.0908,,180.29112809994422,0.07255632285731539,8.490000000000009,0.04279018194647444,,,0,241.0,1000.0,32.333333333333336,1000.0,576.0,720.0,620.0,638.0,80.0,67.0,7.0,10.0,0.002952368811844765,0.03851051154190386,False
SKYW,SkyWest Inc.,Industrials,Passenger Airlines,85.985,3410.19,-0.1398,0.3617,0.1211,0.1312,450.26722964546616,0.015947957222413933,1.150000000000034,0.0026848457964654404,,,0,134.0,134.0,21.0,21.0,294.0,199.0,429.0,784.0,57.0,51.0,5.0,1.0,0.005223937544901409,0.0548696722905279,False
SLAB,Silicon Laboratories Inc.,Information Technology,Semiconductors and Semiconductor Equipment,217.89,7186.41,0.5972,0.1294,0.0942,0.1594,164.84439028288318,0.04560630001529131,14.579999999999998,-0.2246187028192882,,,0,256.3333333333333,256.3333333333333,36.0,36.0,610.0,532.0,1034.0,535.0,76.0,83.0,9.0,23.0,0.0021680461944901678,0.027522972977002538,False
SLG,SL Green Realty Corp.,Real Estate,Office REITs,50.135,3860.54,-0.232,0.2299,-0.1005,-0.0721,288.80568809243755,-0.010064420741366487,-63.27000000000001,0.7166968735840509,,,0,152.66666666666666,1000.0,5.333333333333333,1000.0,436.0,334.0,991.0,1154.0,13.0,9.0,1.0,2.0,0.016177005948182138,0.6603168334792767,False
SLGN,Silgan Holdings Inc.,Materials,Containers and Packaging,39.405,4164.31,-0.2771,-0.0562,-0.0153,0.045,573.4149520766769,0.014590084788768554,-4.919999999999959,-0.017059639389736314,,,0,98.33333333333333,1000.0,9.666666666666666,1000.0,233.0,980.0,272.0,892.0,15.0,47.0,6.0,8.0,0.022750135280378767,0.0545155182014583,False
SLM,SLM Corporation,Financials,Consumer Finance,21.51,4056.64,-0.321,0.0833,0.0093,0.1211,216.3479500565561,0.008306542916129311,3.409999999999968,0.004578102973753051,,,0,254.66666666666666,1000.0,42.333333333333336,1000.0,515.0,663.0,786.0,743.0,105.0,144.0,12.0,10.0,0.0012622748790950696,0.0328472684652457,False
SM,SM Energy Company,Energy,Oil Gas and Consumable Fuels,33.02,7916.5,0.2321,0.0436,0.0871,0.0103,803.9653134235496,0.19491245457548723,-517.0,-0.7978395061728395,,,0,75.0,1000.0,17.666666666666668,1000.0,166.0,748.0,484.0,1291.0,9.0,50.0,8.0,36.0,0.01961839491853638,0.020907011620507607,False
SMG,The Scotts Miracle-Gro Company,Materials,Chemicals,59.976,3489.52,-0.0635,-0.0083,-0.2078,-0.0136,66.38607160372749,0.016905452521168485,-34.39999999999999,-0.23691460055096414,,,0,314.6666666666667,1000.0,22.0,1000.0,867.0,878.0,498.0,1088.0,38.0,39.0,15.0,13.0,0.00263385547280908,0.009681018866973022,False
SMMT,Summit Therapeutics Inc.,Health Care,Biotechnology,13.195,10241.47,-0.3261,0.9573,0.141,0.0345,,,-126.50999999999999,0.11718337517020361,,,0,469.0,469.0,63.666666666666664,63.666666666666664,1258.0,36.0,1278.0,1221.0,142.0,7.0,44.0,5.0,,,False
SMR,NuScale Power Corporation,Industrials,Electrical Equipment,9.41,3439.18,-0.7738,0.0608,-0.0131,,-30.371239821381664,-0.40692503176620076,-30.00999999999999,0.08434750836167404,,,0,468.0,1000.0,72.33333333333333,1000.0,1079.0,710.0,1254.0,1075.0,189.0,136.0,16.0,12.0,-0.00035236288484295205,-0.006575207409781949,False
SMTC,Semtech Corporation,Information Technology,Semiconductors and Semiconductor Equipment,157.314,14653.98,2.7509,0.9409,0.1885,0.2077,135.69256347399744,0.03805823023514954,7.220000000000006,-0.1788013868251611,,,0,257.6666666666667,257.6666666666667,36.0,36.0,670.0,38.0,933.0,666.0,91.0,12.0,13.0,4.0,0.0017846391093780704,0.022655686076220857,False
SN,SharkNinja Inc.,Consumer Discretionary,Household Durables,130.911,18526.57,0.4617,,,,904.4665481839356,0.02971782366205722,3.6299999999999955,0.005175584926643495,,,0,99.66666666666667,99.66666666666667,12.666666666666666,12.666666666666666,143.0,1199.0,271.0,740.0,19.0,137.0,2.0,17.0,0.014811149369118447,0.1931956930448325,True
SNA,Snap-on Incorporated,Industrials,Machinery,380.145,19692.24,0.1853,0.1238,0.0973,0.0931,151.58159044567492,0.012625821842089824,6.5,0.0063919756121546545,,,0,288.3333333333333,1000.0,57.0,1000.0,636.0,544.0,350.0,681.0,119.0,110.0,28.0,24.0,0.0017586284528601454,0.012517720130646642,False
SNAP,Snap Inc.,Communication Services,Interactive Media and Services,5.185,8592.38,-0.395,-0.1985,-0.3951,,567.3446871032111,0.02791391649596653,50.639999999999986,-0.10996981476253553,,,0,92.66666666666667,1000.0,6.333333333333333,1000.0,237.0,1156.0,297.0,269.0,8.0,33.0,3.0,8.0,0.0394762838399436,0.22416929720802953,False
SNDR,Schneider National Inc.,Industrials,Ground Transportation,37.735,6608.32,0.558,0.124,0.1054,,297.68182679552683,-0.000581569532805859,-5.699999999999989,-0.055019305019304965,,,0,206.66666666666666,206.66666666666666,31.666666666666668,31.666666666666668,427.0,541.0,317.0,905.0,85.0,108.0,3.0,7.0,0.003453663000650594,0.12582659252696052,False
SOFI,SoFi Technologies Inc.,Financials,Consumer Finance,15.921,20422.52,0.0572,0.2478,-0.066,,1137.0834779834076,0.09081699008939359,95.60999999999996,0.19864123659935173,,,0,55.333333333333336,1000.0,8.666666666666666,1000.0,99.0,312.0,454.0,161.0,18.0,49.0,2.0,6.0,0.006634275523836941,0.17263896542099197,True
SOLS,Solstice Advanced Materials Inc.,Materials,Chemicals,78.029,12391.34,,,,,211.1136363636365,0.024446731857951542,-49.0,-0.2067510548523207,,,0,205.0,1000.0,21.666666666666668,1000.0,525.0,1199.0,446.0,1128.0,26.0,64.0,8.0,31.0,0.008375895622204116,0.030786504568480755,False
SOLV,Solventum Corporation,Health Care,Health Care Equipment and Supplies,78.59,13609.8,0.0562,,,,-45.69230769230671,-0.007567567567567601,-124.0,-0.07969151670951158,,,0,456.0,1000.0,60.666666666666664,1000.0,1088.0,1199.0,214.0,1216.0,131.0,149.0,25.0,26.0,-0.0006559414598601805,-0.005527674029496649,False
SON,Sonoco Products Company,Materials,Containers and Packaging,48.634,4808.38,0.0767,-0.0821,-0.0631,0.0015,1780.2001829268293,-0.004359767248545254,13.169999999999959,0.01313047726343708,,,0,34.0,1000.0,4.333333333333333,1000.0,49.0,1026.0,240.0,559.0,2.0,51.0,2.0,9.0,0.07062912266425304,0.16924660775432598,False
SOUN,SoundHound AI Inc.,Information Technology,Software,6.755,2923.36,-0.3065,0.3097,,,81.76197466385153,0.08921382903149433,-154.96,11.060670949321914,,,1,330.3333333333333,330.3333333333333,62.666666666666664,62.666666666666664,819.0,239.0,1223.0,1234.0,123.0,49.0,52.0,13.0,0.0010753398263645445,0.005292161781056841,False
SPHR,Sphere Entertainment Co.,Communication Services,Entertainment,144.836,5184.0,2.6373,0.761,0.1008,,294.2273389355744,0.08674234662513847,80.36,2.405267883867106,,,1,148.33333333333334,148.33333333333334,6.0,6.0,431.0,53.0,865.0,195.0,13.0,1.0,4.0,1.0,0.020472566694149773,0.07568508660787507,False
SPXC,SPX Technologies Inc.,Industrials,Machinery,227.775,11403.52,0.4182,0.39,0.3076,0.308,348.0222080245335,0.03717275175488943,8.699999999999989,0.035655737704918034,,,0,165.66666666666666,165.66666666666666,32.666666666666664,32.666666666666664,374.0,180.0,667.0,634.0,77.0,46.0,13.0,8.0,0.004037705076583859,0.028739931983113053,False
SR,Spire Inc.,Utilities,Gas Utilities,79.585,4704.81,0.0868,0.0637,0.0101,0.0181,298.3805949008497,0.050193829752867014,86.60000000000002,0.31873389768126614,,,0,154.66666666666666,1000.0,8.0,1000.0,426.0,699.0,632.0,182.0,17.0,21.0,3.0,4.0,0.014104999555357607,0.1696885528212449,False
SRRK,Scholar Rock Holding Corporation,Health Care,Biotechnology,44.505,5332.96,0.3482,0.8494,0.0706,,,,-30.79000000000002,0.08146795787691175,,,0,470.3333333333333,470.3333333333333,64.0,64.0,1258.0,47.0,1278.0,1078.0,142.0,11.0,44.0,6.0,,,False
SSB,SouthState Bank Corporation,Financials,Banks,96.6,9460.78,0.0851,0.11,0.0229,0.032,847.546376930436,0.04727881707092796,136.74,0.17120963601988315,,,0,104.0,1000.0,30.0,1000.0,154.0,588.0,619.0,125.0,31.0,127.0,5.0,54.0,0.004944980990980786,0.038851813428489826,False
SSD,Simpson Manufacturing Co. Inc.,Industrials,Building Products,188.18,7741.41,0.1996,0.1329,0.1111,0.1693,141.37581412849204,0.021034717786703627,10.340000000000032,0.02996406630346593,,,0,295.6666666666667,1000.0,48.0,1000.0,658.0,523.0,661.0,602.0,125.0,104.0,9.0,10.0,0.0016402224606670733,0.049570240645449695,False
SSMR,Sunshine Silver Mining & Refining Company,Materials,Metals and Mining,14.21,2042.36,,,,,,-0.07999999999999996,-9.21,0.2651122625215889,,,0,462.0,1000.0,33.666666666666664,1000.0,1258.0,1199.0,1274.0,938.0,64.0,64.0,18.0,19.0,,,False
SSNC,SS&C Technologies Holdings Inc.,Industrials,Professional Services,67.463,16247.32,-0.1696,0.0607,-0.0181,0.0868,444.67042620509983,0.02123656771148874,13.100000000000023,0.016438699962354253,,,0,165.66666666666666,1000.0,25.0,1000.0,300.0,711.0,279.0,560.0,60.0,137.0,8.0,7.0,0.00515900421265206,0.04502495288230986,False
SSRM,SSR Mining Inc.,Materials,Metals and Mining,35.09,5220.98,1.0788,0.2256,0.1019,0.0937,775.8676745010039,0.1627107827495642,-165.23,-0.4175110549589387,,,0,66.0,66.0,8.333333333333334,8.333333333333334,171.0,343.0,742.0,1237.0,10.0,17.0,3.0,12.0,0.030782410696905613,0.10387428803750041,False
ST,Sensata Technologies Holding plc,Industrials,Electrical Equipment,48.026,6984.52,0.674,0.0309,-0.0419,0.0293,-109.36489963973236,0.006343636118234519,17.2,0.549520766773163,,,0,492.6666666666667,492.6666666666667,76.66666666666667,76.66666666666667,1130.0,784.0,475.0,502.0,199.0,149.0,18.0,13.0,-0.0012688362992177287,-0.02367690297499728,False
STAG,STAG Industrial Inc.,Real Estate,Industrial REITs,37.86,7292.66,0.0387,0.0163,-0.0042,0.0523,78.38628477905081,0.022054473603256186,-29.399999999999977,-0.10748756946475568,,,0,307.0,1000.0,15.666666666666666,1000.0,830.0,822.0,1017.0,1072.0,41.0,50.0,2.0,4.0,0.004390687051567833,0.20943706066154147,False
STE,STERIS plc,Health Care,Health Care Equipment and Supplies,207.085,20212.01,-0.1398,0.0002,0.0085,0.1133,476.5971397038529,0.08725675517261577,167.65999999999997,0.2727775608486267,,,0,135.0,1000.0,17.0,1000.0,277.0,858.0,308.0,95.0,32.0,96.0,9.0,10.0,0.006841847990863634,0.05765683032281919,False
STEP,StepStone Group Inc.,Financials,Capital Markets,41.452,4985.66,-0.2754,0.1838,0.0547,,818.751747303907,0.696926363814339,-356.24999999999994,1.9840164847404762,,,1,89.0,1000.0,19.666666666666668,1000.0,160.0,415.0,723.0,1276.0,33.0,74.0,8.0,18.0,0.004776979687428278,0.007795798495971909,False
STUB,StubHub Holdings Inc.,Communication Services,Entertainment,10.295,3865.13,,,,,-14.464758064516218,0.027756290146058626,70.22000000000003,-0.03684290608784169,,,0,375.3333333333333,1000.0,17.0,1000.0,1059.0,1199.0,760.0,213.0,30.0,37.0,10.0,11.0,-0.00100646909720171,-0.003720818299330727,False
STWD,Starwood Property Trust Inc.,Real Estate,Mortgage Real Estate Investment Trusts (REITs),16.995,6300.87,-0.1628,-0.0359,-0.0868,-0.0208,196.20322097874316,0.06006241673206447,-60.370000000000005,-0.14669290955921666,,,0,214.66666666666666,1000.0,9.666666666666666,1000.0,551.0,944.0,1123.0,1150.0,17.0,76.0,6.0,6.0,0.010990021331608025,0.04602054630965032,False
STZ,Constellation Brands Inc.,Consumer Staples,Beverages,142.8,24485.47,-0.1552,-0.1604,-0.097,-0.0071,-1069.891867739052,-0.10478317513493396,1768.1000000000001,-21.72113022113022,,,1,441.3333333333333,1000.0,22.0,1000.0,1232.0,1126.0,184.0,4.0,51.0,41.0,8.0,7.0,-0.018271081832941075,-0.3121312001371135,False
SUI,Sun Communities Inc.,Real Estate,Residential REITs,126.435,15900.46,0.0081,-0.0103,-0.0644,0.0616,-854.2105802047786,0.01766369371329124,34.09999999999991,0.02505142521304715,,,0,460.0,1000.0,36.666666666666664,1000.0,1223.0,885.0,670.0,358.0,93.0,64.0,11.0,6.0,-0.047847290433386244,-1.1761333092978672,False
SUNB,Sunbelt Rentals Holdings Inc.,Industrials,Trading Companies and Distributors,79.549,32629.46,0.3199,0.0662,0.0172,0.1915,40.290813988243826,0.012787605289250159,-125.0,-0.08275405494869248,,,0,415.6666666666667,415.6666666666667,65.0,65.0,942.0,695.0,156.0,1219.0,172.0,133.0,13.0,10.0,0.00046744839963936986,0.002631212101308142,False
SUNC,SunocoCorp LLC,Energy,Oil Gas and Consumable Fuels,66.839,3443.36,,,,,,0.2186817983413356,-97.0,-0.20995670995671,,,1,464.0,1000.0,55.666666666666664,1000.0,1258.0,1199.0,29.0,1196.0,70.0,64.0,50.0,47.0,,,False
SUPN,Supernus Pharmaceuticals Inc.,Health Care,Pharmaceuticals,45.36,2632.68,0.3683,0.0919,0.0777,0.0886,108.8189930346548,0.08050629390082764,9.529999999999998,-0.24721141374837874,,,0,299.6666666666667,299.6666666666667,38.0,38.0,734.0,636.0,1049.0,620.0,85.0,80.0,11.0,18.0,0.0015621642406930664,0.0390620091254238,False
SWDR,Starwood Real Estate Income Trust Inc.,Real Estate,Diversified REITs,15.25,5902.12,,,,,-94.3691197369817,-0.005792996089089786,64.33000000000004,-0.09301350452560664,,,0,432.3333333333333,1000.0,31.666666666666668,1000.0,1122.0,1199.0,812.0,229.0,86.0,89.0,4.0,5.0,-0.005285940943175766,-0.3219489915364825,False
SWK,Stanley Black & Decker Inc.,Industrials,Machinery,79.386,12341.0,0.1652,-0.0209,-0.1714,-0.0346,-9.144806884130958,0.006728176386612494,-30.799999999999955,-0.07663597909927833,,,0,467.6666666666667,1000.0,89.66666666666667,1000.0,1050.0,910.0,93.0,1079.0,185.0,168.0,42.0,42.0,-0.00010609677293304128,-0.000755184932997438,False
SWKS,Skyworks Solutions Inc.,Information Technology,Semiconductors and Semiconductor Equipment,71.369,10734.32,-0.0199,-0.119,-0.1604,0.0085,92.08657285253639,-0.010423548410775862,-115.90000000000003,-0.24292601131838198,,,0,346.3333333333333,1000.0,55.333333333333336,1000.0,782.0,1075.0,438.0,1210.0,114.0,143.0,17.0,35.0,0.0012111297417763194,0.015375083445762286,False
SWX,Southwest Gas Holdings Inc.,Utilities,Gas Utilities,89.159,6452.87,0.2432,0.1269,0.0567,0.0186,-3048.816879240162,-0.08312804708356103,24.5,0.055703339926789885,,,0,433.6666666666667,1000.0,19.0,1000.0,1249.0,537.0,766.0,421.0,43.0,9.0,11.0,3.0,-0.14412318180523473,-1.7338571371478084,False
SXI,Standex International Corporation,Industrials,Machinery,293.728,3558.49,0.9029,0.2763,0.2492,0.128,137.15202146539343,0.12059080381212728,43.220000000000006,0.7751076040172167,,,0,286.6666666666667,286.6666666666667,57.333333333333336,57.333333333333336,666.0,284.0,1005.0,301.0,128.0,66.0,31.0,13.0,0.00159121860779505,0.011326115625310898,False
SXT,Sensient Technologies Corporation,Materials,Chemicals,122.08,5196.82,0.2834,0.1729,0.0654,0.0553,90.76177693761815,0.026989473423029375,9.70999999999998,0.07219867648152256,,,0,282.6666666666667,282.6666666666667,19.0,19.0,787.0,443.0,787.0,613.0,37.0,24.0,14.0,6.0,0.003600957205842558,0.013235705227114874,False
SYBT,Stock Yards Bancorp Inc.,Financials,Banks,74.215,2305.78,-0.0255,0.168,0.0747,0.1035,46.03095638326113,0.02237812371978709,3.319999999999993,0.02368890474491603,,,0,397.6666666666667,1000.0,96.33333333333333,1000.0,930.0,454.0,1174.0,747.0,181.0,82.0,73.0,35.0,0.00026856607556541355,0.0021100746555184667,False
SYF,Synchrony Financial,Financials,Consumer Finance,69.515,23382.78,0.125,0.2723,0.0708,0.0847,1187.3185498064067,0.013940139401394047,48.0,0.013513513513513598,,,1,48.0,48.0,7.333333333333333,7.333333333333333,89.0,289.0,166.0,280.0,16.0,39.0,1.0,5.0,0.0069273703703336695,0.18026596114759627,False
SYM,Symbotic Inc.,Industrials,Machinery,41.821,25205.8,0.4521,-0.0099,0.3322,,445.7430941408825,0.12021789827853224,9.55,-0.5637544273907911,,,0,173.66666666666666,173.66666666666666,36.0,36.0,298.0,884.0,646.0,618.0,59.0,164.0,10.0,39.0,0.005171449156307762,0.03680979521470149,False
SYNA,Synaptics Incorporated,Information Technology,Semiconductors and Semiconductor Equipment,130.425,5039.32,1.0152,0.1693,-0.0158,0.0783,133.08501019413166,0.09094293958856925,-0.30000000000000426,0.006276150627615218,,,0,280.6666666666667,280.6666666666667,42.666666666666664,42.666666666666664,675.0,452.0,910.0,815.0,93.0,74.0,14.0,21.0,0.0017503443665867508,0.022220320224009067,False
TALO,Talos Energy Inc.,Energy,Oil Gas and Consumable Fuels,15.425,2574.83,0.7101,0.037,-0.0182,,-316.79309256413285,-0.022858427218835242,-246.3,0.49829047725019726,,,0,432.6666666666667,432.6666666666667,47.666666666666664,47.666666666666664,1184.0,768.0,772.0,1257.0,61.0,53.0,44.0,38.0,-0.007730398182133266,-0.008238162464162925,False
TAP,Molson Coors Beverage Company,Consumer Staples,Beverages,40.775,7658.45,-0.2122,-0.1499,-0.0742,-0.089,-147.35704154002087,0.0042187275599598895,30.299999999999727,-0.014161525518788465,,,0,408.6666666666667,1000.0,18.0,1000.0,1146.0,1113.0,149.0,383.0,42.0,38.0,7.0,5.0,-0.0025164903536723507,-0.04299007368075385,False
TARS,Tarsus Pharmaceuticals Inc.,Health Care,Pharmaceuticals,63.6,2736.32,0.5527,0.5202,0.1251,,301.410407441373,0.185483870967742,18.15,-0.2732610659439928,,,0,166.0,166.0,19.0,19.0,422.0,108.0,1142.0,491.0,49.0,27.0,2.0,6.0,0.004326933627548743,0.10819523097611401,False
TBBK,The Bancorp Inc.,Financials,Banks,55.17,2296.97,0.0268,0.1541,0.1681,0.2332,29.081901881085173,0.009902119167537915,2.9000000000000057,0.012707593882827162,,,0,415.6666666666667,1000.0,101.66666666666667,1000.0,967.0,479.0,1143.0,755.0,187.0,93.0,78.0,40.0,0.00016967738391422322,0.001333124247574131,False
TCBI,Texas Capital Bancshares Inc.,Financials,Banks,99.737,4355.61,0.3017,0.2399,0.0792,0.0743,353.75935853379156,0.03706757274438277,26.75,0.08100169573643412,,,0,162.66666666666666,162.66666666666666,36.666666666666664,36.666666666666664,365.0,324.0,890.0,407.0,73.0,50.0,20.0,17.0,0.0020639971462880027,0.01621644899965774,False
TDC,Teradata Corporation,Information Technology,Software,32.472,3055.62,0.4634,-0.1285,-0.0742,0.0155,-13.96430732002409,0.015634395670474976,291.0,2.2384615384615385,,,1,454.6666666666667,454.6666666666667,94.0,94.0,1058.0,1087.0,781.0,52.0,161.0,145.0,70.0,51.0,-0.0001836596519415383,-0.0009038599398044738,False
TDS,Telephone and Data Systems Inc.,Communication Services,Wireless Telecommunication Services,39.838,4535.56,0.1659,0.746,0.0865,0.0366,-3609.5557009345785,0.015477809169441636,137.13,-21.975961538461537,,,0,432.6666666666667,432.6666666666667,14.333333333333334,14.333333333333334,1256.0,54.0,889.0,123.0,40.0,2.0,2.0,1.0,-0.25115568828841073,,False
TDW,Tidewater Inc.,Energy,Energy Equipment and Services,75.66,3762.62,0.572,0.1657,0.3975,,-12.494097698829137,-0.00534451023440452,-36.51000000000005,-0.10909579872109021,,,0,373.3333333333333,373.3333333333333,20.0,20.0,1054.0,456.0,861.0,1098.0,41.0,25.0,12.0,7.0,-0.0003048814901760248,-0.004946514233625192,False
TDY,Teledyne Technologies Incorporated,Information Technology,Electronic Equipment Instruments and Components,615.581,28519.34,0.2355,0.1619,0.0773,0.2004,455.8131603336424,0.018020080452627818,38.200000000000045,0.042691104157353665,,,0,131.0,1000.0,18.333333333333332,1000.0,289.0,462.0,290.0,333.0,29.0,75.0,9.0,17.0,0.0059948900048344776,0.01532018190776612,False
TE,T1 Energy Inc.,Information Technology,Semiconductors and Semiconductor Equipment,7.657,2138.38,4.3923,0.0119,-0.0537,,823.0961684460261,0.16444014881701086,-4.180000000000007,0.011363945300818301,,,1,95.0,95.0,16.0,16.0,159.0,830.0,1006.0,882.0,16.0,110.0,2.0,30.0,0.010825424587615717,0.13742690038004052,False
TECH,Bio-Techne Corporation,Health Care,Life Sciences Tools and Services,53.012,8300.02,0.0286,-0.1221,-0.1373,0.0648,2.0548836977138762,-0.007231701417643177,36.16,0.4926430517711171,,,0,426.6666666666667,1000.0,49.333333333333336,1000.0,1028.0,1080.0,896.0,346.0,122.0,130.0,14.0,12.0,2.949913192386803e-05,0.0006599440717245366,False
TEM,Tempus AI Inc.,Health Care,Life Sciences Tools and Services,48.142,8644.61,-0.3198,,,,560.8665021787775,0.07263777824955397,-57.880000000000024,0.23621597355425883,,,0,138.66666666666666,1000.0,14.333333333333334,1000.0,241.0,1199.0,858.0,1145.0,26.0,149.0,2.0,15.0,0.008051587035245401,0.18012723715388576,False
TENB,Tenable Holdings Inc.,Information Technology,Software,26.656,2939.41,-0.1511,-0.125,-0.0931,,99.1495773884775,0.022943766259756027,24.349999999999998,-0.674141749723145,,,0,337.3333333333333,1000.0,69.33333333333333,1000.0,758.0,1085.0,965.0,423.0,110.0,144.0,48.0,50.0,0.0013040229247322937,0.006417599455254161,False
TEX,Terex Corporation,Industrials,Machinery,61.026,6969.17,0.2627,0.0383,0.0485,0.112,861.9083917279095,0.09315624423538083,-110.0,-0.497737556561086,,,0,109.0,109.0,21.333333333333332,21.333333333333332,152.0,764.0,309.0,1205.0,29.0,146.0,2.0,33.0,0.009999740845804532,0.071177034059241,False
TFSL,TFS Financial Corporation,Financials,Banks,16.725,4663.05,0.2787,0.0938,-0.0468,-0.0071,30.896877269426284,0.050255509922563224,2.0700000000000074,0.022757255936675547,,,0,427.6666666666667,427.6666666666667,108.33333333333333,108.33333333333333,961.0,632.0,1187.0,773.0,186.0,136.0,77.0,62.0,0.00018026679711772206,0.0014163233350630243,False
TFX,Teleflex Incorporated,Health Care,Health Care Equipment and Supplies,129.97,5753.8,0.0612,-0.1811,-0.1986,-0.0292,750.7365631469977,0.06725012671186459,-103.15999999999997,0.11390839627224936,,,0,110.0,1000.0,13.666666666666666,1000.0,175.0,1145.0,704.0,1199.0,16.0,139.0,2.0,23.0,0.01077728970305365,0.09082112969750362,False
TGTX,TG Therapeutics Inc.,Health Care,Biotechnology,47.885,6786.41,0.2496,0.203,0.0486,0.2091,313.9713174445548,0.13639682616949833,14.71999999999997,0.03291739344335598,,,0,173.0,1000.0,31.333333333333332,1000.0,410.0,382.0,1081.0,532.0,45.0,64.0,12.0,37.0,0.004507253293172606,0.03510947528498397,False
THC,Tenet Healthcare Corporation,Health Care,Health Care Providers and Services,170.245,14664.39,0.0547,0.3262,0.1986,0.1939,925.8640321500316,0.00680431722196162,296.0,0.21037668798862819,,,0,66.0,66.0,9.333333333333334,9.333333333333334,137.0,222.0,52.0,51.0,12.0,49.0,9.0,7.0,0.013291353305466314,0.020226099578527407,False
THG,The Hanover Insurance Group Inc.,Financials,Insurance,198.39,6941.03,0.1672,0.1966,0.0724,0.0892,403.1535194060707,0.01489142302559765,58.60000000000002,0.08845283018867933,,,0,150.33333333333334,1000.0,31.666666666666668,1000.0,321.0,389.0,266.0,238.0,64.0,66.0,19.0,12.0,0.0023521857259660617,0.015698663415050995,False
THO,THOR Industries Inc.,Consumer Discretionary,Automobiles,75.157,3912.48,-0.1443,-0.0699,-0.0801,0.0122,230.1632812500011,0.025138081463626838,3.8999999999999773,0.01508353960396036,,,0,223.33333333333334,1000.0,24.0,1000.0,499.0,1006.0,170.0,728.0,68.0,103.0,2.0,2.0,0.003769053421295712,0.3059554129538641,False
TKR,The Timken Company,Industrials,Machinery,134.032,9314.49,0.8554,0.1742,0.096,0.1488,149.7141419030104,0.019861189925356904,19.900000000000034,0.06900138696255209,,,0,285.3333333333333,285.3333333333333,56.333333333333336,56.333333333333336,641.0,437.0,384.0,472.0,121.0,94.0,29.0,19.0,0.001736962575547959,0.012363504845355542,False
TLN,Talen Energy Corporation,Utilities,Independent Power and Renewable Electricity Producers,341.445,15499.9,0.2424,0.9471,,,1149.065909970334,0.2322924600152323,198.0,-0.904109589041096,,,0,34.666666666666664,34.666666666666664,3.0,3.0,96.0,37.0,531.0,78.0,7.0,1.0,1.0,1.0,0.05431845912966906,0.6398311740438175,True
TMDX,TransMedics Group Inc.,Health Care,Health Care Equipment and Supplies,74.603,2578.35,-0.4779,-0.0203,0.2137,,147.6452211302211,0.050207270144841276,-18.370000000000005,-0.09653686478532764,,,0,273.3333333333333,1000.0,34.666666666666664,1000.0,643.0,908.0,1106.0,1012.0,76.0,101.0,16.0,12.0,0.002119538862902357,0.01786153284085993,False
TMHC,Taylor Morrison Home Corporation,Consumer Discretionary,Household Durables,71.576,6687.18,0.2187,0.1525,0.2075,0.1658,-751.9703823755635,-0.0626646867319749,-114.84000000000003,-0.14676038338658148,,,0,467.3333333333333,1000.0,52.666666666666664,1000.0,1219.0,480.0,233.0,1209.0,137.0,46.0,13.0,8.0,-0.012313938726512872,-0.16062223579626578,False
TNET,TriNet Group Inc.,Industrials,Professional Services,47.99,2204.88,-0.3912,-0.2336,-0.0828,0.0908,-117.97582957804116,-0.012542990086991668,4.0,0.02580645161290329,,,0,511.3333333333333,1000.0,81.33333333333333,1000.0,1132.0,1167.0,370.0,725.0,200.0,202.0,22.0,22.0,-0.0013687391063499862,-0.01194560252934986,False
TNL,Travel + Leisure Co.,Consumer Discretionary,Hotels Restaurants and Leisure,72.171,4505.03,0.4443,0.2078,0.0245,0.0065,166.1434599156114,0.006714747575230051,6.0,0.026086956521739202,,,0,240.33333333333334,240.33333333333334,38.333333333333336,38.333333333333336,605.0,374.0,437.0,691.0,83.0,33.0,25.0,7.0,0.0027206927734952906,0.009077181958726343,False
TOL,Toll Brothers Inc.,Consumer Discretionary,Household Durables,141.47,13223.34,0.2933,0.2388,0.1905,0.1732,385.8737637521717,0.007171697645239616,-58.63000000000011,-0.04354284101627204,,,0,137.66666666666666,137.66666666666666,16.0,16.0,342.0,327.0,152.0,1147.0,43.0,28.0,3.0,2.0,0.006318900310943361,0.08242333491006922,False
TOST,Toast Inc.,Financials,Financial Services,24.207,14032.77,-0.44,0.0345,,,1224.0298120544394,0.04761904761904767,70.0,0.20467836257309946,,,0,88.33333333333333,1000.0,11.666666666666666,1000.0,86.0,776.0,278.0,216.0,14.0,165.0,3.0,18.0,0.007141561002153611,0.09960818299185693,False
TOWN,TowneBank,Financials,Banks,35.045,3199.54,0.0235,0.1116,0.0211,0.0475,170.69421391752576,0.08060065534997185,-2.719999999999999,-0.016044357930749764,,,0,281.3333333333333,1000.0,71.66666666666667,1000.0,594.0,578.0,1007.0,856.0,125.0,125.0,37.0,53.0,0.0009959096824289206,0.007824680669941391,False
TPG,TPG Inc.,Financials,Capital Markets,41.249,15852.5,-0.1959,0.1259,,,361.65032330894974,-0.12598388316819153,-26.849999999999994,-0.14545750040630578,,,0,180.66666666666666,1000.0,37.666666666666664,1000.0,357.0,539.0,473.0,1062.0,71.0,114.0,16.0,26.0,0.0021100367163643654,0.003443477288205613,False
TPL,Texas Pacific Land Corporation,Energy,Oil Gas and Consumable Fuels,374.125,25805.06,0.0203,0.341,0.1708,0.3506,111.33569817866442,0.051153234192360175,22.25,0.04622128048527152,,,1,256.0,256.0,20.333333333333332,20.333333333333332,728.0,215.0,1024.0,448.0,32.0,8.0,24.0,5.0,0.0027168183240379464,0.0028952701027443136,False
TPR,Tapestry Inc.,Consumer Discretionary,Textiles Apparel and Luxury Goods,142.603,28812.18,0.7444,0.4932,0.2633,0.1417,971.9776044861119,0.11983111529519164,479.59999999999997,2.6179039301310043,,,2,50.333333333333336,50.333333333333336,6.333333333333333,6.333333333333333,129.0,125.0,222.0,27.0,16.0,6.0,2.0,1.0,0.015916680956733504,0.22538834922109693,False
TR,Tootsie Roll Industries Inc.,Consumer Staples,Food Products,39.38,2939.87,0.2075,0.0377,0.0563,0.0321,17.10052549326042,0.004218314858297489,-0.39000000000000057,-0.00389805097451279,,,0,349.3333333333333,1000.0,18.333333333333332,1000.0,993.0,766.0,1067.0,817.0,36.0,19.0,14.0,5.0,0.00029203427943978163,0.00047352318227986926,False
TREX,Trex Company Inc.,Industrials,Building Products,43.202,4488.63,-0.2385,-0.0923,-0.1552,0.1506,22.86533045695228,0.002903931804440374,0.9699999999999989,0.005094270258914957,,,0,448.3333333333333,1000.0,69.33333333333333,1000.0,981.0,1045.0,906.0,789.0,178.0,186.0,12.0,18.0,0.0002652803721574443,0.008017212421911902,False
TRMB,Trimble Inc.,Information Technology,Software,49.275,11486.57,-0.3207,-0.0056,-0.0891,0.0661,116.04309927360782,0.02768098569955102,32.19999999999999,0.0759433962264151,,,0,310.0,1000.0,61.333333333333336,1000.0,715.0,870.0,479.0,365.0,102.0,113.0,44.0,38.0,0.0015262078336135774,0.007511057034226515,False
TRMK,Trustmark Corporation,Financials,Banks,45.02,2638.42,0.2907,0.2491,0.0642,0.0631,253.50159230454358,0.013749984115083214,2.490000000000009,0.011109623878998942,,,0,206.0,206.0,47.0,47.0,474.0,310.0,1042.0,764.0,97.0,47.0,29.0,15.0,0.0014790465622298535,0.011620598985640634,False
TRN,Trinity Industries Inc.,Industrials,Machinery,33.015,2624.87,0.2477,0.1283,0.0208,0.0611,-791.3699501936912,-0.043302888404654905,2.0999999999999943,0.008297115764519969,,,0,515.3333333333334,1000.0,95.66666666666667,1000.0,1221.0,535.0,714.0,771.0,218.0,107.0,46.0,23.0,-0.009181363693686271,-0.06535191725593253,False
TRNO,Terreno Realty Corporation,Real Estate,Industrial REITs,66.201,7034.28,0.1145,0.0414,-0.001,0.1038,82.37936600382727,0.02943028674587511,21.310000000000002,0.05287972406263175,,,0,299.6666666666667,1000.0,14.666666666666666,1000.0,815.0,757.0,1152.0,458.0,40.0,44.0,1.0,3.0,0.004614353348279095,0.22010600864213864,False
TROW,T. Rowe Price Group Inc.,Financials,Capital Markets,106.129,22739.9,0.116,-0.0248,-0.1135,0.0383,300.6372157728101,0.012727620714168442,7.700000000000273,0.0036893296919171537,,,1,228.66666666666666,1000.0,48.0,1000.0,424.0,918.0,241.0,658.0,83.0,179.0,21.0,40.0,0.001754057780958403,0.002862536980559152,False
TRU,TransUnion,Industrials,Professional Services,65.364,12602.18,-0.25,-0.0374,-0.0931,0.0721,467.9884404000368,0.032777571400476324,249.0,0.546772068511199,,,0,169.66666666666666,1000.0,24.666666666666668,1000.0,283.0,948.0,379.0,61.0,54.0,172.0,7.0,13.0,0.005429536558346833,0.04738601048489442,False
TRUL,Trulieve Cannabis Corp.,Health Care,Pharmaceuticals,16.14,2225.42,2.196,0.4445,-0.1884,,-56.937802013422925,-0.009321187287288923,35.269999999999996,-0.30305894483588247,,,0,421.6666666666667,421.6666666666667,54.0,54.0,1096.0,150.0,911.0,354.0,133.0,36.0,18.0,11.0,-0.0008173775162641408,-0.020438573081829614,False
TSCO,Tractor Supply Company,Consumer Discretionary,Specialty Retail,30.945,16229.09,-0.3969,-0.1067,-0.0342,0.0523,693.9221100917439,0.008057819963218416,-14.849999999999909,-0.013548157541807604,,,0,111.0,1000.0,21.333333333333332,1000.0,190.0,1063.0,84.0,987.0,26.0,117.0,11.0,27.0,0.011363365559223033,0.035113850300549976,False
TSN,Tyson Foods Inc.,Consumer Staples,Food Products,56.069,19743.54,0.0126,0.0363,-0.0623,-0.0077,2096.2958329323374,0.023309637956687057,-21.0,-0.044303797468354444,,,1,22.0,1000.0,4.0,1000.0,42.0,771.0,11.0,1028.0,4.0,20.0,2.0,6.0,0.03579949886945203,0.05804761229129281,False
TTAN,ServiceTitan Inc.,Information Technology,Software,69.88,6666.38,-0.3246,,,,196.87056974776362,0.05528788619832037,23.539999999999992,-0.14726305911792303,,,0,258.0,1000.0,50.666666666666664,1000.0,547.0,1199.0,967.0,434.0,64.0,163.0,24.0,64.0,0.002589256988462227,0.012742731683248226,False
TTC,The Toro Company,Industrials,Machinery,91.88,8749.69,0.2998,-0.017,-0.0274,0.0783,112.73497267759558,0.03283522525718352,23.69999999999999,0.07497627333122425,,,0,342.6666666666667,342.6666666666667,70.33333333333333,70.33333333333333,725.0,899.0,386.0,433.0,137.0,166.0,33.0,41.0,0.001307935416169712,0.009309737632156524,False
TTD,The Trade Desk Inc.,Communication Services,Media,18.655,8769.87,-0.7422,-0.3691,-0.2082,,399.56569450454344,0.025149502119960587,-10.680000000000007,-0.024092036995262855,,,0,123.0,1000.0,7.666666666666667,1000.0,324.0,1198.0,577.0,949.0,9.0,36.0,2.0,12.0,0.027802091263958672,0.06511335118504931,False
TTEK,Tetra Tech Inc.,Industrials,Commercial Services and Supplies,27.335,7094.11,-0.2328,-0.0451,0.0178,0.1618,-152.14622594661705,-0.046396642237122365,192.52,0.7771677700629744,,,0,509.6666666666667,1000.0,79.0,1000.0,1148.0,961.0,403.0,80.0,203.0,178.0,18.0,16.0,-0.0017651792751238004,-0.030839035948422022,False
TVTX,Travere Therapeutics Inc.,Health Care,Biotechnology,48.055,4468.77,2.3096,0.4218,0.2605,0.1068,262.670438198235,0.09265787704032769,4.129999999999999,-0.16164383561643836,,,0,187.0,187.0,30.333333333333332,30.333333333333332,466.0,162.0,1141.0,722.0,56.0,39.0,14.0,21.0,0.0037707973047479367,0.029372814475785422,False
TW,Tradeweb Markets Inc.,Financials,Capital Markets,100.045,23613.22,-0.2686,0.1218,0.0366,,334.8326664413653,0.05269472174943557,56.90000000000009,0.07000578255145862,,,0,193.0,1000.0,40.0,1000.0,386.0,551.0,697.0,246.0,76.0,117.0,17.0,27.0,0.0019535699942563258,0.0031881312083196865,False
TWLO,Twilio Inc.,Information Technology,IT Services,204.785,31081.01,0.7327,0.4729,-0.0925,,718.2243641393625,0.04626599989737956,70.13,2.0730121194206323,,,1,76.33333333333333,76.33333333333333,8.0,8.0,180.0,136.0,345.0,215.0,19.0,30.0,2.0,3.0,0.009446142491050562,0.1486780441874353,False
TWST,Twist Bioscience Corporation,Health Care,Biotechnology,69.405,4321.94,0.9745,0.5854,-0.0954,,61.785340918739905,0.08739410999283015,-3.6099999999999994,0.046478691901635116,,,0,336.0,336.0,50.333333333333336,50.333333333333336,881.0,91.0,1170.0,873.0,105.0,22.0,32.0,14.0,0.0008869669484218432,0.006909073470839839,False
TXG,10x Genomics Inc.,Health Care,Life Sciences Tools and Services,29.12,3696.96,1.7013,-0.1853,-0.3152,,14.117375317817277,-0.0062848075666595005,20.88,-0.4795590261828204,,,0,418.3333333333333,418.3333333333333,46.666666666666664,46.666666666666664,999.0,1150.0,1103.0,462.0,116.0,140.0,11.0,13.0,0.00020266369205340648,0.004533919929224661,False
TXNM,TXNM Energy Inc.,Utilities,Electric Utilities,57.282,6341.53,0.009,0.0732,0.031,0.0521,170.65082057901532,0.01024653561814004,-5.180000000000007,-0.03422304439746304,,,0,211.66666666666666,1000.0,13.0,1000.0,595.0,684.0,692.0,897.0,22.0,18.0,8.0,9.0,0.008066978179959274,0.01701463372880084,False
TXRH,Texas Roadhouse Inc.,Consumer Discretionary,Hotels Restaurants and Leisure,166.363,10934.98,-0.1143,0.1542,0.1102,0.1372,563.7351247165534,0.031561379840661985,9.769999999999982,0.02409074096905428,,,0,105.0,1000.0,17.0,1000.0,239.0,478.0,301.0,612.0,31.0,45.0,10.0,10.0,0.00923148031683477,0.03079944468579483,False
TXT,Textron Inc.,Industrials,Aerospace and Defense,92.785,16134.29,0.2081,0.1239,0.0629,0.0912,1315.1465107782242,0.02628555983512393,13.0,0.014115092290988063,,,0,65.66666666666667,1000.0,11.333333333333334,1000.0,76.0,542.0,95.0,562.0,12.0,109.0,2.0,20.0,0.0152581462348703,0.12789338410156842,False
TYL,Tyler Technologies Inc.,Information Technology,Software,298.615,12591.83,-0.4887,-0.0839,-0.0706,0.0663,190.1389620905411,0.020725966197038037,0.12999999999999545,0.0004119138149556445,,,0,254.0,1000.0,46.0,1000.0,562.0,1028.0,662.0,804.0,66.0,134.0,26.0,46.0,0.0025007223629344958,0.012307018664878907,False
U,Unity Software Inc.,Information Technology,Software,26.663,11639.33,0.1004,-0.0975,-0.2314,,134.98669920966972,0.03959668045305875,-269.97,0.6702999304796902,,,0,301.0,1000.0,59.666666666666664,1000.0,671.0,1052.0,732.0,1264.0,92.0,140.0,39.0,48.0,0.001775355527877504,0.008737208873017427,False
UAA,Under Armour Inc.,Consumer Discretionary,Textiles Apparel and Luxury Goods,5.795,2435.46,-0.1733,-0.0793,-0.2305,-0.1721,-197.78722158677374,-0.038328450460952235,-294.37,1.4625627266855465,,,0,465.0,1000.0,49.666666666666664,1000.0,1158.0,1022.0,364.0,1272.0,127.0,110.0,11.0,11.0,-0.0032388772012703444,-0.04586415897312705,False
UBSI,United Bankshares Inc.,Financials,Banks,44.821,6161.75,0.2286,0.1079,0.0342,0.0162,191.85975094976766,0.02459698214909567,39.89999999999998,0.08588032716315097,,,0,268.6666666666667,1000.0,69.33333333333333,1000.0,560.0,592.0,894.0,322.0,118.0,128.0,35.0,55.0,0.0011193993003863418,0.008794916067405602,False
UCB,United Community Banks Inc.,Financials,Banks,33.845,4050.79,0.1603,0.0836,0.0,0.0573,140.13431739431746,0.03291763198107156,12.870000000000005,0.03922584577872601,,,0,312.3333333333333,1000.0,79.66666666666667,1000.0,661.0,661.0,952.0,565.0,133.0,143.0,40.0,66.0,0.0008176089882050715,0.0064238046465977215,False
UCTT,Ultra Clean Holdings Inc.,Information Technology,Semiconductors and Semiconductor Equipment,97.657,4377.8,3.5274,0.3912,0.112,0.3297,-69.50465116279065,0.007351509250243415,-12.900000000000006,0.07119205298013243,,,2,439.0,439.0,73.33333333333333,73.33333333333333,1106.0,178.0,713.0,973.0,171.0,40.0,38.0,11.0,-0.0009141305578810582,-0.01160472996652596,False
UDR,UDR Inc.,Real Estate,Residential REITs,39.085,13965.68,-0.0598,-0.0278,-0.0491,0.0148,61.39077220077229,0.010172108182286088,113.11000000000001,0.2994704792163092,,,0,334.6666666666667,1000.0,21.333333333333332,1000.0,883.0,924.0,767.0,144.0,50.0,71.0,6.0,8.0,0.003438709582262528,0.08452685291200272,False
UE,Urban Edge Properties,Real Estate,Retail REITs,23.81,3174.19,0.2719,0.1694,0.0327,-0.0165,24.80559685218543,0.013455100224604832,14.450000000000003,0.1544958836736876,,,0,351.0,351.0,26.0,26.0,976.0,450.0,1155.0,537.0,64.0,13.0,11.0,3.0,0.0013894473148242659,0.02911551397079253,False
UEC,Uranium Energy Corp.,Energy,Oil Gas and Consumable Fuels,10.255,5074.92,0.633,0.4884,0.2621,0.2619,-46.643150231634664,-0.6977857570317176,-16.010000000000005,0.18263746292493743,,,0,379.6666666666667,379.6666666666667,26.666666666666668,26.666666666666668,1089.0,129.0,1253.0,997.0,45.0,5.0,33.0,2.0,-0.0011381880862399239,-0.0012129489514383118,False
UFPI,UFP Industries Inc.,Industrials,Building Products,81.685,4613.59,-0.1664,-0.0256,0.0194,0.1099,-422.98051282051347,-0.021240945898480135,-27.980000000000018,-0.09491502425455411,,,0,525.3333333333334,1000.0,82.0,1000.0,1194.0,920.0,292.0,1069.0,212.0,170.0,18.0,16.0,-0.004907360865290058,-0.1483085769521518,False
UGI,UGI Corporation,Utilities,Gas Utilities,35.115,7528.44,-0.0259,0.0611,-0.0596,-0.0211,239.91322433975074,0.009880609304240506,-37.0,-0.054572271386430726,,,0,177.33333333333334,1000.0,10.0,1000.0,489.0,707.0,243.0,1100.0,21.0,22.0,4.0,5.0,0.011341139405399575,0.13643825549184543,False
UHAL,U-Haul Holding Company,Industrials,Ground Transportation,61.51,10885.64,-0.0329,0.0363,0.0209,0.0523,209.2458133024429,0.03588474881018966,-283.96,-0.7735432727668964,,,0,257.0,1000.0,37.333333333333336,1000.0,528.0,771.0,303.0,1267.0,96.0,147.0,5.0,11.0,0.00242764071701319,0.08844573406378521,False
UHS,Universal Health Services Inc.,Health Care,Health Care Providers and Services,145.5,8808.04,-0.1555,0.0218,-0.0193,0.0074,1675.984620539759,0.022773617708897742,32.0,0.02149382052659865,,,0,50.333333333333336,1000.0,7.666666666666667,1000.0,54.0,810.0,69.0,367.0,4.0,93.0,4.0,15.0,0.024059800308250986,0.03661296977742897,True
UI,Ubiquiti Inc.,Information Technology,Communications Equipment,570.245,34512.42,0.4222,0.5,0.1219,0.3047,774.1135938203088,0.2030036331137921,230.18000000000006,0.32332284526351285,,,0,72.66666666666667,72.66666666666667,8.0,8.0,172.0,121.0,558.0,66.0,18.0,28.0,2.0,4.0,0.010181201970568347,0.22640465864206172,False
ULS,UL Solutions Inc.,Industrials,Professional Services,98.254,19804.38,0.3947,,,,201.02431724653934,0.01735997379626597,25.0,0.07692307692307687,,,0,282.0,282.0,45.333333333333336,45.333333333333336,540.0,1199.0,550.0,417.0,99.0,207.0,12.0,25.0,0.0023322560674229665,0.02035464892385087,False
ULTA,Ulta Beauty Inc.,Consumer Discretionary,Specialty Retail,477.584,20531.01,0.0451,0.0407,0.0713,0.0712,1290.241716082659,0.025457482639140938,35.42000000000007,0.03070707771266079,,,0,53.333333333333336,1000.0,10.666666666666666,1000.0,79.0,760.0,130.0,352.0,10.0,71.0,3.0,19.0,0.021128435117405475,0.06528881817018532,False
UMBF,UMB Financial Corporation,Financials,Banks,131.355,9980.19,0.2528,0.2587,0.069,0.0883,1074.968336264936,0.09381205560181916,180.10000000000002,0.2564066059225514,,,0,58.333333333333336,58.333333333333336,13.0,13.0,108.0,302.0,610.0,87.0,22.0,45.0,3.0,14.0,0.0062718668068504355,0.04927691319188696,False
UNF,UniFirst Corporation,Industrials,Commercial Services and Supplies,275.956,4990.1,0.4671,0.1519,0.038,0.0898,18.623243350536086,0.015088289103130759,-12.719999999999999,-0.08578943818709106,,,0,423.6666666666667,423.6666666666667,68.33333333333333,68.33333333333333,991.0,481.0,655.0,972.0,181.0,99.0,16.0,8.0,0.0002160642697077979,0.0037748085277179606,False
UNFI,United Natural Foods Inc.,Consumer Staples,Consumer Staples Distribution and Retail,49.925,3021.42,1.256,0.3456,0.0711,0.0166,-1038.2653440793547,-0.018185250440473144,80.0,-0.6779661016949152,,,1,428.6666666666667,428.6666666666667,22.666666666666668,22.666666666666668,1230.0,210.0,28.0,196.0,50.0,6.0,14.0,4.0,-0.017730979772815205,-0.05658086643922266,False
UNIT,Uniti Group Inc.,Communication Services,Diversified Telecommunication Services,12.117,2942.2,0.7394,0.1973,-0.0774,-0.1218,1753.712641880239,0.3104050123070037,-82.5,-0.06323292710968043,,,1,21.666666666666668,21.666666666666668,2.0,2.0,51.0,388.0,583.0,1182.0,2.0,12.0,1.0,3.0,0.12202468728145045,0.9652088494282555,False
UNM,Unum Group,Financials,Insurance,91.39,14601.95,0.1618,0.2609,0.2459,0.1015,560.9603314493725,0.020159840923865247,42.89999999999998,0.05809072444143526,,,0,109.33333333333333,109.33333333333333,21.666666666666668,21.666666666666668,240.0,300.0,120.0,305.0,44.0,44.0,13.0,8.0,0.0032729042931642477,0.021843607977409453,False
UPST,Upstart Holdings Inc.,Financials,Consumer Finance,29.903,2862.06,-0.4834,-0.0232,-0.2493,,414.86213034201853,0.09129537340077354,-4.200000000000003,-0.07835820895522394,,,0,185.0,1000.0,27.0,1000.0,315.0,915.0,907.0,885.0,62.0,178.0,6.0,13.0,0.0024204992248907393,0.06298690497342703,False
URBN,Urban Outfitters Inc.,Consumer Discretionary,Specialty Retail,76.315,6535.24,0.1023,0.3241,0.1457,0.1122,637.7989804908748,0.024627841268502593,7.359999999999957,0.015830680547190834,,,0,83.0,83.0,14.666666666666666,14.666666666666666,208.0,224.0,282.0,664.0,28.0,13.0,12.0,4.0,0.010444317688132703,0.032273907398395245,False
USAC,USA Compression Partners LP,Energy,Energy Equipment and Services,27.921,4047.77,0.1075,0.1166,0.1211,,117.71104653235864,0.08620378719567179,17.830000000000013,0.16016888250089845,,,0,258.6666666666667,1000.0,15.0,1000.0,710.0,565.0,936.0,498.0,29.0,37.0,6.0,10.0,0.0028723898389499606,0.04660275444955059,False
USAR,USA Rare Earth Inc.,Materials,Metals and Mining,21.382,4886.29,0.7174,,,,,3.475609756097561,-118.82,0.3993144239817179,,,1,462.0,462.0,33.666666666666664,33.666666666666664,1258.0,1199.0,1263.0,1213.0,64.0,64.0,18.0,19.0,,,False
USFD,US Foods Holding Corp.,Consumer Staples,Consumer Staples Distribution and Retail,90.636,19960.01,0.1927,0.2951,0.1773,0.1386,1404.8095881161353,0.006569602272727293,1.0,0.0014792899408284654,,,1,29.0,29.0,7.0,7.0,70.0,261.0,19.0,786.0,9.0,8.0,6.0,6.0,0.02399064028630458,0.07655590560832913,False
USLM,United States Lime & Minerals Inc.,Materials,Construction Materials,104.765,2997.93,0.0533,0.3992,0.2985,0.2461,32.00978993515389,-0.009175542617980925,-3.539999999999992,-0.02636282394995526,,,0,336.0,336.0,15.666666666666666,15.666666666666666,957.0,174.0,1180.0,871.0,43.0,8.0,3.0,1.0,0.001269982669066989,0.08894463435932387,False
UTHR,United Therapeutics Corporation,Health Care,Biotechnology,550.4,23362.68,0.9908,0.3394,0.2516,0.1731,175.75069424766207,-0.004053162409275002,-47.299999999999955,-0.03543867535775824,,,0,235.0,235.0,38.666666666666664,38.666666666666664,587.0,216.0,543.0,1120.0,70.0,48.0,18.0,28.0,0.002523010387931488,0.019653115788504268,True
UTI,Universal Technical Institute Inc.,Consumer Discretionary,Diversified Consumer Services,39.573,2178.94,0.2124,0.795,0.471,0.2849,86.32765648923714,0.0399344199516527,-20.340000000000003,-0.3227546810536338,,,1,301.6666666666667,301.6666666666667,38.333333333333336,38.333333333333336,801.0,52.0,1014.0,1025.0,102.0,2.0,12.0,1.0,0.0014136640183269836,0.03566773455776259,False
UWMC,UWM Holdings Corporation,Financials,Financial Services,2.335,3738.54,-0.4669,-0.2432,-0.2555,,1121.9527012127896,0.04332552693208447,38.980000000000004,1.4236669101533965,,,0,107.33333333333333,1000.0,17.0,1000.0,102.0,1174.0,485.0,328.0,19.0,201.0,4.0,28.0,0.006545995512800305,0.09130142817603314,False
VAC,Marriott Vacations Worldwide Corporation,Consumer Discretionary,Hotels Restaurants and Leisure,91.3,3135.52,0.3546,-0.1099,-0.12,0.0417,33.00990099009914,0.017083587553386126,-34.0,0.11038961038961048,,,0,394.0,394.0,58.0,58.0,953.0,1067.0,518.0,1085.0,111.0,118.0,33.0,30.0,0.0005405557289054562,0.0018034828327209759,False
VC,Visteon Corporation,Consumer Discretionary,Automobile Components,118.325,3158.57,0.2991,-0.0741,-0.0141,0.0486,-78.88444262964458,0.005307855626327074,-36.0,-0.17910447761194026,,,0,448.3333333333333,448.3333333333333,46.0,46.0,1115.0,1018.0,469.0,1095.0,122.0,108.0,8.0,8.0,-0.0012917771973250656,-0.03669585789388409,False
VCTR,Victory Capital Holdings Inc.,Financials,Capital Markets,87.235,5454.9,0.3781,0.3892,0.2362,,577.2825654131678,0.1289228484147824,50.170000000000016,0.15200266618190628,,,0,97.0,97.0,19.666666666666668,19.666666666666668,231.0,182.0,829.0,271.0,42.0,18.0,11.0,6.0,0.0033681358213475533,0.005496633833171306,False
VCYT,Veracyte Inc.,Health Care,Biotechnology,47.525,3792.15,0.7016,0.2245,0.0563,0.2458,78.35791121375416,0.04756932358742327,21.66000000000001,0.32645064054257733,,,0,329.3333333333333,329.3333333333333,53.0,53.0,831.0,346.0,1139.0,456.0,99.0,58.0,28.0,32.0,0.0011248764894796134,0.008762281757243943,False
VECO,Veeco Instruments Inc.,Information Technology,Semiconductors and Semiconductor Equipment,68.865,4203.07,2.1926,0.3981,0.2215,0.1479,-54.74776682197421,-0.013473031356786791,-12.27,-0.34670810963549026,,,0,433.6666666666667,433.6666666666667,72.0,72.0,1094.0,176.0,1097.0,965.0,169.0,38.0,37.0,10.0,-0.000720046871546718,-0.009140871000867143,False
VEEV,Veeva Systems Inc.,Health Care,Health Care Technology,162.265,26358.86,-0.4377,-0.0471,-0.1151,0.1688,463.97698924731185,0.03877871004691236,32.74000000000001,0.03602116821247425,,,0,144.0,1000.0,12.0,1000.0,286.0,969.0,521.0,361.0,34.0,112.0,1.0,1.0,0.006660677891733087,0.5985618736272597,False
VERA,Vera Therapeutics Inc.,Health Care,Biotechnology,33.136,2378.6,0.4994,0.6195,0.1779,,,,-69.32999999999998,0.23139309792403706,,,0,473.0,473.0,66.0,66.0,1258.0,83.0,1278.0,1168.0,142.0,19.0,44.0,12.0,,,False
VFC,V.F. Corporation,Consumer Discretionary,Textiles Apparel and Luxury Goods,17.212,6743.14,0.3447,-0.0342,-0.2683,-0.1211,100.74730457154146,0.010575831510548861,444.64,-2.3436643474594137,,,1,316.3333333333333,316.3333333333333,37.666666666666664,37.666666666666664,755.0,941.0,172.0,29.0,97.0,97.0,7.0,9.0,0.0016497938807591085,0.023361925790317175,False
VIAV,Viavi Solutions Inc.,Information Technology,Communications Equipment,48.449,11870.92,4.1707,0.7016,0.2237,0.2139,319.90782602036916,0.2595222724338284,-89.9,-2.5833333333333335,,,1,153.33333333333334,153.33333333333334,16.0,16.0,399.0,64.0,856.0,1191.0,42.0,19.0,3.0,3.0,0.0042074525168910295,0.09356329965686955,False
VICI,VICI Properties Inc.,Real Estate,Specialized REITs,28.305,30932.89,-0.1285,-0.0429,-0.029,,158.38734050730181,0.008564396473395686,328.7900000000004,0.1184619652746004,,,1,240.66666666666666,1000.0,11.666666666666666,1000.0,623.0,958.0,440.0,45.0,22.0,77.0,3.0,10.0,0.008871823011613544,0.11453297713713015,False
VICR,Vicor Corporation,Industrials,Electrical Equipment,287.947,13125.03,5.3383,0.7096,0.2535,0.3902,57.55041958646939,0.04660289428501341,18.120000000000005,0.15283400809716596,,,2,357.0,357.0,59.333333333333336,59.333333333333336,893.0,60.0,1166.0,492.0,164.0,14.0,12.0,2.0,0.0006676919344970014,0.01245935126542355,False
VIRT,Virtu Financial Inc.,Financials,Capital Markets,55.21,8562.32,0.3555,0.4414,0.1369,0.12,645.9071892488373,0.07188598341065666,82.63,0.17642411819967552,,,0,85.33333333333333,85.33333333333333,17.333333333333332,17.333333333333332,204.0,151.0,567.0,190.0,39.0,13.0,9.0,4.0,0.0037685238940446592,0.006150047692801426,False
VISN,Vistance Networks Inc.,Information Technology,Communications Equipment,12.185,2748.57,0.9653,0.3915,-0.1083,-0.0921,1145.511480362538,0.04333195278525581,4724.0,2.0685729298944695,,,3,49.333333333333336,49.333333333333336,6.0,6.0,97.0,177.0,719.0,1.0,12.0,39.0,1.0,5.0,0.0150658557533133,0.3350272334091638,False
VKTX,Viking Therapeutics Inc.,Health Care,Biotechnology,27.488,3191.51,-0.0505,0.0423,0.352,0.3544,,,-112.69,0.3133411188966744,,,1,496.0,1000.0,77.0,1000.0,1258.0,753.0,1278.0,1207.0,142.0,88.0,44.0,45.0,,,False
VLTO,Veralto Corporation,Industrials,Commercial Services and Supplies,82.811,20338.32,-0.1568,,,,314.09485606418093,0.016354715609667503,29.0,0.030851063829787195,,,0,232.33333333333334,1000.0,35.333333333333336,1000.0,409.0,1199.0,324.0,395.0,81.0,207.0,7.0,18.0,0.003644084675107336,0.06366495453378081,False
VLY,Valley National Bancorp,Financials,Banks,14.185,7860.36,0.5849,0.1917,0.0019,0.0424,420.5290678364406,0.05242381520442474,57.860000000000014,0.09675908893274032,,,0,147.0,147.0,35.0,35.0,310.0,397.0,727.0,244.0,61.0,70.0,15.0,29.0,0.0024535627821776975,0.019277195124130807,False
VMI,Valmont Industries Inc.,Industrials,Construction and Engineering,523.139,10156.04,0.6216,0.2345,0.1725,0.1453,97.59328125000002,0.014590287761019338,20.78000000000003,0.05932566305992526,,,0,327.3333333333333,327.3333333333333,57.0,57.0,765.0,330.0,427.0,463.0,143.0,74.0,16.0,12.0,0.0011322636258770677,0.007123505427201159,True
VNO,Vornado Realty Trust,Real Estate,Office REITs,37.833,7757.45,-0.0781,0.3473,-0.0543,-0.0889,-75.84691370875407,-0.005615235684366948,-109.69000000000005,-0.12120977722772286,,,0,399.0,399.0,30.666666666666668,30.666666666666668,1111.0,209.0,754.0,1204.0,84.0,2.0,7.0,1.0,-0.004248448090901367,-0.1734141533712122,False
VNOM,Viper Energy Inc.,Energy,Oil Gas and Consumable Fuels,44.844,16100.14,0.0705,,,,713.0106890314094,0.1909433962264151,22.0,-0.32352941176470584,,,0,85.66666666666667,1000.0,22.0,1000.0,183.0,1199.0,808.0,450.0,10.0,64.0,9.0,47.0,0.01739891640223864,0.01854174864540762,False
VNT,Vontier Corporation,Information Technology,Electronic Equipment Instruments and Components,28.135,3961.41,-0.2342,-0.0292,-0.0419,,120.93781706379696,0.003088828196124327,6.399999999999977,0.01575966510711635,,,0,304.6666666666667,1000.0,46.0,1000.0,699.0,928.0,560.0,684.0,95.0,120.0,19.0,24.0,0.0015905835412728558,0.004064800050067272,False
VOYA,Voya Financial Inc.,Financials,Financial Services,89.84,8145.46,0.3403,0.0776,0.0667,0.1145,282.8686624818938,0.0075711320063500676,26.0,0.039755351681957096,,,0,226.66666666666666,226.66666666666666,39.333333333333336,39.333333333333336,444.0,675.0,215.0,411.0,88.0,148.0,14.0,16.0,0.0016503877510315075,0.023019074550044663,False
VOYG,Voyager Technologies Inc.,Industrials,Aerospace and Defense,46.961,2783.01,-0.1685,,,,18.69210764721558,0.0044465809397908895,-17.049999999999997,0.16267531724072137,,,0,459.0,1000.0,76.66666666666667,1000.0,990.0,1199.0,1226.0,1005.0,180.0,207.0,27.0,23.0,0.0002168632236650079,0.00181774188913644,False
VRNS,Varonis Systems Inc.,Information Technology,Software,32.956,3783.82,-0.3439,0.089,-0.0904,0.1462,86.86613981762912,0.05887447275993152,-1.0800000000000125,0.008351376430560054,,,0,336.3333333333333,1000.0,66.0,1000.0,798.0,644.0,1094.0,831.0,118.0,93.0,50.0,30.0,0.0011424702019794306,0.005622536235221857,False
VRSK,Verisk Analytics Inc.,Industrials,Professional Services,183.961,24102.91,-0.4094,-0.0568,0.0133,0.0885,171.73132439070469,0.009633221596641484,1.900000000000091,0.002091819883298651,,,0,293.6666666666667,1000.0,46.333333333333336,1000.0,591.0,983.0,553.0,775.0,110.0,180.0,15.0,14.0,0.0019924028533602578,0.017388596887578375,False
VRSN,VeriSign Inc.,Information Technology,IT Services,282.225,25715.13,0.0086,0.0847,0.0501,0.1278,107.76008985398721,0.01605698418447421,15.199999999999932,0.018408622986556766,,,0,312.3333333333333,1000.0,41.0,1000.0,737.0,657.0,782.0,528.0,106.0,94.0,11.0,6.0,0.0014172690518915077,0.02230717892750896,False
VSAT,Viasat Inc.,Information Technology,Communications Equipment,66.279,9051.65,5.0363,0.1503,0.0515,-0.0089,120.67349371773616,0.026708293045577314,540.87,-0.9407089188813135,,,2,291.6666666666667,291.6666666666667,37.333333333333336,37.333333333333336,701.0,485.0,390.0,24.0,96.0,78.0,8.0,8.0,0.0015871071401435326,0.03529332306060877,False
VSEC,VSE Corporation,Industrials,Aerospace and Defense,179.76,5043.55,0.3,0.5003,0.2875,0.1783,300.9217734724292,0.061612183982450386,38.03,3.2504273504273504,,,1,178.66666666666666,178.66666666666666,35.666666666666664,35.666666666666664,423.0,120.0,904.0,335.0,84.0,29.0,13.0,10.0,0.0034912524097272346,0.029263586713590504,False
VSH,Vishay Intertechnology Inc.,Information Technology,Electronic Equipment Instruments and Components,57.53,7830.17,2.6182,0.2812,0.1989,0.1579,286.57812670671774,0.04040338215408679,11.26,-1.2538975501113585,,,0,181.0,181.0,23.666666666666668,23.666666666666668,439.0,276.0,539.0,588.0,47.0,57.0,13.0,11.0,0.0037690977288605703,0.00963208045314026,False
VSNT,Versant Media Group Inc.,Communication Services,Media,39.854,5639.26,,,,,-287.29498278919345,-0.0028409090909090606,-81.0,-0.08709677419354833,,,0,416.3333333333333,1000.0,20.333333333333332,1000.0,1177.0,1199.0,268.0,1180.0,35.0,37.0,13.0,13.0,-0.019990207970899183,-0.04681768071018103,False
VSXY,Victoria's Secret & Co.,Consumer Discretionary,Specialty Retail,75.88,6031.83,2.6133,0.6109,,,535.8954055795975,0.03158858538074161,50.0,0.31055900621118004,,,0,97.33333333333333,97.33333333333333,16.0,16.0,254.0,86.0,263.0,273.0,34.0,4.0,13.0,1.0,0.008775589229033142,0.027117382159485663,False
VTRS,Viatris Inc.,Health Care,Pharmaceuticals,15.928,18548.99,0.7737,0.1925,0.0025,-0.0976,232.15323755166355,0.018370757837467444,3218.4,-0.9156448263108481,,,1,206.66666666666666,206.66666666666666,26.333333333333332,26.333333333333332,496.0,395.0,107.0,2.0,58.0,66.0,6.0,15.0,0.0033327039329323458,0.08333445872681271,False
VVV,Valvoline Inc.,Consumer Discretionary,Specialty Retail,36.968,4714.75,0.0272,-0.0015,0.0142,,184.01492026308688,0.08659299538092746,-117.19999999999999,-0.5562411010915994,,,0,247.0,1000.0,41.333333333333336,1000.0,572.0,862.0,751.0,1211.0,79.0,90.0,22.0,23.0,0.0030133480067730915,0.009311523972526827,False
VVX,V2X Inc.,Industrials,Aerospace and Defense,88.655,2775.83,0.9767,0.2413,0.1162,0.1294,390.7704961937079,0.053169168132427336,10.820000000000007,0.1389316897791475,,,0,156.33333333333334,156.33333333333334,31.333333333333332,31.333333333333332,331.0,322.0,380.0,596.0,66.0,72.0,11.0,17.0,0.004533664748628057,0.038001059772183876,False
W,Wayfair Inc.,Consumer Discretionary,Specialty Retail,73.184,9660.03,0.5259,0.1196,-0.2569,0.0676,805.940074906368,0.016135506141125466,8.0,-0.025559105431309903,,,0,79.33333333333333,79.33333333333333,14.666666666666666,14.666666666666666,165.0,559.0,132.0,650.0,23.0,50.0,8.0,13.0,0.013197722852176944,0.04078218395107013,False
WAFD,WaFd Inc.,Financials,Banks,36.436,2692.2,0.2521,0.0774,0.0197,0.0412,21.01800933125969,0.046089755200423355,26.22,0.11598177555624356,,,0,442.6666666666667,442.6666666666667,113.33333333333333,113.33333333333333,987.0,676.0,1057.0,410.0,192.0,149.0,80.0,68.0,0.00012262887251993586,0.0009634726776059155,False
WAL,Western Alliance Bancorporation,Financials,Banks,80.475,8674.03,0.0818,0.2722,-0.0371,0.0831,328.4183984833435,0.01774684383380043,-17.0,-0.01754385964912286,,,0,169.66666666666666,169.66666666666666,37.333333333333336,37.333333333333336,391.0,290.0,513.0,1004.0,78.0,40.0,22.0,12.0,0.0019161461623731077,0.015054810794625766,True
WAY,Waystar Holding Corp.,Health Care,Health Care Technology,18.37,3523.6,-0.5465,,,,181.4902554590675,0.05225238337821114,14.009999999999991,0.12498884824694434,,,0,263.6666666666667,1000.0,24.333333333333332,1000.0,574.0,1199.0,916.0,542.0,68.0,149.0,2.0,3.0,0.0026054053543953953,0.23413477364233065,False
WBHC,Wilson Bank Holding Company,Financials,Banks,1500.0,18431.91,,,,,40.10736503219417,0.045061840669334385,5.86999999999999,0.07754293262879774,,,0,443.0,1000.0,112.33333333333333,1000.0,943.0,1199.0,1208.0,698.0,183.0,203.0,75.0,79.0,0.0002340050799353555,0.0018385352185477403,False
WBI,WaterBridge Infrastructure LLC,Energy,Energy Equipment and Services,30.82,3804.92,,,,,312.317292945557,0.19611835220245477,1.81,-0.3986784140969163,,,0,165.0,1000.0,14.0,1000.0,411.0,1199.0,1109.0,776.0,20.0,64.0,4.0,18.0,0.00762117953422974,0.12364893985959968,False
WBS,Webster Financial Corporation,Financials,Banks,72.141,11688.75,0.3384,0.2295,0.0478,0.0669,357.7647445255475,0.020391306785267016,19.32000000000005,0.019266055045871644,,,0,162.0,162.0,36.666666666666664,36.666666666666664,361.0,337.0,612.0,479.0,72.0,53.0,19.0,19.0,0.002087366436901346,0.016400057252251993,False
WCC,WESCO International Inc.,Industrials,Trading Companies and Distributors,338.139,16469.02,0.9031,0.2968,0.2494,0.1929,2434.327707808563,0.03132164230208101,35.39999999999998,0.05529522024367384,,,0,34.0,34.0,3.6666666666666665,3.6666666666666665,37.0,259.0,44.0,353.0,5.0,60.0,2.0,4.0,0.0282427302547155,0.15897500917217855,False
WDAY,Workday Inc.,Information Technology,Software,132.908,32824.75,-0.4712,-0.1333,-0.1039,0.0552,1158.2710907165547,0.03161641541038529,154.0,0.22222222222222232,,,0,84.0,1000.0,21.666666666666668,1000.0,94.0,1092.0,167.0,109.0,11.0,147.0,1.0,53.0,0.015233671137408152,0.07497076756761906,False
WDFC,WD-40 Company,Consumer Staples,Household Products,224.265,3017.58,-0.0804,0.055,-0.0239,0.0691,25.830474911253987,0.02659720318069647,-11.0,-0.12089240575887461,,,0,342.0,1000.0,13.0,1000.0,973.0,726.0,1105.0,951.0,35.0,18.0,3.0,1.0,0.00044112001887125507,0.09651401234233727,False
WERN,Werner Enterprises Inc.,Industrials,Ground Transportation,43.327,2597.46,0.5778,-0.0032,-0.009,0.0583,97.52632842757521,0.03244015599784822,5.84,-0.40555555555555556,,,0,356.6666666666667,356.6666666666667,54.333333333333336,54.333333333333336,767.0,865.0,564.0,699.0,145.0,158.0,6.0,12.0,0.001131486848577335,0.04122322722823142,False
WES,Western Midstream Partners LP,Energy,Oil Gas and Consumable Fuels,44.42,17491.77,0.1505,0.1896,0.1459,0.004,415.4178775913133,0.05372066399542064,40.549999999999955,0.035123430056301475,,,0,116.33333333333333,1000.0,14.666666666666666,1000.0,313.0,403.0,434.0,316.0,15.0,21.0,14.0,15.0,0.010137044276328186,0.010802886951905892,False
WEX,WEX Inc.,Financials,Financial Services,136.745,4740.7,-0.0275,-0.0882,-0.0783,0.0418,85.93687675476804,0.013980757666867127,6.199999999999989,0.020388030253206235,,,0,381.3333333333333,1000.0,63.666666666666664,1000.0,802.0,1035.0,614.0,686.0,152.0,190.0,18.0,21.0,0.0005013958333650757,0.00699330691232942,False
WFRD,Weatherford International plc,Energy,Energy Equipment and Services,98.95,7117.01,0.8934,0.1482,0.4441,,-471.1741419015243,-0.008336722244814965,32.0,0.07424593967517401,,,1,430.3333333333333,430.3333333333333,30.0,30.0,1200.0,495.0,371.0,367.0,63.0,28.0,19.0,8.0,-0.011497610950233616,-0.18654164995447736,True
WH,Wyndham Hotels & Resorts Inc.,Consumer Discretionary,Hotels Restaurants and Leisure,75.919,5683.33,-0.0851,0.0192,0.0012,,23.931556691906735,0.007697690692792136,-96.0,-0.33217993079584773,,,0,391.3333333333333,1000.0,55.666666666666664,1000.0,978.0,818.0,835.0,1194.0,113.0,83.0,35.0,19.0,0.0003918927256193822,0.001307491096901135,False
WHD,Cactus Inc.,Energy,Energy Equipment and Services,58.682,4704.94,0.2475,0.1347,0.0741,,51.11827751196165,0.10011584263935869,-11.310000000000002,-0.06812842599843383,,,0,327.0,1000.0,18.666666666666668,1000.0,913.0,518.0,902.0,953.0,37.0,31.0,10.0,9.0,0.0012473903277176205,0.02023813911227995,False
WHR,Whirlpool Corporation,Consumer Discretionary,Household Durables,40.064,2597.07,-0.5415,-0.3435,-0.2923,-0.1382,-561.8409208752455,-0.022416902860087573,-153.0,-0.4811320754716981,,,0,493.0,1000.0,53.666666666666664,1000.0,1209.0,1195.0,97.0,1232.0,134.0,136.0,11.0,16.0,-0.009200461661600367,-0.12001023841886277,False
WING,Wingstop Inc.,Consumer Discretionary,Hotels Restaurants and Leisure,145.104,3951.55,-0.6191,-0.0839,-0.006,0.18,58.34196769456673,0.01812441701944456,-62.38000000000001,-0.35795030699489305,,,0,369.6666666666667,1000.0,55.333333333333336,1000.0,890.0,1028.0,1076.0,1151.0,107.0,112.0,31.0,28.0,0.0009553825951302978,0.0031874902380310613,False
WK,Workiva Inc.,Information Technology,Software,48.38,2715.05,-0.2865,-0.2143,-0.1363,0.1356,156.3163962765958,0.046372813909583144,40.370000000000005,-1.5426060374474588,,,0,288.0,1000.0,59.0,1000.0,627.0,1162.0,995.0,320.0,81.0,156.0,36.0,60.0,0.00205588535650085,0.010117804291403437,False
WLK,Westlake Corporation,Materials,Chemicals,88.4,11326.07,0.1024,-0.074,-0.029,0.0665,-1036.6956331399815,-0.017367949865711774,-129.0,0.08554376657824925,,,0,446.6666666666667,1000.0,37.0,1000.0,1229.0,1016.0,155.0,1223.0,61.0,50.0,30.0,20.0,-0.04113071313033833,-0.15118035668152385,False
WLY,John Wiley & Sons Inc.,Communication Services,Media,44.014,2249.38,0.1286,0.0386,-0.0663,-0.0169,-32.36720693170241,-0.0038387944754739722,70.20000000000002,0.8341254752851714,,,0,378.0,1000.0,16.0,1000.0,1081.0,763.0,784.0,214.0,32.0,21.0,11.0,5.0,-0.0022521353896271337,-0.005274570216635895,False
WMG,Warner Music Group Corp.,Communication Services,Entertainment,28.333,14778.93,0.0628,0.0447,-0.0413,,794.9262549977784,0.06291933800506944,87.0,0.23835616438356166,,,0,64.66666666666667,1000.0,5.333333333333333,1000.0,169.0,743.0,255.0,179.0,5.0,20.0,2.0,9.0,0.05531158603835999,0.20448155047058525,False
WMK,Weis Markets Inc.,Consumer Staples,Consumer Staples Distribution and Retail,82.302,2036.53,0.1044,0.0751,0.0893,0.0459,202.5150993186835,0.011122070472052714,8.310000000000002,0.08869676593019538,,,0,193.0,1000.0,16.0,1000.0,536.0,681.0,359.0,646.0,26.0,17.0,12.0,10.0,0.0034584522638509596,0.011036176688182487,False
WMS,Advanced Drainage Systems Inc.,Industrials,Building Products,131.849,10099.07,0.126,0.0764,0.0464,0.1746,146.08598876511496,0.05031953282097912,-23.710000000000036,-0.05266899171424133,,,0,299.6666666666667,1000.0,47.666666666666664,1000.0,647.0,677.0,566.0,1044.0,122.0,130.0,7.0,14.0,0.0016948692493011716,0.051221757148882774,False
WOLF,Wolfspeed Inc.,Information Technology,Semiconductors and Semiconductor Equipment,42.906,2074.04,,,,,-48.79928411155038,-0.05953009503695883,1089.6,-0.6771066368381804,,,1,474.0,1000.0,80.66666666666667,1000.0,1091.0,1199.0,1075.0,10.0,168.0,163.0,36.0,38.0,-0.0006418119660022006,-0.008147692351522701,False
WOR,Worthington Enterprises Inc.,Industrials,Machinery,57.98,2855.69,-0.0481,-0.0169,-0.0221,0.0385,173.08046612748922,0.1507765913188186,15.769999999999996,0.16418532014575749,,,0,288.0,1000.0,57.666666666666664,1000.0,590.0,898.0,864.0,519.0,109.0,165.0,24.0,40.0,0.002008055407461811,0.014293113225001097,False
WPC,W. P. Carey Inc.,Real Estate,Diversified REITs,76.34,17003.9,0.2052,0.0251,-0.0015,0.0122,146.19413704653698,0.021428780816697524,50.48000000000002,0.10824255939617466,,,0,239.0,1000.0,9.333333333333334,1000.0,646.0,804.0,770.0,270.0,24.0,47.0,1.0,3.0,0.008188839493473644,0.4987548376191337,False
WRB,W. R. Berkley Corporation,Financials,Insurance,68.34,26629.06,-0.0559,0.2141,0.1514,0.1517,920.7740540287032,0.009717933132352474,97.64999999999986,0.05487804878048763,,,1,75.66666666666667,1000.0,15.666666666666666,1000.0,140.0,365.0,101.0,157.0,27.0,60.0,9.0,11.0,0.005372225423994663,0.035854634177083976,False
WRBY,Warby Parker Inc.,Consumer Discretionary,Specialty Retail,25.61,3142.74,0.1332,0.3046,,,95.48920364253195,0.021413006078678798,-0.2899999999999998,-0.17682926829268286,,,0,296.3333333333333,296.3333333333333,44.333333333333336,44.333333333333336,771.0,247.0,1000.0,814.0,99.0,19.0,25.0,9.0,0.0015636895152479336,0.004831945189899334,False
WS,Worthington Steel Inc.,Materials,Metals and Mining,42.05,2136.41,0.6653,,,,176.01729038370468,0.08217760967251797,11.0,0.09936766034327005,,,0,226.33333333333334,226.33333333333334,20.0,20.0,586.0,1199.0,516.0,591.0,29.0,64.0,12.0,19.0,0.006983454396179618,0.02356544978195716,False
WSBC,WesBanco Inc.,Financials,Banks,35.64,3427.88,0.1243,0.0898,-0.0107,0.0119,467.82121911037893,0.14807315696883205,97.63000000000002,0.4376064545047065,,,0,159.66666666666666,1000.0,44.666666666666664,1000.0,284.0,640.0,957.0,158.0,57.0,138.0,14.0,63.0,0.0027294872571535455,0.021445083381268357,False
WSC,WillScot Holdings Corporation,Industrials,Construction and Engineering,26.825,4855.18,-0.0491,-0.1741,-0.0188,,-97.56510638297868,-0.0047908128602422995,-14.93,0.2817512738252501,,,0,507.3333333333333,1000.0,77.0,1000.0,1126.0,1139.0,679.0,988.0,197.0,199.0,18.0,16.0,-0.0011319367450028561,-0.007121448894050858,False
WSFS,WSFS Financial Corporation,Financials,Banks,73.786,3840.12,0.3864,0.2366,0.0722,0.0731,67.55940471733436,0.037854796514486866,20.92999999999995,0.07283800243605332,,,0,360.3333333333333,360.3333333333333,83.33333333333333,83.33333333333333,863.0,328.0,950.0,461.0,167.0,51.0,65.0,18.0,0.00039417308737621596,0.0030969460301676754,False
WSM,Williams-Sonoma Inc.,Consumer Discretionary,Specialty Retail,211.845,24944.03,0.3616,0.4983,0.2006,0.2348,101.15308983218074,0.009650536325930492,0.09999999999990905,9.187460953286042e-05,,,0,284.3333333333333,284.3333333333333,40.666666666666664,40.666666666666664,752.0,122.0,221.0,806.0,96.0,5.0,24.0,2.0,0.001656438843051172,0.005118549188951023,False
WSO,Watsco Inc.,Industrials,Trading Companies and Distributors,376.764,15172.79,-0.1549,0.023,0.0568,0.1087,-343.591508327223,0.0002652193792485047,-0.9800000000000182,-0.001971870661381603,,,0,516.6666666666666,1000.0,80.0,1000.0,1189.0,807.0,251.0,826.0,209.0,152.0,17.0,14.0,-0.003986300717183358,-0.02243841821813519,False
WST,West Pharmaceutical Services Inc.,Health Care,Life Sciences Tools and Services,328.335,23196.08,0.4657,-0.0194,-0.01,0.1565,325.1985075968714,0.047786343970593004,49.00000000000006,0.09925055701843233,,,0,179.33333333333334,179.33333333333334,17.333333333333332,17.333333333333332,394.0,902.0,534.0,276.0,44.0,100.0,4.0,4.0,0.004668426581863349,0.10444037658237572,False
WT,WisdomTree Inc.,Financials,Capital Markets,16.538,2477.35,0.6041,0.3209,0.1882,0.0472,106.14821388307297,0.10408101265822789,-47.76,-0.4376431778612664,,,0,301.3333333333333,301.3333333333333,60.666666666666664,60.666666666666664,740.0,227.0,1138.0,1122.0,141.0,23.0,33.0,8.0,0.0006193182038951018,0.0010106971849094654,False
WTFC,Wintrust Financial Corporation,Financials,Banks,153.585,10358.96,0.2695,0.2969,0.137,0.1152,308.9209206798864,0.024503742147578,38.35000000000002,0.046550301029326,,,0,175.0,175.0,37.0,37.0,415.0,257.0,617.0,331.0,82.0,28.0,23.0,6.0,0.0018023887801996974,0.014161039798058567,False
WTRG,Essential Utilities Inc.,Utilities,Water Utilities,37.614,10668.57,-0.0128,-0.033,-0.0509,0.0107,295.07776156363343,0.03157669289302145,-59.39999999999998,-0.09637068643834057,,,0,161.0,1000.0,7.0,1000.0,428.0,937.0,638.0,1149.0,18.0,37.0,2.0,1.0,0.01394886854835182,0.3485961126684915,False
WTS,Watts Water Technologies Inc.,Industrials,Machinery,316.62,10572.22,0.2934,0.2201,0.1726,0.1859,318.43736648572894,0.0489235185564898,25.599999999999966,0.07511737089201875,,,0,186.66666666666666,186.66666666666666,36.666666666666664,36.666666666666664,401.0,357.0,637.0,415.0,79.0,80.0,14.0,17.0,0.0036944658748409077,0.026296793832870407,True
WTTR,Select Water Solutions Inc.,Energy,Energy Equipment and Services,18.697,2582.89,1.0148,0.3249,0.2277,,-61.025731580045885,-0.00598291812923657,0.370000000000001,0.01743638077285592,,,0,386.0,386.0,21.666666666666668,21.666666666666668,1100.0,223.0,849.0,800.0,48.0,10.0,13.0,4.0,-0.0014891524327483112,-0.02416058023192632,False
WU,The Western Union Company,Financials,Financial Services,7.295,2279.21,-0.2114,-0.1477,-0.2179,-0.0929,-94.48980761358962,-0.0002221838200804349,-58.80000000000001,-0.11769415532425942,,,0,505.3333333333333,1000.0,83.33333333333333,1000.0,1123.0,1109.0,436.0,1148.0,201.0,192.0,26.0,23.0,-0.0005512976224178735,-0.007689320925805351,False
WWD,Woodward Inc.,Industrials,Aerospace and Defense,374.04,22286.37,0.605,0.4936,0.2486,0.2048,639.1397286398383,0.12073528339865325,71.68999999999994,0.1621542150143629,,,0,90.0,90.0,17.333333333333332,17.333333333333332,205.0,124.0,444.0,212.0,34.0,31.0,6.0,12.0,0.007415209913252387,0.06215409624676511,False
WY,Weyerhaeuser Company,Real Estate,Specialized REITs,23.815,17171.63,-0.1296,-0.0704,-0.0758,-0.0247,-221.9466295034581,-0.005213613323678534,73.0,0.22530864197530853,,,0,444.0,1000.0,37.0,1000.0,1164.0,1008.0,261.0,208.0,88.0,80.0,12.0,11.0,-0.012431998723332746,-0.16049393948508636,False
WYNN,Wynn Resorts Limited,Consumer Discretionary,Hotels Restaurants and Leisure,105.65,10805.25,0.2072,0.0111,-0.0364,0.0051,328.77242933536945,0.021906942078364633,47.710000000000036,0.14575504842208176,,,0,175.66666666666666,1000.0,29.333333333333332,1000.0,389.0,832.0,246.0,282.0,52.0,86.0,15.0,21.0,0.005383833784799986,0.017962351124777735,False
XE,X-Energy Inc.,Industrials,Electrical Equipment,18.351,7457.22,,,,,,0.2420963293019307,-156.0,0.4002257683821644,,,0,562.6666666666666,1000.0,86.66666666666667,1000.0,1258.0,1199.0,1233.0,1236.0,223.0,207.0,19.0,18.0,,,False
XMTR,Xometry Inc.,Industrials,Trading Companies and Distributors,83.705,4712.22,1.475,0.5676,,,166.98125484120828,0.07889256222419627,9.810000000000002,-0.15889212827988342,,,0,246.0,246.0,41.333333333333336,41.333333333333336,604.0,95.0,1063.0,611.0,112.0,22.0,10.0,2.0,0.0019372932095159893,0.010904795781936911,False
XPO,XPO Inc.,Industrials,Ground Transportation,221.41,25995.74,0.8361,0.6566,0.0816,0.2253,290.7012448132782,0.017408360917003707,32.0,0.10126582278481022,,,0,179.66666666666666,179.66666666666666,30.333333333333332,30.333333333333332,435.0,77.0,210.0,367.0,86.0,18.0,4.0,1.0,0.0033726752629219484,0.12287598296460801,False
XYL,Xylem Inc.,Industrials,Machinery,107.02,25437.96,-0.1575,-0.0082,-0.0196,0.0882,492.68353352879967,0.006198118428334176,24.0,0.02507836990595602,,,0,161.66666666666666,1000.0,32.0,1000.0,271.0,877.0,185.0,426.0,52.0,162.0,6.0,38.0,0.005716045581603441,0.040686171503800495,False
YETI,YETI Holdings Inc.,Consumer Discretionary,Leisure Products,48.422,3668.37,0.5367,0.1047,-0.126,,58.132849941838,0.01567575957056233,-6.759999999999991,-0.04087308785295363,,,0,351.0,351.0,39.0,39.0,891.0,601.0,741.0,917.0,108.0,54.0,6.0,3.0,0.0009519581740971279,0.028727312868203132,False
YOU,Clear Secure Inc.,Information Technology,Software,51.45,6876.87,1.0176,0.2981,,,139.60737626714365,0.0462155021203845,13.39,0.12265274342768162,,,0,269.3333333333333,269.3333333333333,47.666666666666664,47.666666666666664,663.0,256.0,989.0,556.0,90.0,55.0,38.0,15.0,0.001836127030585198,0.009036288862544406,False
YSS,York Space Systems Inc.,Industrials,Aerospace and Defense,30.64,3973.84,,,,,,0.0261263593992751,-103.11,1.2196593328601844,,,0,562.6666666666666,1000.0,91.33333333333333,1000.0,1258.0,1199.0,1176.0,1198.0,223.0,207.0,28.0,23.0,,,False
ZBH,Zimmer Biomet Holdings Inc.,Health Care,Health Care Equipment and Supplies,86.179,16672.4,-0.0855,-0.1407,-0.1144,-0.0319,710.5739540419299,0.02157565449796528,56.10000000000002,0.0795631825273011,,,0,112.33333333333333,1000.0,14.0,1000.0,185.0,1101.0,205.0,249.0,19.0,133.0,3.0,20.0,0.010200730501325968,0.08596241665543312,False
ZBRA,Zebra Technologies Corporation,Information Technology,Electronic Equipment Instruments and Components,213.725,10180.45,-0.2701,-0.08,-0.1591,0.1432,468.95768068150574,0.03465530022238705,-1.0,-0.0023866348448687846,,,0,147.66666666666666,1000.0,21.0,1000.0,282.0,1024.0,325.0,827.0,28.0,133.0,8.0,27.0,0.006167767754994368,0.01576197793373474,False
ZETA,Zeta Global Holdings Corp.,Information Technology,Software,19.489,4857.78,0.5167,0.2967,0.1869,,361.28802395209595,0.10108303249097461,8.350000000000001,-0.2649952396064742,,,0,150.33333333333334,150.33333333333334,21.0,21.0,359.0,260.0,837.0,642.0,36.0,56.0,11.0,16.0,0.004751688086564799,0.023384888637702612,False
ZG,Zillow Group Inc.,Real Estate,Real Estate Management and Development,32.399,7383.84,-0.5375,-0.0977,-0.2216,-0.0002,387.9413677993666,0.0425861401471157,38.0,1.652173913043478,,,0,142.33333333333334,1000.0,8.0,1000.0,336.0,1056.0,616.0,336.0,10.0,81.0,6.0,8.0,0.021729938409064873,0.04936571981064685,False
ZION,Zions Bancorporation National Association,Financials,Banks,65.771,9674.38,0.3447,0.2859,0.0354,0.0891,286.0573207581724,0.023845457289465744,63.0,0.0700778642936597,,,0,187.0,187.0,40.0,40.0,441.0,272.0,512.0,231.0,87.0,33.0,25.0,8.0,0.0016689918711034236,0.013112964621713408,False
ZM,Zoom Communications Inc.,Information Technology,Software,92.204,27037.18,0.1797,0.1112,-0.241,,234.01256239283703,0.01320456706724693,171.0699999999997,0.09002973449464502,,,1,212.33333333333334,1000.0,33.666666666666664,1000.0,495.0,580.0,367.0,91.0,55.0,87.0,19.0,27.0,0.003077751353795171,0.015146800747830825,False
ZS,Zscaler Inc.,Information Technology,Software,123.715,20005.89,-0.5874,-0.0638,-0.0985,,626.7660027285128,0.18721638840152477,-35.910000000000004,0.8657184185149471,,,0,121.0,1000.0,24.0,1000.0,212.0,995.0,542.0,1094.0,23.0,128.0,6.0,43.0,0.00824327503483426,0.04056833386109602,False
ZTS,Zoetis Inc.,Health Care,Pharmaceuticals,80.156,33603.65,-0.5181,-0.2103,-0.1514,0.0539,266.80870917573884,0.0067603253406569586,-1.0,-0.00037411148522259463,,,1,220.0,1000.0,28.0,1000.0,462.0,1159.0,174.0,827.0,55.0,143.0,5.0,24.0,0.0038302047552220986,0.0957744961786791,False
ZWS,Zurn Elkay Water Solutions Corporation,Industrials,Building Products,46.92,7829.63,0.2922,0.2222,-0.0176,0.0808,158.62222121239665,0.02606285747980408,15.300000000000011,0.07727272727272738,,,0,272.6666666666667,272.6666666666667,43.333333333333336,43.333333333333336,622.0,352.0,771.0,527.0,118.0,78.0,6.0,6.0,0.0018403128682039525,0.055617304315346866,False
