date,ticker,ret,xs,universe
2006-05-23,AKR,1.0329378,-6.913767455041114,US Stocks
2006-05-23,DOC,1.3874874,-6.559217808663551,US Stocks
2006-05-24,ARE,0.08023548,-7.75719656205219,US Stocks
2006-05-24,JOE,0.44380462,-7.393627421617925,US Stocks
2006-05-30,SSD,5.4429436,-2.4097383571177424,US Stocks
2006-05-31,ARE,0.052227378,-7.716555364266307,US Stocks
2006-05-31,REG,1.5712862,-6.197496540680797,US Stocks
2006-06-08,AU,1.8415945,-6.163634557037042,US Stocks
2006-06-09,AIT,20.58379,12.47978946037488,US Stocks
2006-06-12,REG,1.6224425,-6.588538930689333,US Stocks
2006-06-13,ARE,0.08061886,-8.059504117576221,US Stocks
2006-06-19,AIT,20.535769,12.47913109248367,US Stocks
2006-06-26,NVR,10.920291,2.850496758826912,US Stocks
2006-06-27,SSD,5.43923,-2.5694921289142822,US Stocks
2006-07-05,AIT,19.146078,11.327512219588568,US Stocks
2006-07-07,AIT,19.653372,11.793789303081397,US Stocks
2006-07-12,SSD,5.651048,-2.412160018435003,US Stocks
2006-07-13,SF,11.988149,3.889720001094835,US Stocks
2006-07-14,CHE,13.901505,5.789797403103366,US Stocks
2006-07-21,SF,11.191665,3.28715346590835,US Stocks
2006-07-26,CW,19.071106,11.201736926527733,US Stocks
2006-07-27,SF,11.379577,3.5982167620589482,US Stocks
2006-07-28,PII,3.7752566,-4.01503261297937,US Stocks
2006-08-01,AIT,19.921257,12.146758131860446,US Stocks
2006-08-01,CW,18.845201,11.070702605127048,US Stocks
2006-08-01,SF,11.668565,3.8940659092652314,US Stocks
2006-08-04,SF,11.692585,3.905736860340552,US Stocks
2006-08-09,BCPC,19.374203,11.550791468463467,US Stocks
2006-08-09,LSTR,4.018144,-3.80526712910123,US Stocks
2006-08-14,PII,3.7852716,-3.9517093883930876,US Stocks
2006-08-18,PII,3.91544,-3.7208283651851595,US Stocks
2006-08-21,SF,11.522402,3.885464774868675,US Stocks
2006-08-21,WKC,1.5206094,-6.116327656009011,US Stocks
2006-08-21,AIT,20.804052,13.167115318081565,US Stocks
2006-08-21,BCPC,19.526405,11.889468299648948,US Stocks
2006-08-23,LSTR,4.089304,-3.578941963997334,US Stocks
2006-08-23,SF,11.467978,3.799731589469463,US Stocks
2006-08-25,PII,3.9075093,-3.7088983804310693,US Stocks
2006-08-25,SF,11.433235,3.8168274610911475,US Stocks
2006-08-29,SF,11.526311,3.925073408167121,US Stocks
2006-08-30,BCPC,19.701666,12.099108461550601,US Stocks
2006-09-01,SF,11.632696,4.0974347174051715,US Stocks
2006-09-06,BCPC,19.701666,12.05076900911203,US Stocks
2006-09-06,LSTR,4.097739,-3.553157649518342,US Stocks
2006-09-07,AIT,20.843641,13.217312441038763,US Stocks
2006-09-11,STRL,30.188747,22.654781728651614,US Stocks
2006-09-14,WKC,1.4432449,-6.035969307047472,US Stocks
2006-09-14,STRL,27.730022,20.250808189290417,US Stocks
2006-10-27,CHE,14.377892,7.258617757477619,US Stocks
2006-11-15,CHE,13.962932,6.992303189816747,US Stocks
2006-11-27,ESE,5.3230968,-1.7255078433105826,US Stocks
2006-12-08,ESE,5.311789,-1.577350339463937,US Stocks
2006-12-18,ESE,5.3245125,-1.4994069944421833,US Stocks
2006-12-19,MAA,3.4529862,-3.375334793880924,US Stocks
2007-01-03,ESE,5.233763,-1.620523987308351,US Stocks
2007-01-05,ESE,5.2795086,-1.6014791749688664,US Stocks
2007-01-10,ESE,5.10836,-1.7188603668184426,US Stocks
2007-02-16,BCPC,17.804562,11.185298101198434,US Stocks
2007-02-27,MAA,3.5862346,-3.309297936552861,US Stocks
2007-02-27,CPT,2.0618982,-4.833634274596074,US Stocks
2007-03-01,CPT,2.112929,-4.911281554875208,US Stocks
2007-03-02,BIO,4.1395884,-2.961739326059293,US Stocks
2007-03-05,EGP,6.535958,-0.42908741884237145,US Stocks
2007-03-12,BIO,4.2778187,-2.7707706354739763,US Stocks
2007-03-13,CPT,2.0876346,-4.90143060520903,US Stocks
2007-03-13,GTY,2.0903282,-4.8987369521023405,US Stocks
2007-03-16,BIO,4.088331,-2.816958759069114,US Stocks
2007-03-16,CPT,2.044136,-4.861153934240012,US Stocks
2007-03-16,MCO,7.834202,0.9289118311408471,US Stocks
2007-03-23,MCO,7.8040676,1.0643953505584545,US Stocks
2007-03-27,EGP,6.77347,-0.04151720400018721,US Stocks
2007-03-27,CPT,2.1598413,-4.655145829869938,US Stocks
2007-03-27,BIO,4.0007,-2.814287131978703,US Stocks
2007-03-29,BIO,4.113832,-2.6912473401075294,US Stocks
2007-03-30,GPN,3.8870797,-2.9092177441194202,US Stocks
2007-04-09,BIO,4.0760374,-2.5881750388589726,US Stocks
2007-04-11,GPN,3.7391434,-2.9224160789364797,US Stocks
2007-04-19,MAA,3.4866676,-2.9707507554893366,US Stocks
2007-04-27,CPT,2.133528,-4.3404831602334255,US Stocks
2007-04-30,MAA,3.6995153,-2.7553956304349825,US Stocks
2007-05-16,MAA,3.649818,-2.6755034684960872,US Stocks
2007-05-17,ESS,3.3821125,-2.8798558280623627,US Stocks
2007-05-18,CPT,2.1398385,-4.125935712845591,US Stocks
2007-05-23,CPT,2.1768577,-4.160103701203487,US Stocks
2007-05-23,ESS,3.3990846,-2.9378768430644486,US Stocks
2007-05-29,DOC,0.7535788,-5.467698604329084,US Stocks
2007-06-01,DOC,0.793816,-5.398404488550594,US Stocks
2007-06-06,ESS,3.4124594,-3.0209498447710166,US Stocks
2007-06-07,KIM,0.25557852,-6.082355445106904,US Stocks
2007-06-07,PSA,5.7760673,-0.5618667060932321,US Stocks
2007-06-11,KIM,0.33775342,-6.06833658539015,US Stocks
2007-06-12,SPG,3.8317828,-2.4650835617198457,US Stocks
2007-06-18,FRT,1.6194818,-4.580653443895514,US Stocks
2007-06-18,SPG,3.936585,-2.2635502963888,US Stocks
2007-06-18,CPT,2.1005857,-4.099549546800787,US Stocks
2007-06-20,MAA,3.7048092,-2.556442914479166,US Stocks
2007-06-20,SPG,4.033925,-2.2273270468644197,US Stocks
2007-06-20,CPT,2.179636,-4.081616101735025,US Stocks
2007-06-20,CUZ,-0.3137859,-6.5750380139283235,US Stocks
2007-06-21,O,4.8080287,-1.522192263526847,US Stocks
2007-06-26,SLG,-0.19715822,-6.5346910641391265,US Stocks
2007-06-27,CUZ,-0.3038922,-6.6424019796867535,US Stocks
2007-06-28,CPT,2.225626,-4.110446167364294,US Stocks
2007-06-29,BXMT,-0.71621835,-6.986557109195789,US Stocks
2007-07-02,PLD,3.3400211,-2.9040729556147626,US Stocks
2007-07-03,FRT,1.5828695,-4.668838427056675,US Stocks
2007-07-09,FRT,1.7158093,-4.5964419551666005,US Stocks
2007-07-13,REG,1.1217842,-5.005807097920679,US Stocks
2007-07-16,ESE,6.295002,0.16372692363312424,US Stocks
2007-07-16,BXMT,-0.72587395,-6.857149007153009,US Stocks
2007-07-17,DOC,0.9386921,-5.205508145569213,US Stocks
2007-07-19,CPT,2.3658483,-3.8234998421016657,US Stocks
2007-07-19,O,4.9361167,-1.2532314495387995,US Stocks
2007-07-20,ESE,6.3558083,0.18840772611203338,US Stocks
2007-07-20,MAA,3.9425888,-2.2248117257922635,US Stocks
2007-07-23,CPT,2.5471296,-3.7467546391781443,US Stocks
2007-07-23,FIZZ,12.386258,6.092373855084551,US Stocks
2007-07-23,O,5.2185493,-1.0753350186642283,US Stocks
2007-07-24,BXP,0.3133471,-5.965624575279789,US Stocks
2007-07-24,FRT,1.6964362,-4.582535509728031,US Stocks
2007-07-25,UDR,2.1866841,-4.268827724462433,US Stocks
2007-07-25,EGP,8.365647,1.9101354598942564,US Stocks
2007-07-25,ADC,5.468396,-0.9871156692561343,US Stocks
2007-07-25,ARE,-0.023448706,-6.478960561757965,US Stocks
2007-07-26,BXP,0.39371598,-6.211308421475176,US Stocks
2007-07-27,AKR,0.71316826,-5.774723030801417,US Stocks
2007-07-27,ESE,6.548503,0.060611627821324454,US Stocks
2007-07-27,KRC,0.18394363,-6.3039476649719495,US Stocks
2007-07-27,SLG,-0.15031463,-6.638205923314692,US Stocks
2007-07-27,VNO,-0.08886129,-6.576752580876948,US Stocks
2007-07-30,CUZ,-0.21129411,-6.78448597664686,US Stocks
2007-07-30,CPT,2.9304986,-3.6426932620510657,US Stocks
2007-07-31,CDP,0.9992709,-5.537199470778436,US Stocks
2007-08-01,MCO,8.9071245,2.430395298270123,US Stocks
2007-08-01,EPR,3.1687288,-3.3080003926478456,US Stocks
2007-08-02,ADC,5.3906775,-1.283627597333811,US Stocks
2007-08-02,DHC,0.21951735,-6.454787699224375,US Stocks
2007-08-03,PNFP,3.6389956,-2.908809317682576,US Stocks
2007-08-03,VNO,-0.12183815,-6.669643117521596,US Stocks
2007-08-07,ADC,4.8633223,-1.5021225758003816,US Stocks
2007-08-07,CUZ,-0.27431935,-6.639764184515439,US Stocks
2007-08-09,UDR,2.2238927,-4.402151713933939,US Stocks
2007-08-09,VTR,3.7188358,-2.9072085719966827,US Stocks
2007-08-09,DINO,7.5617743,0.9357298511600556,US Stocks
2007-08-09,UGI,3.0831156,-3.5429288249874054,US Stocks
2007-08-09,ARLP,6.4260483,-0.1999961238765655,US Stocks
2007-08-09,CPT,2.541312,-4.084732423391336,US Stocks
2007-08-09,AIT,14.862497,8.236452927026754,US Stocks
2007-08-10,ESE,7.175727,0.5769903983814268,US Stocks
2007-08-10,FRT,1.7175839,-4.881152597452924,US Stocks
2007-08-10,HOPE,0.5685729,-6.0301636133449525,US Stocks
2007-08-10,LSTR,3.91813,-2.6806065712230653,US Stocks
2007-08-10,VNO,-0.09414327,-6.692879763628766,US Stocks
2007-08-10,WRB,10.925286,4.326549800847247,US Stocks
2007-08-13,BXP,0.37082446,-6.3458735697817,US Stocks
2007-08-13,DHC,0.15143561,-6.565262412364403,US Stocks
2007-08-14,WSFS,3.7347183,-3.089763111655528,US Stocks
2007-08-14,BLK,10.6636,3.8391185335471087,US Stocks
2007-08-14,ADC,5.3319926,-1.4924888082192487,US Stocks
2007-08-15,DINO,7.814481,1.0483647797584261,US Stocks
2007-08-15,TPR,3.103086,-3.6630300070762907,US Stocks
2007-08-16,PAA,2.34673,-4.279314408864969,US Stocks
2007-08-20,POOL,5.024465,-1.590005868087819,US Stocks
2007-08-20,WKC,1.5636175,-5.050853484283498,US Stocks
2007-08-21,DINO,7.3903694,0.8652057376475479,US Stocks
2007-08-21,GPN,3.6536298,-2.8715338978199814,US Stocks
2007-08-23,BXP,0.31924045,-6.12069020054174,US Stocks
2007-08-23,PSA,6.527842,0.08791139342951215,US Stocks
2007-08-23,SPG,4.08291,-2.3570205905182418,US Stocks
2007-08-24,ESS,3.5353804,-2.9744231644594317,US Stocks
2007-08-27,VTR,3.6552668,-3.0233066801467157,US Stocks
2007-08-27,TPR,3.2970552,-3.3815181974807,US Stocks
2007-08-28,BLK,9.903958,3.373147483241527,US Stocks
2007-08-28,DHC,0.072929144,-6.457881693470509,US Stocks
2007-08-28,RL,5.3874693,-1.143341545689137,US Stocks
2007-08-28,VNO,-0.09659076,-6.627401594746144,US Stocks
2007-08-28,WSFS,3.511732,-3.019078735935719,US Stocks
2007-08-30,RL,5.3477283,-1.129504816234749,US Stocks
2007-08-30,WSFS,3.5641594,-2.9130736753350908,US Stocks
2007-09-05,WKC,1.4262218,-5.023751353807218,US Stocks
2007-09-05,SPG,4.0172844,-2.432688808030851,US Stocks
2007-09-05,PSA,6.3886366,-0.061336612291104764,US Stocks
2007-09-05,MAA,4.053432,-2.3965412135789466,US Stocks
2007-09-05,PLD,3.351122,-3.0988512988755774,US Stocks
2007-09-05,CPT,2.5488784,-3.9010947700212073,US Stocks
2007-09-05,CDP,0.800557,-5.649416184015043,US Stocks
2007-09-05,BXP,0.30500042,-6.144972776956327,US Stocks
2007-09-05,KIM,0.30377066,-6.146202539987333,US Stocks
2007-09-06,ESS,3.6071396,-2.94790019030199,US Stocks
2007-09-06,WRB,10.407828,3.8527885532893187,US Stocks
2007-09-07,WSFS,3.576314,-2.993240497980435,US Stocks
2007-09-07,BXMT,-0.7055955,-7.27514996377023,US Stocks
2007-09-07,KIM,0.35543418,-6.214120291147549,US Stocks
2007-09-07,PSA,6.7517443,0.1821897998711277,US Stocks
2007-09-07,SPG,4.1950655,-2.3744889721015285,US Stocks
2007-09-07,VNO,-0.09335399,-6.662908457193692,US Stocks
2007-09-10,ADC,4.9743395,-1.507960557027702,US Stocks
2007-09-11,PAA,2.3937962,-4.069279755892433,US Stocks
2007-09-17,ESS,3.376451,-2.861941225729966,US Stocks
2007-09-17,VNO,-0.126589,-6.364981241427445,US Stocks
2007-09-19,LSTR,4.0642834,-2.18266294726336,US Stocks
2007-09-20,CDP,0.8374251,-5.390016405756885,US Stocks
2007-09-25,MCO,10.948946,4.731953756397237,US Stocks
2007-09-28,MCO,9.761317,3.6430118233542723,US Stocks
2007-10-16,CDP,0.822433,-5.298177931512628,US Stocks
2007-10-19,KIM,0.30896926,-5.987128474792268,US Stocks
2007-10-19,REG,1.1545308,-5.141566970428254,US Stocks
2007-10-19,SLG,-0.14152372,-6.437621452888276,US Stocks
2007-10-22,LEU,-0.93649906,-7.173941864970907,US Stocks
2007-10-24,REG,1.1981997,-5.03543083352942,US Stocks
2007-10-25,GVA,2.5897317,-3.560084704347708,US Stocks
2007-10-26,KIM,0.32646477,-5.7996893368405305,US Stocks
2007-10-30,LEU,-0.93996274,-7.042158516506687,US Stocks
2007-11-01,LEU,-0.9427597,-7.207008766514723,US Stocks
2007-11-02,BXMT,-0.6909075,-7.010831884321767,US Stocks
2007-11-02,SLG,-0.09892452,-6.418848923620779,US Stocks
2007-11-05,KRC,0.21659124,-6.006097372855962,US Stocks
2007-11-06,CDP,1.1261733,-5.299652715103848,US Stocks
2007-11-06,INGR,2.8965075,-3.529318471329434,US Stocks
2007-11-06,MGRC,5.997132,-0.42869414843819875,US Stocks
2007-11-06,REG,1.2391088,-5.186717172043545,US Stocks
2007-11-06,SAM,3.7070155,-2.7188104585578277,US Stocks
2007-11-07,VNO,-0.06378567,-6.527459453559001,US Stocks
2007-11-07,SPG,4.026779,-2.4368946065665087,US Stocks
2007-11-07,BXMT,-0.6825016,-7.146175395464977,US Stocks
2007-11-07,SF,7.546364,1.08269004919521,US Stocks
2007-11-09,AKR,0.543331,-6.100053252550011,US Stocks
2007-11-09,TRN,3.1102905,-3.533093752237206,US Stocks
2007-11-12,SAM,3.6966786,-2.7206255994039967,US Stocks
2007-11-12,TTC,8.485643,2.0683391489785716,US Stocks
2007-11-12,WKC,1.7867372,-4.630567034264226,US Stocks
2007-11-15,TTC,8.794956,2.2611403857775008,US Stocks
2007-11-15,BXMT,-0.6742839,-7.208099743216487,US Stocks
2007-11-15,GBCI,3.1635098,-3.3703059757642473,US Stocks
2007-11-15,MGRC,5.6509604,-0.8828553760938371,US Stocks
2007-11-15,TRN,3.0752635,-3.458552321284267,US Stocks
2007-11-16,SPG,4.1945076,-2.445687289526271,US Stocks
2007-11-16,BXP,0.36460364,-6.275591249754237,US Stocks
2007-11-16,REG,1.2862058,-5.353989119818019,US Stocks
2007-11-19,ESS,4.0502086,-2.5435032659350103,US Stocks
2007-11-19,FRT,1.6108351,-4.98287675912959,US Stocks
2007-11-19,SF,7.703805,1.1100931352795893,US Stocks
2007-11-21,PAA,2.606675,-4.013906831677563,US Stocks
2007-11-21,AKR,0.52483094,-6.0957508038836785,US Stocks
2007-11-21,ASH,3.02284,-3.597741718228466,US Stocks
2007-11-21,SEB,2.015995,-4.604586715634472,US Stocks
2007-11-26,TTC,8.460748,1.756782383119985,US Stocks
2007-11-26,SF,7.673727,0.9697616998314107,US Stocks
2007-11-26,MAC,-0.109161556,-6.81312689145811,US Stocks
2007-11-26,PSA,6.6093955,-0.09456983169324751,US Stocks
2007-11-26,FRT,1.5292656,-5.1746996935249125,US Stocks
2007-11-27,ASH,2.958714,-3.5064821280048237,US Stocks
2007-11-27,THO,1.8444359,-4.620760206084047,US Stocks
2007-11-29,AKR,0.49420655,-5.8941578197394335,US Stocks
2007-11-29,ASH,2.9337902,-3.4545741605673754,US Stocks
2007-11-30,CENT,8.433661,1.9962683420133471,US Stocks
2007-11-30,SF,7.826231,1.3888378839444995,US Stocks
2007-12-03,GBCI,3.1943521,-3.3101179423887075,US Stocks
2007-12-04,THO,1.8321583,-4.5487609575636565,US Stocks
2007-12-04,SPG,3.877974,-2.5029452513106047,US Stocks
2007-12-04,FRT,1.4459558,-4.934963531339902,US Stocks
2007-12-04,BXP,0.30727088,-6.073648400152463,US Stocks
2007-12-04,AKR,0.5102302,-5.870689101064938,US Stocks
2007-12-07,KIM,0.30615032,-5.9160635528268655,US Stocks
2007-12-07,REG,1.1535652,-5.068648701638206,US Stocks
2007-12-07,SEB,1.7778897,-4.4443241414728005,US Stocks
2007-12-11,GVA,2.7259824,-3.627262124333325,US Stocks
2007-12-11,KIM,0.39959073,-5.953653821263257,US Stocks
2007-12-11,REG,1.2941136,-5.059130915913525,US Stocks
2007-12-11,SPG,3.934351,-2.4188935845231443,US Stocks
2007-12-13,SPG,4.140975,-2.3221934764305843,US Stocks
2007-12-14,SEB,1.9119949,-4.659205394996855,US Stocks
2007-12-14,EPR,2.918809,-3.652391392006132,US Stocks
2007-12-14,BXP,0.4136933,-6.157507020248625,US Stocks
2007-12-14,FRT,1.627115,-4.944085317863676,US Stocks
2007-12-17,ASH,3.101203,-3.427961139371031,US Stocks
2007-12-17,MAC,-0.09633398,-6.6254980847140486,US Stocks
2007-12-18,AKR,0.52719283,-6.001971273114317,US Stocks
2007-12-19,TRN,3.0858603,-3.396119017089678,US Stocks
2007-12-20,FRT,1.4764724,-4.8991836926924295,US Stocks
2007-12-21,REG,1.2412004,-5.080091298084776,US Stocks
2007-12-26,SPG,4.3711324,-2.0274993915119275,US Stocks
2007-12-27,PAA,2.5192835,-3.897932569059468,US Stocks
2007-12-27,SAM,3.5384617,-2.8787544169751174,US Stocks
2007-12-27,REG,1.39533,-5.021886149915791,US Stocks
2007-12-27,EPR,2.9519322,-3.4652839103070265,US Stocks
2007-12-27,MAC,-0.09364724,-6.510863343748189,US Stocks
2007-12-28,FRT,1.4945114,-4.977995239468871,US Stocks
2007-12-31,AKR,0.51076114,-6.027745660287567,US Stocks
2008-01-02,PNFP,3.4356337,-3.1065176483405708,US Stocks
2008-01-02,INGR,2.9384356,-3.603715753198969,US Stocks
2008-01-02,TTC,8.772683,2.230531835912359,US Stocks
2008-01-02,ASH,3.198997,-3.343154286981928,US Stocks
2008-01-02,HOPE,1.0811167,-5.461034631372797,US Stocks
2008-01-03,FRT,1.7326858,-4.998941474520116,US Stocks
2008-01-04,BXP,0.40597594,-6.332220637408764,US Stocks
2008-01-07,URI,68.2111,61.34589400496378,US Stocks
2008-01-07,THO,2.062926,-4.802277658320522,US Stocks
2008-01-08,JLL,3.8919263,-2.8914740985179677,US Stocks
2008-01-08,SF,8.60061,1.8172093922352062,US Stocks
2008-01-08,TRN,3.3440504,-3.439349979713036,US Stocks
2008-01-11,JLL,3.7804446,-2.9528192329214686,US Stocks
2008-01-11,TRN,3.431891,-3.301372890453207,US Stocks
2008-01-14,TTC,9.964994,3.0576610773135062,US Stocks
2008-01-15,BXP,0.3556664,-6.620358006799484,US Stocks
2008-01-15,JLL,3.8300133,-3.146011130655075,US Stocks
2008-01-16,LCII,5.206825,-1.981410385845198,US Stocks
2008-01-16,KEX,2.3760138,-4.812221409557356,US Stocks
2008-01-16,GRMN,6.6256733,-0.5625618712883131,US Stocks
2008-01-16,AIT,19.986977,12.79874145817946,US Stocks
2008-01-17,AB,1.6905191,-5.5826587450166745,US Stocks
2008-01-17,BFH,1.332614,-5.940563894476513,US Stocks
2008-01-17,BXP,0.4099375,-6.863240338530163,US Stocks
2008-01-17,EPR,3.100308,-4.17286989804707,US Stocks
2008-01-17,INGR,3.4622717,-3.810906149115185,US Stocks
2008-01-17,URI,66.8286,59.5554201829771,US Stocks
2008-01-18,ODFL,57.227783,49.86979575876153,US Stocks
2008-01-18,PVH,1.1539311,-6.20405630346381,US Stocks
2008-01-18,ATR,3.5902796,-3.7677078652008706,US Stocks
2008-01-18,BXMT,-0.6681675,-8.02615491624915,US Stocks
2008-01-22,ASH,3.3626075,-3.7993198881457193,US Stocks
2008-01-22,BFH,1.2152855,-5.946641827614103,US Stocks
2008-01-22,CW,12.363812,5.20188507935306,US Stocks
2008-01-22,GVA,3.2813506,-3.8805767546007974,US Stocks
2008-01-22,KEX,2.2855773,-4.876350070030485,US Stocks
2008-01-22,ROL,11.312405,4.150477265327181,US Stocks
2008-01-22,SLB,-0.07680625,-7.238733614475523,US Stocks
2008-01-22,TPR,5.1033206,-2.0586067686388834,US Stocks
2008-01-23,WKC,2.5835214,-4.510086047331177,US Stocks
2008-01-23,VLO,14.424902,7.331294548829712,US Stocks
2008-01-23,EQT,1.3357079,-5.757899510542236,US Stocks
2008-01-23,AMG,2.7184057,-4.375201689878784,US Stocks
2008-01-23,GPN,3.6664352,-3.4271721717513426,US Stocks
2008-01-24,DINO,9.657544,2.4453074371211407,US Stocks
2008-01-24,PCAR,5.2290726,-1.9831641281254413,US Stocks
2008-01-24,SPG,4.4728603,-2.7393763626225116,US Stocks
2008-01-25,PNFP,3.4744925,-3.6041526149542378,US Stocks
2008-01-25,SLB,-0.0638724,-7.142517561796431,US Stocks
2008-01-25,RL,6.9801755,-0.09846966970277293,US Stocks
2008-01-25,PVH,1.0907757,-5.98786943662477,US Stocks
2008-01-25,MGRC,6.7739935,-0.30465167272401317,US Stocks
2008-01-25,VNO,0.0107034445,-7.067941720369582,US Stocks
2008-01-25,GVA,3.241315,-3.8373302768499897,US Stocks
2008-01-25,GPN,3.7294636,-3.34918158757997,US Stocks
2008-01-25,ASH,3.4713707,-3.6072744678289936,US Stocks
2008-01-25,AMG,3.0059528,-4.07269232976747,US Stocks
2008-01-25,LCII,4.5744605,-2.504184658411269,US Stocks
2008-01-28,BFH,2.3595078,-4.679308997413342,US Stocks
2008-01-28,CW,12.710302,5.671485556343372,US Stocks
2008-01-29,PCAR,5.359807,-1.7385977359836744,US Stocks
2008-01-29,PPC,0.8545102,-6.243894562346284,US Stocks
2008-01-29,SPG,4.456476,-2.641928538901155,US Stocks
2008-01-30,VLO,13.450729,6.49735063316958,US Stocks
2008-01-30,SLB,-0.016320765,-6.969699501966071,US Stocks
2008-01-30,PVH,0.93132377,-6.022054970239234,US Stocks
2008-01-30,ALV,3.6547432,-3.2986355423675295,US Stocks
2008-01-30,FCFS,23.07023,16.116851747061183,US Stocks
2008-02-01,SEB,2.126072,-4.801339544407086,US Stocks
2008-02-04,SLG,0.089018226,-7.056482991104607,US Stocks
2008-02-04,TPR,4.968374,-2.1771274412922903,US Stocks
2008-02-04,TTC,9.368627,2.223125377768989,US Stocks
2008-02-04,VLO,13.915415,6.769913593406196,US Stocks
2008-02-05,SLB,-0.00922513,-7.2208434580022285,US Stocks
2008-02-05,ROK,10.728274,3.5166560174768975,US Stocks
2008-02-05,RL,6.5773125,-0.6343058584386299,US Stocks
2008-02-05,PNFP,3.6389956,-3.572622680490632,US Stocks
2008-02-05,KIM,0.5461724,-6.665445947473664,US Stocks
2008-02-05,MAC,-0.03416294,-7.24578126651587,US Stocks
2008-02-05,FRT,1.8277092,-5.383909129923005,US Stocks
2008-02-05,ATR,3.5533013,-3.658316993539948,US Stocks
2008-02-05,AMG,3.070231,-4.1413873670751045,US Stocks
2008-02-05,AKR,0.6057694,-6.605848932092805,US Stocks
2008-02-05,GRMN,6.7146664,-0.4969519613439033,US Stocks
2008-02-06,ASH,3.338183,-3.8194810985905576,US Stocks
2008-02-06,SF,8.413817,1.2561533809321475,US Stocks
2008-02-06,SPG,4.412233,-2.7454311489445615,US Stocks
2008-02-07,PRU,2.1436136,-5.066770938466165,US Stocks
2008-02-08,SF,8.429292,1.260651124662763,US Stocks
2008-02-11,EPR,2.9648223,-4.1287851211226805,US Stocks
2008-02-11,PNFP,3.6150436,-3.4785637733138426,US Stocks
2008-02-11,VNO,0.053780556,-7.039826857725464,US Stocks
2008-02-13,MGRC,7.8490477,0.7662187996100851,US Stocks
2008-02-14,AB,1.4634686,-5.621152813712758,US Stocks
2008-02-14,AMG,2.938933,-4.1456884696881,US Stocks
2008-02-14,BXP,0.38633704,-6.698284323493642,US Stocks
2008-02-14,CW,12.469996,5.385375086983043,US Stocks
2008-02-14,PNFP,3.5795722,-3.5050491645733537,US Stocks
2008-02-14,TPR,4.735863,-2.3487581565777482,US Stocks
2008-02-15,LCII,4.660152,-2.401801002517802,US Stocks
2008-02-15,PVH,1.1934536,-5.868499410644633,US Stocks
2008-02-19,BLK,7.811207,0.7729793769955009,US Stocks
2008-02-19,BXP,0.38442016,-6.65380728415257,US Stocks
2008-02-19,PNFP,3.5678706,-3.4703568237186104,US Stocks
2008-02-20,GRMN,6.7995386,-0.3060783050016038,US Stocks
2008-02-21,PNFP,3.6031575,-3.4528514184344736,US Stocks
2008-02-21,LCII,4.542711,-2.513298157631251,US Stocks
2008-02-21,PLD,3.7477474,-3.3082615174640146,US Stocks
2008-02-21,BXP,0.36382568,-6.692183259903285,US Stocks
2008-02-21,CW,12.373114,5.317104693473485,US Stocks
2008-02-21,BLK,8.060945,1.0049356184612783,US Stocks
2008-02-22,MGRC,8.084056,1.128360658105768,US Stocks
2008-02-25,CHE,10.050658,3.154184517359999,US Stocks
2008-02-27,ELV,5.980959,-1.0014768767728217,US Stocks
2008-02-27,FRT,1.8378913,-5.144544475115717,US Stocks
2008-02-27,KRC,0.5152248,-6.4672110009564765,US Stocks
2008-02-27,WKC,2.4616146,-4.520821206606806,US Stocks
2008-02-28,VNO,0.10069382,-7.0636757666955585,US Stocks
2008-02-28,VLO,13.743314,6.578944200765074,US Stocks
2008-02-28,PVH,1.226496,-5.937873607386171,US Stocks
2008-02-28,CW,12.703785,5.539415354024351,US Stocks
2008-02-28,PCAR,5.6792583,-1.4851112420449848,US Stocks
2008-02-28,CHE,10.655193,3.49082374025482,US Stocks
2008-02-28,PRU,2.0962236,-5.068145995844423,US Stocks
2008-02-29,ROK,10.715473,3.5315341388701,US Stocks
2008-02-29,TTC,9.275479,2.0915402805326977,US Stocks
2008-02-29,TPR,4.791807,-2.392131861496111,US Stocks
2008-02-29,SPG,4.5221343,-2.6618047321320972,US Stocks
2008-02-29,PPC,0.8962643,-6.287674721527239,US Stocks
2008-02-29,SLG,0.100243926,-7.083695110130449,US Stocks
2008-02-29,IPAR,13.299897,6.115958157729963,US Stocks
2008-02-29,ARE,-0.056546807,-7.240485843467852,US Stocks
2008-02-29,AMG,3.1939664,-3.9899726474763355,US Stocks
2008-02-29,AB,1.5152812,-5.6686578357697925,US Stocks
2008-02-29,PNFP,3.756259,-3.427680071640154,US Stocks
2008-03-03,SYNA,5.9557624,-1.259560268554095,US Stocks
2008-03-04,ARE,-0.05199933,-7.215759700580399,US Stocks
2008-03-04,PPC,0.8422643,-6.321496075435441,US Stocks
2008-03-04,TTC,9.571165,2.407404714779098,US Stocks
2008-03-05,ALV,3.7392888,-3.5970143238009733,US Stocks
2008-03-06,WKC,2.4219568,-5.001108886853343,US Stocks
2008-03-06,SPG,4.5746536,-2.8484120389376937,US Stocks
2008-03-06,ROL,11.356042,3.9329762438381852,US Stocks
2008-03-06,DINO,9.482093,2.059027192934865,US Stocks
2008-03-06,BLK,8.124744,0.7016787508572282,US Stocks
2008-03-06,BXMT,-0.653818,-8.07688367570985,US Stocks
2008-03-07,PPC,0.990993,-6.544602794887609,US Stocks
2008-03-10,ATR,3.324089,-3.9153971029085852,US Stocks
2008-03-10,BXMT,-0.67096835,-7.9104545069498755,US Stocks
2008-03-10,DECK,13.983049,6.743563239498641,US Stocks
2008-03-10,IEP,-0.42046827,-7.65995442398021,US Stocks
2008-03-10,SF,8.442594,1.2031074213223718,US Stocks
2008-03-12,HUM,8.833804,1.534861913217858,US Stocks
2008-03-12,KIM,0.5510583,-6.747883924947425,US Stocks
2008-03-12,FRT,1.823812,-5.4751302094322885,US Stocks
2008-03-12,VNO,0.08922303,-7.209719190107032,US Stocks
2008-03-12,BLK,7.9823456,0.6834033637183463,US Stocks
2008-03-12,AIT,16.021671,8.722729077829674,US Stocks
2008-03-12,DINO,9.867428,2.568485608591393,US Stocks
2008-03-13,PPC,1.0005891,-6.428977562227805,US Stocks
2008-03-14,AKR,0.649446,-6.866186516636885,US Stocks
2008-03-14,ATR,3.5093699,-4.006262677067793,US Stocks
2008-03-14,BXMT,-0.6310242,-8.146656709069289,US Stocks
2008-03-14,CDP,1.3665302,-6.149102347249068,US Stocks
2008-03-14,VNO,0.1680721,-7.347560422772444,US Stocks
2008-03-17,IEP,-0.40712285,-7.583098031427397,US Stocks
2008-03-17,RL,7.1305885,-0.0453866495151658,US Stocks
2008-03-19,MAC,-0.09525567,-7.3264318219255475,US Stocks
2008-03-19,KRC,0.47616148,-6.755014669043925,US Stocks
2008-03-19,ARE,-0.044778705,-7.275954853637126,US Stocks
2008-03-20,PVH,1.1740673,-5.895808081834096,US Stocks
2008-03-25,GRMN,7.033946,-0.12801472135148906,US Stocks
2008-03-26,ELV,10.308065,3.1202829283370495,US Stocks
2008-03-27,MSA,5.468027,-1.7988220909039168,US Stocks
2008-03-28,MGM,-0.46080709,-7.698840261035418,US Stocks
2008-03-31,CAMT,122.85214,115.89391573891734,US Stocks
2008-03-31,PAA,2.7530754,-4.205151233815203,US Stocks
2008-04-02,HUM,8.953291,2.0200353111098615,US Stocks
2008-04-04,MSA,5.2888308,-1.6490605748463443,US Stocks
2008-04-07,DINO,9.488513,2.5424983016688447,US Stocks
2008-04-07,ELV,9.890415,2.9444005004603486,US Stocks
2008-04-07,MGM,-0.45175833,-7.397773016289987,US Stocks
2008-04-08,IEP,-0.3938964,-7.39782334714255,US Stocks
2008-04-09,AB,1.5231578,-5.469591858727234,US Stocks
2008-04-09,CNC,17.681753,10.689003464835388,US Stocks
2008-04-09,MSA,5.416017,-1.576732638222473,US Stocks
2008-04-09,SLG,0.13432789,-6.858421805245178,US Stocks
2008-04-09,UNH,12.23832,5.245570656913025,US Stocks
2008-04-11,DINO,10.003845,2.825304353996021,US Stocks
2008-04-11,PAA,2.7790883,-4.399452602104443,US Stocks
2008-04-11,SLG,0.19504964,-6.9834912173311885,US Stocks
2008-04-14,UNH,12.01081,4.851299081220581,US Stocks
2008-04-15,CNC,17.930473,10.986201375910458,US Stocks
2008-04-15,PVH,1.2822204,-5.662051588109318,US Stocks
2008-04-18,VLO,14.92002,8.073224520174058,US Stocks
2008-04-18,BIO,3.3422494,-3.504546189817397,US Stocks
2008-04-21,DINO,10.336537,3.4550429028560554,US Stocks
2008-04-21,LNG,30.628508,23.74701315584678,US Stocks
2008-04-21,WKC,2.792355,-4.0891393977115715,US Stocks
2008-04-22,BIO,3.4649334,-3.429150979477514,US Stocks
2008-04-22,PVH,1.3448272,-5.5492571997228755,US Stocks
2008-04-23,AB,1.5479343,-5.311907555030263,US Stocks
2008-04-23,LCII,4.662504,-2.1973376526102193,US Stocks
2008-04-23,VLO,15.576899,8.71705672605189,US Stocks
2008-04-29,AIT,18.353691,11.490437948288609,US Stocks
2008-04-29,VLO,16.435438,9.57218500334232,US Stocks
2008-05-01,LNG,32.098766,25.416105377247504,US Stocks
2008-05-02,LCII,4.7753243,-1.9444357453248058,US Stocks
2008-05-06,MGM,-0.35514104,-7.1473855645147895,US Stocks
2008-05-06,LCII,4.9806786,-1.8115659625021552,US Stocks
2008-05-21,LCII,4.985933,-1.8068697078814218,US Stocks
2008-05-22,TTC,11.725505,4.826829862115978,US Stocks
2008-05-29,LCII,5.198354,-1.547805937361395,US Stocks
2008-05-29,THO,2.6722136,-4.07394615037409,US Stocks
2008-06-04,IEP,-0.41399467,-7.13649276751012,US Stocks
2008-06-06,IEP,-0.39566875,-7.353313384693804,US Stocks
2008-06-06,THO,2.7586522,-4.198992429417315,US Stocks
2008-06-09,LII,13.377079,6.379626316312738,US Stocks
2008-06-11,PPC,1.4553843,-5.630695592067703,US Stocks
2008-06-11,RBA,3.6760793,-3.410000573299392,US Stocks
2008-06-11,CHE,14.947777,7.861696947910325,US Stocks
2008-06-11,LII,13.572188,6.486108530857102,US Stocks
2008-06-16,THO,2.7399943,-4.279282128124867,US Stocks
2008-06-18,PPC,1.9092531,-5.17863031617237,US Stocks
2008-06-18,THO,2.978074,-4.1098093628032295,US Stocks
2008-06-20,RBA,3.7004342,-3.5290283027398672,US Stocks
2008-06-24,THO,3.332419,-3.87456691038801,US Stocks
2008-06-27,PLPC,11.771186,4.3185911285651635,US Stocks
2008-06-27,SLG,0.19034266,-7.262252081655173,US Stocks
2008-06-30,MAC,0.0061320066,-7.420121509909208,US Stocks
2008-06-30,MGM,-0.028560042,-7.454813558935697,US Stocks
2008-07-01,LCII,7.761403,0.18823385643352886,US Stocks
2008-07-02,CW,12.544301,4.979953698867909,US Stocks
2008-07-03,BWA,3.4524512,-4.200267928063662,US Stocks
2008-07-03,BLK,9.162777,1.5100577898623637,US Stocks
2008-07-07,BXMT,-0.5596911,-8.061442061520928,US Stocks
2008-07-07,KIM,0.52262187,-6.97912911996972,US Stocks
2008-07-08,FRT,2.115324,-5.553344346038797,US Stocks
2008-07-08,MAC,0.110479474,-7.558188892356851,US Stocks
2008-07-08,PENN,1.3441145,-6.324553824417093,US Stocks
2008-07-08,PRU,2.7461684,-4.92249999140928,US Stocks
2008-07-08,VTR,2.956393,-4.712275362960794,US Stocks
2008-07-09,KRC,0.56380534,-7.069577346757383,US Stocks
2008-07-09,VLO,24.122961,16.489578355833558,US Stocks
2008-07-09,SPG,4.3199706,-3.3134120807203953,US Stocks
2008-07-09,SLG,0.19729042,-7.436092267945737,US Stocks
2008-07-09,PSA,6.0884485,-1.544934164002866,US Stocks
2008-07-09,KEX,2.0244386,-5.608944068864316,US Stocks
2008-07-09,DOC,0.74112844,-6.892254243806333,US Stocks
2008-07-09,DINO,16.116175,8.482792009398013,US Stocks
2008-07-09,BXP,0.2894206,-7.343962083772153,US Stocks
2008-07-10,PNFP,4.2472425,-3.4879211296024906,US Stocks
2008-07-11,JLL,4.728221,-3.086666302145604,US Stocks
2008-07-11,RBA,3.7499127,-4.064974502981785,US Stocks
2008-07-14,ARE,-0.09761244,-8.038540796648299,US Stocks
2008-07-14,PSA,6.209532,-1.7313965720045914,US Stocks
2008-07-15,TPC,2.5101626,-5.216546246525484,US Stocks
2008-07-15,PVH,1.3148375,-6.411871382710176,US Stocks
2008-07-15,TPR,5.5402308,-2.18647808742209,US Stocks
2008-07-15,MTN,4.962727,-2.7639817686049515,US Stocks
2008-07-15,IEP,-0.16416866,-7.890877494332033,US Stocks
2008-07-15,CW,11.966319,4.239610245707793,US Stocks
2008-07-15,CRS,12.132338,4.405628731730742,US Stocks
2008-07-15,AMG,3.8451538,-3.881555029865938,US Stocks
2008-07-16,CHH,5.9189925,-1.7212875368241551,US Stocks
2008-07-16,EQT,1.0244632,-6.615816879475522,US Stocks
2008-07-16,TXT,0.788996,-6.851284074986387,US Stocks
2008-07-17,MAC,0.10439956,-7.482381199937402,US Stocks
2008-07-18,CRS,11.800511,4.218497703308266,US Stocks
2008-07-18,PAG,21.66341,14.081396529907387,US Stocks
2008-07-22,CRS,12.632424,5.192362721782507,US Stocks
2008-07-22,MAC,0.044796824,-7.395264808315455,US Stocks
2008-07-22,ALV,4.783943,-2.6561184565011846,US Stocks
2008-07-24,TPC,2.2478647,-5.373132897504567,US Stocks
2008-07-24,BWA,3.1240358,-4.49696178544402,US Stocks
2008-07-24,CHH,5.9055433,-1.7154542933785901,US Stocks
2008-07-24,FRT,1.8646812,-5.756316376813649,US Stocks
2008-07-24,JLL,4.613718,-3.007279587873219,US Stocks
2008-07-24,KIM,0.52349997,-7.0974976550424085,US Stocks
2008-07-24,LCII,6.573087,-1.047910405286549,US Stocks
2008-07-24,MTN,4.361658,-3.2593395243966565,US Stocks
2008-07-24,SLG,0.18632734,-7.434670282491444,US Stocks
2008-07-24,SPG,4.1302896,-3.490708066114186,US Stocks
2008-07-25,PPC,2.6598744,-5.089422610005446,US Stocks
2008-07-25,TPR,5.753448,-1.9958490397539812,US Stocks
2008-07-25,OSK,7.726055,-0.023241903981276124,US Stocks
2008-07-28,GME,2.5539968,-5.01238535272384,US Stocks
2008-07-28,J,1.280822,-6.28556011544967,US Stocks
2008-07-28,JEF,0.61471426,-6.951667889230492,US Stocks
2008-07-28,MSA,7.056654,-0.5097281776597526,US Stocks
2008-07-28,SPG,3.9294944,-3.6368877731492546,US Stocks
2008-07-28,TPC,2.1860116,-5.380370601289513,US Stocks
2008-07-29,SM,-0.038251758,-7.454673941673809,US Stocks
2008-07-30,AKR,0.6809237,-6.848312583469296,US Stocks
2008-07-30,GME,2.64085,-4.888386216663266,US Stocks
2008-07-31,SM,-0.0005491376,-7.575080249819386,US Stocks
2008-07-31,TXT,0.79688895,-6.777642164740193,US Stocks
2008-08-01,SLG,0.23591208,-7.418884107139759,US Stocks
2008-08-01,J,1.4726517,-6.182144471672229,US Stocks
2008-08-01,OII,0.7697171,-6.885079094436817,US Stocks
2008-08-04,KEX,1.9791801,-5.4483890238047366,US Stocks
2008-08-04,NUE,6.7566442,-0.6709248724222903,US Stocks
2008-08-04,OVV,-0.45824498,-7.885814100766254,US Stocks
2008-08-04,TPC,2.184867,-5.24270221617229,US Stocks
2008-08-05,BG,0.7735448,-6.616767706614359,US Stocks
2008-08-05,AEM,3.768621,-3.621691527109965,US Stocks
2008-08-06,MGM,-0.027964115,-7.545111414356034,US Stocks
2008-08-07,KEX,1.9902046,-5.371569610942682,US Stocks
2008-08-07,SLG,0.15583014,-7.205944038738092,US Stocks
2008-08-07,GEO,4.72629,-2.6354839576376285,US Stocks
2008-08-07,ADM,4.032089,-3.329684950221857,US Stocks
2008-08-07,BVN,0.6942209,-6.667553283084711,US Stocks
2008-08-07,BWA,2.9267983,-4.434975839961847,US Stocks
2008-08-08,AEM,4.2576575,-3.0183950882008936,US Stocks
2008-08-08,NUE,6.9894643,-0.28658833313497567,US Stocks
2008-08-08,OVV,-0.43894356,-7.714996181016293,US Stocks
2008-08-11,VEON,-0.7403835,-8.103450485638037,US Stocks
2008-08-12,LNG,64.018074,56.60427221804908,US Stocks
2008-08-12,MAC,0.026445985,-7.3873558327550555,US Stocks
2008-08-12,MGM,-0.011283159,-7.42508497685143,US Stocks
2008-08-14,NUE,7.025916,-0.2844699325509499,US Stocks
2008-08-14,SM,0.031760335,-7.278625697130723,US Stocks
2008-08-14,JEF,0.6183988,-6.691987246508164,US Stocks
2008-08-15,AEM,3.6661186,-3.759481083770904,US Stocks
2008-08-15,AKR,0.65251935,-6.773080360313568,US Stocks
2008-08-15,BG,0.8450599,-6.580539833923492,US Stocks
2008-08-15,J,1.4217312,-6.003868472000274,US Stocks
2008-08-18,JEF,0.6837028,-6.834788615681349,US Stocks
2008-08-18,MAC,0.0669533,-7.4515381407515395,US Stocks
2008-08-18,PLD,3.9986792,-3.5198122811095107,US Stocks
2008-08-19,CRS,12.505565,5.026470572910757,US Stocks
2008-08-19,BWA,3.2817125,-4.197381584682017,US Stocks
2008-08-20,KEX,2.035801,-5.428695890496989,US Stocks
2008-08-21,VTR,2.5350485,-4.808665692127464,US Stocks
2008-08-21,LNG,76.02667,68.68295818635154,US Stocks
2008-08-21,BXMT,-0.35529858,-7.6990127556688766,US Stocks
2008-08-22,BVN,0.6651683,-6.851308883538048,US Stocks
2008-08-22,J,1.4563415,-6.060135663857261,US Stocks
2008-08-22,NUE,7.0884953,-0.42798191439131905,US Stocks
2008-08-22,OII,0.6852882,-6.831188978066246,US Stocks
2008-08-25,VTR,2.5879188,-4.903820497557739,US Stocks
2008-08-25,LCII,7.5739365,0.08219720645227113,US Stocks
2008-08-25,KEX,2.0277717,-5.463967544600585,US Stocks
2008-08-25,SEB,2.1819873,-5.309751970336059,US Stocks
2008-08-25,CRS,13.243538,5.751798646881959,US Stocks
2008-08-25,BWA,3.230587,-4.261152250334838,US Stocks
2008-08-25,JEF,0.6288036,-6.862935645148376,US Stocks
2008-08-27,ETN,17.488811,10.17970609363646,US Stocks
2008-08-27,PLD,3.974852,-3.3342533141699366,US Stocks
2008-09-02,BVN,0.79737544,-6.6618264980792095,US Stocks
2008-09-02,CRS,14.026367,6.567165248823256,US Stocks
2008-09-02,ETN,18.062634,10.603431575727553,US Stocks
2008-09-02,KEX,2.1177938,-5.341408140230088,US Stocks
2008-09-02,MGM,-0.081496716,-7.540698654222398,US Stocks
2008-09-02,NUE,7.2839155,-0.17528641896238817,US Stocks
2008-09-02,OII,0.7878206,-6.671381361055284,US Stocks
2008-09-02,SM,0.0717988,-7.3874031372546245,US Stocks
2008-09-03,OVV,-0.44638187,-8.168167011913742,US Stocks
2008-09-03,NOV,-0.56133807,-8.283123212036575,US Stocks
2008-09-03,BWA,3.304471,-4.41731412905165,US Stocks
2008-09-04,IOSP,7.622961,-0.07148318887811733,US Stocks
2008-09-04,JEF,0.5644996,-7.129944616566716,US Stocks
2008-09-04,MAA,3.8394175,-3.8550267756090744,US Stocks
2008-09-04,MSA,6.3947887,-1.299655491124211,US Stocks
2008-09-04,RBA,3.7378907,-3.956553512822209,US Stocks
2008-09-04,STLD,15.192308,7.4978641927136795,US Stocks
2008-09-04,TPC,2.3855171,-5.308927112828313,US Stocks
2008-09-04,TXT,0.969808,-6.724636250744878,US Stocks
2008-09-05,SCCO,19.203447,11.684955899737657,US Stocks
2008-09-08,STLD,17.926748,10.14762959354877,US Stocks
2008-09-08,CNX,-0.0927341,-7.871852780642515,US Stocks
2008-09-08,AEM,4.374934,-3.4041844857358985,US Stocks
2008-09-09,APA,-0.39304155,-8.136677774441313,US Stocks
2008-09-09,COP,3.557807,-4.18582925463922,US Stocks
2008-09-09,DVN,-0.14675665,-7.890392872345519,US Stocks
2008-09-09,EOG,3.8776608,-3.8659754719854114,US Stocks
2008-09-09,FLR,0.008168578,-7.735467645180297,US Stocks
2008-09-09,HP,0.6299629,-7.113673302185607,US Stocks
2008-09-09,INGR,2.9117064,-4.831929775726866,US Stocks
2008-09-09,MUR,0.2017572,-7.5418790307164905,US Stocks
2008-09-09,TPC,2.8103437,-4.933292480957579,US Stocks
2008-09-10,MSA,6.1784325,-1.4405028501397599,US Stocks
2008-09-10,JEF,0.6714051,-6.947530237758778,US Stocks
2008-09-11,MAA,3.8324785,-3.7468099356944826,US Stocks
2008-09-12,ADM,4.8268733,-3.181060000743077,US Stocks
2008-09-15,SPG,3.756032,-4.103616862364781,US Stocks
2008-09-15,SLG,0.38839746,-7.4712513972005965,US Stocks
2008-09-15,SCCO,18.747862,10.888213009766567,US Stocks
2008-09-15,PLD,3.7920976,-4.067551283904088,US Stocks
2008-09-15,NOV,-0.49760026,-8.357249109812749,US Stocks
2008-09-15,MUR,0.26264846,-7.597000389166844,US Stocks
2008-09-15,LNG,93.17132,85.31166920178316,US Stocks
2008-09-15,MSA,6.1058645,-1.753784327574742,US Stocks
2008-09-15,ETN,18.943682,11.084032864502895,US Stocks
2008-09-15,ESS,3.268941,-4.590707926817906,US Stocks
2008-09-15,DINO,15.366314,7.506665081910121,US Stocks
2008-09-15,CNX,-0.17178416,-8.031433014937413,US Stocks
2008-09-15,BXP,0.2572397,-7.602409153052342,US Stocks
2008-09-15,BWA,3.4932528,-4.366396098204625,US Stocks
2008-09-15,KEX,2.2887237,-5.570925145216954,US Stocks
2008-09-16,SEB,2.4118338,-5.864927220880594,US Stocks
2008-09-16,BG,1.3119392,-6.964821744501199,US Stocks
2008-09-16,OSK,12.536571,4.259809565008078,US Stocks
2008-09-17,NAT,0.12134135,-7.88809229212435,US Stocks
2008-09-17,STLD,15.880367,7.8709336392339875,US Stocks
2008-09-17,OII,0.62986565,-7.379567993456442,US Stocks
2008-09-17,FLR,0.030044079,-7.979389560991843,US Stocks
2008-09-17,MTN,4.25337,-3.7560638316217254,US Stocks
2008-09-17,CRS,18.15042,10.140985595410745,US Stocks
2008-09-17,BXP,0.22042942,-7.7890042193475555,US Stocks
2008-09-17,BLK,7.000369,-1.0090645678582977,US Stocks
2008-09-17,ARLP,5.841228,-2.1682056315484832,US Stocks
2008-09-17,ETR,3.9230928,-4.086340797716696,US Stocks
2008-09-18,TXT,1.1383595,-6.526942323101297,US Stocks
2008-09-18,SLB,-0.1878491,-7.853150974167123,US Stocks
2008-09-18,IEP,0.04557836,-7.619723509205118,US Stocks
2008-09-18,OKE,12.944328,5.279026438342795,US Stocks
2008-09-18,EPAC,0.28169334,-7.3836085304148344,US Stocks
2008-09-18,CENX,-0.0937112,-7.759013067138925,US Stocks
2008-09-18,BKR,0.7064502,-6.958851645839944,US Stocks
2008-09-18,GME,2.9122238,-4.753078053844705,US Stocks
2008-09-19,LHX,6.8136797,-1.0523428670867059,US Stocks
2008-09-19,OSK,13.566391,5.700368428994837,US Stocks
2008-09-19,PPL,1.2374783,-6.6285443059905145,US Stocks
2008-09-19,ROK,15.6562,7.7901778467194465,US Stocks
2008-09-22,LSTR,3.658135,-4.414300532779622,US Stocks
2008-09-22,OKE,13.401587,5.329151062526774,US Stocks
2008-09-22,NUE,7.9115953,-0.160840125522542,US Stocks
2008-09-22,MAA,3.7193747,-4.353060813388753,US Stocks
2008-09-22,JEF,0.744575,-7.327860446414876,US Stocks
2008-09-22,STLD,16.04129,7.968854813137126,US Stocks
2008-09-22,EXPD,5.726975,-2.3454605059241533,US Stocks
2008-09-22,ETR,3.7882414,-4.284194083652425,US Stocks
2008-09-22,BXP,0.33013177,-7.742303700885701,US Stocks
2008-09-22,BLK,7.9852324,-0.08720311685554982,US Stocks
2008-09-22,IOSP,9.058981,0.9865454717064619,US Stocks
2008-09-23,APD,5.4451313,-2.598315920031748,US Stocks
2008-09-23,CNX,-0.17864412,-8.222091342604838,US Stocks
2008-09-23,FLR,0.08257282,-7.960874404109202,US Stocks
2008-09-23,PCAR,6.151059,-1.89238807121583,US Stocks
2008-09-24,OVV,-0.48859465,-8.392787164078303,US Stocks
2008-09-25,MTN,4.806883,-3.092886598695392,US Stocks
2008-09-25,TPR,5.8547897,-2.0449797230850404,US Stocks
2008-09-26,VLO,27.195143,18.538675101844905,US Stocks
2008-09-26,SRE,4.526446,-4.130021778495671,US Stocks
2008-09-26,SCCO,21.923132,13.26666429862225,US Stocks
2008-09-26,SPXC,9.973149,1.3166816554948078,US Stocks
2008-09-26,OVV,-0.41393697,-9.070404616744877,US Stocks
2008-09-26,ETR,4.069935,-4.586532799156071,US Stocks
2008-09-26,PTEN,-0.13673961,-8.793207255752446,US Stocks
2008-09-29,JEF,0.5610565,-7.711616826464393,US Stocks
2008-09-29,MCRI,10.469122,2.1964486118061757,US Stocks
2008-09-29,MTRN,16.393188,8.120515155385277,US Stocks
2008-09-29,MUR,0.26658607,-8.006087255884864,US Stocks
2008-09-29,TPR,6.1148534,-2.157819939066627,US Stocks
2008-09-29,NEE,9.4008255,1.1281521793110585,US Stocks
2008-09-29,ODFL,43.893326,35.62065248448684,US Stocks
2008-09-29,RS,13.561222,5.288548755238793,US Stocks
2008-09-29,SLB,-0.056598127,-8.329271448065498,US Stocks
2008-09-29,SPG,3.7472057,-4.525467586924293,US Stocks
2008-09-29,TPC,2.4380267,-5.834646654535987,US Stocks
2008-09-29,HP,0.73751986,-7.535153460909584,US Stocks
2008-09-29,OII,0.8682929,-7.404380393435218,US Stocks
2008-09-29,GILD,8.323959,0.05128602940871474,US Stocks
2008-09-29,BXP,0.25460756,-8.018065762926796,US Stocks
2008-09-29,EOG,3.7882423,-4.484430981089332,US Stocks
2008-09-29,AAPL,98.263756,89.99108247716262,US Stocks
2008-09-29,ANDE,2.9037402,-5.368933153559425,US Stocks
2008-09-29,APA,-0.38675523,-8.659428549219825,US Stocks
2008-09-29,ATR,3.035243,-5.23743028681443,US Stocks
2008-09-29,BAP,11.088667,2.815993594716332,US Stocks
2008-09-29,AIT,16.179308,7.9066346164448476,US Stocks
2008-09-29,CMC,4.8505077,-3.422165584971168,US Stocks
2008-09-29,DINO,15.967716,7.695042895863793,US Stocks
2008-09-29,DVN,-0.14384395,-8.416517270018318,US Stocks
2008-09-29,EME,31.330505,23.057832049916527,US Stocks
2008-09-29,BLK,7.5486746,-0.7239987377421642,US Stocks
2008-09-29,GD,5.745457,-2.527216148783424,US Stocks
2008-09-30,DHR,14.52109,6.2540105282513565,US Stocks
2008-09-30,RDNT,16.290363,8.023284286185927,US Stocks
2008-10-01,GRMN,14.699194,6.083300946180211,US Stocks
2008-10-01,ODFL,51.923347,43.30745446485697,US Stocks
2008-10-01,MTRN,19.638435,11.022542355481969,US Stocks
2008-10-01,MAA,4.2264442,-4.389448763902797,US Stocks
2008-10-01,JEF,0.8253839,-7.790509106691493,US Stocks
2008-10-01,HXL,7.1553164,-1.4605766554433242,US Stocks
2008-10-01,HP,1.0298474,-7.586045624788417,US Stocks
2008-10-01,GEO,4.9113927,-3.7045003195363417,US Stocks
2008-10-01,CW,12.647296,4.031402943555699,US Stocks
2008-10-01,CAT,23.641962,15.02606904310404,US Stocks
2008-10-01,BXP,0.45051897,-8.165374042566432,US Stocks
2008-10-01,BAP,12.069116,3.4532226304453477,US Stocks
2008-10-01,APA,-0.299264,-8.915157022054805,US Stocks
2008-10-01,DE,22.068714,13.45282113355814,US Stocks
2008-10-02,IEX,9.400916,0.653430754939361,US Stocks
2008-10-02,INVX,-0.24742556,-8.99491090079184,US Stocks
2008-10-02,JBHT,8.467171,-0.2803146292769476,US Stocks
2008-10-02,L,2.245903,-6.50158232947226,US Stocks
2008-10-02,MSM,5.125586,-3.6218993117415472,US Stocks
2008-10-02,PPL,1.2973101,-7.4501752307021185,US Stocks
2008-10-02,TPC,3.0579724,-5.6895129134261175,US Stocks
2008-10-02,SPG,4.483197,-4.264288132389741,US Stocks
2008-10-02,TPR,7.2670984,-1.4803869177901312,US Stocks
2008-10-02,TRN,4.1152415,-4.632243817051606,US Stocks
2008-10-02,VNO,0.12416613,-8.623319213589387,US Stocks
2008-10-02,HLIO,4.754532,-3.9929534842574164,US Stocks
2008-10-02,RRC,0.29211318,-8.455372159680085,US Stocks
2008-10-02,HAL,0.6315135,-8.115971868237214,US Stocks
2008-10-02,XLI,7.513506,-1.2339794089400336,Sector/Theme ETFs
2008-10-02,EXPD,6.2630944,-2.484390919407563,US Stocks
2008-10-02,FAST,13.855268,5.107782180110259,US Stocks
2008-10-02,ACHC,2.0680852,-6.679400150974946,US Stocks
2008-10-02,AEM,4.126775,-4.620710556706147,US Stocks
2008-10-02,AGCO,2.8972073,-5.850278084477143,US Stocks
2008-10-02,AIT,18.08575,9.338265235225006,US Stocks
2008-10-02,ATR,3.3214235,-5.426061814030366,US Stocks
2008-10-02,ALB,3.728496,-5.018989269932465,US Stocks
2008-10-02,BDC,3.2892556,-5.458229725559907,US Stocks
2008-10-02,BVN,0.7680944,-7.979390924175934,US Stocks
2008-10-02,COP,3.9526696,-4.794815724095063,US Stocks
2008-10-02,CRK,-0.9245927,-9.672078018387513,US Stocks
2008-10-02,DVN,-0.05367309,-8.801158433159546,US Stocks
2008-10-02,EXC,0.9588572,-7.7886281659209295,US Stocks
2008-10-02,AYI,8.031254,-0.7162315299117132,US Stocks
2008-10-03,HOS,-0.591689,-9.862289391212661,US Stocks
2008-10-03,XLB,4.0355735,-5.235026918106277,Sector/Theme ETFs
2008-10-03,LII,13.424456,4.153855242080491,US Stocks
2008-10-03,GATX,6.341656,-2.9289441925813744,US Stocks
2008-10-03,CDP,1.3380578,-7.932542644195754,US Stocks
2008-10-03,AXTI,38.497368,29.226767458267013,US Stocks
2008-10-03,ARE,-0.09231734,-9.362917743377883,US Stocks
2008-10-03,APH,45.879826,36.60922519142131,US Stocks
2008-10-03,AKR,0.6477965,-8.622803888969619,US Stocks
2008-10-03,ACN,7.255908,-2.0146923882295678,US Stocks
2008-10-06,PEG,4.00468,-5.747466631848727,US Stocks
2008-10-06,PENN,3.3243098,-6.427836962659274,US Stocks
2008-10-06,PLD,6.1898513,-3.5622955045293914,US Stocks
2008-10-06,POWL,23.65645,13.904303483049954,US Stocks
2008-10-06,PVH,1.5132978,-8.238848992307101,US Stocks
2008-10-06,RIG,-0.91317904,-10.66532582851163,US Stocks
2008-10-06,TDW,-0.9276476,-10.679794379193698,US Stocks
2008-10-06,STRL,37.92319,28.17104428200015,US Stocks
2008-10-06,NAT,0.36110878,-9.391038008649264,US Stocks
2008-10-06,VFC,0.5043154,-9.247831412274753,US Stocks
2008-10-06,VTR,2.9382179,-6.813928910214816,US Stocks
2008-10-06,WMB,10.859174,1.1070269861627473,US Stocks
2008-10-06,YUM,9.212817,-0.5393295964788543,US Stocks
2008-10-06,SIM,3.9610443,-5.7911024770330535,US Stocks
2008-10-06,MTD,17.221966,7.469819001238431,US Stocks
2008-10-06,FRT,2.01545,-7.7366967877935515,US Stocks
2008-10-06,MDU,2.8135772,-6.93856961341611,US Stocks
2008-10-06,ACHC,2.3534882,-7.398658581693088,US Stocks
2008-10-06,AIR,7.9940777,-1.7580691060613738,US Stocks
2008-10-06,CHRW,3.592152,-6.15999466987363,US Stocks
2008-10-06,CI,9.251421,-0.5007258138250457,US Stocks
2008-10-06,EPR,3.0244741,-6.727672644574557,US Stocks
2008-10-06,MSA,7.0220413,-2.7301054677557097,US Stocks
2008-10-06,EXC,1.2038059,-8.548340865094577,US Stocks
2008-10-06,ESS,3.7223377,-6.029809065778171,US Stocks
2008-10-06,GEF,2.1413436,-7.610803194959079,US Stocks
2008-10-06,GRC,4.7763543,-4.9757924756597625,US Stocks
2008-10-06,GRMN,17.111326,7.359179429094876,US Stocks
2008-10-06,HUM,11.609013,1.8568658152032747,US Stocks
2008-10-06,KOF,3.4224062,-6.329740591962253,US Stocks
2008-10-06,LECO,12.2763195,2.5241727152276887,US Stocks
2008-10-06,FE,0.85224426,-8.89990253062955,US Stocks
2008-10-07,PWR,36.692696,26.662679725353314,US Stocks
2008-10-07,WWD,13.180143,3.1501274640007733,US Stocks
2008-10-07,UNP,12.278271,2.248254829113078,US Stocks
2008-10-07,ROP,8.295028,-1.7349881594733478,US Stocks
2008-10-07,QCOM,5.576385,-4.453630871112752,US Stocks
2008-10-07,PSA,6.00284,-4.027175850208211,US Stocks
2008-10-07,AIT,18.898445,8.868429237072062,US Stocks
2008-10-07,LII,14.077915,4.047899299327922,US Stocks
2008-10-07,EMN,4.1456447,-5.884371227558065,US Stocks
2008-10-07,CVS,3.4348073,-6.595208591754842,US Stocks
2008-10-07,BRC,3.0985546,-6.931461281116414,US Stocks
2008-10-07,BMI,8.525688,-1.5043277209357502,US Stocks
2008-10-07,BCPC,11.395713,1.3656969601555584,US Stocks
2008-10-07,LIN,9.579285,-0.45073122435371893,US Stocks
2008-10-07,BALL,7.507002,-2.5230140154914142,US Stocks
2008-10-08,WCC,17.293535,6.43535518754808,US Stocks
2008-10-08,RL,9.046387,-1.8117933262458656,US Stocks
2008-10-08,IPAR,14.242969,3.384788514269271,US Stocks
2008-10-08,MO,11.562351,0.704171181810775,US Stocks
2008-10-08,ESS,4.111807,-6.74637317548903,US Stocks
2008-10-08,ESE,6.9748526,-3.883327483045182,US Stocks
2008-10-08,DECK,17.950752,7.092572213304916,US Stocks
2008-10-08,CECO,27.910748,17.052567483080306,US Stocks
2008-10-08,ADSK,8.181386,-2.676794051038346,US Stocks
2008-10-08,GEL,4.5507984,-6.30738162885817,US Stocks
2008-10-09,NFG,3.606265,-7.546693856885854,US Stocks
2008-10-09,XLE,4.2826424,-6.8703165604381,Sector/Theme ETFs
2008-10-09,UMBF,2.8338435,-8.319115455320302,US Stocks
2008-10-09,TMO,15.511988,4.359028761217173,US Stocks
2008-10-09,SNDA,-0.5916104,-11.744569297006551,US Stocks
2008-10-09,RRX,5.5609407,-5.592018182447378,US Stocks
2008-10-09,PLD,5.6230617,-5.529897267988149,US Stocks
2008-10-09,PH,30.944475,19.791516249010144,US Stocks
2008-10-09,OXY,1.3205087,-9.832450206449453,US Stocks
2008-10-09,NDSN,19.002184,7.849224989244517,US Stocks
2008-10-09,EXPO,10.952301,-0.20065789954942836,US Stocks
2008-10-09,LMT,9.010086,-2.142872865369741,US Stocks
2008-10-09,ADBE,7.6238937,-3.5290651871470846,US Stocks
2008-10-09,AEM,5.02396,-6.128998811414663,US Stocks
2008-10-09,MGRC,8.64744,-2.5055189682750143,US Stocks
2008-10-09,BEN,1.9103534,-9.242605502775136,US Stocks
2008-10-09,CCI,5.2093506,-5.943608339002553,US Stocks
2008-10-09,AMT,6.8927145,-4.260244424512807,US Stocks
2008-10-09,EIX,2.555516,-8.597442920377675,US Stocks
2008-10-09,FIX,189.20435,178.05138677818493,US Stocks
2008-10-09,GPN,3.25206,-7.900898988416616,US Stocks
2008-10-09,IDXX,24.226252,13.073292677232798,US Stocks
2008-10-09,CNP,7.3954763,-3.7574825836924948,US Stocks
2008-10-10,PLPC,12.345765,2.733654195046322,US Stocks
2008-10-10,WCN,11.030142,1.4180309116600913,US Stocks
2008-10-10,RSG,11.974103,2.3619920551537437,US Stocks
2008-10-10,QCOM,5.385159,-4.226951903128727,US Stocks
2008-10-10,PWR,29.489855,19.877743893837824,US Stocks
2008-10-10,ON,14.733464,5.121353322243587,US Stocks
2008-10-10,TDY,11.972586,2.3604747593163413,US Stocks
2008-10-10,MIDD,7.117651,-2.494459933066471,US Stocks
2008-10-10,MD,0.31184983,-9.300261086249455,US Stocks
2008-10-10,LH,5.327461,-4.284650152945622,US Stocks
2008-10-10,DXPE,8.480909,-1.131201571250065,US Stocks
2008-10-10,ACN,7.215995,-2.3961160838843423,US Stocks
2008-10-10,BDX,3.3498936,-6.2622173488379556,US Stocks
2008-10-10,AEHR,29.742373,20.130261594033136,US Stocks
2008-10-10,BCO,3.417099,-6.195011919760807,US Stocks
2008-10-10,NHC,7.2117987,-2.4003122508765298,US Stocks
2008-10-13,GRMN,17.61442,7.842892765583157,US Stocks
2008-10-13,FUL,2.8469548,-6.924572349010349,US Stocks
2008-10-13,AES,1.6800706,-8.091456532894016,US Stocks
2008-10-14,SEB,3.6817927,-7.265966849066892,US Stocks
2008-10-14,MIDD,8.847375,-2.1003846690436987,US Stocks
2008-10-14,MAA,4.8103886,-6.137371020056882,US Stocks
2008-10-14,HLIO,5.4134912,-5.534268336035886,US Stocks
2008-10-14,GATX,7.1411705,-3.8065890834113745,US Stocks
2008-10-14,MTRN,23.637032,12.689271970055422,US Stocks
2008-10-14,ESS,4.6882567,-6.2595028445502905,US Stocks
2008-10-14,FRT,2.3186975,-8.629062132575193,US Stocks
2008-10-14,AEO,2.4492989,-8.49846072647778,US Stocks
2008-10-14,AIT,20.300125,9.352365536949954,US Stocks
2008-10-14,AYI,9.5544195,-1.393340067603269,US Stocks
2008-10-14,ADSK,8.992672,-1.9550876185676245,US Stocks
2008-10-14,BRC,3.471818,-7.47594161484448,US Stocks
2008-10-14,EME,45.83208,34.884321255944094,US Stocks
2008-10-14,EPR,3.7751927,-7.172566847541013,US Stocks
2008-10-15,PH,29.003014,18.533065064101677,US Stocks
2008-10-15,PLXS,16.225744,5.755795700698355,US Stocks
2008-10-15,PSA,6.1319327,-4.338015811295053,US Stocks
2008-10-15,QCOM,5.945027,-4.524921672195932,US Stocks
2008-10-15,RL,9.090947,-1.379001395554086,US Stocks
2008-10-15,ROP,8.562062,-1.9078862832493986,US Stocks
2008-10-15,RRX,5.7214203,-4.748528258652231,US Stocks
2008-10-15,RSG,13.461574,2.991625054030875,US Stocks
2008-10-15,SNDA,-0.58316094,-11.053109483570596,US Stocks
2008-10-15,OXY,1.1983237,-9.271624820084115,US Stocks
2008-10-15,STRA,-0.3522697,-10.822218255848428,US Stocks
2008-10-15,TDY,12.019991,1.5500423742823397,US Stocks
2008-10-15,TRN,3.978477,-6.491471545547983,US Stocks
2008-10-15,UNP,13.585945,3.115996582656363,US Stocks
2008-10-15,URBN,2.6573522,-7.812596337646982,US Stocks
2008-10-15,WCN,11.319529,0.849580032973746,US Stocks
2008-10-15,XLE,4.1004844,-6.369464175552865,Sector/Theme ETFs
2008-10-15,RYN,1.5247893,-8.945159213394662,US Stocks
2008-10-15,ON,15.504082,5.034133179336051,US Stocks
2008-10-15,TMO,14.997081,4.527132256179312,US Stocks
2008-10-15,NFG,3.0590534,-7.41089512571766,US Stocks
2008-10-15,NPO,12.522366,2.0524170233301913,US Stocks
2008-10-15,AMT,6.271222,-4.19872643217518,US Stocks
2008-10-15,BCO,3.7339687,-6.735979811996957,US Stocks
2008-10-15,BCPC,9.950295,-0.5196530984349454,US Stocks
2008-10-15,BMI,12.489199,2.0192501379542147,US Stocks
2008-10-15,CECO,23.01951,12.549561722426871,US Stocks
2008-10-15,CNP,6.422681,-4.047267691940805,US Stocks
2008-10-15,CVS,3.706069,-6.763879554123422,US Stocks
2008-10-15,DVA,6.1020446,-4.367903964371225,US Stocks
2008-10-15,DXPE,8.63204,-1.8379085229344572,US Stocks
2008-10-15,CI,11.047613,0.5776645971827303,US Stocks
2008-10-15,FIX,183.17136,172.7014076544337,US Stocks
2008-10-15,GPN,3.3667517,-7.103196875900766,US Stocks
2008-10-15,HAS,4.373324,-6.096624629349252,US Stocks
2008-10-15,NDSN,18.961851,8.491902573256949,US Stocks
2008-10-15,LII,14.393004,3.9230558706812655,US Stocks
2008-10-15,LIN,9.688607,-0.7813413308568204,US Stocks
2008-10-15,NAT,0.27631354,-10.193635003418466,US Stocks
2008-10-15,MO,10.491251,0.021302445083120958,US Stocks
2008-10-15,MGRC,7.5216827,-2.9482658074803556,US Stocks
2008-10-15,EIX,2.2611105,-8.208838002533456,US Stocks
2008-10-16,TRMB,4.8582754,-5.680582892641203,US Stocks
2008-10-16,CPRT,12.240262,1.7014037254007892,US Stocks
2008-10-16,GS,9.553136,-0.9857224342671795,US Stocks
2008-10-16,BLX,14.218711,3.6798525931986408,US Stocks
2008-10-16,BA,4.6114163,-5.927441966280119,US Stocks
2008-10-16,ALNT,58.9261,48.387243378415924,US Stocks
2008-10-16,ICLR,4.505102,-6.033756148561613,US Stocks
2008-10-17,SNDA,-0.56201696,-10.44691900095043,US Stocks
2008-10-17,TKR,9.026481,-0.8584213622480377,US Stocks
2008-10-17,MGRC,7.9546375,-1.9302645095258697,US Stocks
2008-10-17,AEHR,30.599306,20.714404069575693,US Stocks
2008-10-17,ISRG,18.063568,8.178666078242685,US Stocks
2008-10-17,FIX,184.97371,175.08880706945362,US Stocks
2008-10-17,EME,41.825325,31.94042297521534,US Stocks
2008-10-17,DIOD,7.931716,-1.953186071720694,US Stocks
2008-10-17,CTSH,5.5617337,-4.323168314304922,US Stocks
2008-10-17,JBHT,8.137438,-1.7474642165571197,US Stocks
2008-10-20,BA,4.3876853,-5.8321917190997645,US Stocks
2008-10-20,GS,8.940039,-1.2798383369891688,US Stocks
2008-10-21,PH,32.830505,21.964468886627827,US Stocks
2008-10-21,PSA,6.72676,-4.139276573882425,US Stocks
2008-10-21,QCOM,6.5783405,-4.287695954070413,US Stocks
2008-10-21,ROP,8.76785,-2.098186562285745,US Stocks
2008-10-21,WMB,11.279958,0.41392128683534857,US Stocks
2008-10-21,TDW,-0.9130303,-11.779066810832346,US Stocks
2008-10-21,TRN,4.693415,-6.172621319518411,US Stocks
2008-10-21,ON,15.7780075,4.911971022858298,US Stocks
2008-10-21,RYN,1.6985536,-9.167482922301614,US Stocks
2008-10-21,ODFL,51.682266,40.81622975088564,US Stocks
2008-10-21,AMT,6.9844294,-3.881607125029886,US Stocks
2008-10-21,LIN,10.523994,-0.3420420386651397,US Stocks
2008-10-21,BFH,2.063162,-8.802874396071756,US Stocks
2008-10-21,NPO,12.808638,1.9426011345526337,US Stocks
2008-10-21,BRC,3.4959989,-7.370037625060403,US Stocks
2008-10-21,CPRT,11.637716,0.77167980886904,US Stocks
2008-10-21,FIX,191.8362,180.97016041494814,US Stocks
2008-10-21,EME,48.244156,37.37811939932314,US Stocks
2008-10-21,GILD,8.155416,-2.7106209494927764,US Stocks
2008-10-21,JBHT,9.34675,-1.519286225066507,US Stocks
2008-10-21,KIM,1.6400754,-9.22596103929075,US Stocks
2008-10-21,L,2.869158,-7.9968784549096465,US Stocks
2008-10-21,LII,14.272659,3.4066228172918915,US Stocks
2008-10-21,GD,7.7436485,-3.1223879554131866,US Stocks
2008-10-22,R,9.088163,-1.6419868029270273,US Stocks
2008-10-22,OXY,1.0965283,-9.633621887079249,US Stocks
2008-10-22,QGEN,2.0085893,-8.721560911050807,US Stocks
2008-10-22,ROL,14.336639,3.6064892255153556,US Stocks
2008-10-22,XLE,3.9251728,-6.804977372995387,Sector/Theme ETFs
2008-10-22,NSP,8.790985,-1.9391650713596444,US Stocks
2008-10-22,SAM,3.4990802,-7.231069997659693,US Stocks
2008-10-22,URBN,2.9681904,-7.761959747186671,US Stocks
2008-10-22,RSG,14.385554,3.6554041348781485,US Stocks
2008-10-22,NDSN,21.420326,10.690176054128637,US Stocks
2008-10-22,RVTY,8.268479,-2.4616708315525155,US Stocks
2008-10-22,GPN,3.5568066,-7.173343614450465,US Stocks
2008-10-22,AIR,8.292391,-2.4377593554172616,US Stocks
2008-10-22,BCO,4.575102,-6.155048326364527,US Stocks
2008-10-22,BLX,13.675724,2.945573850759496,US Stocks
2008-10-22,HAS,4.9508066,-5.779343561044703,US Stocks
2008-10-22,CI,11.698835,0.9686851941432852,US Stocks
2008-10-22,CRK,-0.9204339,-11.65058405768014,US Stocks
2008-10-22,CNP,6.0715175,-4.65863271128274,US Stocks
2008-10-22,DAR,8.426958,-2.303192094675074,US Stocks
2008-10-22,DVA,6.1277666,-4.602383569589625,US Stocks
2008-10-22,DXPE,10.78641,0.056260152944554775,US Stocks
2008-10-22,EW,18.494421,7.764270826467504,US Stocks
2008-10-22,GLW,20.637856,9.907705351003637,US Stocks
2008-10-22,CVS,3.5725641,-7.157586053720484,US Stocks
2008-10-23,TKR,16.880297,5.523480804797016,US Stocks
2008-10-23,UMBF,3.2061067,-8.15070923960606,US Stocks
2008-10-23,TXT,5.2925863,-6.064229575757183,US Stocks
2008-10-23,SCHW,6.42006,-4.9367557445804255,US Stocks
2008-10-23,ITRI,0.7383888,-10.61842712557713,US Stocks
2008-10-23,ICLR,5.1610203,-6.19579562342564,US Stocks
2008-10-23,GILD,8.821152,-2.535664168957867,US Stocks
2008-10-23,FLS,5.2973037,-6.05951222575108,US Stocks
2008-10-23,FCX,7.074809,-4.282006827954449,US Stocks
2008-10-23,EME,51.108936,39.75212040745815,US Stocks
2008-10-23,BEN,2.4102745,-8.94654139674107,US Stocks
2008-10-23,AEO,2.2750916,-9.081724254254498,US Stocks
2008-10-23,PWR,39.252872,27.896056564684713,US Stocks
2008-10-24,TILE,5.615518,-6.1961242317269285,US Stocks
2008-10-24,WWD,13.311245,1.49960263976355,US Stocks
2008-10-24,WULF,1.8703778,-9.941264545829101,US Stocks
2008-10-24,WELL,11.561549,-0.2500931381295164,US Stocks
2008-10-24,WDC,46.95239,35.14074643859168,US Stocks
2008-10-24,WCN,12.210986,0.39934381255407736,US Stocks
2008-10-24,TDY,15.481361,3.669719064324097,US Stocks
2008-10-24,CNP,6.5252647,-5.286377584845825,US Stocks
2008-10-24,SKT,4.3533053,-7.458336985022827,US Stocks
2008-10-24,RRX,6.6635394,-5.148102915198608,US Stocks
2008-10-24,RBCAA,6.8495994,-4.962042963416382,US Stocks
2008-10-24,PTEN,0.5078505,-11.303791797072693,US Stocks
2008-10-24,PLPC,15.122288,3.3106454254080813,US Stocks
2008-10-24,OTEX,4.417306,-7.394336378485962,US Stocks
2008-10-24,NAT,0.4368174,-11.374824917228027,US Stocks
2008-10-24,LH,5.5738416,-6.237800753028198,US Stocks
2008-10-24,BMRN,2.7012277,-9.11041465988855,US Stocks
2008-10-24,AME,20.972704,9.161061608879761,US Stocks
2008-10-24,SNA,14.691572,2.8799298644949953,US Stocks
2008-10-27,NFLX,241.38353,230.91235521661176,US Stocks
2008-10-27,TAP,0.51873636,-9.952438084016897,US Stocks
2008-10-27,SCHW,5.8289685,-4.642205921541311,US Stocks
2008-10-27,NFG,3.006044,-7.465130535493948,US Stocks
2008-10-27,PLD,11.29484,0.8236654125346163,US Stocks
2008-10-27,KIM,1.3147471,-9.15642735136614,US Stocks
2008-10-27,HUM,12.857279,2.3861043773783663,US Stocks
2008-10-27,AXON,94.711494,84.2403199993266,US Stocks
2008-10-27,EIX,2.0536451,-8.417529312502005,US Stocks
2008-10-27,EGP,11.960307,1.4891326748026827,US Stocks
2008-10-27,DOC,0.7984762,-9.672698227296927,US Stocks
2008-10-27,DHC,0.19401109,-10.277163354288199,US Stocks
2008-10-27,BFH,2.174919,-8.296255556474783,US Stocks
2008-10-27,BCPC,11.87022,1.3990457378519991,US Stocks
2008-10-27,MO,10.1794,-0.291774002443411,US Stocks
2008-10-28,ATR,4.3712087,-6.1837664421024225,US Stocks
2008-10-28,GS,11.313679,0.7587036315975286,US Stocks
2008-10-28,HPQ,2.2948956,-8.26007946090125,US Stocks
2008-10-28,PTEN,0.29489088,-10.260084229272833,US Stocks
2008-10-28,TXT,4.230981,-6.323994236749639,US Stocks
2008-10-29,WAT,8.607328,-1.5612814042838732,US Stocks
2008-10-29,UMBF,3.0423207,-7.126289090898863,US Stocks
2008-10-29,MO,10.395284,0.22667387983477916,US Stocks
2008-10-29,EXPD,6.565724,-3.602885923174254,US Stocks
2008-10-29,AMT,6.782294,-3.3863160226615587,US Stocks
2008-10-30,EGP,9.943489,-0.16399011144600806,US Stocks
2008-10-30,PTEN,0.20218933,-9.905289859866723,US Stocks
2008-10-30,USLM,23.377003,13.269523529911414,US Stocks
2008-10-30,WELL,9.961372,-0.14610681066475806,US Stocks
2008-10-30,DOC,0.80148184,-9.30599734315835,US Stocks
2008-10-31,GILD,7.9928617,-2.0825925894085504,US Stocks
2008-10-31,LH,5.211066,-4.864388567954693,US Stocks
2008-10-31,LMT,9.427272,-0.6481824941937067,US Stocks
2008-11-03,TDW,-0.9308338,-10.642288728091433,US Stocks
2008-11-03,NUE,9.086081,-0.6253743604156519,US Stocks
2008-11-03,PRU,4.506494,-5.204960866305544,US Stocks
2008-11-03,RSG,11.974103,2.2626480623748755,US Stocks
2008-11-03,EXPO,10.507426,0.7959713503387427,US Stocks
2008-11-03,KIM,1.2412305,-8.470224423739626,US Stocks
2008-11-03,MO,10.437072,0.7256168886688208,US Stocks
2008-11-03,HAS,4.6856155,-5.0258393720123316,US Stocks
2008-11-04,TILE,5.3499546,-4.831434491546602,US Stocks
2008-11-04,INCY,27.969896,17.78850721987918,US Stocks
2008-11-04,GRC,4.8556848,-5.325704339416475,US Stocks
2008-11-04,CAT,30.533512,20.352123018829374,US Stocks
2008-11-04,VFC,0.8050686,-9.376320484550448,US Stocks
2008-11-05,ROP,8.854615,-1.98268621607777,US Stocks
2008-11-05,NUE,11.151092,0.3137901480579721,US Stocks
2008-11-05,PWR,46.141056,35.30375463322643,US Stocks
2008-11-05,QCOM,7.172227,-3.6650745217418326,US Stocks
2008-11-05,R,8.974545,-1.862756902418102,US Stocks
2008-11-05,SLGN,3.169126,-7.6681753937816275,US Stocks
2008-11-05,WAT,9.069701,-1.7676002328014029,US Stocks
2008-11-05,TRMB,4.9110003,-5.926301175794567,US Stocks
2008-11-05,TRN,5.827805,-5.009496385297741,US Stocks
2008-11-05,URBN,3.3747945,-7.462506944379772,US Stocks
2008-11-05,VNO,0.41467643,-10.4226249997234,US Stocks
2008-11-05,NEE,10.988124,0.1508224661732065,US Stocks
2008-11-05,XLB,4.906046,-5.931255513868297,Sector/Theme ETFs
2008-11-05,TDY,13.900123,3.0628212149525034,US Stocks
2008-11-05,NDSN,21.625313,10.788011377611195,US Stocks
2008-11-05,LH,5.148014,-5.689287358961071,US Stocks
2008-11-05,LIN,10.338337,-0.49896448298450835,US Stocks
2008-11-05,MTN,7.1687775,-3.668523961744274,US Stocks
2008-11-05,ALB,4.556776,-6.280525380811657,US Stocks
2008-11-05,AYI,8.852691,-1.9846107308482779,US Stocks
2008-11-05,BCO,3.9669132,-6.870388204297985,US Stocks
2008-11-05,BLX,13.807805,2.9705036337757456,US Stocks
2008-11-05,BRC,3.4226599,-7.414641553602184,US Stocks
2008-11-05,COST,24.427235,13.589933222093617,US Stocks
2008-11-05,CPRT,11.555555,0.7182539160633432,US Stocks
2008-11-05,CCI,5.5529366,-5.284364873609508,US Stocks
2008-11-05,EOG,4.540247,-6.29705446406361,US Stocks
2008-11-05,FAST,16.891136,6.053834741869007,US Stocks
2008-11-05,FE,0.8711591,-9.966142350873913,US Stocks
2008-11-05,GILD,8.593062,-2.2442390267467154,US Stocks
2008-11-05,HXL,8.297888,-2.539413625440563,US Stocks
2008-11-05,JBHT,9.63719,-1.2001115624522818,US Stocks
2008-11-05,ADBE,8.522801,-2.3145000283336294,US Stocks
2008-11-05,LII,16.13007,5.292768305101429,US Stocks
2008-11-05,DVN,0.055154324,-10.782147103986706,US Stocks
2008-11-06,TXT,3.7466297,-6.712323324137234,US Stocks
2008-11-06,XLE,3.5991316,-6.859821454935574,Sector/Theme ETFs
2008-11-06,WMB,9.659862,-0.7990914744668238,US Stocks
2008-11-06,VFC,0.9092324,-9.549720661097073,US Stocks
2008-11-06,VEON,-0.61799043,-11.076943473272824,US Stocks
2008-11-06,UNP,12.234728,1.775774820394016,US Stocks
2008-11-06,SNA,14.433094,3.974140985555149,US Stocks
2008-11-06,UMBF,3.0173297,-7.441623346262478,US Stocks
2008-11-06,PSA,6.228587,-4.230365888529324,US Stocks
2008-11-06,NSP,8.001644,-2.45730890458157,US Stocks
2008-11-06,AEO,2.194425,-8.26452793305447,US Stocks
2008-11-06,HPQ,2.3671856,-8.091767446451687,US Stocks
2008-11-06,FCN,2.1077778,-8.351175205164456,US Stocks
2008-11-06,DE,23.624798,13.165844781941868,US Stocks
2008-11-06,DAR,8.935714,-1.5232392710976832,US Stocks
2008-11-06,CMI,30.842443,20.38349042708347,US Stocks
2008-11-06,RRC,0.09792662,-10.361026422434353,US Stocks
2008-11-06,BFH,1.8358607,-8.623092309885525,US Stocks
2008-11-06,BEN,1.9370086,-8.521944419794583,US Stocks
2008-11-06,AME,19.192667,8.733713968343235,US Stocks
2008-11-06,AVT,7.2331524,-3.225800649576687,US Stocks
2008-11-06,BA,4.326829,-6.13212408249905,US Stocks
2008-11-07,NEE,10.500582,-0.1105310371571786,US Stocks
2008-11-07,HAS,4.982179,-5.628933613603712,US Stocks
2008-11-07,DOC,1.1016867,-9.509426062410475,US Stocks
2008-11-07,TPC,4.7020383,-5.909074490373731,US Stocks
2008-11-10,WWD,12.831713,1.850680355104874,US Stocks
2008-11-10,TPR,9.997281,-0.9837512931495205,US Stocks
2008-11-10,NHC,7.2969913,-3.6840410194068447,US Stocks
2008-11-10,RL,11.026831,0.04579830554432718,US Stocks
2008-11-10,PSA,6.793626,-4.187406536069442,US Stocks
2008-11-10,LH,5.0930333,-5.887999053922226,US Stocks
2008-11-10,GEO,6.3767414,-4.6042909583716884,US Stocks
2008-11-10,DHR,18.116816,7.135783199343155,US Stocks
2008-11-10,CAT,33.552578,22.571545604738663,US Stocks
2008-11-10,BKE,8.788081,-2.1929511985450283,US Stocks
2008-11-10,SEB,3.2996058,-7.681426521268417,US Stocks
2008-11-11,RRX,6.5299044,-5.002573361462364,US Stocks
2008-11-11,WMB,11.897776,0.3652979230224993,US Stocks
2008-11-11,VEON,-0.38030428,-11.912782003945122,US Stocks
2008-11-11,ON,18.533817,7.001339564257851,US Stocks
2008-11-11,AMT,7.927184,-3.605293622082481,US Stocks
2008-11-11,NEE,11.085047,-0.4474309588134382,US Stocks
2008-11-11,MCRI,16.325369,4.792891154223671,US Stocks
2008-11-11,IPAR,18.514034,6.98155654423832,US Stocks
2008-11-11,FUL,3.2871413,-8.245336403912315,US Stocks
2008-11-11,BEN,2.5685043,-8.963973393505821,US Stocks
2008-11-11,BFH,2.2194955,-9.312982192105064,US Stocks
2008-11-11,BLX,14.1874895,2.6550117825806048,US Stocks
2008-11-11,CVS,3.6613674,-7.871110310620079,US Stocks
2008-11-11,DHC,0.40633726,-11.126140465801964,US Stocks
2008-11-11,FCX,8.005821,-3.526656498974571,US Stocks
2008-11-11,NFG,3.5642047,-7.968273034161339,US Stocks
2008-11-12,XLE,3.6000547,-7.19699483910798,Sector/Theme ETFs
2008-11-12,UNP,12.101549,1.304499568545829,US Stocks
2008-11-12,RBCAA,6.005866,-4.7911835292935265,US Stocks
2008-11-12,OXY,1.0321226,-9.76492696801423,US Stocks
2008-11-12,ODFL,49.228065,38.431015910708915,US Stocks
2008-11-12,RRC,0.08764279,-10.709406791126717,US Stocks
2008-11-12,NHC,7.0080233,-3.7890263179898156,US Stocks
2008-11-12,AXON,101.51332,90.71627134283781,US Stocks
2008-11-12,BCPC,10.881928,0.08487886389495003,US Stocks
2008-11-12,BKE,8.824843,-1.9722061733364953,US Stocks
2008-11-12,NVDA,1303.6439,1292.8468713184238,US Stocks
2008-11-12,DOC,1.1966636,-9.600385961925973,US Stocks
2008-11-12,FLS,4.3707,-6.426349697506417,US Stocks
2008-11-12,CRK,-0.93048817,-11.72753774920701,US Stocks
2008-11-12,GEL,4.1723475,-6.624702034389962,US Stocks
2008-11-12,GPN,3.5940146,-7.203034935390939,US Stocks
2008-11-12,MGRC,7.937173,-2.8598766903042687,US Stocks
2008-11-12,GBCI,3.3496876,-7.447362003719796,US Stocks
2008-11-13,TPR,9.997281,-1.419450026642144,US Stocks
2008-11-13,ALNT,86.271034,74.85430313955659,US Stocks
2008-11-14,XLE,3.9009552,-7.6828470134756035,Sector/Theme ETFs
2008-11-14,SNDA,-0.28259152,-11.866393735410876,US Stocks
2008-11-14,WAT,10.445432,-1.1383705043813652,US Stocks
2008-11-14,UNP,13.109173,1.5253706073740059,US Stocks
2008-11-14,UMBF,3.2862616,-8.297540655138201,US Stocks
2008-11-14,TDY,13.8344345,2.2506322956064277,US Stocks
2008-11-14,SYNA,5.053698,-6.5301041507741875,US Stocks
2008-11-14,SKT,3.8484735,-7.735328664781756,US Stocks
2008-11-14,EXPO,10.800239,-0.7835636043569512,US Stocks
2008-11-14,OXY,1.1669924,-10.416809787752337,US Stocks
2008-11-14,CVS,3.6712642,-7.912538042070574,US Stocks
2008-11-14,DHR,19.171822,7.588019380567365,US Stocks
2008-11-14,EOG,4.31437,-7.269432058336443,US Stocks
2008-11-14,ESE,7.8718033,-3.7119989299795098,US Stocks
2008-11-14,ETR,4.4331713,-7.150630941393084,US Stocks
2008-11-14,FLS,5.0233316,-6.560470571520037,US Stocks
2008-11-14,RRX,6.2937045,-5.290097703935809,US Stocks
2008-11-14,BLX,14.587158,3.003355989454084,US Stocks
2008-11-14,BKE,11.082521,-0.5012807750722832,US Stocks
2008-11-14,ODFL,54.244328,42.6605253314951,US Stocks
2008-11-14,NVDA,1474.623,1463.0392446613291,US Stocks
2008-11-14,NHC,7.615658,-3.9681444072744316,US Stocks
2008-11-14,NFG,3.2321577,-8.35164450645656,US Stocks
2008-11-14,NEE,10.465301,-1.1185016536733574,US Stocks
2008-11-14,MGRC,9.4207735,-2.1630287075063652,US Stocks
2008-11-17,NHI,6.51619,-4.834949855306604,US Stocks
2008-11-17,TDW,-0.91530555,-12.266445462205866,US Stocks
2008-11-17,SCHW,6.6515975,-4.699542407491663,US Stocks
2008-11-18,GILD,8.8484335,-3.3483410880850695,US Stocks
2008-11-18,RSG,13.273261,1.0764864875985243,US Stocks
2008-11-19,XLE,4.7374063,-8.517559668895531,Sector/Theme ETFs
2008-11-19,TROW,6.589482,-6.665484092113305,US Stocks
2008-11-19,SYNA,5.732394,-7.522571704265404,US Stocks
2008-11-19,SEB,4.3001466,-8.954819342967797,US Stocks
2008-11-19,SCHW,7.2547026,-6.000263354656029,US Stocks
2008-11-19,USLM,25.140177,11.88521085036106,US Stocks
2008-11-19,LTC,6.716495,-6.538470885631371,US Stocks
2008-11-19,AZZ,20.29878,7.043814518573951,US Stocks
2008-11-19,BCPC,11.378809,-1.876156947490502,US Stocks
2008-11-19,CHRW,3.7267551,-9.528210780498314,US Stocks
2008-11-19,CRK,-0.8931708,-14.14813669669323,US Stocks
2008-11-19,DHR,20.501106,7.246140339496803,US Stocks
2008-11-19,DVA,7.3040323,-5.9509335969656,US Stocks
2008-11-19,EIX,2.6348493,-10.620116612788964,US Stocks
2008-11-19,EOG,5.5805907,-7.67437519776516,US Stocks
2008-11-19,NFG,3.960073,-9.29489292847805,US Stocks
2008-11-19,RBCAA,6.997778,-6.257187983867455,US Stocks
2008-11-19,HUBG,1.4866202,-11.76834573495083,US Stocks
2008-11-19,HUM,16.366484,3.1115177656442636,US Stocks
2008-11-19,LH,5.4789567,-7.776009223338891,US Stocks
2008-11-20,TKO,33.669125,21.143758609322106,US Stocks
2008-11-20,ROL,12.088998,-0.436368153068031,US Stocks
2008-11-20,NEOG,2.3417745,-10.183591530295814,US Stocks
2008-11-20,HWC,2.228275,-10.297090933295692,US Stocks
2008-11-20,HPQ,2.3671856,-10.158180401298011,US Stocks
2008-11-20,FTI,7.8254747,-4.699891254874672,US Stocks
2008-11-20,DHC,0.6278343,-11.89753167388102,US Stocks
2008-11-20,OIH,0.044669867,-12.480696127387489,Sector/Theme ETFs
2008-11-20,RRC,0.23948479,-12.285881206962074,US Stocks
2008-11-20,WST,25.189056,12.663690402534996,US Stocks
2008-11-21,TDW,-0.9148281,-12.56374062469936,US Stocks
2008-11-24,ETR,4.0696254,-7.4862608011325165,US Stocks
2008-11-24,CAT,33.181747,21.62586125773589,US Stocks
2008-11-24,DHR,18.116816,6.560929388229056,US Stocks
2008-11-24,IPAR,22.959887,11.404000372115775,US Stocks
2008-11-25,RL,10.050324,-1.0384359422051332,US Stocks
2008-11-25,DVA,6.278611,-4.810149199041071,US Stocks
2008-11-25,NHC,7.1319284,-3.9568319382988832,US Stocks
2008-11-25,RYN,1.5255387,-9.563221699269953,US Stocks
2008-11-25,WCN,12.436053,1.347292893854437,US Stocks
2008-11-26,MAA,5.266997,-5.671476635254674,US Stocks
2008-11-26,PRU,9.056573,-1.8819005816352892,US Stocks
2008-11-26,KIM,2.690508,-8.247965606964879,US Stocks
2008-11-26,KRC,1.3209531,-9.617520365036778,US Stocks
2008-11-26,TILE,6.026214,-4.9122593729866075,US Stocks
2008-11-28,TKR,16.456345,4.357609088076263,US Stocks
2008-11-28,SEB,4.1074123,-7.991323178159089,US Stocks
2008-11-28,INGR,4.546687,-7.552048390256257,US Stocks
2008-12-01,ODFL,54.244328,42.63101211268502,US Stocks
2008-12-01,ROP,8.301521,-3.3117941312114656,US Stocks
2008-12-01,PEG,3.794313,-7.819002478532022,US Stocks
2008-12-01,PENN,2.4382691,-9.175046294144815,US Stocks
2008-12-01,PSA,7.4805946,-4.132720797471231,US Stocks
2008-12-01,REG,3.4479032,-8.16541227620048,US Stocks
2008-12-01,OXY,1.1523409,-10.460974543503946,US Stocks
2008-12-01,RRC,0.19129741,-11.422018020562357,US Stocks
2008-12-01,WYNN,2.3396597,-9.273655741624063,US Stocks
2008-12-01,SRE,5.493288,-6.120027392319864,US Stocks
2008-12-01,TRMB,5.8177624,-5.795553057603067,US Stocks
2008-12-01,TROW,5.4195094,-6.1938060216228426,US Stocks
2008-12-01,UMBF,3.0525923,-8.560723154954141,US Stocks
2008-12-01,WMB,13.54161,1.9282943316181242,US Stocks
2008-12-01,NSP,9.412399,-2.2009161404888093,US Stocks
2008-12-01,XLE,3.9357753,-7.6775401524822176,Sector/Theme ETFs
2008-12-01,OIH,0.044616938,-11.568698494843668,Sector/Theme ETFs
2008-12-01,SKT,3.1179948,-8.495320647172159,US Stocks
2008-12-01,NHC,7.7696934,-3.843622057847208,US Stocks
2008-12-01,QCOM,7.8438797,-3.7694357327739656,US Stocks
2008-12-01,MTRN,30.603868,18.990553052016075,US Stocks
2008-12-01,DKS,14.431411,2.8180953570087492,US Stocks
2008-12-01,COST,26.074785,14.461469800062948,US Stocks
2008-12-01,CMI,32.126957,20.51364150721627,US Stocks
2008-12-01,CHRW,3.4449687,-8.168346732072061,US Stocks
2008-12-01,CDP,2.081184,-9.532131522111124,US Stocks
2008-12-01,BVN,1.3644326,-10.248882859162515,US Stocks
2008-12-01,BMI,9.529896,-2.0834196500102937,US Stocks
2008-12-01,BCPC,10.188735,-1.4245804242412508,US Stocks
2008-12-01,ATR,4.0335712,-7.579744189194864,US Stocks
2008-12-01,NFG,3.4308453,-8.18247017186088,US Stocks
2008-12-01,AME,18.340336,6.727020413466269,US Stocks
2008-12-01,DVA,6.4815207,-5.131794779710001,US Stocks
2008-12-01,EIX,2.352628,-9.260687439850992,US Stocks
2008-12-01,EOG,4.342929,-7.270386546067423,US Stocks
2008-12-01,EXPO,10.248251,-1.365064471177286,US Stocks
2008-12-01,FAST,17.490864,5.877548367567831,US Stocks
2008-12-01,FE,0.78528535,-10.828030078820413,US Stocks
2008-12-01,FLR,0.3655373,-11.247778146676248,US Stocks
2008-12-01,FLUT,4.7552137,-6.858101694993204,US Stocks
2008-12-01,GATX,8.732537,-2.8807781628887117,US Stocks
2008-12-01,HAS,5.0795827,-6.53373274128837,US Stocks
2008-12-01,HWC,2.1551743,-9.458141177109903,US Stocks
2008-12-01,JBHT,9.797261,-1.8160541943828523,US Stocks
2008-12-01,LH,5.4211683,-6.192147105149454,US Stocks
2008-12-01,LTC,5.6686945,-5.944620936326212,US Stocks
2008-12-01,MGRC,9.5893345,-2.023980944565958,US Stocks
2008-12-01,MSM,6.803609,-4.809706538132852,US Stocks
2008-12-01,CVS,3.8748136,-7.738501875809854,US Stocks
2008-12-01,CRK,-0.9225299,-12.535845308713144,US Stocks
2008-12-02,MTD,18.874123,7.556930225720917,US Stocks
2008-12-02,MAC,4.488744,-6.828448611864532,US Stocks
2008-12-02,HIW,2.5835307,-8.73366172946402,US Stocks
2008-12-02,FUL,3.1049504,-8.212241965898956,US Stocks
2008-12-03,ETR,4.214276,-7.3946051186347805,US Stocks
2008-12-03,EGP,11.766133,0.15725235283128391,US Stocks
2008-12-03,CRL,12.352778,0.7438974791740574,US Stocks
2008-12-03,BMI,10.786896,-0.8219852036262356,US Stocks
2008-12-03,ALNT,117.2752,105.66631893455735,US Stocks
2008-12-03,TDW,-0.9040997,-12.512980658414444,US Stocks
2008-12-04,SLGN,3.0640345,-8.167712830904145,US Stocks
2008-12-04,ROP,8.230583,-3.0011641019612743,US Stocks
2008-12-04,FE,0.83139753,-10.400349759462495,US Stocks
2008-12-04,NSP,8.1447525,-3.0869947904378368,US Stocks
2008-12-04,AME,18.852709,7.620961523649077,US Stocks
2008-12-04,AMG,11.963546,0.7317985063761281,US Stocks
2008-12-04,CRK,-0.9174934,-12.14924069583716,US Stocks
2008-12-04,EIX,2.4230752,-8.808672093752046,US Stocks
2008-12-04,EOG,5.29292,-5.93882718026938,US Stocks
2008-12-04,FLR,0.33476436,-10.896982931497712,US Stocks
2008-12-04,FUL,3.4220715,-7.809675835970063,US Stocks
2008-12-04,PEG,3.9037623,-7.327984952333589,US Stocks
2008-12-04,INGR,3.9671516,-7.26459565103354,US Stocks
2008-12-04,LTC,5.6343355,-5.597411774995942,US Stocks
2008-12-04,MAA,5.119905,-6.111842297914643,US Stocks
2008-12-04,MTD,19.813557,8.581809378263335,US Stocks
2008-12-04,NEOG,2.3163137,-8.915433549287934,US Stocks
2008-12-04,KRC,1.2224834,-10.009263896349092,US Stocks
2008-12-05,SCI,19.155827,8.33673611592076,US Stocks
2008-12-05,GEL,4.5117106,-6.307379808914446,US Stocks
2008-12-08,UGI,3.3996396,-7.617534726133776,US Stocks
2008-12-08,CRL,10.987217,-0.0299573831467157,US Stocks
2008-12-09,VNO,0.4635718,-10.472254791629561,US Stocks
2008-12-09,YUM,8.327974,-2.6078522590520468,US Stocks
2008-12-09,TRMB,4.9317613,-6.004065313709029,US Stocks
2008-12-09,AMG,9.713465,-1.222361841571578,US Stocks
2008-12-09,REG,2.643592,-8.292234697711715,US Stocks
2008-12-09,AME,19.352917,8.417090139019242,US Stocks
2008-12-09,CDP,1.4339621,-9.501864471805343,US Stocks
2008-12-09,DECK,19.163836,8.22800894700264,US Stocks
2008-12-09,DOC,1.1159549,-9.81987170256401,US Stocks
2008-12-09,FAST,16.83486,5.899033269512406,US Stocks
2008-12-09,FE,0.82271683,-10.113109746349105,US Stocks
2008-12-09,FRT,2.1693292,-8.766497412097701,US Stocks
2008-12-09,SYNA,5.369936,-5.565890589130172,US Stocks
2008-12-09,GRC,4.7055216,-6.230304994952926,US Stocks
2008-12-09,HXL,10.847889,-0.08793763197685145,US Stocks
2008-12-09,JBHT,9.607611,-1.3282158759954061,US Stocks
2008-12-09,GATX,8.290788,-2.6450388816716757,US Stocks
2008-12-09,NDSN,23.715551,12.779724797832719,US Stocks
2008-12-09,MSM,6.1815643,-4.754262247455367,US Stocks
2008-12-09,R,9.324831,-1.6109955695989218,US Stocks
2008-12-10,WDC,56.0046,44.77424266222056,US Stocks
2008-12-10,SEB,3.4825692,-7.747788644999899,US Stocks
2008-12-10,ROP,9.209803,-2.020555235118307,US Stocks
2008-12-10,PCAR,9.755704,-1.4746539365953577,US Stocks
2008-12-10,MET,5.073963,-6.15639469739858,US Stocks
2008-12-10,HSIC,5.3435187,-5.886839128703512,US Stocks
2008-12-10,FCN,2.0885603,-9.141797519893087,US Stocks
2008-12-10,EPAC,1.3382282,-9.892129636973776,US Stocks
2008-12-10,DHR,20.410227,9.17986895921763,US Stocks
2008-12-11,MSM,6.6341214,-4.451920686983808,US Stocks
2008-12-11,NPO,16.973368,5.8873255860569635,US Stocks
2008-12-11,ODFL,60.31456,49.22851783154036,US Stocks
2008-12-11,PSA,6.865874,-4.220168291353925,US Stocks
2008-12-11,YUM,9.014351,-2.0716912138697943,US Stocks
2008-12-11,SYNA,5.598564,-5.487477957033857,US Stocks
2008-12-11,UGI,3.294837,-7.791205106997236,US Stocks
2008-12-11,VFC,0.8375504,-10.248491703295453,US Stocks
2008-12-11,VNO,0.5268992,-10.55914288642381,US Stocks
2008-12-11,RRC,0.21937025,-10.866671859049543,US Stocks
2008-12-11,LTC,5.456928,-5.629114328646406,US Stocks
2008-12-11,RDNT,24.635134,13.549091638303057,US Stocks
2008-12-11,JLL,10.637469,-0.4485728132960638,US Stocks
2008-12-11,DOC,1.3381951,-9.747847019457563,US Stocks
2008-12-11,COST,24.40163,13.315588296628253,US Stocks
2008-12-11,CMI,30.222197,19.136154473996417,US Stocks
2008-12-11,CMC,6.874238,-4.211804090761884,US Stocks
2008-12-11,CDP,1.5944517,-9.49159043910478,US Stocks
2008-12-11,CAT,29.274567,18.18852454540755,US Stocks
2008-12-11,BMRN,2.1917646,-8.894277511858686,US Stocks
2008-12-11,BFH,2.3966324,-8.689409672045453,US Stocks
2008-12-11,BEN,2.1900537,-8.895988403582319,US Stocks
2008-12-11,AYI,8.82034,-2.2657019484278997,US Stocks
2008-12-11,AAPL,113.80942,102.7233756196263,US Stocks
2008-12-11,DVN,0.14488256,-10.94115954520677,US Stocks
2008-12-11,KRC,1.2886555,-9.797386585497602,US Stocks
2008-12-11,DXPE,11.382172,0.2961295258762995,US Stocks
2008-12-11,EGP,10.620299,-0.4657427656886419,US Stocks
2008-12-11,ETR,4.2219496,-6.8640925276515325,US Stocks
2008-12-11,EXC,1.1335108,-9.952531276964887,US Stocks
2008-12-11,FLS,4.401667,-6.684374986910566,US Stocks
2008-12-11,FRT,2.406894,-8.679148136400922,US Stocks
2008-12-11,GATX,8.494567,-2.591475187563642,US Stocks
2008-12-11,GBCI,3.5205135,-7.565528570437177,US Stocks
2008-12-11,GEL,4.5242066,-6.561835466646894,US Stocks
2008-12-11,HWC,1.9665244,-9.119517742418989,US Stocks
2008-12-12,HSIC,5.176143,-6.08069896756103,US Stocks
2008-12-12,MTD,20.560741,9.30389928759644,US Stocks
2008-12-12,EW,18.796541,7.539699077025151,US Stocks
2008-12-15,XLE,3.632586,-7.073311604704752,Sector/Theme ETFs
2008-12-15,BKE,8.4180565,-2.2878411190174965,US Stocks
2008-12-15,KRC,1.0504332,-9.655464448180094,US Stocks
2008-12-15,TILE,6.195052,-4.510845460142985,US Stocks
2008-12-15,SYNA,6.1428576,-4.563040055479899,US Stocks
2008-12-15,SNA,13.002343,2.2964455707408042,US Stocks
2008-12-15,PSA,6.0730104,-4.632887162413493,US Stocks
2008-12-15,MET,4.3083243,-6.397573270048991,US Stocks
2008-12-15,J,2.6523905,-8.053507127013102,US Stocks
2008-12-15,FRT,2.0041254,-8.701772250380412,US Stocks
2008-12-15,CVS,3.758829,-6.947068490233317,US Stocks
2008-12-15,EIX,2.3123472,-8.39355043336381,US Stocks
2008-12-15,ESS,5.0839906,-5.621907033171549,US Stocks
2008-12-15,EXPO,10.170836,-0.5350611583851723,US Stocks
2008-12-16,MAA,5.0989957,-5.721401931924005,US Stocks
2008-12-16,DHR,18.71201,7.891611812430243,US Stocks
2008-12-16,PLD,9.050499,-1.7698986550990536,US Stocks
2008-12-17,OKE,17.878517,6.833075907694383,US Stocks
2008-12-17,NDSN,24.239357,13.193915751444383,US Stocks
2008-12-17,EXC,1.2199385,-9.825502726567702,US Stocks
2008-12-17,EIX,2.4373024,-8.608138892186599,US Stocks
2008-12-17,BRC,4.4391217,-6.606319520009475,US Stocks
2008-12-17,BOH,1.9893475,-9.056093785298781,US Stocks
2008-12-17,BDX,3.7423644,-7.30307683659883,US Stocks
2008-12-17,TDY,13.62313,2.577688601481004,US Stocks
2008-12-17,AMG,9.84946,-1.1959815950521993,US Stocks
2008-12-18,WCC,20.24007,9.142591168778637,US Stocks
2008-12-18,WMB,13.810525,2.7130457662517813,US Stocks
2008-12-18,WWD,15.42819,4.330711057084301,US Stocks
2008-12-18,XLE,3.9583359,-7.139143297774098,Sector/Theme ETFs
2008-12-18,XLB,5.267932,-5.829547236067555,Sector/Theme ETFs
2008-12-18,OIH,0.07498157,-11.022497603995106,Sector/Theme ETFs
2008-12-18,VNO,0.48186243,-10.615616748434803,US Stocks
2008-12-18,WYNN,1.9153175,-9.18216163883855,US Stocks
2008-12-18,STLD,29.358557,18.261077573197582,US Stocks
2008-12-18,REG,2.2990048,-8.798474381071827,US Stocks
2008-12-18,SCI,18.666056,7.568576505082348,US Stocks
2008-12-18,ARLP,7.390869,-3.7066100336139414,US Stocks
2008-12-18,CDP,1.5241394,-9.573339769942066,US Stocks
2008-12-18,CECO,28.888931,17.79145210017512,US Stocks
2008-12-18,CNX,0.4803071,-10.617172072035572,US Stocks
2008-12-18,DHC,0.24897814,-10.84850103626897,US Stocks
2008-12-18,DXPE,11.721052,0.6235729955608633,US Stocks
2008-12-18,EXPO,10.299152,-0.7983267999713632,US Stocks
2008-12-18,FCX,7.6043577,-3.4931214548175546,US Stocks
2008-12-18,FLS,4.3995895,-6.697889635664723,US Stocks
2008-12-18,GEL,4.665528,-6.431951353651783,US Stocks
2008-12-18,L,3.145153,-7.9523261285846445,US Stocks
2008-12-18,MAA,5.1490955,-5.948383638960621,US Stocks
2008-12-18,MDU,3.1317472,-7.965731928450367,US Stocks
2008-12-18,PPL,1.7287748,-9.368704388243458,US Stocks
2008-12-18,R,9.299544,-1.7979348398273203,US Stocks
2008-12-18,RDNT,23.056158,11.958678891556957,US Stocks
2008-12-18,RS,25.067709,13.97022979487727,US Stocks
2008-12-18,RYN,1.729533,-9.367946217161915,US Stocks
2008-12-18,SCCO,27.002111,15.904632260697582,US Stocks
2008-12-18,SPXC,18.670021,7.572541882889965,US Stocks
2008-12-18,GME,4.995562,-6.101917097670338,US Stocks
2008-12-19,GD,7.9028263,-3.351670112898594,US Stocks
2008-12-19,IPAR,20.524403,9.269906196305508,US Stocks
2008-12-19,TILE,6.2486424,-5.0058539774921,US Stocks
2008-12-22,FLR,0.38968575,-10.992817442451825,US Stocks
2008-12-22,WWD,16.383677,5.00117333647121,US Stocks
2008-12-22,VNO,0.51648355,-10.86601964715611,US Stocks
2008-12-22,TDY,14.30293,2.920426685775409,US Stocks
2008-12-22,ROP,9.111582,-2.2709213900912903,US Stocks
2008-12-22,R,9.780775,-1.6017281222690247,US Stocks
2008-12-22,J,3.1110396,-8.271463553940167,US Stocks
2008-12-22,INGR,4.2629657,-7.119537513290753,US Stocks
2008-12-22,FLS,4.8514385,-6.531064670120587,US Stocks
2008-12-22,EXPO,10.723526,-0.6589771914828919,US Stocks
2008-12-22,CMI,30.259909,18.87740548368801,US Stocks
2008-12-22,CMC,7.8870497,-3.4954535174716614,US Stocks
2008-12-22,CDP,1.7629988,-9.619504373108258,US Stocks
2008-12-23,BEN,2.1170022,-9.194058898865828,US Stocks
2008-12-23,BKE,9.027268,-2.2837927379008622,US Stocks
2008-12-23,COST,25.241953,13.930891748488298,US Stocks
2008-12-23,RBA,4.7871184,-6.52394271272386,US Stocks
2008-12-23,HXL,11.580246,0.26918482404982136,US Stocks
2008-12-23,IEP,0.7879394,-10.523121718346724,US Stocks
2008-12-23,UGI,3.316908,-7.9941532649394365,US Stocks
2008-12-23,LHX,9.074393,-2.236667875229964,US Stocks
2008-12-23,MAA,5.6003094,-5.710751775681624,US Stocks
2008-12-24,NWN,1.1360123,-10.104426441492533,US Stocks
2008-12-24,NPO,17.530394,6.289954843221212,US Stocks
2008-12-24,MET,4.500018,-6.740420637430644,US Stocks
2008-12-24,BCPC,10.647824,-0.5926144698281046,US Stocks
2008-12-26,IEX,12.151847,0.876202208492538,US Stocks
2008-12-29,NPO,16.910553,5.919136588572327,US Stocks
2008-12-29,WELL,10.807362,-0.18405478716009505,US Stocks
2008-12-29,NWN,1.1607461,-9.830670292378601,US Stocks
2008-12-29,JLL,10.70747,-0.2839464497577513,US Stocks
2008-12-29,FRT,2.3376963,-8.653720076085266,US Stocks
2008-12-29,FLS,4.449032,-6.542384560109314,US Stocks
2008-12-29,BKE,8.885174,-2.1062425923358763,US Stocks
2008-12-29,VNO,0.5284735,-10.462942893506225,US Stocks
2008-12-30,RJF,16.94406,6.121400995192342,US Stocks
2008-12-30,PCAR,8.953493,-1.869165258469767,US Stocks
2008-12-30,MAC,2.2672532,-8.555405216279215,US Stocks
2008-12-31,NDSN,21.77235,11.295622413823883,US Stocks
2008-12-31,MD,0.6813009,-9.795427018930633,US Stocks
2008-12-31,CECO,30.178253,19.701525276372713,US Stocks
2009-01-02,VNO,0.5476264,-9.94269726894992,US Stocks
2009-01-02,RYN,1.788672,-8.701651674734526,US Stocks
2009-01-02,NWN,1.1423893,-9.347934347616606,US Stocks
2009-01-02,MAA,5.939795,-4.550528627859526,US Stocks
2009-01-02,GD,7.267972,-3.222351652609282,US Stocks
2009-01-05,EMN,5.4369264,-4.977177696388011,US Stocks
2009-01-05,BIO,4.0409317,-6.373172359626537,US Stocks
2009-01-05,VTR,3.8797712,-6.534332828681713,US Stocks
2009-01-05,WELL,10.969387,0.5552829931566663,US Stocks
2009-01-06,ETR,4.134423,-6.6321680396992075,US Stocks
2009-01-07,OVV,-0.2547989,-10.973562649000007,US Stocks
2009-01-07,MUR,0.63006866,-10.088695100057441,US Stocks
2009-01-07,MTD,21.3769,10.65813595939843,US Stocks
2009-01-07,INVX,0.14479256,-10.573971203077155,US Stocks
2009-01-07,HLIO,5.9848223,-4.733941486585456,US Stocks
2009-01-07,GIS,1.0064051,-9.712358644712287,US Stocks
2009-01-07,GD,7.341981,-3.3767828256967842,US Stocks
2009-01-07,NWBI,3.1186705,-7.600093296277839,US Stocks
2009-01-07,DVN,0.16963291,-10.549130848157722,US Stocks
2009-01-07,COP,5.010378,-5.708385875928718,US Stocks
2009-01-07,NFG,3.2244978,-7.49426596473487,US Stocks
2009-01-07,CDP,1.7509489,-8.967814853895026,US Stocks
2009-01-07,BRK-B,6.7412004,-3.977563312757331,US Stocks
2009-01-07,BRC,4.2821393,-6.436624458539802,US Stocks
2009-01-07,ARE,0.2620554,-10.45670836280616,US Stocks
2009-01-07,CRL,11.076859,0.35809571434227827,US Stocks
2009-01-07,APH,59.40387,48.6851058690664,US Stocks
2009-01-07,AGCO,4.2503233,-6.468440464246589,US Stocks
2009-01-07,SM,1.0103261,-9.708437612760383,US Stocks
2009-01-07,UNP,15.291178,4.572413989793938,US Stocks
2009-01-07,VEON,-0.2940358,-11.01279955219062,US Stocks
2009-01-07,WELL,11.654528,0.9357639043447197,US Stocks
2009-01-07,RYN,1.753792,-8.96497171233924,US Stocks
2009-01-07,POWL,29.425125,18.70636136223046,US Stocks
2009-01-08,KIM,1.8451207,-9.130149938788366,US Stocks
2009-01-08,KEX,3.8886118,-7.086658813681554,US Stocks
2009-01-08,PVH,3.3378706,-7.637400009360265,US Stocks
2009-01-08,DAR,9.681741,-1.2935298463963978,US Stocks
2009-01-08,AIT,24.48483,13.509560249123622,US Stocks
2009-01-08,VNO,0.6144985,-10.360772111144017,US Stocks
2009-01-08,LMT,9.758394,-1.2168763658666126,US Stocks
2009-01-08,FAST,17.720392,6.745121619973231,US Stocks
2009-01-09,AME,20.352055,9.082052296239787,US Stocks
2009-01-09,BCPC,10.825615,-0.4443873705082595,US Stocks
2009-01-09,ARE,0.42678416,-10.843218141954488,US Stocks
2009-01-09,BIO,4.3513637,-6.918638640802449,US Stocks
2009-01-09,VEON,-0.21680665,-11.486808949869221,US Stocks
2009-01-09,BOH,2.540588,-8.729414397638386,US Stocks
2009-01-09,BRK-B,7.0568657,-4.213136607568806,US Stocks
2009-01-09,CVS,4.295224,-6.9747781099491775,US Stocks
2009-01-09,DOC,1.4382668,-9.831735545557088,US Stocks
2009-01-09,WYNN,2.061084,-9.208918267648762,US Stocks
2009-01-09,EXPO,11.144575,-0.12542718068892356,US Stocks
2009-01-09,FRT,2.769783,-8.500219279687947,US Stocks
2009-01-09,EMN,5.975405,-5.294597083490437,US Stocks
2009-01-09,HAL,1.4261558,-9.84384649411971,US Stocks
2009-01-09,INVX,0.25475645,-11.015245849054402,US Stocks
2009-01-09,JBHT,10.704011,-0.5659913362675368,US Stocks
2009-01-09,NFG,3.4498038,-7.820198470514363,US Stocks
2009-01-09,NOV,0.06244564,-11.207556659143513,US Stocks
2009-01-09,OII,2.432715,-8.837287360590047,US Stocks
2009-01-09,PSA,7.487836,-3.78216641561324,US Stocks
2009-01-09,GBCI,4.1316867,-7.138315612237996,US Stocks
2009-01-12,XLE,3.7626514,-7.484812480899295,Sector/Theme ETFs
2009-01-12,XLB,5.3487597,-5.898704273196659,Sector/Theme ETFs
2009-01-12,WWD,16.087132,4.8396675758634,US Stocks
2009-01-12,WCN,12.64054,1.3930761986050992,US Stocks
2009-01-12,VMRK,4.1613398,-7.0861241645540805,US Stocks
2009-01-12,STLD,28.898888,17.651423709896605,US Stocks
2009-01-12,VFC,0.9215696,-10.32589433858057,US Stocks
2009-01-12,SKT,3.6143904,-7.63307355115076,US Stocks
2009-01-12,O,5.5911484,-5.656315547915897,US Stocks
2009-01-12,NDSN,23.037483,11.79001929095129,US Stocks
2009-01-12,LSTR,5.2165155,-6.0309483833040805,US Stocks
2009-01-12,LECO,13.612593,2.365128772762814,US Stocks
2009-01-12,LCII,12.278736,1.0312721901212125,US Stocks
2009-01-12,KRC,1.4331963,-9.814267618152103,US Stocks
2009-01-12,HWC,2.0729375,-9.174526435824832,US Stocks
2009-01-12,HP,2.0239978,-9.223466140719852,US Stocks
2009-01-12,EGP,10.442485,-0.8049790687288851,US Stocks
2009-01-12,PB,2.8656554,-8.381808502170047,US Stocks
2009-01-12,DECK,21.451508,10.204043643978634,US Stocks
2009-01-12,RBA,4.9136305,-6.333833438846073,US Stocks
2009-01-12,CMC,7.665578,-3.581886035891971,US Stocks
2009-01-12,CFR,4.7106647,-6.536799175235233,US Stocks
2009-01-12,BVN,1.2977664,-9.94969747731348,US Stocks
2009-01-12,BMI,11.016034,-0.23142979809900233,US Stocks
2009-01-12,APA,-0.16488725,-11.412351173850498,US Stocks
2009-01-12,REG,2.5998893,-8.647574645968875,US Stocks
2009-01-12,RRC,0.23026025,-11.017203671428165,US Stocks
2009-01-12,RS,24.714115,13.466651218441525,US Stocks
2009-01-12,CNX,0.4401133,-10.807350618335208,US Stocks
2009-01-12,SLG,4.2097306,-7.037733299228153,US Stocks
2009-01-13,NFG,3.657854,-7.987359472129684,US Stocks
2009-01-13,BG,2.9535823,-8.691631265495163,US Stocks
2009-01-13,ETR,4.58863,-7.056583352897507,US Stocks
2009-01-13,EXPD,7.246725,-4.398488469932419,US Stocks
2009-01-13,HAL,1.5291283,-10.116085239265304,US Stocks
2009-01-13,L,3.7223701,-7.9228434046248015,US Stocks
2009-01-13,NSC,11.008851,-0.6363625009993132,US Stocks
2009-01-13,TDY,15.125931,3.480717233802933,US Stocks
2009-01-14,EXC,1.2006855,-10.44003107473671,US Stocks
2009-01-14,CHRW,3.2426758,-8.398040794585343,US Stocks
2009-01-14,BVN,1.3890779,-10.251638673995133,US Stocks
2009-01-14,BOH,2.4596386,-9.181077980254289,US Stocks
2009-01-14,BEN,2.5592954,-9.081421159957047,US Stocks
2009-01-14,ADSK,13.976099,2.3353824384468833,US Stocks
2009-01-14,ATR,4.048142,-7.5925746195059975,US Stocks
2009-01-14,ALB,4.8116736,-6.829042934630509,US Stocks
2009-01-14,CMI,28.750793,17.11007688119591,US Stocks
2009-01-14,AYI,10.001686,-1.639030479643937,US Stocks
2009-01-14,XLE,3.9400806,-7.700635933135148,Sector/Theme ETFs
2009-01-14,OIH,0.053938508,-11.58677806780159,Sector/Theme ETFs
2009-01-14,CNX,0.64865136,-10.99206521436989,US Stocks
2009-01-14,GIS,0.98805714,-10.652659439299699,US Stocks
2009-01-14,HP,2.2147818,-9.42593481466591,US Stocks
2009-01-14,HWC,2.3215134,-9.319203161452409,US Stocks
2009-01-14,IEX,12.153923,0.5132064588326255,US Stocks
2009-01-14,KOF,4.105175,-7.535541557524796,US Stocks
2009-01-14,DIOD,15.8491535,4.208436942841415,US Stocks
2009-01-14,LIN,10.124557,-1.5161600343924722,US Stocks
2009-01-14,EMN,6.2434196,-5.397296928618546,US Stocks
2009-01-14,PPL,1.6000354,-10.040681146834489,US Stocks
2009-01-14,RS,26.015627,14.37491033151329,US Stocks
2009-01-14,RSG,11.815638,0.1749210126656333,US Stocks
2009-01-14,SIM,6.3234468,-5.317269825194474,US Stocks
2009-01-14,SRE,5.474759,-6.1659574739676675,US Stocks
2009-01-14,STLD,31.54921,19.90849301889122,US Stocks
2009-01-14,UMBF,3.1870718,-8.45364477560341,US Stocks
2009-01-14,WWD,16.598295,4.957578635956649,US Stocks
2009-01-14,RRC,0.32532215,-11.315394424651261,US Stocks
2009-01-14,LECO,14.036591,2.3958740003365318,US Stocks
2009-01-15,ABT,5.0416436,-6.500998071130473,US Stocks
2009-01-15,CFR,4.9512577,-6.59138398497935,US Stocks
2009-01-15,FLS,4.5374947,-7.0051470312439985,US Stocks
2009-01-15,BRK-B,7.3604956,-4.182146123346049,US Stocks
2009-01-16,CHRW,3.606224,-8.635395071062208,US Stocks
2009-01-16,NDSN,25.802855,13.561235406843066,US Stocks
2009-01-20,GPN,4.204177,-7.489179964117396,US Stocks
2009-01-20,ACGL,12.408134,0.7147775935608269,US Stocks
2009-01-20,ALB,4.9130864,-6.780270452551234,US Stocks
2009-01-20,AYI,10.328954,-1.3644031239074348,US Stocks
2009-01-20,BANF,7.1546392,-4.538717622808802,US Stocks
2009-01-20,BAP,15.597258,3.9039007472473504,US Stocks
2009-01-20,BG,2.6968215,-8.996535415701258,US Stocks
2009-01-20,BRK-B,7.605138,-4.088219041876185,US Stocks
2009-01-20,FLS,4.526552,-7.166804666571009,US Stocks
2009-01-20,CMI,28.705263,17.01190627092899,US Stocks
2009-01-20,CW,16.084059,4.390701894708288,US Stocks
2009-01-20,DIOD,15.623747,3.9303900050598504,US Stocks
2009-01-20,DOC,1.281805,-10.411551828436243,US Stocks
2009-01-20,EGP,10.277995,-1.4153617573302864,US Stocks
2009-01-20,BFH,2.4493499,-9.244006986669886,US Stocks
2009-01-20,EXC,1.196131,-10.497225875906336,US Stocks
2009-01-20,FLR,0.38233554,-11.311021323255884,US Stocks
2009-01-20,PPL,1.5624597,-10.13089715962826,US Stocks
2009-01-20,LIN,10.13552,-1.5578368855041145,US Stocks
2009-01-20,LMT,9.856526,-1.8368304920714973,US Stocks
2009-01-20,NHC,6.9147387,-4.77861821179806,US Stocks
2009-01-20,OKE,17.084042,5.3906847285705926,US Stocks
2009-01-20,PB,2.8671286,-8.82622825627743,US Stocks
2009-01-20,ICLR,6.506958,-5.186398859075892,US Stocks
2009-01-20,PSA,7.1245613,-4.568795557073939,US Stocks
2009-01-20,R,10.139396,-1.5539611530822395,US Stocks
2009-01-20,RJF,18.009388,6.316031103082311,US Stocks
2009-01-20,SCHW,7.2830906,-4.410266275457728,US Stocks
2009-01-20,SNA,14.87758,3.184222822137487,US Stocks
2009-01-20,SRE,5.245386,-6.447970743231165,US Stocks
2009-01-20,SYBT,6.890519,-4.802837724737513,US Stocks
2009-01-20,TROW,5.383113,-6.310243959478724,US Stocks
2009-01-20,HUBG,1.8057449,-9.887611980490076,US Stocks
2009-01-20,GRC,4.6240153,-7.069341535620081,US Stocks
2009-01-20,WELL,11.62124,-0.07211720471798166,US Stocks
2009-01-20,JLL,10.881676,-0.8116811466735481,US Stocks
2009-01-20,J,3.0376782,-8.655678625158655,US Stocks
2009-01-21,EQT,2.394972,-9.497796916234762,US Stocks
2009-01-21,VSEC,15.051447,3.158677912485331,US Stocks
2009-01-21,EMN,6.58557,-5.307199143636495,US Stocks
2009-01-21,NDSN,24.55055,12.657781458627909,US Stocks
2009-01-22,OIH,0.009840131,-11.827085588202635,Sector/Theme ETFs
2009-01-22,SHW,23.814516,11.977590348496278,US Stocks
2009-01-22,RRC,0.25050223,-11.586423490271727,US Stocks
2009-01-22,PSA,7.4705667,-4.366358969435851,US Stocks
2009-01-22,RBCAA,6.993505,-4.843420717940489,US Stocks
2009-01-22,FLS,4.835566,-7.001359675154845,US Stocks
2009-01-22,RS,25.726679,13.889753129257997,US Stocks
2009-01-22,SCHW,7.2209005,-4.6160251834251085,US Stocks
2009-01-22,LIN,10.293167,-1.543758604750792,US Stocks
2009-01-22,HP,2.038719,-9.79820678018109,US Stocks
2009-01-22,FLR,0.42831516,-11.408610556349913,US Stocks
2009-01-22,DOC,1.3392284,-10.497697327361266,US Stocks
2009-01-22,CMC,7.650161,-4.1867649295188585,US Stocks
2009-01-22,CDP,1.6379511,-10.198974583373229,US Stocks
2009-01-22,BAP,16.27944,4.442514207138856,US Stocks
2009-01-22,ALB,4.8972554,-6.93967029832379,US Stocks
2009-01-23,MTD,21.592386,9.842903772727565,US Stocks
2009-01-23,CW,16.594265,4.8447825111308855,US Stocks
2009-01-23,CFR,5.4840918,-6.2653907142719465,US Stocks
2009-01-23,BCPC,10.622861,-1.126621564491673,US Stocks
2009-01-23,STE,10.577897,-1.171585401161595,US Stocks
2009-01-23,GD,7.9888515,-3.760630925758763,US Stocks
2009-01-26,CMC,7.204879,-4.4164013427095075,US Stocks
2009-01-26,ACGL,13.237063,1.6157832581205707,US Stocks
2009-01-26,MUR,0.68128383,-10.939996318181004,US Stocks
2009-01-26,FFIN,5.130205,-6.491074995358433,US Stocks
2009-01-26,AFG,18.06854,6.447260423342739,US Stocks
2009-01-27,INGR,4.6164227,-6.591798445970754,US Stocks
2009-01-27,ALB,4.745977,-6.462244174272756,US Stocks
2009-01-28,SNA,16.295952,4.6776573914424535,US Stocks
2009-01-29,XLB,5.7798443,-6.1004692571554315,Sector/Theme ETFs
2009-01-29,VTR,4.5206013,-7.359712268630041,US Stocks
2009-01-29,WELL,11.687998,-0.19231572321988466,US Stocks
2009-01-29,VNO,0.75017834,-11.13013520411588,US Stocks
2009-01-29,BMI,12.100995,0.22068152256868956,US Stocks
2009-01-29,UMBF,3.512394,-8.367919589797033,US Stocks
2009-01-29,RBCAA,7.428706,-4.451607372084631,US Stocks
2009-01-29,PSA,7.744379,-4.135934497633947,US Stocks
2009-01-29,PNC,9.693964,-2.186349536696447,US Stocks
2009-01-29,O,5.839807,-6.04050650767423,US Stocks
2009-01-29,NFG,3.4557467,-8.424566890517248,US Stocks
2009-01-29,MAA,6.694433,-5.185880328932775,US Stocks
2009-01-29,L,3.753336,-8.12697758845426,US Stocks
2009-01-29,HP,2.335015,-9.545298482695593,US Stocks
2009-01-29,HLIO,7.3953953,-4.484918262282385,US Stocks
2009-01-29,URBN,4.1245184,-7.755795146742834,US Stocks
2009-01-29,HAL,1.5217965,-10.358517076293005,US Stocks
2009-01-29,SHW,23.409166,11.528852794846522,US Stocks
2009-01-29,AFG,19.87657,7.996256206711756,US Stocks
2009-01-29,ARE,0.40370166,-11.476611878195776,US Stocks
2009-01-29,AYI,11.189061,-0.6912523763570917,US Stocks
2009-01-29,BAP,17.220812,5.340498302659022,US Stocks
2009-01-29,BCPC,11.143365,-0.7369486349020136,US Stocks
2009-01-29,CFR,4.8737555,-7.006558086195959,US Stocks
2009-01-29,EXPD,7.575879,-4.304434444228185,US Stocks
2009-01-29,FLR,0.5454447,-11.334868814269079,US Stocks
2009-01-29,ACGL,13.854832,1.974518154343592,US Stocks
2009-01-29,FRT,2.9052954,-8.975018169203771,US Stocks
2009-01-29,GBCI,3.984589,-7.8957244413290155,US Stocks
2009-01-29,SKT,3.76718,-8.113133575240148,US Stocks
2009-01-29,SIGI,6.7459135,-5.1344000356588495,US Stocks
2009-01-30,SCCO,29.618368,17.699055142064154,US Stocks
2009-01-30,PENN,2.6595619,-9.259751134257256,US Stocks
2009-01-30,RYN,1.7775624,-10.14175062690252,US Stocks
2009-01-30,GRC,5.354695,-6.564618163447319,US Stocks
2009-01-30,STLD,30.75746,18.838146633763373,US Stocks
2009-01-30,SXT,7.719902,-4.199410968165337,US Stocks
2009-01-30,SYBT,6.218246,-5.701067023615776,US Stocks
2009-01-30,TKO,32.276012,20.35669941391474,US Stocks
2009-01-30,XLE,3.9400806,-7.97923236403936,Sector/Theme ETFs
2009-01-30,GD,7.8766766,-4.042636447291313,US Stocks
2009-01-30,JLL,13.059531,1.140218205113472,US Stocks
2009-01-30,EOG,5.393177,-6.526135974268852,US Stocks
2009-01-30,CNX,0.6185869,-11.300726108889519,US Stocks
2009-01-30,CMI,30.954573,19.035259670872748,US Stocks
2009-01-30,CDP,1.6485415,-10.270771556239067,US Stocks
2009-01-30,ATR,4.2074547,-7.711858325343071,US Stocks
2009-01-30,APA,-0.13451815,-12.053831153254448,US Stocks
2009-01-30,ALB,5.0126233,-6.906689696650444,US Stocks
2009-01-30,WWD,17.311255,5.391941494603218,US Stocks
2009-01-30,HWKN,23.376633,11.457319683690132,US Stocks
2009-02-02,J,3.66705,-8.073300183108305,US Stocks
2009-02-02,CME,14.747199,3.006848990628267,US Stocks
2009-02-02,RIG,-0.87000304,-12.610353112509703,US Stocks
2009-02-02,INGR,5.429926,-6.310424149325346,US Stocks
2009-02-03,RBCAA,7.4947796,-4.308250037509831,US Stocks
2009-02-03,NOV,-0.0008968115,-11.803926435787114,US Stocks
2009-02-03,EPR,6.4401345,-5.362895099002751,US Stocks
2009-02-03,TROW,6.048767,-5.754262534458073,US Stocks
2009-02-04,TKO,33.48476,21.869454028625903,US Stocks
2009-02-04,RYN,1.8543227,-9.760983583907668,US Stocks
2009-02-04,KFY,7.5989513,-4.0163549160762475,US Stocks
2009-02-04,CDP,1.8729234,-9.742382881621902,US Stocks
2009-02-04,BG,2.3525271,-9.262779114226882,US Stocks
2009-02-05,ACGL,13.899418,2.6336489483164076,US Stocks
2009-02-05,SKT,3.5466032,-7.719165726061034,US Stocks
2009-02-05,ROP,8.121079,-3.144689483995604,US Stocks
2009-02-05,PNC,9.677545,-1.5882243350698229,US Stocks
2009-02-05,KOF,4.2549815,-7.01078741108911,US Stocks
2009-02-05,J,3.251855,-8.013914032335448,US Stocks
2009-02-05,INGR,5.014565,-6.251203937883544,US Stocks
2009-02-05,DIOD,11.28801,0.022240714673829487,US Stocks
2009-02-06,TKO,33.89485,22.64598190643852,US Stocks
2009-02-06,MTD,22.686544,11.43767464020317,US Stocks
2009-02-06,EOG,5.031673,-6.217196823572465,US Stocks
2009-02-09,AYI,11.2758665,-0.5610592105247179,US Stocks
2009-02-10,WRB,13.535285,1.7736013291129602,US Stocks
2009-02-10,AIT,25.39183,13.630146777416183,US Stocks
2009-02-10,VTR,4.8814654,-6.8802182318916785,US Stocks
2009-02-10,BRC,4.7054877,-7.056195938800858,US Stocks
2009-02-10,VNO,0.74903274,-11.01265093109517,US Stocks
2009-02-10,CDP,1.8204436,-9.941240036701249,US Stocks
2009-02-10,CME,13.577712,1.8160283921012415,US Stocks
2009-02-10,CW,17.687435,5.92575148322673,US Stocks
2009-02-10,EGP,11.372158,-0.38952561638264527,US Stocks
2009-02-10,EMN,7.692689,-4.068994724964188,US Stocks
2009-02-10,EOG,5.629594,-6.132089817737626,US Stocks
2009-02-10,GEF,3.7750125,-7.98667117378621,US Stocks
2009-02-10,HP,2.3469486,-9.414735043262528,US Stocks
2009-02-10,J,3.3512182,-8.410465443347977,US Stocks
2009-02-10,KOF,4.2856927,-7.475990975116776,US Stocks
2009-02-10,MSA,11.801474,0.039789950633956295,US Stocks
2009-02-10,NSC,11.370653,-0.39103051445393433,US Stocks
2009-02-10,OKE,17.729979,5.9682948944816125,US Stocks
2009-02-10,OVV,-0.15036714,-11.912050807689713,US Stocks
2009-02-10,PSA,7.7218237,-4.039859974597977,US Stocks
2009-02-10,SKT,3.781383,-7.980300629352616,US Stocks
2009-02-10,SLB,0.7242135,-11.037470185970353,US Stocks
2009-02-10,TROW,5.9224343,-5.839249336933182,US Stocks
2009-02-10,UNP,16.714682,4.952997958446456,US Stocks
2009-02-10,BANF,7.3269806,-4.434703076099442,US Stocks
2009-02-10,AGCO,5.3329635,-6.4287202002754675,US Stocks
2009-02-11,APA,-0.1288361,-11.881363482357083,US Stocks
2009-02-11,HLIO,6.6142006,-5.138326794982968,US Stocks
2009-02-12,EGP,12.090162,0.19894999366287713,US Stocks
2009-02-12,GRC,6.3122654,-5.5789468874406385,US Stocks
2009-02-12,IEX,12.343093,0.45188063483719354,US Stocks
2009-02-12,SKT,4.1239996,-7.767212687916713,US Stocks
2009-02-13,BANF,8.024718,-4.442539086631539,US Stocks
2009-02-13,HLIO,7.015443,-5.4518145230329065,US Stocks
2009-02-13,PNC,12.138179,-0.3290785458600549,US Stocks
2009-02-13,TROW,6.5977263,-5.869531026176217,US Stocks
2009-02-17,R,12.933612,0.43397122863149384,US Stocks
2009-02-17,ACGL,14.004501,1.5048607015929196,US Stocks
2009-02-17,ALB,5.293213,-7.206427750555518,US Stocks
2009-02-17,CFR,5.128589,-7.371051487890723,US Stocks
2009-02-17,CME,14.207246,1.7076051855406735,US Stocks
2009-02-17,CMI,33.65435,21.1547096395812,US Stocks
2009-02-17,CW,17.742594,5.242953124078271,US Stocks
2009-02-17,DHC,0.39120018,-12.108440456358435,US Stocks
2009-02-17,EXC,1.3545105,-11.145130095449927,US Stocks
2009-02-17,FE,1.0942187,-11.405421910254004,US Stocks
2009-02-17,FLR,0.55866706,-11.940973577467444,US Stocks
2009-02-17,GEO,7.5634823,-4.936158356634619,US Stocks
2009-02-17,HAL,1.5573766,-10.942264018026831,US Stocks
2009-02-17,OKE,19.254763,6.755122008355615,US Stocks
2009-02-17,HP,2.3741477,-10.125492987600806,US Stocks
2009-02-17,XLE,4.2445035,-8.255137143103125,Sector/Theme ETFs
2009-02-17,MDU,4.2717175,-8.227923092810157,US Stocks
2009-02-17,RBCAA,8.200528,-4.299112496344092,US Stocks
2009-02-17,RYN,1.9447451,-10.55489557739878,US Stocks
2009-02-17,UMBF,3.4697046,-9.029936013189795,US Stocks
2009-02-17,URBN,4.040404,-8.459236798254492,US Stocks
2009-02-17,XLB,5.95487,-6.544770417181494,Sector/Theme ETFs
2009-02-18,BFH,3.9085546,-8.737859038556543,US Stocks
2009-02-18,EQT,2.5790067,-10.067406920636621,US Stocks
2009-02-18,FFIN,5.406676,-7.239737776959863,US Stocks
2009-02-18,KOF,4.6103115,-8.036102084363428,US Stocks
2009-02-18,WAB,21.4736,8.827186795031103,US Stocks
2009-02-19,AME,20.916328,8.135952091860409,US Stocks
2009-02-19,GBCI,4.2804303,-8.499946021390324,US Stocks
2009-02-19,NBTB,3.5693026,-9.211073779416447,US Stocks
2009-02-19,RLI,9.601701,-3.1786755555394937,US Stocks
2009-02-19,MTN,9.439882,-3.3404940598729898,US Stocks
2009-02-20,AFG,21.65075,8.359037196708321,US Stocks
2009-02-20,FCNCA,19.505222,6.213510310721993,US Stocks
2009-02-20,GPC,6.6762958,-6.615416252540946,US Stocks
2009-02-20,INVX,0.3587941,-12.932917916702628,US Stocks
2009-02-20,PB,3.1617947,-10.129917347359061,US Stocks
2009-02-20,RRX,6.8109117,-6.480800354408622,US Stocks
2009-02-20,SYBT,7.560542,-5.731169903206229,US Stocks
2009-02-20,WST,25.62675,12.335038936210275,US Stocks
2009-02-23,OXY,1.0044496,-11.765248138020358,US Stocks
2009-02-23,LSTR,5.3012333,-7.468464452336153,US Stocks
2009-02-23,ARLP,7.673601,-5.096096593449435,US Stocks
2009-02-23,BRO,7.6961565,-5.0735412421921104,US Stocks
2009-02-23,OIH,0.05003488,-12.719662863324007,Sector/Theme ETFs
2009-02-23,CNX,0.59053504,-12.179162699292025,US Stocks
2009-02-23,CPK,9.291576,-3.478121358464083,US Stocks
2009-02-23,EXPD,7.0983105,-5.671387273381075,US Stocks
2009-02-23,FLS,4.883442,-7.886255818913302,US Stocks
2009-02-23,FRO,0.20763004,-12.562067705700716,US Stocks
2009-02-23,GBCI,3.9716344,-8.79806335599216,US Stocks
2009-02-23,HAL,1.5543742,-11.21532352597507,US Stocks
2009-02-23,HP,2.265067,-10.504630643437228,US Stocks
2009-02-23,CMC,8.0697565,-4.699941236088595,US Stocks
2009-02-23,NOV,0.03585422,-12.73384352357181,US Stocks
2009-02-23,OII,2.2343307,-10.535367089817843,US Stocks
2009-02-23,PNFP,4.525687,-8.244010526249728,US Stocks
2009-02-23,RBA,6.1986313,-6.571066457341036,US Stocks
2009-02-23,SCCO,29.980171,17.21047345965115,US Stocks
2009-02-23,SEB,3.5189667,-9.250731069157442,US Stocks
2009-02-23,SR,2.7578979,-10.011799890110812,US Stocks
2009-02-23,STLD,35.873203,23.10350553362576,US Stocks
2009-02-23,SXT,7.9329424,-4.8367553535202354,US Stocks
2009-02-23,TOWN,2.8450487,-9.924649077961764,US Stocks
2009-02-24,BXP,1.9005527,-10.978422063748658,US Stocks
2009-02-24,VTR,5.3657103,-7.51326455489856,US Stocks
2009-02-24,ESS,7.71387,-5.165104764859498,US Stocks
2009-02-25,FLS,4.4320984,-8.676287154024713,US Stocks
2009-02-25,STLD,39.37891,26.270524522000677,US Stocks
2009-02-25,SSB,6.151475,-6.956910589998834,US Stocks
2009-02-25,RYN,2.1031222,-11.005263308352106,US Stocks
2009-02-25,PCAR,10.13042,-2.9779658115564516,US Stocks
2009-02-25,MDU,4.5707707,-8.537614802187555,US Stocks
2009-02-25,LSTR,5.7280664,-7.380319098299616,US Stocks
2009-02-25,UMBF,3.4903712,-9.618014315432184,US Stocks
2009-02-25,HWKN,25.291306,12.1829199992956,US Stocks
2009-02-25,EXPD,7.6505346,-5.457850912874811,US Stocks
2009-02-25,CPK,9.834649,-3.273736456698053,US Stocks
2009-02-25,CME,13.675934,0.5675482951940367,US Stocks
2009-02-25,HAL,1.6048491,-11.503536442583673,US Stocks
2009-02-25,WAB,21.083246,7.974860688382513,US Stocks
2009-02-26,EME,54.219917,40.789015871509335,US Stocks
2009-02-26,CDP,1.902802,-11.528099435344917,US Stocks
2009-02-26,FRO,0.40285087,-13.0280505595362,US Stocks
2009-02-26,SEB,3.7847118,-9.646189588085395,US Stocks
2009-02-26,BEN,3.1165047,-10.314396756664497,US Stocks
2009-02-26,WST,25.886948,12.456046205981988,US Stocks
2009-02-26,SKT,4.233537,-9.197364228740913,US Stocks
2009-02-26,TOWN,3.4050083,-10.02589310981391,US Stocks
2009-02-26,STRA,-0.32160616,-13.752507585064155,US Stocks
2009-02-27,BIO,5.493636,-8.617930179009779,US Stocks
2009-02-27,CME,14.586347,0.4747803159853383,US Stocks
2009-02-27,FFIN,5.420159,-8.691407447228773,US Stocks
2009-02-27,MGRC,11.507446,-2.6041200212339,US Stocks
2009-02-27,GEF,4.457884,-9.653682475457533,US Stocks
2009-02-27,VMC,6.047454,-8.064112429986341,US Stocks
2009-02-27,O,6.7522817,-7.359284644494398,US Stocks
2009-02-27,NJR,4.564152,-9.547414546380384,US Stocks
2009-02-27,MAA,8.415644,-5.695922618279798,US Stocks
2009-03-02,OIH,0.14645529,-14.07941007513474,Sector/Theme ETFs
2009-03-02,ESE,8.387946,-5.837919234222875,US Stocks
2009-03-02,CMC,9.234502,-4.991363524384008,US Stocks
2009-03-02,CSX,24.173872,9.948006630950465,US Stocks
2009-03-02,CNX,0.8388665,-13.386998890823827,US Stocks
2009-03-02,VSEC,16.21293,1.987065316253199,US Stocks
2009-03-02,CFR,5.2963605,-8.929504870361791,US Stocks
2009-03-02,BG,2.6835766,-11.542288779205785,US Stocks
2009-03-02,ARLP,7.9235306,-6.302334784454809,US Stocks
2009-03-02,AKR,2.5596254,-11.666239975876318,US Stocks
2009-03-02,HUBG,2.2150536,-12.01081180471848,US Stocks
2009-03-02,JEF,5.115036,-9.110829352325903,US Stocks
2009-03-02,VLO,47.441708,33.215842248015896,US Stocks
2009-03-02,LII,17.526213,3.300347329192652,US Stocks
2009-03-02,NFG,3.7933254,-10.432539938873754,US Stocks
2009-03-02,NOV,0.123631716,-14.102233647293554,US Stocks
2009-03-02,ODFL,62.773262,48.54739666085769,US Stocks
2009-03-02,OII,2.444585,-11.781280278152929,US Stocks
2009-03-02,PB,3.3192768,-10.906588553375707,US Stocks
2009-03-02,PNFP,5.1357884,-9.090076922363744,US Stocks
2009-03-02,RL,13.786246,-0.4396190633244377,US Stocks
2009-03-02,ROP,9.220009,-5.005856512970434,US Stocks
2009-03-02,RRX,6.8899226,-7.335942744202123,US Stocks
2009-03-02,SCCO,29.507023,15.281157494597926,US Stocks
2009-03-02,SRE,6.2518682,-7.97399711508225,US Stocks
2009-03-02,TDW,-0.90264946,-15.128514825291143,US Stocks
2009-03-02,UGI,3.4503236,-10.775541781372533,US Stocks
2009-03-02,VFC,1.0363493,-13.189516066498266,US Stocks
2009-03-02,D,3.6209402,-10.604925154633031,US Stocks
2009-03-02,HP,2.71458,-11.511285304016576,US Stocks
2009-03-03,ECL,10.068401,-3.805107435208612,US Stocks
2009-03-03,RJF,21.42026,7.546750703829474,US Stocks
2009-03-03,FUL,4.650155,-9.223353704434686,US Stocks
2009-03-03,GBCI,4.354334,-9.519174894315057,US Stocks
2009-03-03,IEP,0.97860456,-12.894904216748529,US Stocks
2009-03-03,MCRI,28.224451,14.350942293184943,US Stocks
2009-03-03,NHI,6.726039,-7.147469839078241,US Stocks
2009-03-03,WLY,1.5556605,-12.31784828565722,US Stocks
2009-03-03,URBN,3.9993734,-9.874135335904413,US Stocks
2009-03-03,TPC,5.868064,-8.005444845181756,US Stocks
2009-03-03,PENN,2.9654043,-10.908104499799066,US Stocks
2009-03-03,RBCAA,7.749524,-6.12398465536242,US Stocks
2009-03-04,SON,3.9063668,-10.60055969942623,US Stocks
2009-03-04,CB,14.079361,-0.4275655626159267,US Stocks
2009-03-04,HUM,22.565496,8.05856992017216,US Stocks
2009-03-04,HWKN,26.808115,12.301188480963175,US Stocks
2009-03-04,LNT,10.761821,-3.7451057313781337,US Stocks
2009-03-04,PEG,4.60486,-9.902066695581015,US Stocks
2009-03-04,SYBT,8.497694,-6.0092325090270595,US Stocks
2009-03-05,OIH,0.14726472,-14.332663853842776,Sector/Theme ETFs
2009-03-05,LII,17.42699,2.9470619361810275,US Stocks
2009-03-05,ROL,13.302536,-1.177392562109988,US Stocks
2009-03-05,RBCAA,9.189166,-5.290762503821414,US Stocks
2009-03-05,ROP,9.461359,-5.018569548804324,US Stocks
2009-03-05,URBN,4.6503887,-9.829539855200808,US Stocks
2009-03-05,VSEC,16.799559,2.3196300666741916,US Stocks
2009-03-05,VTR,6.5384192,-7.941509326178592,US Stocks
2009-03-05,OII,2.4127223,-12.067206223685305,US Stocks
2009-03-05,NHI,7.0408783,-7.439050276953738,US Stocks
2009-03-05,NBTB,4.5146184,-9.965310176093142,US Stocks
2009-03-05,NAT,0.35889602,-14.12103255577759,US Stocks
2009-03-05,MTN,12.2641,-2.215828498084109,US Stocks
2009-03-05,RL,13.663558,-0.8163705665655545,US Stocks
2009-03-05,MAA,8.586404,-5.893524726111453,US Stocks
2009-03-05,IEP,1.1852584,-13.294670184332888,US Stocks
2009-03-05,HUBG,2.4439764,-12.03595217056946,US Stocks
2009-03-05,FLS,5.2740865,-9.205842097479861,US Stocks
2009-03-05,DAR,19.257282,4.7773536842279025,US Stocks
2009-03-05,CPK,11.281399,-3.1985297996588162,US Stocks
2009-03-05,CNP,7.33517,-7.144758780676883,US Stocks
2009-03-05,CMI,38.832794,24.35286561660095,US Stocks
2009-03-05,CME,13.710514,-0.76941450424866,US Stocks
2009-03-05,CMC,9.085867,-5.39406164475159,US Stocks
2009-03-05,AZZ,19.614529,5.134600083153684,US Stocks
2009-03-05,JEF,5.537736,-8.942192633826297,US Stocks
2009-03-05,RIG,-0.86344093,-15.343369503695529,US Stocks
2009-03-06,PPL,2.288935,-12.375090009904252,US Stocks
2009-03-06,BFH,4.5433135,-10.120711452699052,US Stocks
2009-03-06,RDNT,63.461166,48.7971414258715,US Stocks
2009-03-06,RSG,18.581644,3.9176191022631066,US Stocks
2009-03-06,SF,7.96014,-6.703884727692948,US Stocks
2009-03-06,TOWN,3.9985614,-10.665463573670731,US Stocks
2009-03-06,WCC,26.80835,12.144324653410568,US Stocks
2009-03-06,PCAR,12.544052,-2.119972831940995,US Stocks
2009-03-06,CNX,0.74204445,-13.921980507111893,US Stocks
2009-03-06,LECO,25.584888,10.92086350228752,US Stocks
2009-03-09,ESE,7.386977,-6.395849826076878,US Stocks
2009-03-09,NAT,0.32603276,-13.45679426405753,US Stocks
2009-03-09,BMI,10.9507885,-2.8320385238918195,US Stocks
2009-03-09,AME,21.103243,7.320415852328884,US Stocks
2009-03-09,NEE,10.828438,-2.954389216640843,US Stocks
2009-03-09,SNA,21.97159,8.188763020297634,US Stocks
2009-03-09,TMO,18.928093,5.1452659347263445,US Stocks
2009-03-09,GBCI,4.556529,-9.226297976711644,US Stocks
2009-03-09,CHE,14.532399,0.7495721557346453,US Stocks
2009-03-10,XLI,13.062748,-0.6244314667148263,Sector/Theme ETFs
2009-03-10,ICLR,9.179246,-4.507933473245588,US Stocks
2009-03-10,AFG,24.374678,10.687498236043963,US Stocks
2009-03-10,BEN,3.2130919,-10.47408757175633,US Stocks
2009-03-10,BRO,8.5437565,-5.14342293705174,US Stocks
2009-03-10,JEF,4.5809937,-9.106185769693342,US Stocks
2009-03-10,O,6.984185,-6.702994203226057,US Stocks
2009-03-10,PCAR,11.414886,-2.272292947427717,US Stocks
2009-03-10,VMRK,5.737546,-7.949633454935041,US Stocks
2009-03-10,AKR,2.503842,-11.18333730663487,US Stocks
2009-03-11,CFR,4.936611,-8.194203550681584,US Stocks
2009-03-11,MGRC,10.329264,-2.801551039084904,US Stocks
2009-03-11,PSA,8.223283,-4.907531912192814,US Stocks
2009-03-11,RBCAA,7.8464537,-5.2843610595316814,US Stocks
2009-03-11,OIH,0.043334246,-13.08748048053693,Sector/Theme ETFs
2009-03-11,SEB,3.484075,-9.646739656791203,US Stocks
2009-03-11,ROL,12.555179,-0.575636083945744,US Stocks
2009-03-11,SPG,11.473807,-1.6570073913187908,US Stocks
2009-03-11,SSB,6.084176,-7.0466386626810955,US Stocks
2009-03-11,VNO,1.2213559,-11.909458811149113,US Stocks
2009-03-11,SNA,21.297935,8.16712075962115,US Stocks
2009-03-11,SKT,3.830954,-9.299860651359074,US Stocks
2009-03-12,D,3.343964,-9.677286210348779,US Stocks
2009-03-12,GD,12.0529585,-0.9682918217684566,US Stocks
2009-03-12,HLIO,7.819315,-5.201935353567773,US Stocks
2009-03-12,SM,2.5172486,-10.50400167970913,US Stocks
2009-03-13,DAR,16.93553,3.871771137081957,US Stocks
2009-03-13,EME,54.255775,41.19201687987981,US Stocks
2009-03-13,ESS,7.007222,-6.056536396182203,US Stocks
2009-03-13,SPG,13.117187,0.0534279745453361,US Stocks
2009-03-16,PSA,8.379959,-4.266454486096826,US Stocks
2009-03-16,HLIO,7.5661564,-5.080257205213037,US Stocks
2009-03-16,GD,11.409388,-1.2370260040411623,US Stocks
2009-03-16,GWW,24.147999,11.501585217272314,US Stocks
2009-03-16,RYN,1.9560726,-10.690341023648706,US Stocks
2009-03-16,SKT,3.9843192,-8.662094382489649,US Stocks
2009-03-16,TOWN,3.113183,-9.533230570996729,US Stocks
2009-03-17,NHC,7.865505,-4.482135596332132,US Stocks
2009-03-17,O,6.3887496,-5.958891215381204,US Stocks
2009-03-17,SIGI,7.9443636,-4.403277220782815,US Stocks
2009-03-17,WELL,13.0777855,0.7301446771053683,US Stocks
2009-03-18,D,3.1114502,-9.403589127203862,US Stocks
2009-03-18,GD,11.963316,-0.5517233587712447,US Stocks
2009-03-19,VNO,1.690027,-11.119056976540294,US Stocks
2009-03-19,SPG,12.557663,-0.2514210111930044,US Stocks
2009-03-19,NHC,7.969779,-4.83930496047279,US Stocks
2009-03-19,LMT,11.714943,-1.0941410429312857,US Stocks
2009-03-19,RLI,10.226866,-2.5822182066275747,US Stocks
2009-03-19,DOC,2.06983,-10.739254034264293,US Stocks
2009-03-19,ESS,7.644516,-5.164567983849254,US Stocks
2009-03-19,BFH,3.5947447,-9.21433929274818,US Stocks
2009-03-19,PSA,9.391844,-3.4172401792838247,US Stocks
2009-03-19,CB,11.42449,-1.384594000084606,US Stocks
2009-03-19,BLK,13.382438,0.5733537309334604,US Stocks
2009-03-20,APA,-0.09850252,-11.982165232253733,US Stocks
2009-03-20,BANF,6.958642,-4.925020709586802,US Stocks
2009-03-20,CDP,1.6937649,-10.18989779050416,US Stocks
2009-03-20,WAB,20.168003,8.284340366768179,US Stocks
2009-03-20,HLIO,6.940657,-4.943005576682749,US Stocks
2009-03-20,J,3.3886075,-8.49505521352357,US Stocks
2009-03-20,MAA,6.067586,-5.816076770377817,US Stocks
2009-03-20,OVV,-0.19937867,-12.083041384769144,US Stocks
2009-03-20,VMC,6.038793,-5.844869628501597,US Stocks
2009-03-20,SKT,3.6207786,-8.262884154868784,US Stocks
2009-03-20,EME,51.33326,39.44959686701232,US Stocks
2009-03-23,GIS,1.3573229,-10.785292554395664,US Stocks
2009-03-24,SPG,11.72364,-0.28181669240406926,US Stocks
2009-03-24,NJR,4.4585843,-7.546872825674333,US Stocks
2009-03-24,O,6.464663,-5.5407941055815595,US Stocks
2009-03-24,OKE,21.144173,9.13871553415843,US Stocks
2009-03-24,PSA,8.731022,-3.274435253195085,US Stocks
2009-03-24,RLI,10.128885,-1.8765718651335614,US Stocks
2009-03-24,FRT,3.3714957,-8.633961410574235,US Stocks
2009-03-24,STRA,-0.3411293,-12.346586437277116,US Stocks
2009-03-24,FRO,0.3955555,-11.60990163808278,US Stocks
2009-03-24,VTR,5.324949,-6.6805083466093915,US Stocks
2009-03-24,NHC,7.7552414,-4.250215740255632,US Stocks
2009-03-24,WELL,13.637926,1.6324689673859698,US Stocks
2009-03-24,ESS,7.0151033,-4.990353794149675,US Stocks
2009-03-24,EGP,12.4432955,0.4378383445222003,US Stocks
2009-03-24,DAR,14.3044,2.298943309732161,US Stocks
2009-03-24,CB,11.505318,-0.5001394463103193,US Stocks
2009-03-24,HUBG,2.3044684,-9.700988740972795,US Stocks
2009-03-25,REG,4.0678945,-7.677804472459561,US Stocks
2009-03-25,UNP,16.927042,5.181343076215976,US Stocks
2009-03-25,LHX,11.255022,-0.49067688228011797,US Stocks
2009-03-26,DOC,1.9937916,-9.986170773707515,US Stocks
2009-03-26,SM,1.9238617,-10.056100611888057,US Stocks
2009-03-26,SPG,12.2152,0.23523807028662524,US Stocks
2009-03-27,RLI,10.291275,-2.1532561383035613,US Stocks
2009-03-27,APA,0.0036365986,-12.440894564130588,US Stocks
2009-03-27,EOG,6.530543,-5.913988312223239,US Stocks
2009-03-27,MDU,4.2882776,-8.156253536680026,US Stocks
2009-03-27,NHC,8.478205,-3.9663264355447723,US Stocks
2009-03-27,SKT,4.246842,-8.197689255216403,US Stocks
2009-03-27,PSA,9.351674,-3.0928570828226043,US Stocks
2009-03-30,CB,10.821196,-1.499912617903174,US Stocks
2009-03-30,CDP,1.881351,-10.439757226210059,US Stocks
2009-03-30,O,5.894342,-6.426766274671973,US Stocks
2009-03-30,DAR,15.871967,3.550859095353662,US Stocks
2009-03-30,EQT,2.650976,-9.670132277708472,US Stocks
2009-03-30,FLR,0.7329426,-11.588165639143408,US Stocks
2009-03-30,GRC,7.1210423,-5.200065968733252,US Stocks
2009-03-30,HLIO,7.734025,-4.587083218794287,US Stocks
2009-03-30,LMT,11.484701,-0.8364070637039553,US Stocks
2009-03-30,NSC,12.93577,0.6146618144698728,US Stocks
2009-03-30,SM,2.2487357,-10.072372554045142,US Stocks
2009-03-30,OKE,21.868286,9.547177912492334,US Stocks
2009-03-30,OVV,-0.10770404,-12.428812263708533,US Stocks
2009-03-31,HAL,1.7824142,-10.28561587874951,US Stocks
2009-04-01,AKR,2.1499627,-9.546851230119657,US Stocks
2009-04-02,SM,1.6846211,-9.887120255338923,US Stocks
2009-04-02,REG,3.442604,-8.129137286054865,US Stocks
2009-04-02,AYI,13.086882,1.5151402865769708,US Stocks
2009-04-03,NJR,4.5867515,-7.084240893642743,US Stocks
2009-04-06,LECO,19.059706,7.086103739617961,US Stocks
2009-04-07,WELL,13.610675,1.7754025055276745,US Stocks
2009-04-07,AKR,2.1499627,-9.685309688915074,US Stocks
2009-04-07,APA,-0.027175725,-11.862448077071965,US Stocks
2009-04-07,EOG,6.2257543,-5.6095180915487415,US Stocks
2009-04-07,FRO,0.57953334,-11.255739014018834,US Stocks
2009-04-07,GD,10.061312,-1.7739606307638294,US Stocks
2009-04-07,GRC,7.1416054,-4.693666975368322,US Stocks
2009-04-07,MTD,27.351398,15.516126115451991,US Stocks
2009-04-07,STRA,-0.3071156,-12.142387966979802,US Stocks
2009-04-07,VTR,5.2180114,-6.617260973323644,US Stocks
2009-04-08,MCK,28.671719,17.32706354607395,US Stocks
2009-04-13,D,3.280189,-8.27813331823976,US Stocks
2009-04-14,ACGL,14.612755,3.187010380600384,US Stocks
2009-04-14,BXP,1.6573734,-9.768371012832233,US Stocks
2009-04-14,WWD,25.676977,14.251232716415814,US Stocks
2009-04-14,CWT,2.7857578,-8.639986661101887,US Stocks
2009-04-14,GD,9.986405,-1.4393390685573308,US Stocks
2009-04-14,GRC,6.8744693,-4.55127516093404,US Stocks
2009-04-14,LECO,18.52209,7.096346470688275,US Stocks
2009-04-14,SIGI,7.6361637,-3.789580729629108,US Stocks
2009-04-14,WELL,12.64143,1.2156854599460871,US Stocks
2009-04-16,EXC,1.5060709,-9.658542370466492,US Stocks
2009-04-16,D,3.2844791,-7.880134081510803,US Stocks
2009-04-17,ACGL,15.929106,4.232291864896823,US Stocks
2009-04-20,CWT,2.6694121,-8.784091930513622,US Stocks
2009-04-20,D,3.3661427,-8.087361316805126,US Stocks
2009-04-20,DVN,0.552912,-10.900592069750072,US Stocks
2009-04-20,EOG,6.47992,-4.9735841561605945,US Stocks
2009-04-20,EXC,1.5142436,-9.939260463838817,US Stocks
2009-04-20,FRO,0.5278866,-10.925617437486888,US Stocks
2009-04-20,APA,-0.037812054,-11.49131612074876,US Stocks
2009-04-20,GRC,6.6569858,-4.796518306856395,US Stocks
2009-04-20,NHC,7.8149605,-3.6385435868551745,US Stocks
2009-04-20,RSG,14.6629505,3.2094464491555676,US Stocks
2009-04-20,WELL,13.11577,1.6622662733743176,US Stocks
2009-04-20,MUR,0.77771497,-10.675789098863842,US Stocks
2009-04-20,SAM,6.141069,-5.3124351311972156,US Stocks
2009-04-22,EXC,1.5257769,-9.882493401295363,US Stocks
2009-04-22,ICLR,10.389867,-1.0184034354750509,US Stocks
2009-04-22,RLI,10.335857,-1.072412873036086,US Stocks
2009-04-22,WELL,12.965069,1.556798552745164,US Stocks
2009-04-23,FRO,0.517138,-10.706430895650756,US Stocks
2009-04-23,NHC,7.9339323,-3.2896365955714106,US Stocks
2009-04-27,NHC,8.01133,-3.3679450245685416,US Stocks
2009-04-27,FRO,0.56804895,-10.811225721437438,US Stocks
2009-04-27,SAM,5.9019766,-5.477298090059264,US Stocks
2009-04-27,INGR,5.9995823,-5.379692384798034,US Stocks
2009-04-28,EXC,1.5169799,-9.604480967095917,US Stocks
2009-04-28,ANDE,7.451729,-3.6697320790801697,US Stocks
2009-04-30,RLI,10.474155,-0.5783515628398064,US Stocks
2009-04-30,NHC,8.858048,-2.194458549839318,US Stocks
2009-05-01,PNFP,4.9851327,-5.670835281740583,US Stocks
2009-05-04,NJR,4.776281,-5.91958531617823,US Stocks
2009-05-05,FE,1.3545547,-9.142024245822482,US Stocks
2009-05-05,NHC,8.346797,-2.1497819095492883,US Stocks
2009-05-05,RLI,10.43327,-0.06330844458346796,US Stocks
2009-05-11,NHC,8.375682,-2.26875797934548,US Stocks
2009-05-11,RLI,10.556814,-0.08762566275612471,US Stocks
2009-05-15,ICLR,8.809092,-1.8021576899510272,US Stocks
2009-05-20,PNFP,5.779621,-5.094546888466073,US Stocks
2009-05-21,UMBF,3.4768205,-7.422692778213969,US Stocks
2009-05-21,ICLR,9.021672,-1.8778409982762252,US Stocks
2009-05-27,UMBF,3.4676213,-7.183222744081959,US Stocks
2009-05-28,ACGL,14.725414,4.2772914193283444,US Stocks
2009-06-03,UMBF,3.3557343,-6.850176804885473,US Stocks
2009-06-05,UMBF,3.4516125,-6.798333100589945,US Stocks
2009-06-10,UMBF,3.4305387,-6.7410988750833525,US Stocks
2009-06-11,PNFP,6.4326806,-3.7084094623418817,US Stocks
2009-06-24,DINO,25.441607,15.002157518748474,US Stocks
2009-07-08,BANF,8.425727,-2.521017026354441,US Stocks
2009-07-17,BANF,8.454693,-1.61799173896555,US Stocks
2010-05-07,NJR,3.8123817,-4.127534777833567,US Stocks
2010-05-20,NJR,4.0641603,-4.453400375516107,US Stocks
2010-05-20,OII,0.87921894,-7.638341786534479,US Stocks
2010-05-24,OII,0.8856214,-7.745809440210172,US Stocks
2010-05-28,OII,1.4676094,-7.189797702202471,US Stocks
2010-06-01,HAL,0.79564774,-7.616672267880137,US Stocks
2010-06-02,RIG,-0.86344093,-9.24345069369097,US Stocks
2010-06-09,BIO,3.1174774,-5.396593781779357,US Stocks
2010-06-11,RIG,-0.8441372,-9.326932468794029,US Stocks
2010-06-15,RIG,-0.85156244,-9.126848575853545,US Stocks
2010-06-17,OII,1.0840459,-7.16632431959496,US Stocks
2010-06-22,OII,1.1755271,-7.286557659795658,US Stocks
2010-06-24,BIO,3.079383,-5.5019991724725585,US Stocks
2010-06-29,BIO,3.1293793,-5.883636916093902,US Stocks
2010-06-30,HPQ,1.6819515,-7.375891675579844,US Stocks
2010-07-14,OII,1.1222281,-7.301035391965737,US Stocks
2010-07-16,OII,1.169369,-7.4638054001558185,US Stocks
2010-07-29,AGX,71.82113,63.448284001150476,US Stocks
2010-08-03,AGX,72.17249,64.02365998981874,US Stocks
2010-08-11,AGX,75.784805,67.2704574156995,US Stocks
2010-08-31,STRA,-0.23178738,-8.761046554813511,US Stocks
2011-06-06,BAP,7.18118,0.28541405277653187,US Stocks
2011-06-17,BAP,7.1299715,0.19563510862277056,US Stocks
2011-06-22,BAP,7.1224394,0.22520691302358653,US Stocks
2011-07-05,BAP,7.2650557,0.702057795239516,US Stocks
2011-07-11,BAP,7.1337423,0.4228187254013598,US Stocks
2011-08-08,ABM,2.4871845,-5.137388685352716,US Stocks
2011-08-08,HWKN,9.362574,1.7380004137683773,US Stocks
2011-08-08,RBA,3.8550816,-3.76949165166131,US Stocks
2011-08-09,INVX,-0.49125117,-8.514449617344066,US Stocks
2011-08-10,FFIN,4.7065477,-2.929053692887596,US Stocks
2011-08-10,SF,5.141982,-2.493619351456932,US Stocks
2011-08-11,ENS,8.5154705,0.9376264367080722,US Stocks
2011-08-18,AAON,19.517124,11.521963746671965,US Stocks
2011-08-18,ROL,6.823732,-1.1714285300919514,US Stocks
2011-08-19,APA,-0.34768206,-8.335660105117613,US Stocks
2011-08-19,DCI,3.424716,-4.563262050517851,US Stocks
2011-08-19,UGI,2.4397433,-5.548234765895659,US Stocks
2011-08-22,RBA,3.8717718,-3.8298336876367216,US Stocks
2011-08-22,EPR,2.5037096,-5.197895945403445,US Stocks
2011-08-24,RBA,4.0267825,-3.686793140804582,US Stocks
2011-08-25,BLK,8.6859,1.0971445280309275,US Stocks
2011-08-25,EPR,2.4686623,-5.120092944503252,US Stocks
2011-08-26,RBA,3.8124094,-3.536432052307916,US Stocks
2011-08-26,SPXC,11.924608,4.575766777342963,US Stocks
2011-08-31,BLK,8.506355,1.128522400691697,US Stocks
2011-09-01,STRA,0.21147418,-7.386023259683277,US Stocks
2011-09-02,AAON,19.313862,11.653164738670034,US Stocks
2011-09-02,EPR,2.5010571,-5.159639960274058,US Stocks
2011-09-02,HWKN,9.287093,1.6263960542828269,US Stocks
2011-09-02,IPAR,9.1107435,1.4500464143902487,US Stocks
2011-09-06,BLK,8.731887,1.308783545090396,US Stocks
2011-09-06,ICL,-0.34043783,-7.7635411481125765,US Stocks
2011-09-06,RBA,4.035935,-3.3871683935387544,US Stocks
2011-09-08,AAON,19.790165,12.049525715132914,US Stocks
2011-09-08,HWKN,9.2996,1.5589604151451208,US Stocks
2011-09-08,IPAR,9.514609,1.7739701044761755,US Stocks
2011-09-08,SPXC,12.822324,5.081684566756449,US Stocks
2011-09-12,BLK,9.226785,1.621255841338563,US Stocks
2011-09-14,FFIN,4.817356,-2.5266721363525324,US Stocks
2011-09-19,AAON,19.633255,12.245138667855311,US Stocks
2011-09-19,SPXC,13.359629,5.971512340340663,US Stocks
2011-09-19,RBA,4.096275,-3.2918414842748156,US Stocks
2011-09-20,HWKN,9.36675,1.724033055661561,US Stocks
2011-09-21,IPAR,9.172437,1.2410166785141907,US Stocks
2011-09-21,GRC,4.4385242,-3.4928957894423522,US Stocks
2011-09-21,EPR,2.582435,-5.348985143003754,US Stocks
2011-09-22,SWK,1.5347936,-6.343134685541683,US Stocks
2011-09-22,OXY,0.3283354,-7.549592896486812,US Stocks
2011-09-22,HP,0.65366673,-7.224261566187435,US Stocks
2011-09-22,UHS,4.3140607,-3.5638676128640707,US Stocks
2011-09-22,AIT,14.514424,6.636496023152775,US Stocks
2011-09-28,AAON,19.065376,11.37946464582939,US Stocks
2011-09-28,HWKN,9.135193,1.4492812351848592,US Stocks
2011-09-28,UHS,4.391781,-3.2941307826374064,US Stocks
2011-09-30,AIT,15.434065,7.264591498124522,US Stocks
2011-09-30,ETN,17.05166,8.882187170731944,US Stocks
2011-09-30,UHS,4.89193,-3.2775432636857804,US Stocks
2011-10-03,HP,0.86006236,-7.112697371900104,US Stocks
2011-10-03,NJR,2.9757335,-4.99702621406319,US Stocks
2011-10-03,ROL,6.120479,-1.852280625760578,US Stocks
2011-10-03,WWD,11.6929865,3.720226755678631,US Stocks
2011-10-03,GRC,3.877983,-4.094776639401935,US Stocks
2011-10-04,ETN,15.426336,7.6166878232250905,US Stocks
2011-10-04,NFLX,40.631824,32.82217602818115,US Stocks
2011-10-07,NFLX,43.667873,36.23837093790549,US Stocks
2011-10-25,NFLX,61.79377,54.68435684619161,US Stocks
2011-11-14,TCOM,1.7495098,-5.245414787556931,US Stocks
2011-11-16,CHE,9.771592,2.5167396979289176,US Stocks
2011-11-16,RBA,4.3145022,-2.9403502030415414,US Stocks
2011-11-21,RBA,4.5815763,-2.8755085072941178,US Stocks
2011-11-23,POWL,28.002367,20.338108528111057,US Stocks
2011-12-08,RBA,4.5088706,-2.4879547894326626,US Stocks
2011-12-08,CHE,9.728675,2.7318494975241245,US Stocks
2011-12-13,CHE,9.895802,2.6158588795533184,US Stocks
2011-12-14,RBA,4.556193,-2.6939313465183545,US Stocks
2011-12-19,CHE,9.604044,2.5216818805546275,US Stocks
2013-12-09,OSIS,3.0081782,-1.3347657604686658,US Stocks
2014-01-27,OSIS,2.4789708,-1.8849768850348783,US Stocks
2014-06-16,FLUT,0.24012184,-3.668268678400925,US Stocks
2014-10-14,PAA,0.1286267,-3.952706985228102,US Stocks
2014-11-04,XOP,0.020772934,-3.6610136488706404,Sector/Theme ETFs
2014-11-10,XOP,-0.013174355,-3.6527718560460105,Sector/Theme ETFs
2014-11-13,XOP,-0.0018351674,-3.6400680712195292,Sector/Theme ETFs
2014-11-17,XOP,0.02094698,-3.587727490198237,Sector/Theme ETFs
2014-11-26,XOP,0.17344928,-3.3985248768099643,Sector/Theme ETFs
2014-11-28,PAA,0.20618272,-3.3977867114489486,US Stocks
2014-12-10,GLNG,0.67763424,-2.961736055249517,US Stocks
2014-12-16,PAA,0.18030715,-3.514241131068445,US Stocks
2014-12-17,SM,0.1492852,-3.4319731117020877,US Stocks
2014-12-22,SM,0.083284974,-3.4515563351695304,US Stocks
2014-12-23,PAA,0.16088653,-3.3735154247847667,US Stocks
2014-12-26,SM,0.09870839,-3.4150568112920645,US Stocks
2014-12-30,PAA,0.16857779,-3.415021286346006,US Stocks
2015-01-05,PAA,0.20594049,-3.508868416686748,US Stocks
2015-01-12,OKE,3.6069322,-0.05514771823011788,US Stocks
2015-01-12,EPD,1.5968504,-2.0652294862660066,US Stocks
2015-01-26,BCPC,2.2743661,-1.3725370846217189,US Stocks
2015-01-28,OKE,3.2488465,-0.41530978188732437,US Stocks
2015-01-28,PAA,0.2103597,-3.4537966202280836,US Stocks
2015-02-09,BCPC,2.2501745,-1.3052776789433365,US Stocks
2015-02-26,PAA,0.18634188,-3.2858565589185798,US Stocks
2015-02-26,EPD,1.4544644,-2.0177340050932013,US Stocks
2015-03-02,EPD,1.4820085,-1.9804444412912474,US Stocks
2015-07-10,FELE,2.8407269,-0.6088418448673201,US Stocks
2015-08-06,EPD,2.0217094,-1.4668031416951015,US Stocks
2015-08-13,OKE,3.9013143,0.4443092835042375,US Stocks
2015-08-19,EPD,1.8380876,-1.7380077338159108,US Stocks
2015-08-24,HUBB,5.3194027,1.335229816307284,US Stocks
2015-08-24,BIDU,-0.38776553,-4.37193840516641,US Stocks
2015-08-26,FELE,2.8009553,-0.8830723712812834,US Stocks
2015-08-31,FELE,2.9091609,-0.9580547775717276,US Stocks
2015-09-01,HUBB,5.1278443,1.3512927764416132,US Stocks
2015-09-29,GEL,-0.16277683,-4.0083581198508265,US Stocks
2015-10-09,BIDU,-0.41785246,-4.025627805621707,US Stocks
2015-10-15,GLNG,0.8359144,-2.732191336892347,US Stocks
2015-10-19,GLNG,0.8956715,-2.6760331465747402,US Stocks
2015-10-30,BHC,-0.93903655,-4.352548304053795,US Stocks
2015-12-03,MTCH,2.4662166,-0.9635075752238027,US Stocks
2015-12-07,GLNG,2.2547793,-1.2320955267739553,US Stocks
2015-12-14,MTCH,2.2274218,-1.3014689772252925,US Stocks
2015-12-28,MTCH,2.3000798,-1.1505729865860967,US Stocks
2015-12-30,MTCH,2.353661,-1.1740535255118996,US Stocks
2016-01-04,BHC,-0.9392723,-4.523426462566404,US Stocks
2016-01-07,MTCH,2.3437896,-1.465845569618084,US Stocks
2016-01-07,BHC,-0.93273664,-4.742371782310345,US Stocks
2016-01-12,MTCH,2.4179845,-1.470355805431705,US Stocks
2016-01-12,WMB,8.496477,4.60813683601727,US Stocks
2016-01-19,PJP,1.1049764,-2.8670963499075697,Sector/Theme ETFs
2016-01-19,ITGR,2.3854027,-1.5866700860983656,US Stocks
2016-01-21,PJP,1.0551982,-2.789779494669488,Sector/Theme ETFs
2016-01-21,TCBI,1.6881514,-2.156826327707818,US Stocks
2016-01-27,BHC,-0.9288783,-4.809979824319337,US Stocks
2016-01-27,PJP,1.207726,-2.6733755152373053,Sector/Theme ETFs
2016-01-27,ACGL,3.472062,-0.40903940607592837,US Stocks
2016-01-28,LEA,0.3838899,-3.38105607508691,US Stocks
2016-01-28,MTCH,2.6208842,-1.1440618085769003,US Stocks
2016-01-29,FFIN,1.9335935,-1.8330744637093819,US Stocks
2016-01-29,EXP,2.2602408,-1.5064271820626534,US Stocks
2016-02-01,MCK,5.400677,1.54652773219187,US Stocks
2016-02-02,BHC,-0.93497187,-4.760196536070851,US Stocks
2016-02-02,LEA,0.46263576,-3.362588911540059,US Stocks
2016-02-02,STX,40.443558,36.618333072178814,US Stocks
2016-02-03,ITGR,2.7562678,-1.0614022456033858,US Stocks
2016-02-04,ACGL,3.5168238,-0.3944036619376545,US Stocks
2016-02-05,MTCH,3.944734,-0.03350461739217536,US Stocks
2016-02-08,WEX,1.8549335,-2.123038272212172,US Stocks
2016-02-08,SEIC,2.350983,-1.626988868067885,US Stocks
2016-02-08,PII,-0.0764001,-4.054371873686934,US Stocks
2016-02-08,BHC,-0.9295572,-4.90752897674861,US Stocks
2016-02-08,HALO,13.892857,9.914884825398302,US Stocks
2016-02-08,EXP,2.3471391,-1.6308326524001604,US Stocks
2016-02-08,BFH,-0.18440151,-4.162373284648085,US Stocks
2016-02-08,IONS,0.31248128,-3.6654904883605486,US Stocks
2016-02-08,XBI,2.2614791,-1.7164926331740862,Sector/Theme ETFs
2016-02-09,TDG,8.08793,4.105659055572064,US Stocks
2016-02-09,BMRN,-0.19039088,-4.17266155495116,US Stocks
2016-02-09,MTCH,3.8342657,-0.14800496115156925,US Stocks
2016-02-11,TDG,7.985917,4.039953548500364,US Stocks
2016-02-16,MTCH,3.4947681,-0.29092865938063905,US Stocks
2016-02-17,AAP,-0.6663325,-4.471710797875687,US Stocks
2016-02-18,WMB,7.3331413,3.525511055757053,US Stocks
2016-02-19,BHC,-0.91932297,-4.658336009737036,US Stocks
2016-02-22,HALO,12.971649,9.172015829314603,US Stocks
2016-02-22,TRN,2.1004152,-1.6992181108099098,US Stocks
2016-02-23,BMRN,-0.28923237,-4.067002293505168,US Stocks
2016-02-23,LEA,0.45966363,-3.318106290735698,US Stocks
2016-02-23,PII,-0.17648226,-3.9542521804947617,US Stocks
2016-02-24,HALO,12.882202,9.161606566310011,US Stocks
2016-02-25,IONS,0.2995522,-3.431931944528788,US Stocks
2016-02-26,WMB,7.0829916,3.3141091533611906,US Stocks
2016-03-02,WMB,6.144669,2.524258836033976,US Stocks
2016-03-08,HALO,11.100446,7.470767029782291,US Stocks
2016-03-08,SAM,-0.025515437,-3.655194154719357,US Stocks
2016-03-08,TCBI,1.454176,-2.175502768496518,US Stocks
2016-03-10,HALO,11.006644,7.454142627915042,US Stocks
2016-03-14,TCBI,1.4441726,-2.121615491344814,US Stocks
2016-03-15,ITGR,3.0212831,-0.5182330743010919,US Stocks
2016-03-15,MCK,5.348185,1.808668838388117,US Stocks
2016-03-15,SAM,-0.07603407,-3.6155502930816095,US Stocks
2016-03-18,ITGR,2.749704,-0.7371717729390772,US Stocks
2016-03-22,ITGR,2.7485933,-0.7705178495810285,US Stocks
2016-04-07,ITGR,2.833737,-0.6568688126703401,US Stocks
2016-04-08,SAM,-0.032020748,-3.533191127668796,US Stocks
2016-04-12,ITGR,2.8187027,-0.5963392404144052,US Stocks
2016-05-24,BHC,-0.7741519,-4.162191120130624,US Stocks
2016-06-27,SIG,0.59210384,-2.9038499148311434,US Stocks
2016-07-05,SIG,0.5657245,-2.7917010776708366,US Stocks
2016-07-06,FLUT,-0.20308113,-3.5632097571633183,US Stocks
2016-08-19,CXW,1.3175197,-1.863041039307789,US Stocks
2016-08-25,GEO,2.2321901,-0.9722276707061823,US Stocks
2016-08-29,GEO,2.5875013,-0.6032225933721334,US Stocks
2016-09-16,GEO,1.9755166,-1.2838265154739954,US Stocks
2016-09-23,NVAX,-0.7673404,-4.010180337753299,US Stocks
2016-09-27,GEO,2.0186393,-1.1771978461368056,US Stocks
2016-10-05,GEO,2.0160685,-1.1964920911249726,US Stocks
2016-10-14,GEO,2.0058272,-1.2741719533820826,US Stocks
2016-11-09,MCK,5.6940894,2.5036682605382765,US Stocks
2016-11-14,MCK,5.91056,2.746246934212209,US Stocks
2016-12-01,FLUT,-0.21229845,-3.3500726746937817,US Stocks
2016-12-13,UHS,0.8016392,-2.222560914586534,US Stocks
2017-01-24,FLUT,-0.17575353,-3.112068854832404,US Stocks
2017-05-03,CPAY,2.015593,-0.752817992160491,US Stocks
2017-06-12,CPAY,1.7057185,-0.9734709645673862,US Stocks
2017-06-19,CPAY,1.8288717,-0.8556644004329423,US Stocks
2017-06-26,CPAY,1.7834136,-0.9267733877728941,US Stocks
2017-06-29,KR,2.1460176,-0.5569570998975037,US Stocks
2017-09-05,MO,1.1721785,-1.4543066455807563,US Stocks
2017-09-07,MO,1.2084804,-1.4227111415404647,US Stocks
2017-09-13,EFX,0.6050756,-1.9751523423903854,US Stocks
2017-10-11,EFX,0.42584884,-2.0730422809173215,US Stocks
2017-11-24,CHTR,-0.66588986,-3.089621239236254,US Stocks
2017-11-30,CHTR,-0.68022716,-3.049195948163256,US Stocks
2017-12-01,ADEA,3.263535,0.8904841267197883,US Stocks
2017-12-06,CHTR,-0.6693623,-3.0433068884545493,US Stocks
2017-12-15,CHTR,-0.6673267,-2.9724221298209943,US Stocks
2018-04-27,CHTR,-0.6036345,-2.9414694648839745,US Stocks
2018-08-22,SMCI,24.295591,22.220102717873207,US Stocks
2018-10-23,VC,0.18507528,-2.1127654369748012,US Stocks
2018-10-24,SRCE,1.2847884,-0.9549294283718752,US Stocks
2018-10-26,SOCL,0.61408126,-1.7020065588627444,Sector/Theme ETFs
2018-10-26,LEA,0.052163243,-2.2639245791111575,US Stocks
2018-10-29,APTV,-0.4044596,-2.6721253931511915,US Stocks
2018-10-30,IPGP,-0.40157247,-2.6347064760572136,US Stocks
2018-11-05,APTV,-0.42161554,-2.601983612140433,US Stocks
2018-11-05,VC,0.08053124,-2.099836831649558,US Stocks
2018-11-07,BWXT,2.401441,0.28207254433227025,US Stocks
2018-11-07,VAC,0.45007575,-1.6692928073446707,US Stocks
2018-11-08,NVR,1.5590742,-0.5910653690506376,US Stocks
2018-11-09,VC,0.13802004,-2.0721017934482786,US Stocks
2018-11-12,HII,0.46606755,-1.7500724105279448,US Stocks
2018-11-14,PENN,-0.27211046,-2.4769412910775874,US Stocks
2018-11-15,EFX,0.51740384,-1.6791143329403,US Stocks
2018-11-20,PSX,3.018186,0.716612404851626,US Stocks
2018-11-20,SSNC,0.9069184,-1.3946552810385717,US Stocks
2018-11-23,PSX,3.087142,0.8161770329451641,US Stocks
2018-11-29,IPGP,-0.43777698,-2.6120295736055894,US Stocks
2018-11-30,PENN,-0.31656414,-2.4493347465435384,US Stocks
2018-11-30,SYBT,1.9153843,-0.21738631123698937,US Stocks
2018-12-03,PSX,3.1171026,0.8794231282085243,US Stocks
2018-12-04,CVCO,2.4623516,0.21975275634864921,US Stocks
2018-12-04,IPGP,-0.3916883,-2.6342870915021503,US Stocks
2018-12-04,SSNC,0.8461956,-1.3964032256688679,US Stocks
2018-12-07,CVCO,2.7339323,0.42048112003544347,US Stocks
2018-12-11,PENN,-0.323107,-2.6192078339372085,US Stocks
2018-12-13,XPO,9.27749,6.918242692540272,US Stocks
2018-12-17,PENN,-0.27279097,-2.703021011393064,US Stocks
2018-12-19,LCII,0.5628787,-1.9771268109965443,US Stocks
2018-12-19,THO,0.4848591,-2.0551464299845814,US Stocks
2018-12-19,GMED,0.7064862,-1.8335193137812733,US Stocks
2018-12-24,PRI,2.1308935,-0.4027127067262195,US Stocks
2018-12-24,ITA,1.6080799,-0.9255262653047107,Sector/Theme ETFs
2018-12-24,XPO,8.534004,6.00039803584275,US Stocks
2018-12-26,META,4.420439,1.9137552443028705,US Stocks
2018-12-26,CW,4.1868396,1.680156058359267,US Stocks
2018-12-27,LEA,0.13366914,-2.377543890220985,US Stocks
2018-12-27,SYBT,1.7521641,-0.7590489027331921,US Stocks
2018-12-27,FDX,1.5802262,-0.930986845238075,US Stocks
2018-12-28,NOC,1.2239516,-1.256774328892885,US Stocks
2018-12-31,GABC,1.0750682,-1.4020403946526865,US Stocks
2019-01-02,LEA,0.13516092,-2.426950385062101,US Stocks
2019-01-02,TRNO,1.2673736,-1.2947377462071206,US Stocks
2019-01-03,META,4.285664,1.839002226926191,US Stocks
2019-01-22,BWXT,2.6442902,0.34182215533347815,US Stocks
2019-01-28,CVCO,2.4842327,0.1817646106252262,US Stocks
2019-01-29,GABC,1.0309024,-1.220099956414932,US Stocks
2019-02-05,CVCO,3.1099954,0.9204999490490264,US Stocks
2019-02-20,OPLN,1.0403137,-1.09537588606312,US Stocks
2019-03-14,FIZZ,0.38338113,-1.6953858648215099,US Stocks
2019-03-22,OPLN,0.9888073,-1.1150067181490524,US Stocks
2019-06-11,FIZZ,0.78324103,-1.219943047011225,US Stocks
2019-08-27,DXC,-0.60991716,-2.593392576007662,US Stocks
2019-09-03,DXC,-0.61908674,-2.5503073660272295,US Stocks
2019-09-18,DXC,-0.6171952,-2.4798765359468034,US Stocks
2019-09-24,FIZZ,0.83948565,-1.0431648030741272,US Stocks
2019-10-31,MMSI,2.4981368,0.695712667015207,US Stocks
2019-11-06,OPLN,0.6793194,-1.1045548904920603,US Stocks
2019-11-07,LOPE,0.8327247,-0.9443012337899503,US Stocks
2019-11-21,OPLN,0.6526271,-1.1063579591983386,US Stocks
2019-11-25,OPLN,0.7013023,-1.0302770010435407,US Stocks
2019-12-10,MMSI,1.8150618,0.08643672838621619,US Stocks
2019-12-19,OPLN,0.64115846,-1.0206967321243945,US Stocks
2020-02-28,COKE,8.175067,6.4129685501980465,US Stocks
2020-03-03,BFAM,-0.570901,-2.2997154469350085,US Stocks
2020-03-05,OGS,0.013258219,-1.8568311871353638,US Stocks
2020-03-05,CDW,0.34671187,-1.5233775318924438,US Stocks
2020-03-05,HII,0.4919479,-1.3781415165726196,US Stocks
2020-03-05,LPLA,4.158991,2.288901454084729,US Stocks
2020-03-06,IQV,1.040726,-1.0724888875737535,US Stocks
2020-03-06,LYV,2.6275923,0.5143774912104262,US Stocks
2020-03-09,ESNT,0.7701858,-1.1898599558394132,US Stocks
2020-03-09,FCNCA,4.570781,2.610735446878177,US Stocks
2020-03-09,COKE,8.296199,6.3361530608613315,US Stocks
2020-03-09,GMED,0.76240957,-1.1976362162153897,US Stocks
2020-03-09,HCA,2.8509135,0.890867740579349,US Stocks
2020-03-09,KDP,0.45997882,-1.500066965154904,US Stocks
2020-03-09,NIC,1.6969566,-0.26308914952685214,US Stocks
2020-03-09,PRI,1.9211116,-0.03893420033861972,US Stocks
2020-03-09,FFIN,0.36672187,-1.5933239155333219,US Stocks
2020-03-09,RHP,1.9710467,0.011000902124148837,US Stocks
2020-03-09,RLI,0.79504156,-1.1650042229216275,US Stocks
2020-03-09,SYY,0.49175715,-1.4682886295836148,US Stocks
2020-03-09,BDX,0.10281408,-1.8572317057173429,US Stocks
2020-03-09,ITA,1.3545184,-0.6055273705046353,Sector/Theme ETFs
2020-03-09,RGA,1.8168418,-0.14320394330431796,US Stocks
2020-03-10,APH,7.7946053,5.682865248102642,US Stocks
2020-03-10,BANF,2.269979,0.15823899306724165,US Stocks
2020-03-10,CPAY,0.7907584,-1.3209816356711617,US Stocks
2020-03-10,EME,10.936445,8.824705229181744,US Stocks
2020-03-10,SSNC,0.8637823,-1.2479577203803291,US Stocks
2020-03-11,CE,-0.3206277,-2.76158804849995,US Stocks
2020-03-11,AVGO,18.847157,16.406196165519827,US Stocks
2020-03-11,CHDN,0.9675245,-1.4734358306349598,US Stocks
2020-03-11,CW,5.1214323,2.6804719452439465,US Stocks
2020-03-11,DRI,3.0846977,0.6437373642502942,US Stocks
2020-03-11,ERIE,0.8598201,-1.581140231651195,US Stocks
2020-03-11,CALY,0.42148817,-2.01947219328297,US Stocks
2020-03-11,GL,1.722918,-0.7180423255385242,US Stocks
2020-03-11,KDP,0.6035005,-1.8374598737181507,US Stocks
2020-03-11,MGRC,1.7177656,-0.7231947894514881,US Stocks
2020-03-11,FIVE,1.8844073,-0.5565530772627674,US Stocks
2020-03-11,RLI,1.019676,-1.421284389060863,US Stocks
2020-03-11,BA,0.20196664,-2.2389937158049427,US Stocks
2020-03-11,MTN,0.22566819,-2.2152921672285877,US Stocks
2020-03-11,VLO,11.743087,9.302126455741993,US Stocks
2020-03-11,BDX,0.18651187,-2.254448484939464,US Stocks
2020-03-11,SYK,0.9017544,-1.5392059798659168,US Stocks
2020-03-11,STZ,0.04326141,-2.3976989503325306,US Stocks
2020-03-11,RNR,1.361577,-1.0793833251417957,US Stocks
2020-03-11,SYY,1.1400938,-1.300866555732616,US Stocks
2020-03-12,IHF,0.6710845,-1.4988876955681816,Sector/Theme ETFs
2020-03-12,KIE,1.4831302,-0.6868420021706596,Sector/Theme ETFs
2020-03-12,SOCL,0.48691118,-1.6830610411339775,Sector/Theme ETFs
2020-03-12,TRNO,0.51953554,-1.6504366772347465,US Stocks
2020-03-12,WIX,-0.34017777,-2.5101499931984916,US Stocks
2020-03-12,VRSK,0.23056304,-1.9394091742211357,US Stocks
2020-03-12,V,1.2399437,-0.9300284760170952,US Stocks
2020-03-12,TTC,0.5229151,-1.6470570938759819,US Stocks
2020-03-12,TPL,6.8878393,4.717867098552607,US Stocks
2020-03-12,WWD,3.3194218,1.1494495494193062,US Stocks
2020-03-12,TDG,2.1785874,0.008615217906855044,US Stocks
2020-03-12,FNF,0.6108067,-1.5591655152016655,US Stocks
2020-03-12,FTNT,10.529526,8.359553538066766,US Stocks
2020-03-12,GLPI,0.681697,-1.4882752077752128,US Stocks
2020-03-12,GOOG,4.774628,2.604655943614863,US Stocks
2020-03-12,GOOGL,4.8551364,2.685164175731562,US Stocks
2020-03-12,GTY,0.71559787,-1.454374350803472,US Stocks
2020-03-12,GWRE,1.0058148,-1.1641574280434623,US Stocks
2020-03-12,HASI,1.0204802,-1.1494920628243461,US Stocks
2020-03-12,IEX,0.9082527,-1.2617195027047172,US Stocks
2020-03-12,JBTM,0.4038837,-1.7660885231667534,US Stocks
2020-03-12,JPM,2.7641716,0.5941993815726265,US Stocks
2020-03-12,LHX,0.5050992,-1.6648730414086357,US Stocks
2020-03-12,LMT,0.8252915,-1.3446807043725029,US Stocks
2020-03-12,MAIN,2.1924233,0.02245112488927692,US Stocks
2020-03-12,MCRI,4.445322,2.2753498179739937,US Stocks
2020-03-12,MKC,-0.23092717,-2.400899388092138,US Stocks
2020-03-12,MTD,1.232234,-0.9377382176095024,US Stocks
2020-03-12,NSC,1.4362378,-0.733734406726934,US Stocks
2020-03-12,ORI,2.4710784,0.3011061770743355,US Stocks
2020-03-12,FIZZ,1.0175738,-1.1523983853035942,US Stocks
2020-03-12,EW,0.34280324,-1.8271689789467827,US Stocks
2020-03-12,ENSG,4.470479,2.300506792766474,US Stocks
2020-03-12,EGP,1.0812361,-1.088736094730474,US Stocks
2020-03-12,AAON,1.5886028,-0.581369437473394,US Stocks
2020-03-12,ACGL,2.0295935,-0.140378751056768,US Stocks
2020-03-12,ACN,0.32502282,-1.8449494021111503,US Stocks
2020-03-12,AIZ,1.8729885,-0.29698375632105023,US Stocks
2020-03-12,ALG,0.61358464,-1.5563875811272636,US Stocks
2020-03-12,ALLE,0.44613695,-1.7238352673226371,US Stocks
2020-03-12,ATO,0.8508272,-1.3191450016671196,US Stocks
2020-03-12,AVAV,1.7448919,-0.4250803368264213,US Stocks
2020-03-12,AWK,0.12653875,-2.043433465259649,US Stocks
2020-03-12,OTTR,1.4906163,-0.6793558972054496,US Stocks
2020-03-12,BCO,0.7232672,-1.4467050211602226,US Stocks
2020-03-12,BRC,1.1131415,-1.0568306820565239,US Stocks
2020-03-12,BYD,3.7897515,1.6197793109244332,US Stocks
2020-03-12,CBU,0.25434804,-1.9156241791420952,US Stocks
2020-03-12,CINF,1.1254964,-1.044475831287481,US Stocks
2020-03-12,COHR,11.939614,9.769642077190301,US Stocks
2020-03-12,CPAY,0.6919646,-1.4780075924569145,US Stocks
2020-03-12,CPK,0.5305567,-1.6394155399971977,US Stocks
2020-03-12,CVCO,2.6943588,0.5243866069144234,US Stocks
2020-03-12,CWT,0.13717055,-2.032801665561773,US Stocks
2020-03-12,BIP,1.0095301,-1.1604421513253227,US Stocks
2020-03-12,TKO,4.4790645,2.3090922457999215,US Stocks
2020-03-12,NVR,1.0273159,-1.1426563637429252,US Stocks
2020-03-12,SYBT,1.9857373,-0.18423489500818402,US Stocks
2020-03-12,SKYW,2.5265658,0.35659357140722125,US Stocks
2020-03-12,SHW,1.0080462,-1.1619260685616508,US Stocks
2020-03-12,RITM,0.31493258,-1.855039634006597,US Stocks
2020-03-12,RAMP,0.29411757,-1.8758546488457695,US Stocks
2020-03-13,BURL,1.0761876,-1.483273393773986,US Stocks
2020-03-13,SIGI,1.2436817,-1.3157793351649771,US Stocks
2020-03-13,ROST,2.239,-0.3204609223842154,US Stocks
2020-03-13,POST,0.38436913,-2.1750918694972525,US Stocks
2020-03-13,OC,2.7761118,0.2166508368015756,US Stocks
2020-03-13,META,3.993887,1.4344259432316293,US Stocks
2020-03-13,LII,0.93393123,-1.6255297729014884,US Stocks
2020-03-13,IPAR,2.001827,-0.5576340028285514,US Stocks
2020-03-13,INDB,0.74648213,-1.8129788705348502,US Stocks
2020-03-13,HAS,1.6094761,-0.9499849149226676,US Stocks
2020-03-13,YUM,1.2928305,-1.2666305371760855,US Stocks
2020-03-13,GL,1.8033524,-0.7561086484431754,US Stocks
2020-03-13,WRB,2.818237,0.25877606186871427,US Stocks
2020-03-13,BR,0.80316675,-1.756294257307006,US Stocks
2020-03-13,BDX,0.1728462,-2.3866148063182364,US Stocks
2020-03-13,AIN,0.5908308,-1.9686302014827262,US Stocks
2020-03-13,AFG,3.4420347,0.8825737169743051,US Stocks
2020-03-13,AEM,4.4768414,1.9173804453373422,US Stocks
2020-03-16,ZTS,-0.3082677,-2.685391789908099,US Stocks
2020-03-16,XNCR,-0.19649124,-2.5736153187700985,US Stocks
2020-03-16,CRVL,2.6733088,0.2961847720196964,US Stocks
2020-03-16,DE,4.5922337,2.2151095805218937,US Stocks
2020-03-16,ADC,0.41179705,-1.9653270306536434,US Stocks
2020-03-16,ADP,1.3701868,-1.0069372715899227,US Stocks
2020-03-16,XLY,1.5405486,-0.8365755143114804,Sector/Theme ETFs
2020-03-16,IAI,2.846582,0.46945785856754796,Sector/Theme ETFs
2020-03-16,KIE,1.7274215,-0.6497025551745175,Sector/Theme ETFs
2020-03-16,IHF,0.88619053,-1.49093354367702,Sector/Theme ETFs
2020-03-16,IHI,0.46903467,-1.9080894055315731,Sector/Theme ETFs
2020-03-16,SKYY,2.5111957,0.13407158232243077,Sector/Theme ETFs
2020-03-16,CRL,1.5954463,-0.7816777291247128,US Stocks
2020-03-16,CPK,0.5141511,-1.8629729809710263,US Stocks
2020-03-16,COLM,0.023387909,-2.3537361683794735,US Stocks
2020-03-16,CME,1.1146395,-1.2624845566698788,US Stocks
2020-03-16,CINF,1.24825,-1.1288740696856259,US Stocks
2020-03-16,CHTR,-0.7264007,-3.103524750704455,US Stocks
2020-03-16,CGNX,0.38996673,-1.9871573510119198,US Stocks
2020-03-16,BRC,1.2577384,-1.119385725493121,US Stocks
2020-03-16,CSX,1.8328898,-0.5442342820116757,US Stocks
2020-03-16,BMI,1.4600918,-0.9170322480150936,US Stocks
2020-03-16,BLDR,3.7192206,1.342096560960126,US Stocks
2020-03-16,BIP,1.2393465,-1.1377775731035946,US Stocks
2020-03-16,BCO,0.9543059,-1.4228181900927304,US Stocks
2020-03-16,BAH,0.19567442,-2.1814496579119442,US Stocks
2020-03-16,ATO,0.7237743,-1.6533497633883236,US Stocks
2020-03-16,AME,2.9005601,0.5234360632947208,US Stocks
2020-03-16,ALLE,0.57144034,-1.8056837382265805,US Stocks
2020-03-16,ALG,0.7227392,-1.654384857649493,US Stocks
2020-03-16,AIZ,2.246632,-0.13049197816340907,US Stocks
2020-03-16,VRSK,0.23821664,-2.138907438749957,US Stocks
2020-03-16,VMC,1.7509143,-0.6262097420641659,US Stocks
2020-03-16,CRM,0.6848253,-1.6922987761446713,US Stocks
2020-03-16,TSN,0.3194065,-2.0577175679156063,US Stocks
2020-03-16,MAA,0.28018916,-2.096934920782733,US Stocks
2020-03-16,MA,1.5170865,-0.8600375714251278,US Stocks
2020-03-16,LMT,0.88116753,-1.4959565463015316,US Stocks
2020-03-16,LHX,0.5824255,-1.794698602194476,US Stocks
2020-03-16,LCII,0.37288606,-2.0042380156466244,US Stocks
2020-03-16,LAD,2.9605098,0.5833856997540714,US Stocks
2020-03-16,KBR,1.4102609,-0.9668631615587948,US Stocks
2020-03-16,KBH,2.5700614,0.19293736792118565,US Stocks
2020-03-16,JPM,3.1716614,0.7945372996381046,US Stocks
2020-03-16,IRT,0.66791284,-1.7092112364718197,US Stocks
2020-03-16,IOSP,0.46149635,-1.9156277241656063,US Stocks
2020-03-16,IDXX,1.3680284,-1.0090956749865292,US Stocks
2020-03-16,ICUI,-0.12181264,-2.4989367189356564,US Stocks
2020-03-16,HON,0.80657566,-1.5705484213778256,US Stocks
2020-03-16,GOOGL,5.3589754,2.9818513331464054,US Stocks
2020-03-16,MCHP,1.7723415,-0.6047825875231503,US Stocks
2020-03-16,GOOG,5.289951,2.912826770310712,US Stocks
2020-03-16,MGRC,1.4647069,-0.9124171795794247,US Stocks
2020-03-16,MTZ,7.21612,4.838995688920331,US Stocks
2020-03-16,TTC,0.7694844,-1.6076396765658139,US Stocks
2020-03-16,SHW,1.3851702,-0.991953855986285,US Stocks
2020-03-16,SBUX,0.77116704,-1.6059570374438046,US Stocks
2020-03-16,RSG,1.8897817,-0.4873423638293026,US Stocks
2020-03-16,RNG,-0.5173018,-2.8944258751818417,US Stocks
2020-03-16,RLI,0.7898556,-1.587268477911639,US Stocks
2020-03-16,RBCAA,2.1784723,-0.19865179681270106,US Stocks
2020-03-16,RBC,3.4070158,1.0298917231610538,US Stocks
2020-03-16,PLD,1.1549482,-1.222175842756915,US Stocks
2020-03-16,PEGA,0.03840792,-2.3387161555239437,US Stocks
2020-03-16,PAYX,1.0542347,-1.3228893341967343,US Stocks
2020-03-16,OSK,1.4120402,-0.9650838437029599,US Stocks
2020-03-16,ORI,2.7302678,0.353143685822797,US Stocks
2020-03-16,OKE,5.416995,3.039870971207929,US Stocks
2020-03-16,NSC,1.5631199,-0.8140041890093563,US Stocks
2020-03-16,MPT,-0.64812595,-3.0252500238367794,US Stocks
2020-03-16,GGG,0.8583659,-1.5187581839510678,US Stocks
2020-03-16,HLT,4.0311093,1.6539852557233097,US Stocks
2020-03-16,FRME,0.6804513,-1.6966728033968685,US Stocks
2020-03-16,FTNT,11.212253,8.835128539567304,US Stocks
2020-03-16,STRL,60.441113,58.06398844099553,US Stocks
2020-03-16,TOWN,1.0828252,-1.2942988934466122,US Stocks
2020-03-16,DHI,3.5886745,1.2115504679730655,US Stocks
2020-03-16,EGP,1.3203773,-1.0567467274615048,US Stocks
2020-03-16,ELV,0.8375046,-1.5396194519945858,US Stocks
2020-03-16,EPAM,-0.41101694,-2.788141018385577,US Stocks
2020-03-16,ERIE,0.45884526,-1.9182788195559262,US Stocks
2020-03-16,ELS,0.23523271,-2.1418913664767025,US Stocks
2020-03-16,EXR,0.95685494,-1.420269137854266,US Stocks
2020-03-16,FAF,0.82521427,-1.5519098105379818,US Stocks
2020-03-16,FBNC,1.7307117,-0.6464123787829159,US Stocks
2020-03-16,FCNCA,5.468188,3.091063731675458,US Stocks
2020-03-16,FIS,-0.65737665,-3.034500724310565,US Stocks
2020-03-16,TRNO,0.6602334,-1.716890698904681,US Stocks
2020-03-16,FIX,48.711597,46.334473365311936,US Stocks
2020-03-16,EXPO,0.120598316,-2.2565257611223934,US Stocks
2020-03-17,EXLS,2.9948225,0.43758531386609434,US Stocks
2020-03-17,AZO,2.5501547,-0.007082502296015036,US Stocks
2020-03-17,CHCO,1.6470242,-0.9102130336070502,US Stocks
2020-03-17,DCO,9.209512,6.6522745686268365,US Stocks
2020-03-17,EEFT,-0.09428203,-2.6515192193294013,US Stocks
2020-03-17,EFSC,1.4318602,-1.1253769797587836,US Stocks
2020-03-17,HEI,3.8157358,1.2584986286854303,US Stocks
2020-03-17,NSP,1.311492,-1.2457452220225775,US Stocks
2020-03-17,LFUS,3.3348355,0.7775983410572564,US Stocks
2020-03-17,JBL,15.464996,12.907759149620489,US Stocks
2020-03-17,TFX,-0.47622335,-3.033460537841364,US Stocks
2020-03-17,SHOO,1.8420055,-0.7152316970134223,US Stocks
2020-03-17,RVTY,1.24002,-1.3172171515727484,US Stocks
2020-03-17,WAT,1.4022396,-1.1549976271892035,US Stocks
2020-03-17,PLUS,3.119676,0.562438924858526,US Stocks
2020-03-17,NDSN,2.3289962,-0.22824100678209902,US Stocks
2020-03-17,MORN,0.93854535,-1.6186918420100653,US Stocks
2020-03-17,QLYS,1.5753767,-0.9818604392314398,US Stocks
2020-03-18,THG,1.9392045,-0.6104887845266123,US Stocks
2020-03-18,ZTS,-0.249322,-2.7990152361142893,US Stocks
2020-03-18,WEX,0.6912966,-1.858396661494996,US Stocks
2020-03-18,VRSK,0.31288326,-2.2368099810827036,US Stocks
2020-03-18,UNH,0.8854816,-1.6642116429555673,US Stocks
2020-03-18,TXN,2.3881006,-0.16159261486413667,US Stocks
2020-03-18,TDY,1.677201,-0.8724922063100595,US Stocks
2020-03-18,PLD,1.3835592,-1.1661340119588632,US Stocks
2020-03-18,SSD,1.7375224,-0.8121708752858896,US Stocks
2020-03-18,G,0.44352305,-2.106170189594056,US Stocks
2020-03-18,GGG,0.9227854,-1.62690783760431,US Stocks
2020-03-18,GL,1.692523,-0.8571702363240976,US Stocks
2020-03-18,GPN,-0.34031236,-2.8900056006658335,US Stocks
2020-03-18,HAE,0.3161856,-2.233507645343568,US Stocks
2020-03-18,HALO,6.2765102,3.7268169996988516,US Stocks
2020-03-18,HD,1.1033516,-1.4463416459310312,US Stocks
2020-03-18,HTHT,0.79453397,-1.7551592709768076,US Stocks
2020-03-18,ICLR,0.39586043,-2.153832805370118,US Stocks
2020-03-18,IOSP,0.6552403,-1.8944529416311044,US Stocks
2020-03-18,IRT,1.0036502,-1.5460430505025644,US Stocks
2020-03-18,JPM,3.5854053,1.035712110782836,US Stocks
2020-03-18,FICO,1.8596287,-0.6900645615804453,US Stocks
2020-03-18,LCII,0.6030482,-1.946645033572938,US Stocks
2020-03-18,MAA,0.45650935,-2.0931838872182627,US Stocks
2020-03-18,MELI,3.0153818,0.4656885741007071,US Stocks
2020-03-18,MKSI,2.9783952,0.4287019846689444,US Stocks
2020-03-18,MSCI,1.5005579,-1.0491353394735117,US Stocks
2020-03-18,OC,2.6936443,0.14395104625341704,US Stocks
2020-03-18,ORLY,3.3978243,0.8481310484659415,US Stocks
2020-03-18,OSK,1.6349256,-0.9147676350820322,US Stocks
2020-03-18,OTTR,1.4065597,-1.1431335332143564,US Stocks
2020-03-18,PEGA,0.05644977,-2.49324346802118,US Stocks
2020-03-18,PHM,5.1336055,2.5839122412454825,US Stocks
2020-03-18,IHI,0.5206816,-2.0290116193044443,Sector/Theme ETFs
2020-03-18,SUPN,1.5703127,-0.9793805005300302,US Stocks
2020-03-18,LOPE,1.55091,-0.9987832429158945,US Stocks
2020-03-18,FCNCA,5.6302466,3.0805534003030997,US Stocks
2020-03-18,EXPO,0.17884791,-2.3708453299749155,US Stocks
2020-03-18,ELV,1.1800873,-1.369605910991456,US Stocks
2020-03-18,SPXC,4.665777,2.116083967472289,US Stocks
2020-03-18,SLAB,1.9793849,-0.570308339809205,US Stocks
2020-03-18,RSG,2.1881325,-0.3615607144582529,US Stocks
2020-03-18,RS,4.6799526,2.1302593825113516,US Stocks
2020-03-18,ROK,2.5590842,0.009390938068602583,US Stocks
2020-03-18,RLI,0.85268235,-1.6970108868825693,US Stocks
2020-03-18,ADI,4.056237,1.5065439818155508,US Stocks
2020-03-18,ADP,1.6129198,-0.9367734315145273,US Stocks
2020-03-18,AEIS,6.785259,4.235565531040404,US Stocks
2020-03-18,AEM,4.4416814,1.8919881460916739,US Stocks
2020-03-18,AGO,2.7999914,0.2502981302988272,US Stocks
2020-03-18,AGYS,5.773064,3.2233708975565176,US Stocks
2020-03-18,AJG,2.5883756,0.03868232944128325,US Stocks
2020-03-18,ALNT,7.45282,4.90312658527014,US Stocks
2020-03-18,AMAT,12.741361,10.191667425419066,US Stocks
2020-03-18,RHP,6.843309,4.293615686680052,US Stocks
2020-03-18,BDX,0.18441737,-2.365275871967103,US Stocks
2020-03-18,BRC,1.3860648,-1.163628471111085,US Stocks
2020-03-18,BWXT,2.6629927,0.11329947688696196,US Stocks
2020-03-18,CACI,2.2155929,-0.3341003777730722,US Stocks
2020-03-18,CME,1.2617726,-1.2879206063497324,US Stocks
2020-03-18,CNS,1.2876344,-1.2620588662374277,US Stocks
2020-03-18,CRVL,2.7116156,0.1619223234903555,US Stocks
2020-03-18,CSX,1.7942655,-0.7554277302968759,US Stocks
2020-03-18,DE,4.9217114,2.372018205906127,US Stocks
2020-03-18,DGII,10.614062,8.064369070316527,US Stocks
2020-03-18,DOV,1.8816175,-0.6680756928670664,US Stocks
2020-03-18,PRMB,1.5435855,-1.0061077000844736,US Stocks
2020-03-18,RDNT,7.1068373,4.557144033695433,US Stocks
2020-03-19,GLPI,1.9176948,-0.7918591755368434,US Stocks
2020-03-19,LHX,0.7355932,-1.9739607828595362,US Stocks
2020-03-19,WCN,1.0530784,-1.6564755695798121,US Stocks
2020-03-19,TXNM,1.3845923,-1.3249616878964625,US Stocks
2020-03-19,STRL,66.78089,64.07133743586758,US Stocks
2020-03-19,STE,0.91232204,-1.797231938216897,US Stocks
2020-03-19,ON,6.4741225,3.764568541672019,US Stocks
2020-03-19,NBHC,1.0039012,-1.7056527393796168,US Stocks
2020-03-19,ITRI,0.75935924,-1.9501947420575343,US Stocks
2020-03-19,ISRG,2.129303,-0.5802510040738307,US Stocks
2020-03-19,XPO,12.020511,9.310956690933494,US Stocks
2020-03-19,ICE,1.2659152,-1.443638827178689,US Stocks
2020-03-19,EXTR,9.685021,6.9754674178622045,US Stocks
2020-03-19,EXR,1.1166537,-1.592900301788064,US Stocks
2020-03-19,CINF,1.5463989,-1.1631551044919215,US Stocks
2020-03-19,CACC,1.0681167,-1.641437317702981,US Stocks
2020-03-19,BMI,1.8974543,-0.8120997208096705,US Stocks
2020-03-19,BAH,0.36135662,-2.348197366569253,US Stocks
2020-03-19,AWK,0.43533254,-2.274221445892068,US Stocks
2020-03-19,ATO,1.1615169,-1.548037077758523,US Stocks
2020-03-19,GBCI,0.8113831,-1.898170854423257,US Stocks
2020-03-20,AGM,4.5522947,1.74540568928149,US Stocks
2020-03-20,AEM,4.59839,1.7915010605278279,US Stocks
2020-03-20,WEC,0.7947711,-2.0121179666099285,US Stocks
2020-03-20,A,1.720653,-1.086235984760258,US Stocks
2020-03-20,AMAT,12.748203,9.941314235729244,US Stocks
2020-03-20,ABT,0.7510718,-2.0558172311362957,US Stocks
2020-03-20,UFPI,1.4985604,-1.308328613239262,US Stocks
2020-03-20,APO,4.687066,1.8801770363273884,US Stocks
2020-03-20,CNC,0.40472007,-2.4021689738807415,US Stocks
2020-03-20,XEL,0.777207,-2.0296820249137615,US Stocks
2020-03-20,TECH,0.75134945,-2.055539592700932,US Stocks
2020-03-20,SSD,2.6741745,-0.13271449466321217,US Stocks
2020-03-20,SLAB,1.9721999,-0.8346891250190471,US Stocks
2020-03-20,SHOO,1.3207297,-1.486159309345219,US Stocks
2020-03-20,RMD,0.9558904,-1.8509986247596477,US Stocks
2020-03-20,PRMB,1.7102773,-1.096611722904179,US Stocks
2020-03-20,PEGA,0.10906255,-2.6978264894065593,US Stocks
2020-03-20,NSC,2.0096393,-0.7972497787055706,US Stocks
2020-03-20,NOW,1.7042534,-1.102635606723759,US Stocks
2020-03-20,MTD,1.5474458,-1.2594432677802776,US Stocks
2020-03-20,CBU,0.48500288,-2.3218861665305828,US Stocks
2020-03-20,MPT,-0.595115,-3.402004047828648,US Stocks
2020-03-20,LMT,1.1668084,-1.640080675083134,US Stocks
2020-03-20,KTOS,3.0239053,0.21701623539355053,US Stocks
2020-03-20,ITW,1.5924804,-1.2144086207923626,US Stocks
2020-03-20,HD,1.0870318,-1.7198572005805706,US Stocks
2020-03-20,EXPO,0.21743572,-2.589453324275944,US Stocks
2020-03-20,DOV,2.1209807,-0.6859083022651409,US Stocks
2020-03-20,CSX,2.2251904,-0.5816986407813762,US Stocks
2020-03-20,CRVL,3.34859,0.541700855297115,US Stocks
2020-03-20,CPRT,0.8070773,-1.9998117532310222,US Stocks
2020-03-20,CPK,0.99152184,-1.8153672065314983,US Stocks
2020-03-20,COKE,9.485924,6.6790347252311975,US Stocks
2020-03-20,LOPE,1.5227826,-1.2841064776954387,US Stocks
2020-03-20,SPXC,5.4098115,2.6029224548759724,US Stocks
2020-03-23,HEI,2.982007,0.4913798955743309,US Stocks
2020-03-23,MSA,1.0149949,-1.4756322714025978,US Stocks
2020-03-23,SUI,0.27364385,-2.21698327981782,US Stocks
2020-03-23,ROP,0.31825268,-2.1723744484121803,US Stocks
2020-03-23,ROL,0.5326613,-1.9579658123190407,US Stocks
2020-03-23,NOC,0.8990532,-1.5915739151175026,US Stocks
2020-03-23,NEE,0.75285566,-1.7377714725668434,US Stocks
2020-03-23,MLM,2.0847216,-0.4059055658514503,US Stocks
2020-03-23,MAS,1.4102492,-1.0803778978521827,US Stocks
2020-03-23,MAR,3.7284055,1.2377783445184227,US Stocks
2020-03-23,LGND,5.1432304,2.6526033071343895,US Stocks
2020-03-23,LFUS,2.5374134,0.04678622759032214,US Stocks
2020-03-23,LAMR,3.7150578,1.2244307187860008,US Stocks
2020-03-23,JKHY,0.11409068,-2.3765364500219825,US Stocks
2020-03-23,J,1.495203,-0.9954241129095558,US Stocks
2020-03-23,ICUI,-0.1477834,-2.638410529726267,US Stocks
2020-03-23,WM,1.5150349,-0.9755922170813087,US Stocks
2020-03-23,HUM,0.74805355,-1.7425735803778175,US Stocks
2020-03-23,HTHT,0.70155287,-1.789074263208628,US Stocks
2020-03-23,AMT,0.05941558,-2.4312115522558693,US Stocks
2020-03-23,ARE,-0.54687583,-3.037502965563059,US Stocks
2020-03-23,AVY,0.91840875,-1.5722183796103004,US Stocks
2020-03-23,BAC,1.9368799,-0.5537472578222755,US Stocks
2020-03-23,CGNX,0.4699881,-2.020639023416758,US Stocks
2020-03-23,HTO,0.23609817,-2.254528960817576,US Stocks
2020-03-23,CME,1.3057432,-1.1848839136297706,US Stocks
2020-03-23,CTAS,3.8419042,1.3512770322625633,US Stocks
2020-03-23,DLR,0.88447034,-1.6061567875082496,US Stocks
2020-03-23,FISV,-0.47945762,-2.9700847479040626,US Stocks
2020-03-23,FIZZ,0.99719477,-1.4934323640997413,US Stocks
2020-03-23,GRMN,3.311664,0.8210369733636376,US Stocks
2020-03-23,HON,0.9923576,-1.4982695194418434,US Stocks
2020-03-23,CSCO,2.6687617,0.17813459909605944,US Stocks
2020-03-24,RHP,3.559609,1.1204666932797998,US Stocks
2020-03-24,DCO,6.0190396,3.579897387859878,US Stocks
2020-03-24,WAT,1.4023755,-1.0367667833589942,US Stocks
2020-03-24,BF-B,-0.42622674,-2.865368978145066,US Stocks
2020-03-25,TKO,4.6217246,2.3723149281971967,US Stocks
2020-03-25,SPXC,4.541925,2.2925152760975873,US Stocks
2020-03-25,LFUS,2.314488,0.06507825674944279,US Stocks
2020-03-25,HCA,3.9286318,1.6792221051686322,US Stocks
2020-03-25,HAS,0.7092087,-1.5402009504801715,US Stocks
2020-03-25,GGG,0.79005194,-1.4593577402598346,US Stocks
2020-03-25,GBCI,0.506533,-1.7428766506678546,US Stocks
2020-03-25,FRME,0.9074687,-1.3419410007960284,US Stocks
2020-03-25,FIZZ,1.1072557,-1.1421539801127398,US Stocks
2020-03-25,ERIE,0.5227761,-1.7266335505015338,US Stocks
2020-03-25,ENSG,3.8006234,1.5512137395375287,US Stocks
2020-03-25,CWT,0.06834316,-2.181066514826485,US Stocks
2020-03-25,COHU,3.9777312,1.7283215505116498,US Stocks
2020-03-25,BWXT,2.2011435,-0.04826617417401913,US Stocks
2020-03-25,AAON,1.7859161,-0.46349358735150936,US Stocks
2020-03-25,EXPO,0.08655131,-2.162858368731209,US Stocks
2020-03-25,TXN,2.193479,-0.05593061623639706,US Stocks
2020-03-25,WM,1.37059,-0.8788197058207476,US Stocks
2020-03-26,WEX,0.5613164,-1.787850824287279,US Stocks
2020-03-26,USAC,8.294437,5.945270213195936,US Stocks
2020-03-26,STLD,12.247041,9.897873553344862,US Stocks
2020-03-26,ON,5.2738557,2.924688490936415,US Stocks
2020-03-26,OC,2.301793,-0.0473740968016223,US Stocks
2020-03-26,HON,0.81386995,-1.5352972420958118,US Stocks
2020-03-27,BLDR,3.1430793,0.8992575167393664,US Stocks
2020-03-27,RVTY,0.9680321,-1.27578964245558,US Stocks
2020-03-27,MKSI,2.4569926,0.21317086207628044,US Stocks
2020-03-27,MGRC,1.3822134,-0.8616084100031873,US Stocks
2020-03-27,MA,1.364322,-0.8794998170161268,US Stocks
2020-03-27,LOPE,1.0677831,-1.1760386468195936,US Stocks
2020-03-27,LGND,5.39945,3.15562806117296,US Stocks
2020-03-27,KDP,0.48766994,-1.7561518193507215,US Stocks
2020-03-27,JBL,11.4893,9.245478010056017,US Stocks
2020-03-27,IOSP,0.56417656,-1.679645204665663,US Stocks
2020-03-27,HCA,4.1171947,1.873372888443468,US Stocks
2020-03-27,HLT,3.7490802,1.505258417007921,US Stocks
2020-03-27,TXN,2.3731554,0.1293335913395861,US Stocks
2020-03-27,ACN,0.29919648,-1.9446252824091932,US Stocks
2020-03-27,BIP,1.0803597,-1.1634620667719862,US Stocks
2020-03-27,ENSG,3.468731,1.2249091623997668,US Stocks
2020-03-27,BYD,3.86266,1.6188381670689562,US Stocks
2020-03-27,COHU,4.5492625,2.305440759537218,US Stocks
2020-03-27,CVCO,2.5686922,0.3248704432225207,US Stocks
2020-03-27,HTHT,0.82444286,-1.4193789006495496,US Stocks
2020-03-27,WAT,1.2575741,-0.9862476826930067,US Stocks
2020-03-27,WIX,-0.2895291,-2.533350849273207,US Stocks
2020-03-27,ELV,0.8991852,-1.3446365834498426,US Stocks
2020-03-27,DHI,2.889911,0.6460891722416857,US Stocks
2020-03-30,KIE,1.6822836,-0.6106201832255591,Sector/Theme ETFs
2020-03-30,GBCI,0.5397556,-1.7531482403239478,US Stocks
2020-03-30,TOWN,1.4189203,-0.8739835445842017,US Stocks
2020-03-31,CPK,0.7997328,-1.6483514766707867,US Stocks
2020-03-31,XNCR,-0.17507207,-2.62315635490565,US Stocks
2020-03-31,VRSK,0.2727821,-2.175302193643138,US Stocks
2020-03-31,ATO,0.9687526,-1.4793316583648175,US Stocks
2020-03-31,OKE,6.182354,3.7342696924194843,US Stocks
2020-03-31,ADC,0.40117395,-2.0469103317275494,US Stocks
2020-03-31,KDP,0.55809283,-1.88999144840388,US Stocks
2020-03-31,USAC,10.0825815,7.634497239111379,US Stocks
2020-03-31,FNF,1.1736574,-1.2744268636718243,US Stocks
2020-03-31,EW,0.44291258,-2.005171702386424,US Stocks
2020-03-31,ERIE,0.64483786,-1.803246424676463,US Stocks
2020-03-31,EME,13.184545,10.73646028232427,US Stocks
2020-03-31,CRM,0.7019173,-1.7461669902816266,US Stocks
2020-03-31,FRME,0.9861115,-1.4619727592483014,US Stocks
2020-03-31,MA,1.619153,-0.8289312582030743,US Stocks
2020-04-01,COHR,11.719431,9.349117863142652,US Stocks
2020-04-01,A,1.3788927,-0.9914204001782707,US Stocks
2020-04-01,ARE,-0.556532,-2.926845085656481,US Stocks
2020-04-01,AWK,0.2285248,-2.1417882562039665,US Stocks
2020-04-01,IHF,0.8602364,-1.510076653992968,Sector/Theme ETFs
2020-04-01,IAI,2.8150978,0.4447847485186287,Sector/Theme ETFs
2020-04-01,BMI,1.5061572,-0.8641559005139641,US Stocks
2020-04-01,XLY,1.4941399,-0.8761731505749992,Sector/Theme ETFs
2020-04-01,COKE,9.190829,6.820516216719312,US Stocks
2020-04-01,MPT,-0.64953065,-3.0198437095044426,US Stocks
2020-04-01,META,3.6093774,1.239064323866529,US Stocks
2020-04-01,MELI,3.0211077,0.6507946133257576,US Stocks
2020-04-01,KBH,2.0264082,-0.34390486482365645,US Stocks
2020-04-01,JPM,3.469604,1.0992909550310799,US Stocks
2020-04-01,JBL,12.439929,10.069615948164625,US Stocks
2020-04-01,ISRG,1.6373472,-0.7329658389447502,US Stocks
2020-04-01,IDXX,1.1327076,-1.2376054644940666,US Stocks
2020-04-01,ICE,1.0383174,-1.3319956183789543,US Stocks
2020-04-01,IBP,4.8171587,2.4468456387163826,US Stocks
2020-04-01,HTHT,0.68871975,-1.6815933108685783,US Stocks
2020-04-01,HEI,3.2005696,0.8302565693499275,US Stocks
2020-04-01,HAS,0.6572746,-1.713038456475573,US Stocks
2020-04-01,GPN,-0.34117055,-2.711483609711962,US Stocks
2020-04-01,FIS,-0.66659254,-3.036905598676043,US Stocks
2020-04-01,ENSG,4.3382683,1.967955219710035,US Stocks
2020-04-01,ELV,1.071593,-1.2987200141309074,US Stocks
2020-04-01,ELS,0.31051683,-2.0597962260602287,US Stocks
2020-04-01,MKSI,2.6853857,0.3150726437212654,US Stocks
2020-04-01,CHDN,0.8710917,-1.4992213368771843,US Stocks
2020-04-01,MSA,1.0573835,-1.3129295230267815,US Stocks
2020-04-01,MTD,1.2903581,-1.079954993760424,US Stocks
2020-04-01,CWT,0.13173318,-2.2385798812268547,US Stocks
2020-04-01,WM,1.540698,-0.8296150088666252,US Stocks
2020-04-01,STZ,0.044931054,-2.3253820062039665,US Stocks
2020-04-01,SPXC,4.6525793,2.2822662472368904,US Stocks
2020-04-01,CTAS,4.094274,1.7239609837176033,US Stocks
2020-04-01,RGA,2.5901933,0.21988021131770097,US Stocks
2020-04-01,RDNT,6.5620728,4.191759693586988,US Stocks
2020-04-01,RAMP,0.3218552,-2.0484578729031853,US Stocks
2020-04-01,OGS,0.13107574,-2.2392373204587273,US Stocks
2020-04-01,SBUX,0.60713005,-1.7631830096600822,US Stocks
2020-04-02,AIZ,2.0411494,-0.3785935998191676,US Stocks
2020-04-02,ICLR,0.23681796,-2.1829250216712794,US Stocks
2020-04-02,LOPE,1.1832726,-1.2364703774680934,US Stocks
2020-04-02,MANH,3.4590492,1.039306247211472,US Stocks
2020-04-02,NOW,1.7665584,-0.653184568904861,US Stocks
2020-04-02,PEGA,0.14586937,-2.273873603366836,US Stocks
2020-04-02,PLUS,2.5026116,0.08286865947343491,US Stocks
2020-04-02,PTC,2.5200002,0.10025724170304917,US Stocks
2020-04-02,WDAY,0.59437454,-1.825368440174087,US Stocks
2020-04-02,CPRT,0.71877027,-1.70097271206282,US Stocks
2020-04-03,KIE,1.6996105,-0.5048979692869726,Sector/Theme ETFs
2020-04-03,XLY,1.343396,-0.8611124926024023,Sector/Theme ETFs
2020-04-03,SUI,0.1571765,-2.047331946414048,US Stocks
2020-04-03,VMC,1.479476,-0.7250324659758154,US Stocks
2020-04-03,TOWN,1.405622,-0.79888643554979,US Stocks
2020-04-03,THG,1.8476934,-0.35681499771409664,US Stocks
2020-04-03,STRL,65.17911,62.97459922500319,US Stocks
2020-04-03,SSD,1.8760974,-0.328411000292832,US Stocks
2020-04-03,SCI,1.2813988,-0.9231096678190771,US Stocks
2020-04-03,OKE,4.9108944,2.706385952908462,US Stocks
2020-04-03,ISRG,1.4658961,-0.7386123114042822,US Stocks
2020-04-03,SBUX,0.54098594,-1.6635224991255346,US Stocks
2020-04-03,HEI,2.8749619,0.6704534120149073,US Stocks
2020-04-03,FIS,-0.68260974,-2.8871181779318396,US Stocks
2020-04-03,CNS,1.0620108,-1.1424976759367529,US Stocks
2020-04-03,BMI,1.4789627,-0.725545781176621,US Stocks
2020-04-03,BDX,0.10105145,-2.1034569912367407,US Stocks
2020-04-03,ALNT,6.088243,3.8837345666474756,US Stocks
2020-04-03,AGYS,5.151682,2.9471734590119776,US Stocks
2020-04-03,INDB,0.4224187,-1.7820897274427954,US Stocks
2020-04-06,FAF,0.8135494,-1.3876946107545716,US Stocks
2020-04-06,FRME,0.8465383,-1.3547057048478943,US Stocks
2020-04-06,MANH,2.9727345,0.7714904411634582,US Stocks
2020-04-07,INDB,0.42918396,-1.668089604988733,US Stocks
2020-04-07,MGRC,1.3996155,-0.6976580387503297,US Stocks
2020-04-07,IOSP,0.5365199,-1.5607536798864992,US Stocks
2020-04-07,ENSG,3.6204581,1.5231845611184447,US Stocks
2020-04-07,OGS,0.03330767,-2.0639658934027345,US Stocks
2020-04-07,AWK,0.1529609,-1.9443126684576661,US Stocks
2020-04-07,ATO,0.81512666,-1.2821469074637086,US Stocks
2020-04-07,XNCR,-0.24893409,-2.3462076550871522,US Stocks
2020-04-07,EME,12.305359,10.20808532176908,US Stocks
2020-04-08,CPAY,0.77070093,-1.28014708307956,US Stocks
2020-04-08,HTHT,0.7272074,-1.3236405923721626,US Stocks
2020-04-09,HLT,3.8944607,1.8155013900876855,US Stocks
2020-04-09,EME,12.185175,10.106215654003702,US Stocks
2020-04-09,CVCO,2.994529,0.915569720852456,US Stocks
2020-04-09,CRVL,3.2185445,1.139585195171914,US Stocks
2020-04-09,AVGO,15.426544,13.347584901440225,US Stocks
2020-04-13,COLM,-0.17098719,-2.1617403250908516,US Stocks
2020-04-13,AFG,2.2752118,0.2844586747908928,US Stocks
2020-04-13,XNCR,-0.27600378,-2.2667569142555855,US Stocks
2020-04-13,WDFC,0.31011426,-1.6806388717865608,US Stocks
2020-04-13,WCN,0.8874798,-1.1032733541702888,US Stocks
2020-04-13,VLO,9.99482,8.0040665048385,US Stocks
2020-04-13,SYBT,1.9836783,-0.007074795362915776,US Stocks
2020-04-13,SNX,6.0700355,4.0792823213363025,US Stocks
2020-04-13,RBCAA,2.5320036,0.541250504853759,US Stocks
2020-04-13,LII,0.8947457,-1.0960074287628792,US Stocks
2020-04-13,JBTM,0.34419274,-1.6465603929733894,US Stocks
2020-04-13,MGRC,1.3738003,-0.6169528585648201,US Stocks
2020-04-13,IBP,3.8172474,1.8264942544722893,US Stocks
2020-04-13,ALNT,5.269658,3.278904952409301,US Stocks
2020-04-13,IRT,0.8745253,-1.1162278276657722,US Stocks
2020-04-13,CHDN,0.54305077,-1.44770237028357,US Stocks
2020-04-13,CW,4.361387,2.370633639695678,US Stocks
2020-04-13,BYD,3.904858,1.914104976060424,US Stocks
2020-04-13,FIX,47.46074,45.469985999467404,US Stocks
2020-04-13,FNF,0.94619954,-1.0445535999512336,US Stocks
2020-04-13,HTHT,0.7253926,-1.2653605562424324,US Stocks
2020-04-13,FIVE,1.4887385,-0.5020145994400642,US Stocks
2020-04-14,CHCO,1.6126573,-0.44302383442774795,US Stocks
2020-04-14,GBCI,0.6190022,-1.4366789199914076,US Stocks
2020-04-14,GABC,1.2096493,-0.8460318185891249,US Stocks
2020-04-14,FRME,0.93450356,-1.1211775877083876,US Stocks
2020-04-14,ESNT,1.6961288,-0.3595522977913954,US Stocks
2020-04-14,CPAY,0.8839079,-1.171773228844557,US Stocks
2020-04-15,KIE,1.6378436,-0.40316681203275184,Sector/Theme ETFs
2020-04-15,FIVE,1.5548518,-0.48615865048795204,US Stocks
2020-04-15,JBTM,0.5760665,-1.464943926900916,US Stocks
2020-04-15,LCII,0.41713536,-1.6238750630322025,US Stocks
2020-04-15,XNCR,-0.19761741,-2.2386278325024174,US Stocks
2020-04-15,WRB,2.319387,0.2783765381869747,US Stocks
2020-04-15,WCN,0.87163615,-1.169374268621497,US Stocks
2020-04-15,VLO,11.448583,9.407572228342005,US Stocks
2020-04-15,IOSP,0.5703317,-1.4706787281933353,US Stocks
2020-04-15,RBC,3.3454437,1.3044333046969845,US Stocks
2020-04-15,PRI,2.2689004,0.22788997355074425,US Stocks
2020-04-15,ORI,2.9521956,0.9111852234897091,US Stocks
2020-04-15,RSG,2.0335476,-0.007462781042151256,US Stocks
2020-04-15,MGRC,1.6351492,-0.4058611803951786,US Stocks
2020-04-15,HON,0.79934,-1.241670411199622,US Stocks
2020-04-15,FNF,1.0951018,-0.9459085875454472,US Stocks
2020-04-15,EXLS,2.4171002,0.37608977022738,US Stocks
2020-04-15,ENSG,3.6976762,1.6566657609042599,US Stocks
2020-04-15,COLM,-0.12766284,-2.1686732583942936,US Stocks
2020-04-15,AVGO,15.530207,13.4891962594089,US Stocks
2020-04-15,LII,1.0496774,-0.9913330489101932,US Stocks
2020-04-15,MTZ,5.5516253,3.5106148308810665,US Stocks
2020-04-16,MCRI,3.8204174,1.8594002792283373,US Stocks
2020-04-16,MA,1.2996504,-0.6613666942671461,US Stocks
2020-04-16,GL,1.2417235,-0.719293587501399,US Stocks
2020-04-16,INDB,0.39679706,-1.5642200639799757,US Stocks
2020-04-16,GTY,0.67108977,-1.2899273565367384,US Stocks
2020-04-16,ACN,0.25443232,-1.7065848043516798,US Stocks
2020-04-16,JPM,3.067161,1.1061439582749681,US Stocks
2020-04-16,V,1.3230469,-0.6379702022627516,US Stocks
2020-04-16,STLD,10.311061,8.350043780510076,US Stocks
2020-04-17,FRME,0.9037738,-1.1103455297067653,US Stocks
2020-04-20,AGO,1.8222973,-0.28620619546189685,US Stocks
2020-04-20,KIE,1.6855156,-0.42298788796677966,Sector/Theme ETFs
2020-04-20,YUM,0.97177804,-1.136725494969038,US Stocks
2020-04-20,WRB,2.4002705,0.29176693190321545,US Stocks
2020-04-20,V,1.4534314,-0.6550721622587719,US Stocks
2020-04-20,SUPN,1.3422782,-0.7662252880217113,US Stocks
2020-04-20,STLD,10.947373,8.838869860064836,US Stocks
2020-04-20,RBC,3.330625,1.2221215270875416,US Stocks
2020-04-20,PRI,2.2678354,0.15933184851393323,US Stocks
2020-04-20,PAYX,0.95059276,-1.157910773861555,US Stocks
2020-04-20,MTZ,6.098663,3.9901593231080494,US Stocks
2020-04-20,MCRI,4.190039,2.0815356277345143,US Stocks
2020-04-20,KWR,0.35552943,-1.752974102604536,US Stocks
2020-04-20,IOSP,0.6157763,-1.4927272297026195,US Stocks
2020-04-20,HON,0.8038385,-1.304665038693098,US Stocks
2020-04-20,GTY,0.7100675,-1.398436019528059,US Stocks
2020-04-20,EXLS,2.3858042,0.27730064619764905,US Stocks
2020-04-20,EGP,1.2412155,-0.8672880626799144,US Stocks
2020-04-20,APH,8.604702,6.496198465716692,US Stocks
2020-04-20,MHO,6.322764,4.2142603896974045,US Stocks
2020-04-20,BYD,4.1925645,2.084060957324358,US Stocks
2020-04-21,ROST,1.8551242,-0.18588618573575477,US Stocks
2020-04-21,ACN,0.27467096,-1.766339462369971,US Stocks
2020-04-21,AVGO,15.423384,13.382373291879603,US Stocks
2020-04-21,CINF,1.3974938,-0.643516581625037,US Stocks
2020-04-21,ENSG,3.831366,1.7903556412753536,US Stocks
2020-04-21,FIVE,1.5404794,-0.5005309992733524,US Stocks
2020-04-21,GGG,0.83223474,-1.2087756806316898,US Stocks
2020-04-21,JBL,11.822905,9.78189416590304,US Stocks
2020-04-21,ON,4.7313967,2.6903862542209103,US Stocks
2020-04-21,MA,1.3270407,-0.7139697485867069,US Stocks
2020-04-21,MSA,0.9863882,-1.0546222144070194,US Stocks
2020-04-21,RSG,2.0136786,-0.02733187016873817,US Stocks
2020-04-21,SSD,2.0816033,0.04059286776155968,US Stocks
2020-04-21,VLO,10.077437,8.036426979928919,US Stocks
2020-04-21,WAT,1.2314806,-0.809529822439246,US Stocks
2020-04-21,WCN,0.866848,-1.1741624289455936,US Stocks
2020-04-22,BRC,1.2757058,-0.765522938460196,US Stocks
2020-04-22,GTY,0.69141734,-1.34981141635784,US Stocks
2020-04-22,NBHC,0.9698185,-1.0714102799595246,US Stocks
2020-04-22,RLI,1.0332193,-1.0080094153583894,US Stocks
2020-04-23,VMC,1.5071793,-0.4922404727619645,US Stocks
2020-04-23,RSG,2.083774,0.0843543567973617,US Stocks
2020-04-23,ROST,1.8010211,-0.19839863392529455,US Stocks
2020-04-23,NVR,1.0806515,-0.9187682113331315,US Stocks
2020-04-23,FIVE,1.565263,-0.4341567001026627,US Stocks
2020-04-23,FNF,1.0759463,-0.9234734019917008,US Stocks
2020-04-23,AJG,2.2675762,0.26815648463549646,US Stocks
2020-04-23,GGG,0.8700129,-1.1294068536442277,US Stocks
2020-04-24,ALNT,4.8061194,2.8493303496258884,US Stocks
2020-04-24,HON,0.70222056,-1.2545685332400174,US Stocks
2020-04-27,RNR,1.2912664,-0.679181839526207,US Stocks
2020-04-28,RBCAA,2.1020894,0.20742084797439153,US Stocks
2020-04-28,CE,-0.42805123,-2.322719790377049,US Stocks
2020-04-28,BCPC,0.82632244,-1.0683461207527203,US Stocks
2020-04-28,CINF,1.7130966,-0.18157193843307917,US Stocks
2020-04-29,OGS,0.12029135,-1.801582391360264,US Stocks
2020-04-30,BANF,2.202471,0.20114231527822923,US Stocks
2020-04-30,BCPC,0.96407104,-1.0372576671741633,US Stocks
2020-04-30,CWT,0.12513089,-1.8761978107593684,US Stocks
2020-04-30,DRI,2.4601517,0.45882296980398607,US Stocks
2020-04-30,EEFT,-0.31359577,-2.314924474348846,US Stocks
2020-04-30,TTC,0.6977787,-1.3035500007770686,US Stocks
2020-04-30,EME,12.445501,10.444172624955353,US Stocks
2020-04-30,FBNC,1.6848946,-0.31643414079171706,US Stocks
2020-04-30,FFIN,0.2897805,-1.7115482050083308,US Stocks
2020-04-30,FIX,53.94199,51.94066119612235,US Stocks
2020-04-30,HII,0.6415683,-1.3597603994510798,US Stocks
2020-04-30,ORI,3.0840225,1.082693819413361,US Stocks
2020-04-30,RNR,1.424756,-0.5765726524494319,US Stocks
2020-04-30,WRB,2.5258403,0.5245115798808904,US Stocks
2020-05-01,XNCR,-0.21332878,-2.2064020766820653,US Stocks
2020-05-01,WCN,0.8769212,-1.116152121027921,US Stocks
2020-05-01,AWK,0.18988669,-1.8031866087522253,US Stocks
2020-05-01,KIE,1.6567075,-0.33636577268502554,Sector/Theme ETFs
2020-05-01,RBC,3.4920282,1.4989549384508387,US Stocks
2020-05-01,PAYX,0.8591175,-1.1339557900037511,US Stocks
2020-05-01,MGRC,1.3939204,-0.5991528763379796,US Stocks
2020-05-01,LYV,3.0984936,1.1054202781114832,US Stocks
2020-05-01,JBTM,0.53256786,-1.4605054392423376,US Stocks
2020-05-01,GWRE,0.8264054,-1.1666678919400915,US Stocks
2020-05-01,FNF,1.1303203,-0.8627529873456701,US Stocks
2020-05-01,ALLE,0.7014538,-1.2916194929685338,US Stocks
2020-05-01,FCNCA,4.6289616,2.63588826517203,US Stocks
2020-05-01,EFSC,1.2743838,-0.7186895145978673,US Stocks
2020-05-01,CPAY,0.71905077,-1.2740225329007848,US Stocks
2020-05-01,COLM,-0.060519278,-2.0535925759877904,US Stocks
2020-05-01,CHDN,0.6092421,-1.3838312162961706,US Stocks
2020-05-01,CHCO,1.5896223,-0.4034510387983068,US Stocks
2020-05-01,CE,-0.3655954,-2.358668698271726,US Stocks
2020-05-01,BURL,0.53406227,-1.459011031588529,US Stocks
2020-05-01,BLBD,3.9199114,1.926838086644198,US Stocks
2020-05-01,EGP,1.2695017,-0.72357161184213,US Stocks
2020-05-01,SKYW,2.67329,0.6802167163286463,US Stocks
2020-05-01,RSG,2.0398352,0.04676191667654672,US Stocks
2020-05-04,ENSG,3.8204994,1.8548262540069032,US Stocks
2020-05-04,AIZ,1.9416542,-0.024018960836846848,US Stocks
2020-05-04,CPK,0.65902853,-1.3066446360382629,US Stocks
2020-05-04,CW,4.3680024,2.4023292485442567,US Stocks
2020-05-04,CWT,0.12246251,-1.8432106550964904,US Stocks
2020-05-04,EME,12.351461,10.385788244363349,US Stocks
2020-05-04,POST,0.28795803,-1.6777151402268005,US Stocks
2020-05-04,RBCAA,2.6253452,0.6596720639434266,US Stocks
2020-05-04,GGG,0.8716911,-1.0939820584091735,US Stocks
2020-05-05,SYY,0.77553415,-1.2103787674124113,US Stocks
2020-05-05,MTN,0.05218005,-1.9337328685934416,US Stocks
2020-05-05,HAS,0.7549437,-1.23096919195007,US Stocks
2020-05-05,LYV,3.454144,1.4682310806100496,US Stocks
2020-05-05,FCNCA,5.0330667,3.0471538291757234,US Stocks
2020-05-05,MAR,3.6135607,1.6276477561776765,US Stocks
2020-05-06,IRT,0.93621373,-1.0140995114867124,US Stocks
2020-05-06,TOWN,1.4708223,-0.4794909089629087,US Stocks
2020-05-06,SYBT,1.8594825,-0.09083071647328467,US Stocks
2020-05-06,LII,0.98966515,-0.9606480926100645,US Stocks
2020-05-06,HCA,3.5393014,1.5889881521638003,US Stocks
2020-05-06,ATO,0.9332099,-1.017103347164813,US Stocks
2020-05-06,CWT,0.15405703,-1.7962562173430356,US Stocks
2020-05-06,CPK,0.7057725,-1.2445407241408262,US Stocks
2020-05-06,CHCO,1.7432256,-0.20708766875905127,US Stocks
2020-05-06,AWK,0.21366847,-1.7366447776381406,US Stocks
2020-05-06,AIZ,2.0460854,0.09577211441355615,US Stocks
2020-05-06,EME,12.353688,10.40337499679881,US Stocks
2020-05-07,CBU,0.21944559,-1.6828447489857878,US Stocks
2020-05-07,INDB,0.44161153,-1.4606788067937102,US Stocks
2020-05-08,MAR,3.5463004,1.6446043606372744,US Stocks
2020-05-11,KIE,1.6930869,-0.26762042534230757,Sector/Theme ETFs
2020-05-11,CPAY,0.74380636,-1.2169009257542949,US Stocks
2020-05-11,CE,-0.36567676,-2.3263840485799174,US Stocks
2020-05-11,CBU,0.32340527,-1.637302022098289,US Stocks
2020-05-11,SYBT,1.9981475,0.03744019973398638,US Stocks
2020-05-11,SKYW,2.7101505,0.7494431923639913,US Stocks
2020-05-11,PAYX,0.95028794,-1.0104193497884135,US Stocks
2020-05-11,OTTR,1.5661273,-0.3945799876439433,US Stocks
2020-05-11,SYY,0.8692112,-1.0914960910069804,US Stocks
2020-05-11,LII,1.1097,-0.851007323383079,US Stocks
2020-05-11,IRT,0.9696685,-0.9910387803304057,US Stocks
2020-05-11,INDB,0.5622338,-1.3984734822499614,US Stocks
2020-05-11,DRI,2.4370248,0.4763175438654561,US Stocks
2020-05-11,CW,4.849715,2.8890079449427266,US Stocks
2020-05-11,LYV,3.4926624,1.5319551419031758,US Stocks
2020-05-12,TTC,0.769675,-1.2443375120359224,US Stocks
2020-05-12,STRL,72.28925,70.27524070642416,US Stocks
2020-05-12,POST,0.2978859,-1.71612663366373,US Stocks
2020-05-12,HLT,4.029558,2.0155456533235747,US Stocks
2020-05-12,EGP,1.3332267,-0.6807858476835054,US Stocks
2020-05-12,EXPO,0.14245582,-1.8715567121701997,US Stocks
2020-05-12,CPK,0.76037383,-1.2536386976438325,US Stocks
2020-05-12,BLBD,4.1524563,2.1384437551302153,US Stocks
2020-05-12,AWK,0.23465955,-1.7793529758649629,US Stocks
2020-05-12,HCA,3.6402154,1.626202868441983,US Stocks
2020-05-13,LFUS,2.3020775,0.3237083040932589,US Stocks
2020-05-13,JPM,3.423132,1.4447627150277071,US Stocks
2020-05-13,ALLE,0.72309315,-1.2552760756751127,US Stocks
2020-05-13,ELS,0.22693145,-1.7514377749701566,US Stocks
2020-05-13,EME,13.213002,11.234632977173703,US Stocks
2020-05-13,GGG,0.89722526,-1.0811439669867582,US Stocks
2020-05-13,ADC,0.4494567,-1.528912535979373,US Stocks
2020-05-13,GL,1.5704789,-0.4078903115531034,US Stocks
2020-05-13,IOSP,0.6524482,-1.3259210503836698,US Stocks
2020-05-13,MTN,0.06835556,-1.910013667418582,US Stocks
2020-05-13,MTZ,5.7091556,3.7307863318184786,US Stocks
2020-05-13,WEX,0.3807007,-1.5976685202857084,US Stocks
2020-05-13,YUM,0.9222995,-1.056069723441226,US Stocks
2020-05-14,AWI,1.5160918,-0.44864875595692766,US Stocks
2020-05-14,EXPO,0.15290344,-1.8118371419203676,US Stocks
2020-05-14,EXR,1.0625799,-0.9021607093108095,US Stocks
2020-05-14,MGEE,0.35756743,-1.607173149992267,US Stocks
2020-05-15,JPM,3.279849,1.4027443973155234,US Stocks
2020-05-15,OTTR,1.5006998,-0.37640489658401277,US Stocks
2020-05-15,TRNO,0.5861052,-1.290999427643278,US Stocks
2020-05-19,FFIN,0.2614038,-1.597000072497393,US Stocks
2020-05-19,FIX,51.6325,49.77409582326982,US Stocks
2020-05-19,MGRC,1.3496625,-0.5087413292112601,US Stocks
2020-05-19,CW,4.6779647,2.8195608157930123,US Stocks
2020-05-19,RBC,3.3396492,1.4812453288850533,US Stocks
2020-05-19,FCNCA,4.7958274,2.937423517209028,US Stocks
2020-05-19,OGS,0.13144827,-1.726955602664019,US Stocks
2020-05-19,EME,11.939885,10.081481267910933,US Stocks
2020-05-19,ATO,0.87428606,-0.9841178159895194,US Stocks
2020-05-19,CWT,0.17145634,-1.6869475345793021,US Stocks
2020-05-19,CPK,0.62570906,-1.2326948147001517,US Stocks
2020-05-19,SKYW,2.4930959,0.6346920032319772,US Stocks
2020-05-19,AIZ,1.9754634,0.11705951879594201,US Stocks
2020-05-19,EGP,1.1576006,-0.7008032303037894,US Stocks
2020-05-19,SYBT,1.7975614,-0.06084246446516639,US Stocks
2020-05-21,ALLE,0.7099352,-1.162884826203451,US Stocks
2020-05-21,CBU,0.28530276,-1.5875172562800501,US Stocks
2020-05-21,OKE,2.6874447,0.8146246723927404,US Stocks
2020-05-21,CDW,0.41614652,-1.4566734976969813,US Stocks
2020-05-21,RHP,3.4536448,1.5808247380055334,US Stocks
2020-05-22,CCEP,2.234523,0.3966670320045824,US Stocks
2020-05-22,FCNCA,4.4833136,2.6454575345528,US Stocks
2020-05-22,CW,4.319331,2.4814751431953783,US Stocks
2020-05-22,O,0.36974788,-1.468108148812068,US Stocks
2020-05-28,NIC,2.0119474,0.2229552479786494,US Stocks
2020-05-28,ACGL,2.5180645,0.7290723534626582,US Stocks
2020-05-28,AFG,3.120112,1.3311197968525508,US Stocks
2020-06-01,BANF,2.1737263,0.41877314679482813,US Stocks
2020-06-09,BFAM,-0.47519684,-2.135842830786539,US Stocks
2020-06-10,NIC,2.11502,0.2916071066002561,US Stocks
2020-06-10,CINF,2.257011,0.433598006639929,US Stocks
2020-06-11,CPK,0.73851347,-1.0514872498281567,US Stocks
2020-06-11,OGS,0.15292108,-1.6370796389349072,US Stocks
2020-06-11,SR,0.49284947,-1.297151250339326,US Stocks
2020-06-12,MGEE,0.23832953,-1.5258651478014413,US Stocks
2020-06-16,NWN,0.089524984,-1.6337824325606882,US Stocks
2020-06-16,OTTR,1.6362185,-0.08708886909938451,US Stocks
2020-06-17,CPK,0.69032955,-1.0319301039028326,US Stocks
2020-06-17,SR,0.5152551,-1.207004562025086,US Stocks
2020-06-17,MGEE,0.25802565,-1.4642340093898931,US Stocks
2020-06-17,NIC,2.074078,0.35181842743872016,US Stocks
2020-06-19,BCO,1.5067613,-0.2136923756726703,US Stocks
2020-06-19,ED,0.82708275,-0.893370934975954,US Stocks
2020-06-19,FBNC,1.861548,0.14109425877252013,US Stocks
2020-06-24,BCO,1.4845076,-0.2648894201753156,US Stocks
2020-06-25,HII,0.7738968,-1.042391653160026,US Stocks
2020-06-25,POR,0.44113135,-1.3751571131743692,US Stocks
2020-06-25,SO,1.1185064,-0.6977820349730752,US Stocks
2020-06-26,FFIN,0.26576424,-1.509731484506864,US Stocks
2020-06-26,CPK,0.7330476,-1.0424481163962072,US Stocks
2020-06-30,ED,0.7850925,-0.9362375509343055,US Stocks
2020-07-02,BCO,1.4417095,-0.22357181082070454,US Stocks
2020-07-06,OGS,0.17678404,-1.5162725217702655,US Stocks
2020-07-07,BCO,1.5119536,-0.16066108683483105,US Stocks
2020-07-08,SR,0.59698534,-1.0909306376219319,US Stocks
2020-07-09,CBSH,0.3803792,-1.280369766992337,US Stocks
2020-07-09,CPK,0.69412565,-0.9666233146607941,US Stocks
2020-07-09,SAIC,0.9358976,-0.7248513782441681,US Stocks
2020-07-10,FBNC,2.014331,0.33034068237754255,US Stocks
2020-07-10,NWN,0.18630266,-1.4976877580979213,US Stocks
2020-07-13,SAIC,0.94301,-0.7066420764411223,US Stocks
2020-07-21,NWN,0.13866758,-1.4466203478571664,US Stocks
2020-07-28,FBNC,2.1645527,0.5654278572589093,US Stocks
2020-07-31,OGS,0.1897279,-1.3803847359606136,US Stocks
2020-08-03,SR,0.62762237,-0.9326010938445504,US Stocks
2020-08-06,NWN,0.12023926,-1.4054726596086238,US Stocks
2020-08-06,SR,0.62631154,-0.8994003768174861,US Stocks
2020-08-17,OGS,0.1785872,-1.3167690824742753,US Stocks
2020-08-21,EVRG,0.99406886,-0.47014217936150704,US Stocks
2020-08-25,OGS,0.19603264,-1.2352112216582585,US Stocks
2020-08-26,EVRG,0.91192496,-0.5140144026714375,US Stocks
2020-09-10,STRA,0.096134305,-1.4334333194821327,US Stocks
2020-09-21,EVRG,1.0047367,-0.5434263924526985,US Stocks
2020-09-21,STRA,0.030375361,-1.5177876929211433,US Stocks
2021-02-19,MKC,-0.39056087,-1.5559891362743405,US Stocks
2021-03-03,MKC,-0.38276833,-1.607577588973371,US Stocks
2021-03-23,BFAM,-0.58736336,-1.7429932180653402,US Stocks
2021-04-07,BFAM,-0.590147,-1.634966815023145,US Stocks
2021-04-19,HAE,0.73695457,-0.28975723401458264,US Stocks
2021-05-10,PRLB,-0.04834515,-1.0650756414287041,US Stocks
2021-05-13,EDU,-0.51959,-1.5248470685275497,US Stocks
2021-05-19,EDU,-0.5011914,-1.5127251403279969,US Stocks
2021-05-26,EDU,-0.42819494,-1.4204910574147673,US Stocks
2021-07-26,TAL,1.2776768,0.38107795852869475,US Stocks
2021-08-18,SAM,-0.7138126,-1.606746204027231,US Stocks
2021-08-24,EDU,1.887193,1.0324205715717003,US Stocks
2021-08-30,EDU,1.5933633,0.7494757327911183,US Stocks
2021-12-02,ARKW,0.39213812,-0.43832100288243536,Sector/Theme ETFs
2021-12-03,ARKK,-0.054841816,-0.8638761867623788,Sector/Theme ETFs
2021-12-03,RNG,-0.6059779,-1.4150122632127267,US Stocks
2021-12-07,AVAV,1.2491872,0.4814952071186247,US Stocks
2021-12-09,RNG,-0.5749246,-1.3380355377374191,US Stocks
2021-12-09,ARKK,-0.06683195,-0.8299428959069748,Sector/Theme ETFs
2021-12-09,ARKG,-0.18997765,-0.9530885954080124,Sector/Theme ETFs
2021-12-15,WIX,-0.46493185,-1.2442583660201465,US Stocks
2021-12-27,ARKG,-0.19409686,-0.9284504932851887,Sector/Theme ETFs
2021-12-31,ARKG,-0.22826427,-0.9595680874319723,Sector/Theme ETFs
2022-01-04,ARKG,-0.1274352,-0.8932263165926422,Sector/Theme ETFs
2022-01-04,SOCL,-0.12551957,-0.8913106829142059,Sector/Theme ETFs
2022-01-05,HUBS,-0.5786148,-1.346066178607949,US Stocks
2022-01-06,SOCL,-0.13153851,-0.9060052717741798,Sector/Theme ETFs
2022-01-07,HUBS,-0.5789994,-1.3556768907147898,US Stocks
2022-01-10,EPAM,-0.80618525,-1.5668263098273039,US Stocks
2022-01-12,HUBS,-0.5343555,-1.3147808777446957,US Stocks
2022-01-13,EPAM,-0.8003535,-1.5800511560947799,US Stocks
2022-01-13,ARKQ,0.7576691,-0.022028537801017656,Sector/Theme ETFs
2022-01-13,SOCL,-0.14183313,-0.9215307555706405,Sector/Theme ETFs
2022-01-20,VCYT,0.5900409,-0.29831253633005517,US Stocks
2022-01-21,FIVE,0.22384226,-0.6565259211057941,US Stocks
2022-01-21,IPAY,-0.06531322,-0.9456814043516437,Sector/Theme ETFs
2022-01-24,SOCL,-0.06852418,-0.9721337996273776,Sector/Theme ETFs
2022-01-24,SHOP,0.87042654,-0.03318308217818933,US Stocks
2022-01-25,HASI,0.23315775,-0.6752395625911372,US Stocks
2022-01-25,NOW,0.42531264,-0.48308467825275825,US Stocks
2022-01-25,VCYT,0.58416486,-0.32423245867115424,US Stocks
2022-01-25,WIX,-0.38213748,-1.2905347939334528,US Stocks
2022-01-25,XYZ,-0.3263964,-1.234793722232403,US Stocks
2022-01-26,SAM,-0.58804834,-1.5059159339691042,US Stocks
2022-01-26,FIVE,0.34543395,-0.5724336446548342,US Stocks
2022-01-26,QTWO,0.0083681345,-0.9094994605804323,US Stocks
2022-01-27,BURL,0.18806732,-0.6833233584291216,US Stocks
2022-01-28,EPAM,-0.77229387,-1.6105749791044788,US Stocks
2022-01-28,KEYS,1.2423289,0.40404776879362303,US Stocks
2022-01-28,TRU,-0.3738922,-1.2121733014959888,US Stocks
2022-02-02,SOCL,-0.04122311,-0.8931287062567785,Sector/Theme ETFs
2022-02-02,PYPL,-0.55754983,-1.4094554317397192,US Stocks
2022-02-03,NOW,0.19554305,-0.647695803543753,US Stocks
2022-02-03,VCYT,0.49572575,-0.3475131033865875,US Stocks
2022-02-04,XYL,0.1966685,-0.6525048271063822,US Stocks
2022-02-10,ARKQ,0.9122726,0.03455129829155568,Sector/Theme ETFs
2022-02-10,QTWO,-0.08596712,-0.9636883977342927,US Stocks
2022-02-10,KEYS,1.2936864,0.41596511569725636,US Stocks
2022-02-11,XYL,0.1993494,-0.6845312544300703,US Stocks
2022-02-14,SOCL,-0.092265904,-0.9462474559819309,Sector/Theme ETFs
2022-02-14,VRSK,-0.08737552,-0.9413570736920445,US Stocks
2022-02-15,META,2.3673108,1.51540516491708,US Stocks
2022-02-16,WDAY,-0.14597851,-1.0383072960504507,US Stocks
2022-02-17,NOW,0.24179411,-0.6628673018253739,US Stocks
2022-02-17,ARKQ,0.93729675,0.032635336991459596,Sector/Theme ETFs
2022-02-17,VCYT,0.6923609,-0.21230053317913367,US Stocks
2022-02-18,ZTS,-0.6004808,-1.525804023266423,US Stocks
2022-02-22,WING,-0.10827124,-1.0683643295232572,US Stocks
2022-02-22,HUBS,-0.53722674,-1.4973198248807706,US Stocks
2022-02-22,SKYY,1.1058507,0.1457576082285128,Sector/Theme ETFs
2022-02-23,BIO,-0.40318835,-1.3342209039080661,US Stocks
2022-02-23,FIVE,0.2873211,-0.6437114653933567,US Stocks
2022-02-24,W,-0.20859063,-1.0979365608313905,US Stocks
2022-02-25,CSGP,-0.5325357,-1.4267280617790172,US Stocks
2022-02-25,QTWO,-0.11083788,-1.0050302663879345,US Stocks
2022-02-28,XYL,0.22984242,-0.6936449196087542,US Stocks
2022-03-01,ARKQ,0.9040743,0.015332318159941627,Sector/Theme ETFs
2022-03-01,FIVE,0.2539084,-0.6348335973292552,US Stocks
2022-03-01,APTV,-0.6418125,-1.5305544964343272,US Stocks
2022-03-03,NOW,0.2620871,-0.6516531921108777,US Stocks
2022-03-03,VCYT,0.7313206,-0.18241967923245972,US Stocks
2022-03-03,WING,-0.09277654,-1.006516835757118,US Stocks
2022-03-03,FIVE,0.38804626,-0.5256940341671521,US Stocks
2022-03-03,SKYY,1.0645149,0.1507745765963977,Sector/Theme ETFs
2022-03-03,HUBS,-0.5176786,-1.431418917246681,US Stocks
2022-03-07,IQV,0.20179522,-0.78513843069915,US Stocks
2022-03-07,AMBA,-0.26856244,-1.2554960871780318,US Stocks
2022-03-08,FIVN,-0.63703275,-1.57208593746318,US Stocks
2022-03-08,SOCL,0.07789278,-0.8571604098905481,Sector/Theme ETFs
2022-03-08,EW,-0.2160325,-1.1510856952299036,US Stocks
2022-03-08,XYL,0.24665427,-0.6883989181150354,US Stocks
2022-03-10,SOCL,0.16797853,-0.8008866009124831,Sector/Theme ETFs
2022-03-11,AMBA,-0.21009016,-1.1934503056847834,US Stocks
2022-03-11,FIVE,0.39606857,-0.5872915723168635,US Stocks
2022-03-11,HTHT,1.2109492,0.22758903719546564,US Stocks
2022-03-11,JD,-0.2896574,-1.2730175592744135,US Stocks
2022-03-11,VCYT,0.95385134,-0.02950880311367743,US Stocks
2022-03-14,EW,-0.21780503,-1.1584886644097072,US Stocks
2022-03-14,HASI,0.039009452,-0.9016741845818264,US Stocks
2022-03-17,HTHT,0.4986297,-0.35617949090469314,US Stocks
2022-03-21,SOCL,0.01403594,-0.819856882196546,Sector/Theme ETFs
2022-03-21,HASI,0.0034571886,-0.8304356337605718,US Stocks
2022-03-21,CSGP,-0.57426476,-1.4081575871526006,US Stocks
2022-03-21,PYPL,-0.5334135,-1.3673063517628912,US Stocks
2022-03-23,IQV,0.12656939,-0.7036595155273668,US Stocks
2022-03-23,PYPL,-0.5260961,-1.3563250113998644,US Stocks
2022-03-23,SOCL,0.02581346,-0.8044154454742662,Sector/Theme ETFs
2022-03-25,HTHT,0.50353694,-0.3049333203656608,US Stocks
2022-03-29,XYL,0.21113658,-0.5863341953873102,US Stocks
2022-03-30,APTV,-0.63582826,-1.4613964873992469,US Stocks
2022-03-30,KEYS,1.3963411,0.5707728546417687,US Stocks
2022-03-30,ARKG,0.06292188,-0.762646349116471,Sector/Theme ETFs
2022-03-31,SOCL,0.021542072,-0.7988672418661102,Sector/Theme ETFs
2022-03-31,ARKW,0.91290903,0.09249971675205382,Sector/Theme ETFs
2022-03-31,HUBS,-0.5490192,-1.3694285316534027,US Stocks
2022-03-31,PYPL,-0.52861446,-1.3490237755842194,US Stocks
2022-04-01,NOW,0.20115864,-0.6037885676248502,US Stocks
2022-04-05,ARKW,1.0131788,0.1666772985210525,Sector/Theme ETFs
2022-04-05,WIX,-0.25095856,-1.0974600887546433,US Stocks
2022-04-05,ARKG,0.08104515,-0.7654563761005295,Sector/Theme ETFs
2022-04-05,HUBS,-0.510177,-1.3566785431156052,US Stocks
2022-04-05,NOW,0.30779433,-0.538707194353093,US Stocks
2022-04-06,FERG,0.8116889,-0.025554577805971812,US Stocks
2022-04-06,HLI,0.61834264,-0.21890083978412123,US Stocks
2022-04-06,PYPL,-0.5134771,-1.3507205648207423,US Stocks
2022-04-07,HASI,0.0873785,-0.7547909647301969,US Stocks
2022-04-08,CSGP,-0.55178374,-1.4259874173962013,US Stocks
2022-04-08,JD,-0.46327448,-1.3374781557880775,US Stocks
2022-04-08,PYPL,-0.49916625,-1.3733699271046058,US Stocks
2022-04-11,SKYY,1.0281882,0.1470140396544839,Sector/Theme ETFs
2022-04-11,HTHT,0.56256497,-0.31860921988988866,US Stocks
2022-04-12,JD,-0.47662812,-1.3364998140624085,US Stocks
2022-04-12,ONC,0.82345724,-0.03641444829016116,US Stocks
2022-04-14,SKYY,1.0611372,0.1785887356582161,Sector/Theme ETFs
2022-04-14,GNRC,-0.092369735,-0.9749181989845757,US Stocks
2022-04-14,JD,-0.4695285,-1.3520769600090508,US Stocks
2022-04-14,HASI,0.08484471,-0.7977037553009514,US Stocks
2022-04-14,ONC,0.9878588,0.10531030853419265,US Stocks
2022-04-20,JD,-0.39838046,-1.2805422348704296,US Stocks
2022-04-20,XYZ,-0.30582124,-1.1879830164637524,US Stocks
2022-04-20,SKYY,1.1192834,0.23712166121340217,Sector/Theme ETFs
2022-04-21,GNRC,-0.049310863,-0.9845745795090184,US Stocks
2022-04-21,HTHT,0.63729656,-0.29796715906452986,US Stocks
2022-04-22,BURL,0.30752695,-0.6165815276274165,US Stocks
2022-04-22,ARKQ,1.0629575,0.13884905155806937,Sector/Theme ETFs
2022-04-25,SAM,-0.5241935,-1.5056877605398153,US Stocks
2022-04-26,FCNCA,2.3601658,1.3842274491632596,US Stocks
2022-04-26,ARKQ,1.1893501,0.2134117429102078,Sector/Theme ETFs
2022-04-27,IQV,0.15337288,-0.7738840620157577,US Stocks
2022-04-28,ASND,1.4569957,0.4557824168729572,US Stocks
2022-04-28,META,2.6372397,1.6360263858365802,US Stocks
2022-04-29,FERG,0.869882,-0.11935679170548497,US Stocks
2022-05-03,FTAI,10.702692,9.781050430243553,US Stocks
2022-05-03,SAM,-0.55976945,-1.4814110532349931,US Stocks
2022-05-04,RNG,-0.030744433,-1.0232039414248042,US Stocks
2022-05-04,SHOP,3.0406451,2.048185614506287,US Stocks
2022-05-05,ARKQ,1.2696676,0.2652437873860527,Sector/Theme ETFs
2022-05-05,CRL,0.20139694,-0.8030268959025215,US Stocks
2022-05-05,FERG,1.0113707,0.0069468208333183235,US Stocks
2022-05-05,ZTS,-0.5519421,-1.556365948102839,US Stocks
2022-05-05,W,0.5690645,-0.4353593400935005,US Stocks
2022-05-05,SAM,-0.54053545,-1.5449592880228828,US Stocks
2022-05-05,IQV,0.18347204,-0.8209518007258247,US Stocks
2022-05-05,HTHT,0.82873213,-0.17569170512951127,US Stocks
2022-05-06,WIX,0.14853787,-0.922185024710283,US Stocks
2022-05-06,GNRC,-0.0052541494,-1.0759770483690354,US Stocks
2022-05-06,BALL,-0.116573215,-1.1872961134630295,US Stocks
2022-05-06,MTCH,-0.38834673,-1.459069630594835,US Stocks
2022-05-09,EPAM,-0.6607847,-1.726734452734941,US Stocks
2022-05-09,JD,-0.409446,-1.4753957324132858,US Stocks
2022-05-09,TRNO,0.12614119,-0.9398085408315597,US Stocks
2022-05-09,IHI,0.006615281,-1.0593344502553879,Sector/Theme ETFs
2022-05-09,FTAI,11.206573,10.140622801293379,US Stocks
2022-05-10,DHR,0.03659129,-1.0627079219876645,US Stocks
2022-05-10,VCYT,1.7745955,0.6752962856234195,US Stocks
2022-05-10,PAYC,-0.13217133,-1.231470546251428,US Stocks
2022-05-10,NOW,0.64252067,-0.4567785472928403,US Stocks
2022-05-10,NFLX,3.2811866,2.181887367242682,US Stocks
2022-05-10,FRPT,0.12563562,-0.973663589483392,US Stocks
2022-05-10,FIVE,0.5155394,-0.5837598056851743,US Stocks
2022-05-10,BURL,0.5773089,-0.5219903202115415,US Stocks
2022-05-10,PEGA,0.4509914,-0.6483078212796567,US Stocks
2022-05-11,APTV,-0.52349985,-1.6249930269451816,US Stocks
2022-05-11,CHDN,-0.18671322,-1.2882063991757113,US Stocks
2022-05-11,PFGC,1.1894186,0.08792537381928378,US Stocks
2022-05-11,WDAY,0.07651818,-1.0249750025006015,US Stocks
2022-05-11,WK,0.05396688,-1.047526300642081,US Stocks
2022-05-12,NEE,0.24551368,-0.8069103740143246,US Stocks
2022-05-12,ASND,1.6979065,0.6454824425292545,US Stocks
2022-05-12,ATRC,0.21473539,-0.8376886628555722,US Stocks
2022-05-12,CZR,-0.46353883,-1.515962877123303,US Stocks
2022-05-13,MELI,1.362562,0.30177605476027214,US Stocks
2022-05-13,VRSK,0.02909267,-1.031693216899579,US Stocks
2022-05-16,HLI,0.55114317,-0.4681057617256452,US Stocks
2022-05-16,WK,0.045534015,-0.9737149164268781,US Stocks
2022-05-16,MTCH,-0.42745554,-1.4467044756004621,US Stocks
2022-05-16,HTHT,0.6516588,-0.3675901577064802,US Stocks
2022-05-16,NVCR,-0.80220395,-1.8214528843948652,US Stocks
2022-05-17,KEYS,1.7834558,0.6793882447451498,US Stocks
2022-05-17,APPF,1.2854645,0.18139692127408047,US Stocks
2022-05-18,IHI,-0.025274396,-1.1423077280775504,Sector/Theme ETFs
2022-05-18,GOOGL,2.220447,1.1034137313111825,US Stocks
2022-05-18,JD,-0.4363116,-1.5533449347273307,US Stocks
2022-05-18,HTHT,0.70101345,-0.41601988628067543,US Stocks
2022-05-18,HLI,0.6020901,-0.5149432118193107,US Stocks
2022-05-18,HASI,0.19914162,-0.9178917105452018,US Stocks
2022-05-18,EGP,0.41812253,-0.6989108021513419,US Stocks
2022-05-18,DHR,-0.014134288,-1.13116761996903,US Stocks
2022-05-18,AMBA,-0.15001315,-1.2670464809195,US Stocks
2022-05-19,PFGC,1.3326311,0.2165216925972282,US Stocks
2022-05-19,DG,-0.28664213,-1.402751552737397,US Stocks
2022-05-20,MKC,-0.4522574,-1.5295016833279051,US Stocks
2022-05-20,VEEV,0.72987974,-0.34736455163692614,US Stocks
2022-05-20,GOOG,2.1538055,1.076561205771216,US Stocks
2022-05-23,MTCH,-0.39754826,-1.4907717264414426,US Stocks
2022-05-24,IHI,-0.028023958,-1.1029157183375902,Sector/Theme ETFs
2022-05-24,CHDN,-0.17939985,-1.2542916081157274,US Stocks
2022-05-24,FIVN,-0.63053787,-1.705429627677495,US Stocks
2022-05-24,WK,0.057067275,-1.0178244850841112,US Stocks
2022-05-24,RH,-0.5543585,-1.6292502424922533,US Stocks
2022-05-24,JD,-0.40722305,-1.4821148059573717,US Stocks
2022-05-24,FTAI,10.777933,9.703041360596126,US Stocks
2022-05-26,ASND,1.5256221,0.5401195177950793,US Stocks
2022-05-31,APPF,0.911083,-0.10190510602490477,US Stocks
2022-06-01,EPAM,-0.6882153,-1.6635856388011814,US Stocks
2022-06-01,HLI,0.5554557,-0.4199146387973667,US Stocks
2022-06-01,HACK,1.5785947,0.6032243611415982,Sector/Theme ETFs
2022-06-01,IHI,-0.053302288,-1.0286726115146518,Sector/Theme ETFs
2022-06-03,IHI,-0.030394137,-1.0326275678259917,Sector/Theme ETFs
2022-06-03,ARKQ,1.255261,0.2530275134461335,Sector/Theme ETFs
2022-06-03,EPAM,-0.67352223,-1.6757556648833343,US Stocks
2022-06-03,HLI,0.5756422,-0.4265912027937957,US Stocks
2022-06-03,KEYS,1.5816679,0.5794344691651276,US Stocks
2022-06-03,MKC,-0.44072032,-1.4429537506682464,US Stocks
2022-06-03,NOW,0.40181506,-0.6004183741194793,US Stocks
2022-06-03,PAYC,-0.23524386,-1.2374772878272124,US Stocks
2022-06-06,APPF,0.9875417,0.004331216877208721,US Stocks
2022-06-08,KEYS,1.6313777,0.5775221582749004,US Stocks
2022-06-08,HLI,0.6501124,-0.40374314819787793,US Stocks
2022-06-08,EPAM,-0.65754896,-1.7114045027396565,US Stocks
2022-06-08,IHI,-0.0060974956,-1.059953034271944,Sector/Theme ETFs
2022-06-08,BBY,0.44109166,-0.6127638820311909,US Stocks
2022-06-08,CRL,0.2878915,-0.7659640315673237,US Stocks
2022-06-09,IQV,0.22028267,-0.8949041648621421,US Stocks
2022-06-09,NOW,0.45926237,-0.655924467634664,US Stocks
2022-06-09,HCA,1.3356347,0.22044786970664454,US Stocks
2022-06-09,ASND,1.7089877,0.593800874162211,US Stocks
2022-06-09,ARKQ,1.3740947,0.2589078859572549,Sector/Theme ETFs
2022-06-09,FRPT,0.06318319,-1.052003650259481,US Stocks
2022-06-10,EGP,0.4380306,-0.7606354442380048,US Stocks
2022-06-10,GOOG,2.2951524,1.096486380980196,US Stocks
2022-06-10,GOOGL,2.3412673,1.1426013025500201,US Stocks
2022-06-10,MTCH,-0.4019633,-1.600629338338194,US Stocks
2022-06-10,PAYC,-0.13979894,-1.3384649840138532,US Stocks
2022-06-10,WK,0.15231693,-1.0463491168759442,US Stocks
2022-06-13,MKC,-0.40114343,-1.606454839977919,US Stocks
2022-06-13,WST,0.30317414,-0.902137270245253,US Stocks
2022-06-13,ONC,1.5921521,0.38684071036845546,US Stocks
2022-06-13,NVCR,-0.7631535,-1.9684649017187943,US Stocks
2022-06-13,FIVN,-0.5975696,-1.8028809931609024,US Stocks
2022-06-13,DHR,0.013885617,-1.1914257910582413,US Stocks
2022-06-13,CHDN,-0.17594177,-1.381253173622786,US Stocks
2022-06-13,FTAI,11.422035,10.21672380897075,US Stocks
2022-06-14,PFGC,1.3624842,0.18817046993067965,US Stocks
2022-06-14,POOL,-0.53502846,-1.7093422044009854,US Stocks
2022-06-14,RH,-0.5439801,-1.7182938683719327,US Stocks
2022-06-15,SHAK,0.71263456,-0.5361028608562135,US Stocks
2022-06-16,CHDN,-0.15820473,-1.4021054606939516,US Stocks
2022-06-16,FTAI,12.025331,10.781429817149524,US Stocks
2022-06-16,APO,1.5875053,0.3436046142076292,US Stocks
2022-06-16,ARES,1.4136443,0.1697435874437132,US Stocks
2022-06-16,GNRC,0.027219057,-1.2166816692854128,US Stocks
2022-06-16,IGV,1.1029158,-0.14098496251356218,Sector/Theme ETFs
2022-06-16,MTCH,-0.36911947,-1.6130201917196474,US Stocks
2022-06-16,KKR,1.0341432,-0.2097575169111452,US Stocks
2022-06-16,PODD,-0.3310508,-1.5749515395666323,US Stocks
2022-06-16,WST,0.29299092,-0.9509098034406862,US Stocks
2022-06-16,XLY,0.6997436,-0.5441570978666506,Sector/Theme ETFs
2022-06-17,BHC,-0.14930552,-1.3381063396964543,US Stocks
2022-06-17,GDDY,0.51510143,-0.6736993844542973,US Stocks
2022-06-27,BBY,0.5493411,-0.6073736940104162,US Stocks
2022-06-28,ARKQ,1.4639406,0.30546820913573747,Sector/Theme ETFs
2022-06-28,ZTS,-0.5640762,-1.7225485965130662,US Stocks
2022-06-28,WK,0.05971694,-1.0987554713604784,US Stocks
2022-06-28,RH,-0.5189617,-1.677434138905797,US Stocks
2022-06-28,NOW,0.4450909,-0.7133815213559007,US Stocks
2022-06-28,GOOGL,2.1824622,1.0239898041369582,US Stocks
2022-06-28,GOOG,2.1372294,0.9787570313098097,US Stocks
2022-06-28,FRPT,0.17144167,-0.9870307370541429,US Stocks
2022-06-28,EPAM,-0.64726555,-1.805737964761052,US Stocks
2022-06-28,EGP,0.39843714,-0.7600352689144945,US Stocks
2022-06-28,APPF,1.1336305,-0.024841897141728353,US Stocks
2022-06-28,MTCH,-0.3916161,-1.550088517319951,US Stocks
2022-06-28,ARKG,0.517563,-0.6409094258663988,Sector/Theme ETFs
2022-07-01,IQV,0.17528212,-0.97403630206259,US Stocks
2022-07-01,MKC,-0.40327966,-1.552598084899504,US Stocks
2022-07-06,BHC,-0.334962,-1.4454366179637468,US Stocks
2022-07-06,ARKQ,1.3745482,0.2640735892124617,Sector/Theme ETFs
2022-07-08,FIVE,0.73083663,-0.40578338870253594,US Stocks
2022-07-08,W,1.0756698,-0.06095025309767754,US Stocks
2022-07-11,FERG,1.121892,-0.03380346365432629,US Stocks
2022-07-11,GNRC,0.031574845,-1.1241205937431324,US Stocks
2022-07-11,ARKK,1.0083027,-0.1473927504585255,Sector/Theme ETFs
2022-07-11,SKYY,1.5719724,0.41627693109054675,Sector/Theme ETFs
2022-07-11,ARKW,2.242506,1.0868105881645214,Sector/Theme ETFs
2022-07-12,WK,0.15010405,-1.0169725766952622,US Stocks
2022-07-12,HASI,0.5256406,-0.6414360156829941,US Stocks
2022-07-12,EPAM,-0.6414564,-1.808533047753154,US Stocks
2022-07-13,BURL,0.96735454,-0.20499739074655432,US Stocks
2022-07-13,ARKK,1.0651503,-0.1072016658777799,Sector/Theme ETFs
2022-07-14,ARKQ,1.447453,0.3158263654909348,Sector/Theme ETFs
2022-07-19,W,0.8398901,-0.23968398243797928,US Stocks
2022-07-22,SHOP,3.5468535,2.4714850652793197,US Stocks
2022-07-25,SKYY,1.6116014,0.5113852196751831,Sector/Theme ETFs
2022-07-26,ARKW,2.0602367,1.0131754299933884,Sector/Theme ETFs
2022-08-15,RNG,0.5706694,-0.3398578965885295,US Stocks
2022-08-19,RNG,0.7534597,-0.2326380696580186,US Stocks
2022-08-22,SHOP,4.140591,3.149677079302174,US Stocks
2022-08-26,SHOP,4.225892,3.1869146683703162,US Stocks
2022-09-01,SKYY,1.5969429,0.5039550499480296,Sector/Theme ETFs
2022-09-01,HUBS,-0.2979452,-1.3909330530602406,US Stocks
2022-09-16,FERG,1.0566714,-0.04754921789774702,US Stocks
2022-09-20,FERG,1.1213117,-0.04513373126521447,US Stocks
2022-09-23,BURL,1.3843138,0.14008544861893535,US Stocks
2022-09-27,GNRC,0.20747721,-0.9990782404617251,US Stocks
2022-10-06,HASI,0.6424444,-0.6111869845077802,US Stocks
2022-10-07,MKC,-0.34478796,-1.6157588767003856,US Stocks
2022-10-10,BIO,-0.08453596,-1.36998059569732,US Stocks
2022-10-10,SKYY,1.9398832,0.6544385928021308,Sector/Theme ETFs
2022-10-12,FERG,1.1546807,-0.07936836835384353,US Stocks
2022-10-13,TRNO,0.3752669,-0.910880833037035,US Stocks
2022-10-13,IHI,0.08336854,-1.2027792028261586,Sector/Theme ETFs
2022-10-14,TRU,0.11968899,-1.1091833412185998,US Stocks
2022-10-14,FERG,1.1642945,-0.06457784767306762,US Stocks
2022-10-18,HASI,0.96766675,-0.25104424915310997,US Stocks
2022-10-18,IRT,0.079704404,-1.1390065904617037,US Stocks
2022-10-19,IHI,0.089553714,-1.1479192016057058,Sector/Theme ETFs
2022-10-19,FERG,1.2788846,0.04141173387250463,US Stocks
2022-10-19,MKC,-0.31715363,-1.5546265480450674,US Stocks
2022-10-19,SKYY,1.8361228,0.5986498358317331,Sector/Theme ETFs
2022-10-20,ARKQ,1.8224032,0.6380138787498448,Sector/Theme ETFs
2022-10-21,NEE,0.17395306,-0.984029513568311,US Stocks
2022-10-21,DHR,-0.025288284,-1.183270853728681,US Stocks
2022-10-21,IQV,0.40927827,-0.7487042963213018,US Stocks
2022-10-26,ZWS,1.1218321,-0.029846717139698775,US Stocks
2022-10-26,HASI,0.6956829,-0.45599596621654204,US Stocks
2022-10-27,WST,0.62058556,-0.48109288577403353,US Stocks
2022-10-27,DHR,-0.025791228,-1.127469674390214,US Stocks
2022-10-31,HASI,0.6713964,-0.45487782545631816,US Stocks
2022-11-02,MKC,-0.35247034,-1.5561707659887434,US Stocks
2022-11-02,DHR,0.01609528,-1.1876051469968916,US Stocks
2022-11-03,SKYY,1.9855223,0.8130898234590886,Sector/Theme ETFs
2022-11-03,ZTS,-0.43505263,-1.6074850800290705,US Stocks
2022-11-04,FIVN,-0.27074462,-1.4225936628301374,US Stocks
2022-11-04,VRSK,0.04671049,-1.105138549896025,US Stocks
2022-11-08,WMS,0.5424489,-0.6428742558230014,US Stocks
2022-11-09,DHR,-0.08423567,-1.1557223038738322,US Stocks
2022-11-09,HUBS,-0.27015,-1.3416366415088725,US Stocks
2022-11-09,RBA,0.64533603,-0.42615060377770186,US Stocks
2022-11-09,ARKW,2.779403,1.707916335576241,Sector/Theme ETFs
2022-11-11,PPLI,-0.012306929,-1.0815392222004454,US Stocks
2022-11-14,WST,0.4742254,-0.5775071538929639,US Stocks
2022-11-16,ZTS,-0.47411907,-1.5479701248499076,US Stocks
2022-11-16,WST,0.64534295,-0.4285081116052787,US Stocks
2022-11-17,BIO,-0.10290867,-1.1673863872131887,US Stocks
2022-11-17,RBA,0.5976931,-0.46678463064046527,US Stocks
2022-11-17,VRSK,0.016251445,-1.048226271494347,US Stocks
2022-11-22,RBA,0.6300802,-0.4016154815387032,US Stocks
2022-11-28,BIO,-0.106119394,-1.1747754941047477,US Stocks
2022-11-28,WMS,0.35022044,-0.7184356579841422,US Stocks
2022-12-05,WMS,0.39938474,-0.6766251817438289,US Stocks
2022-12-06,AIZ,1.2103395,0.13079196328128884,US Stocks
2022-12-06,RBA,0.57451904,-0.505028544721946,US Stocks
2022-12-07,PPLI,0.0488981,-1.0144853907104783,US Stocks
2022-12-15,ZWS,1.1728728,0.04941445395421651,US Stocks
2022-12-15,PPLI,0.0875746,-1.0358837266259227,US Stocks
2022-12-16,WST,0.5999253,-0.5416927974976642,US Stocks
2022-12-16,ZTS,-0.47261322,-1.614231292561446,US Stocks
2022-12-19,RBA,0.6069777,-0.5317137922040791,US Stocks
2022-12-21,WBHC,15.728249,14.590568101774107,US Stocks
2023-01-06,TSLA,2.120481,1.022152100279445,US Stocks
2023-01-19,GNRC,1.0853996,0.029580215233723006,US Stocks
2023-03-13,SFBS,0.45903742,-0.6185611211889812,US Stocks
2023-03-15,FCNCA,2.7938743,1.739248794801485,US Stocks
2023-03-16,RBA,0.6451721,-0.43376173813218166,US Stocks
2023-03-17,HASI,0.8775085,-0.1816256551846651,US Stocks
2023-03-23,SFBS,0.4978956,-0.5507802348108295,US Stocks
2023-04-11,SCHW,0.9429805,-0.04394132773331694,US Stocks
2023-04-24,CDNA,6.8325,5.835939142090178,US Stocks
2023-04-28,IQV,0.33184206,-0.6194066643516185,US Stocks
2023-05-02,HASI,0.70919013,-0.27787778170342303,US Stocks
2023-05-03,MORN,0.10926199,-0.8919804465884513,US Stocks
2023-05-04,HASI,0.6928688,-0.2719988937400919,US Stocks
2023-05-09,SFBS,0.84482145,-0.11899941939118985,US Stocks
2023-05-16,SFBS,0.7797102,-0.17285422744079715,US Stocks
2023-05-18,IEP,-0.57428813,-1.511040970428355,US Stocks
2023-05-22,IEP,-0.50374687,-1.461686838031855,US Stocks
2023-05-26,HASI,0.87873304,-0.0508289798937307,US Stocks
2023-06-06,NVCR,-0.7085902,-1.6093367045440814,US Stocks
2023-06-15,DG,-0.19331038,-1.0313909120052716,US Stocks
2023-08-22,HASI,1.0701983,0.24692890533099865,US Stocks
2023-09-20,DG,0.203475,-0.6624092288694925,US Stocks
2023-10-02,NEE,0.58998764,-0.3192692762522671,US Stocks
2023-10-04,DG,0.24171257,-0.6544560709921883,US Stocks
2023-10-17,HASI,1.3602197,0.489217902574107,US Stocks
2023-10-23,BIP,0.87618613,-0.023876583462981937,US Stocks
2023-10-25,DHR,0.117853045,-0.8332404783808802,US Stocks
2023-10-26,DG,0.10091162,-0.8590662346646118,US Stocks
2023-10-27,EXPO,-0.019956946,-0.9567786550752388,US Stocks
2023-11-02,ALB,-0.16383559,-1.0155544668681789,US Stocks
2023-11-02,KNSL,-0.017508566,-0.8692274481303859,US Stocks
2023-11-02,RRX,0.57437277,-0.27734611334873915,US Stocks
2023-11-10,MTD,0.47314668,-0.35543576057118687,US Stocks
2023-11-13,IQV,0.26222074,-0.5315610532254227,US Stocks
2023-11-15,NEE,0.48267746,-0.3051280260329121,US Stocks
2023-11-15,KNSL,-0.05483848,-0.842643964314925,US Stocks
2023-11-22,NEE,0.44643235,-0.32146508926320716,US Stocks
2023-11-29,KNSL,-0.047531724,-0.8111681985469161,US Stocks
2023-12-04,NEE,0.4295411,-0.33332289252930236,US Stocks
2024-01-11,ALB,-0.15345728,-0.8352424738163968,US Stocks
2024-02-28,HSY,-0.06621462,-0.6440633185679343,US Stocks
2024-03-04,HSY,-0.06442231,-0.645070762114258,US Stocks
2024-07-23,LPLA,0.4610194,-0.010850766168251536,US Stocks
2024-07-25,WST,0.2779466,-0.18524549479989716,US Stocks
2024-07-26,LPLA,0.5389143,0.07658191424650695,US Stocks
2024-08-08,WST,0.26338398,-0.2312411548384321,US Stocks
2024-08-08,ATKR,0.04054904,-0.4540760995634687,US Stocks
2024-08-08,NVT,1.6580417,1.1634165762177813,US Stocks
2024-08-14,ALB,0.33907354,-0.10128699506700434,US Stocks
2024-08-14,WST,0.24287426,-0.1974862691301147,US Stocks
2024-08-20,LPLA,0.4846424,0.06367948759531772,US Stocks
2024-08-22,LPLA,0.47953486,0.062388838998297835,US Stocks
2024-09-03,MYRG,2.3852334,1.93933046949851,US Stocks
2024-09-03,NVT,1.6948357,1.2489327300881097,US Stocks
2024-09-05,LPLA,0.566237,0.09199703456774988,US Stocks
2024-10-31,SMCI,0.674073,0.28330450917449923,US Stocks
2024-11-18,BAH,-0.47134757,-0.8167386114687125,US Stocks
2024-11-22,ATKR,0.040075183,-0.28903664710736954,US Stocks
2024-12-04,BAH,-0.4890557,-0.7981650024317988,US Stocks
2024-12-06,ATKR,0.079158425,-0.2342374315428628,US Stocks
2024-12-09,BAH,-0.48574024,-0.8032322749984142,US Stocks
2024-12-10,ATKR,0.10556245,-0.201822756007483,US Stocks
2024-12-19,FERG,0.23212838,-0.10682166581376151,US Stocks
2024-12-30,FERG,0.26478243,-0.08575026487744553,US Stocks
2025-01-07,FERG,0.27617884,-0.06654162519871276,US Stocks
2025-01-23,BAH,-0.45359898,-0.7555057508081959,US Stocks
2025-02-07,ESTA,1.0786068,0.7699841945550723,US Stocks
2025-02-13,WST,0.6914314,0.39321871052184165,US Stocks
2025-02-21,MRNA,4.8132744,4.487910899836949,US Stocks
2025-02-21,NVT,1.7851608,1.4597972962450303,US Stocks
2025-02-26,BAH,-0.34643763,-0.6993482175372494,US Stocks
2025-03-03,BAH,-0.31400353,-0.6861218932286739,US Stocks
2025-03-03,ETH-USD,0.1642499,-0.20786846906104084,Crypto
2025-03-04,ATKR,0.5666765,0.20914867719724572,US Stocks
2025-03-04,WST,0.5753678,0.21783998807981408,US Stocks
2025-03-04,FERG,0.28634906,-0.07117876211092078,US Stocks
2025-03-06,FERG,0.30524004,-0.06911812579992138,US Stocks
2025-03-06,ETH-USD,0.18113828,-0.19321988380315624,Crypto
2025-03-09,ETH-USD,0.35746074,-0.05450589000483563,Crypto
2025-03-11,AAON,0.07332361,-0.34296361859546676,US Stocks
2025-03-12,BAH,-0.34808153,-0.7835032788180829,US Stocks
2025-03-12,WST,0.62338996,0.18796820965771666,US Stocks
2025-03-13,ATKR,0.51301336,0.10664125747656494,US Stocks
2025-03-14,BAH,-0.37080306,-0.7664132707281051,US Stocks
2025-03-20,BAH,-0.30313462,-0.7023800772435167,US Stocks
2025-03-20,ETH-USD,0.2858199,-0.11342556893892075,Crypto
2025-03-21,ATKR,0.55296874,0.178340974002839,US Stocks
2025-03-26,AAON,0.0895288,-0.3020671849420129,US Stocks
2025-04-03,RRX,0.6631001,0.10130005122456076,US Stocks
2025-04-03,GOLF,0.34226394,-0.21953613518443582,US Stocks
2025-04-03,FN,1.8922119,1.3304118418816042,US Stocks
2025-04-03,FERG,0.40406668,-0.15773339031901834,US Stocks
2025-04-03,DELL,7.2827435,6.720943381798596,US Stocks
2025-04-03,ARES,0.026916146,-0.5348839259025144,US Stocks
2025-04-03,ANET,2.3646107,1.8028105998161745,US Stocks
2025-04-03,ETN,0.76701534,0.20521526576313498,US Stocks
2025-04-03,BAH,-0.3354252,-0.8972252702590513,US Stocks
2025-04-04,AVAV,0.22040927,-0.3441775294789704,US Stocks
2025-04-04,AVGO,1.4380383,0.8734515455713836,US Stocks
2025-04-04,COHR,5.084043,4.5194562223902315,US Stocks
2025-04-07,OLN,-0.060347974,-0.6498306803884903,US Stocks
2025-04-07,BAH,-0.31979042,-0.9092731290045182,US Stocks
2025-04-07,CXT,0.15623558,-0.43324713041214147,US Stocks
2025-04-07,HUBB,0.52450645,-0.06497625638870397,US Stocks
2025-04-07,MC,0.21492958,-0.37455312539962926,US Stocks
2025-04-07,MPC,2.9832225,2.3937397785005174,US Stocks
2025-04-07,MPWR,2.1182249,1.528742153149565,US Stocks
2025-04-07,SOXX,2.7553523,2.1658695525941454,Sector/Theme ETFs
2025-04-07,PAVE,0.58844495,-0.0010377578916946906,Sector/Theme ETFs
2025-04-08,SF,0.23574805,-0.2026726533012737,US Stocks
2025-04-08,XLK,0.9874971,0.5490763853950154,Sector/Theme ETFs
2025-04-08,WK,0.028035998,-0.4103847075538982,US Stocks
2025-04-08,ATKR,0.63983893,0.20141822804638254,US Stocks
2025-04-08,BOOT,0.17207539,-0.26634531508258474,US Stocks
2025-04-08,CMC,0.47311687,0.03469616879650461,US Stocks
2025-04-08,CSW,-0.0029537678,-0.44137447367480886,US Stocks
2025-04-08,CSL,-0.050487936,-0.4889086414413799,US Stocks
2025-04-08,GOOG,1.1762958,0.7378750513953816,US Stocks
2025-04-08,PI,1.4039357,0.9655149649543415,US Stocks
2025-04-08,HLI,-0.17984319,-0.6182638932304729,US Stocks
2025-04-08,COHR,4.0986676,3.660246915714229,US Stocks
2025-04-08,GOOGL,1.2291873,0.7907665442390095,US Stocks
2025-04-09,ENTG,1.4208431,0.9165038278674846,US Stocks
2025-04-09,HCC,1.0879054,0.5835661104297405,US Stocks
2025-04-10,WK,0.0822165,-0.3957518095741266,US Stocks
2025-04-10,SPSC,-0.37861645,-0.8565847630271906,US Stocks
2025-04-10,NUE,1.2751372,0.7971688752403265,US Stocks
2025-04-10,MC,0.1731515,-0.30481681773757874,US Stocks
2025-04-10,WMS,0.18088627,-0.29708204219436585,US Stocks
2025-04-10,GOLF,0.31769705,-0.16027126262283264,US Stocks
2025-04-10,ACA,0.90617883,0.4282105212440497,US Stocks
2025-04-10,ANET,1.9803221,1.502353811763764,US Stocks
2025-04-10,MATX,1.2295904,0.7516221051445013,US Stocks
2025-04-10,ARCB,1.0920229,0.6140545850028998,US Stocks
2025-04-10,MPWR,1.6623614,1.1843930726280218,US Stocks
2025-04-10,FERG,0.32590663,-0.152061676479339,US Stocks
2025-04-10,BCC,-0.22035807,-0.6983263845214838,US Stocks
2025-04-10,ESI,1.0475085,0.5695401673545843,US Stocks
2025-04-11,BAH,-0.35221308,-0.8159804233621999,US Stocks
2025-04-15,AAON,0.08681989,-0.41442918565418974,US Stocks
2025-04-15,CXT,0.10967219,-0.3915768840565945,US Stocks
2025-04-15,GOLF,0.37214756,-0.1291015126958157,US Stocks
2025-04-15,RRX,0.7011323,0.19988322470042452,US Stocks
2025-04-16,WK,0.06269419,-0.4364155413126145,US Stocks
2025-04-16,MPWR,1.7109222,1.2118125079656448,US Stocks
2025-04-16,MC,0.14974749,-0.3493622423624192,US Stocks
2025-04-16,IBP,0.16941035,-0.32969938530675513,US Stocks
2025-04-16,FND,-0.35336363,-0.8524733664011155,US Stocks
2025-04-16,ASML,1.8991303,1.4000206111455764,US Stocks
2025-04-16,CSW,-0.03743261,-0.5365423442339097,US Stocks
2025-04-17,INSP,-0.5329647,-1.0686274519886527,US Stocks
2025-04-17,MEDP,1.0509014,0.5152386673961129,US Stocks
2025-04-17,WHD,0.74683297,0.2111702212367501,US Stocks
2025-04-21,XLK,1.1052227,0.6085011326162186,Sector/Theme ETFs
2025-04-21,SOXX,2.4861157,1.989394124635872,Sector/Theme ETFs
2025-04-21,IBP,0.13945508,-0.3572664893777999,US Stocks
2025-04-21,ATKR,0.5579257,0.061204131731208866,US Stocks
2025-04-21,CSW,-0.03884971,-0.5355712808283004,US Stocks
2025-04-21,ESI,0.98023486,0.4835132919637528,US Stocks
2025-04-21,ETN,0.6320281,0.1353065334646073,US Stocks
2025-04-21,FERG,0.3377632,-0.15895837914067834,US Stocks
2025-04-21,FN,1.7924523,1.2957307659475175,US Stocks
2025-04-21,GOOG,1.277545,0.7808234058706132,US Stocks
2025-04-21,GOOGL,1.3357389,0.8390173279134598,US Stocks
2025-04-21,LECO,0.48220015,-0.014521423688713009,US Stocks
2025-04-21,MC,0.15556669,-0.34115487705785363,US Stocks
2025-04-21,WING,-0.43719155,-0.9339131153734359,US Stocks
2025-04-22,ADI,1.2786453,0.8047622308395743,US Stocks
2025-04-22,RRX,0.6024704,0.12858735176547764,US Stocks
2025-04-22,WSC,-0.26930135,-0.7431844010688424,US Stocks
2025-04-23,FANG,0.44444954,0.0009507549639489188,US Stocks
2025-04-23,DECK,-0.26773608,-0.7112348662976478,US Stocks
2025-04-23,ODFL,0.1467855,-0.2967132913235877,US Stocks
2025-04-25,SAIA,0.4278605,-0.004737091194836118,US Stocks
2025-04-25,MATX,1.1415524,0.7089548586495242,US Stocks
2025-04-25,SM,0.64433324,0.2117356537468753,US Stocks
2025-04-25,DECK,-0.2576729,-0.6902704955451169,US Stocks
2025-04-28,KNSL,-0.2340203,-0.6576499057227565,US Stocks
2025-04-29,MBIN,0.66168296,0.23861803406069382,US Stocks
2025-04-30,FANG,0.45869792,0.04564713542995413,US Stocks
2025-04-30,MTDR,0.39593577,-0.017115005797768035,US Stocks
2025-04-30,WHD,0.62275076,0.20969997947750052,US Stocks
2025-05-01,GKOS,0.69797957,0.30559761840908917,US Stocks
2025-05-01,SPSC,-0.43090612,-0.8232880679884633,US Stocks
2025-05-02,SM,0.84791744,0.44750505697497633,US Stocks
2025-05-02,WK,0.084830284,-0.3155820964597771,US Stocks
2025-05-05,FANG,0.49019766,0.07798159308107255,US Stocks
2025-05-05,UNH,-0.023885429,-0.43610149436323287,US Stocks
2025-05-06,MATX,1.4167268,1.0104250107439912,US Stocks
2025-05-06,SPSC,-0.42316365,-0.8294654692975127,US Stocks
2025-05-08,HCC,1.0121884,0.6138358825078765,US Stocks
2025-05-08,OLN,-0.20880675,-0.607159305251523,US Stocks
2025-05-09,COP,0.51223063,0.15861176271002453,US Stocks
2025-05-12,MUSA,0.19927275,-0.14546550209285547,US Stocks
2025-05-12,WST,0.6808437,0.33610545699833105,US Stocks
2025-05-14,MEDP,0.9995614,0.6630671853902763,US Stocks
2025-05-14,WST,0.7222506,0.38575633715419233,US Stocks
2025-05-21,INSP,-0.53696465,-0.8903514771374503,US Stocks
2025-05-21,WHD,0.5546138,0.20122700644409264,US Stocks
2025-05-21,SM,0.6741271,0.3207402796832284,US Stocks
2025-05-21,IBP,0.19093502,-0.16245180653655922,US Stocks
2025-05-21,MEDP,1.0226257,0.6692388625231942,US Stocks
2025-05-21,SAIA,0.26309502,-0.09029180096710121,US Stocks
2025-05-21,ARCB,1.0970917,0.7437048525897225,US Stocks
2025-05-22,MUSA,0.17630756,-0.1863806671080508,US Stocks
2025-05-22,MBIN,0.5887929,0.22610469399119237,US Stocks
2025-05-22,COP,0.62408745,0.2613992267670713,US Stocks
2025-05-23,DECK,-0.25637847,-0.5913126672066868,US Stocks
2025-05-27,MUSA,0.21314919,-0.12955312767422744,US Stocks
2025-05-28,IBP,0.15661919,-0.18080374753728656,US Stocks
2025-05-28,SAIA,0.25378656,-0.08363637483373432,US Stocks
2025-05-28,WHD,0.5375465,0.20012357675775738,US Stocks
2025-05-29,COP,0.62104285,0.28212240104328856,US Stocks
2025-05-30,SPSC,-0.41091353,-0.74233406465067,US Stocks
2025-05-30,ARCB,1.0856636,0.7542430194138137,US Stocks
2025-06-04,MBIN,0.58375883,0.25310137466410754,US Stocks
2025-06-04,SAIA,0.3358059,0.0051484365842735524,US Stocks
2025-06-17,MBIN,0.5914804,0.27060059151938387,US Stocks
2025-06-26,WBHC,2.695172,2.415602286082311,US Stocks
2025-07-31,MUSA,0.44161725,0.17606309073087245,US Stocks
2025-08-05,FICO,-0.4977218,-0.7411559645485353,US Stocks
2025-08-07,FICO,-0.47006547,-0.7049133201737274,US Stocks
2025-08-20,FICO,-0.485959,-0.7239738839848764,US Stocks
2025-09-12,MUSA,0.316023,0.12551239947578385,US Stocks
2025-09-18,MUSA,0.36145067,0.17922241906499936,US Stocks
2025-10-30,MUSA,0.4556347,0.30523015786897423,US Stocks
2025-11-12,LII,-0.24722147,-0.41477831117280006,US Stocks
2025-11-21,TRI,-0.23944068,-0.4127766403041815,US Stocks
2025-12-11,TRI,-0.2289663,-0.37987699540660635,US Stocks
2025-12-18,AAON,0.15651321,0.0070206132241739105,US Stocks
2026-01-27,CVLT,0.69015026,0.5651708041001029,US Stocks
2026-02-03,CRVL,0.57121015,0.4310984243229985,US Stocks
2026-02-05,ARES,-0.088757694,-0.2215560988157581,US Stocks
2026-02-05,CRVL,0.5844463,0.4516479059487988,US Stocks
2026-02-05,KKR,-0.13482922,-0.26762762820418584,US Stocks
2026-02-09,MUSA,0.43247795,0.30213455471238015,US Stocks
2026-02-10,AJG,0.12176001,-0.00884463890539866,US Stocks
2026-02-11,HRB,0.5803741,0.4320287901431168,US Stocks
2026-02-12,HLI,-0.23682833,-0.38436507753816906,US Stocks
2026-02-13,AJG,0.076208115,-0.06948014871764152,US Stocks
2026-02-17,FICO,-0.48791826,-0.6278638220843409,US Stocks
2026-02-20,PANW,1.8299577,1.683497174053475,US Stocks
2026-02-23,LPLA,0.06808436,-0.070103277903792,US Stocks
2026-02-25,SFM,-0.14615792,-0.28112569287884215,US Stocks
2026-02-26,APO,0.114703655,-0.025740526252796547,US Stocks
2026-02-27,LPLA,0.07750869,-0.06228731498257334,US Stocks
2026-02-27,HLI,-0.22940177,-0.36919777020947153,US Stocks
2026-03-06,JEF,0.17131793,0.017893458834433273,US Stocks
2026-03-09,MC,0.036848187,-0.11843294843864949,US Stocks
2026-03-10,FICO,-0.39927745,-0.5560104729956299,US Stocks
2026-03-10,PI,0.873852,0.7171189902001709,US Stocks
2026-03-11,CXT,0.13025486,-0.04431390517393097,US Stocks
2026-03-11,LPLA,0.13735747,-0.03721129649320587,US Stocks
2026-03-12,MC,0.10036135,-0.08089339710354482,US Stocks
2026-03-12,PI,1.024091,0.8428362610232862,US Stocks
2026-03-12,PJT,0.052675247,-0.12857949710964833,US Stocks
2026-03-16,CSW,0.099496365,-0.0667900347223338,US Stocks
2026-03-18,CSW,0.08882773,-0.09688503021227324,US Stocks
2026-03-20,FWONK,0.14648294,-0.04397527455774575,US Stocks
2026-03-24,PANW,1.662251,1.4744027103209552,US Stocks
2026-03-24,EQH,0.41157508,0.22372679364920223,US Stocks
2026-03-27,LPLA,0.097346425,-0.13720978961547825,US Stocks
2026-03-27,MC,0.037225723,-0.1973304914053342,US Stocks
2026-03-27,PJT,-0.015165567,-0.24972178207000706,US Stocks
2026-04-01,APO,0.08929384,-0.10034750429664818,US Stocks
2026-04-01,LPLA,0.121672034,-0.06796930758033959,US Stocks
2026-04-01,MMYT,0.07906628,-0.11057506529365746,US Stocks
2026-04-10,CVLT,0.6944878,0.5573321780600806,US Stocks
2026-04-13,HLNE,-0.1529336,-0.2763999888180879,US Stocks
2026-04-20,MMYT,-0.10400164,-0.21211783099558446,US Stocks
2026-04-27,CVLT,0.54990804,0.4536407047337001,US Stocks
2026-04-29,ARES,-0.0009887218,-0.08662378432801887,US Stocks
2026-05-01,HRB,0.42183506,0.3352171916482727,US Stocks
2026-05-04,MMYT,-0.08648533,-0.16445546125413735,US Stocks
2026-05-12,FICO,-0.34251964,-0.39356632769878175,US Stocks
2026-05-13,MMYT,-0.0060115457,-0.04882599500488949,US Stocks
2026-05-14,CXT,0.26750636,0.21199485976212218,US Stocks
2026-06-03,LPLA,0.12751257,0.09698454559156433,US Stocks
2026-06-05,IBP,-0.08770859,-0.14314879386983614,US Stocks
2026-06-08,LPLA,0.14143634,0.08288874929809276,US Stocks
2026-06-10,IBP,-0.11971575,-0.17724453489824699,US Stocks
2026-06-15,LDOS,0.010490775,-0.029321610100442097,US Stocks
2026-06-18,HURN,0.74519217,0.6997756296490438,US Stocks
2026-06-24,LPLA,0.18650448,0.12672281557442977,US Stocks
2026-07-01,ORCL,0.014853597,-0.03001551132475977,US Stocks
2026-07-07,ORCL,0.013264418,-0.030735594500375107,US Stocks
2026-07-10,ORCL,0.07845533,0.03970891304464086,US Stocks
2026-07-29,AAON,-0.007175207,-0.05639748102133324,US Stocks
2026-07-30,HLI,-9.9003315e-05,-0.041821014977985405,US Stocks
2026-08-06,AAON,-0.08297461,-0.08936010502119762,US Stocks
2026-08-06,FICO,-0.32784724,-0.3342327346636842,US Stocks
2026-08-10,AAON,0.013773799,0.003862004975749622,US Stocks
2026-08-11,FICO,-0.32965595,-0.33704462462106255,US Stocks
2026-08-20,HWKN,0.10832846,0.09203309819605532,US Stocks
2026-09-04,RBA,-0.0014654994,-0.017442377601930126,US Stocks
2026-09-04,FICO,-0.2499947,-0.2659715733874526,US Stocks
2026-09-10,GOLF,-0.061413825,-0.0796106876230187,US Stocks
2026-09-10,FICO,-0.28964174,-0.3078386010026879,US Stocks
2026-09-16,HLI,-0.059108973,-0.0795622340719544,US Stocks
2026-09-17,FICO,-0.26293075,-0.282072418773593,US Stocks
2026-09-18,HLI,-0.058754206,-0.06233535571181559,US Stocks
2026-09-23,HLI,-0.020953774,-0.03280239790726647,US Stocks
2026-09-29,FICO,0.18146062,0.16357512461626733,US Stocks
2026-10-01,LQDA,0.012569904,0.003955481016981732,US Stocks
