Ticker,Name,Last Price,Market Cap,Trading Region,Trading Country,Below 52W High %,Revenues Est Avg Rev % (FY1E - 1W),Revenues Est Avg Rev % (FY1E - 1M),Revenues Est Avg Rev % (FY1E - 3M),Revenues Est Avg Rev % (FY1E - 6M),Revenues Est Avg Rev % (FY1E - 1Y),Revenues Est Avg Rev % (FY2E - 1W),Revenues Est Avg Rev % (FY2E - 1M),Revenues Est Avg Rev % (FY2E - 3M),Revenues Est Avg Rev % (FY2E - 6M),Revenues Est Avg Rev % (FY2E - 1Y),Revenues Est Avg Rev % (FY3E - 1W),Revenues Est Avg Rev % (FY3E - 1M),Revenues Est Avg Rev % (FY3E - 3M),Revenues Est Avg Rev % (FY3E - 6M),Revenues Est Avg Rev % (FY3E - 1Y),Revenues - Est Avg (FY1E),Revenues - Est Avg (FY2E),Revenues - Est Avg (FY3E),Total Revenues (FY),Total Revenues (-1FY),Total Revenues (-2FY),Total Revenues (-3FY),Total Revenues (-4FY),Total Revenues (-5FY),Total Revenues (-6FY),Total Revenues (-7FY),Total Revenues (-8FY),Total Revenues (-9FY),Total Revenues (-10FY),Sector,Industry,Description,EPS Norm - Est Avg (FY1E),EPS Norm - Est Avg (FY2E),EPS Norm - Est Avg (FY3E),EPS/Adj. (FY),EPS/Adj. (-1FY),EPS/Adj. (-2FY),EPS/Adj. (-3FY),EPS/Adj. (-4FY),EPS/Adj. (-5FY),EPS/Adj. (-6FY),EPS/Adj. (-7FY),EPS/Adj. (-8FY),EPS/Adj. (-9FY),EPS/Adj. (-10FY),FY End
ELE,Elemental Royalty Corporation,28.46,1830.15,United States and Canada,CA,-0.17,0.1272,0.1384,0.0163,0.0887,0.9241,-0.0209,-0.0112,0.057,0.0901,2.5812,-0.1144,-0.1056,0.3333,0.2749,,137.56,155.21,175.65,59.9,23.47,15.56,13.05,8.36,6.52,3.14,1.98,0.64,,,Materials,Metals and Mining,Elemental Royalty Corporation engages in the acquisition and generation of precious and base metal royalties. It is also involved in exploration royalties and royalty generation assets. The company holds royalties in gold silver copper and precious metal projects. In addition it operates in North America; South America; Australia; Africa; and internationally. The company was formerly known as Elemental Altus Royalties Corp. and changed its name to Elemental Royalty Corporation in November 2025. The company is headquartered in Vancouver Canada.,0.37,0.71,0.99,0.16,0.01,-0.27,-1,-0.87,,,,,,,Dec-25
OGG,Osisko Gold Group Inc.,3.92,1198.88,United States and Canada,CA,-0.4087,0.0959,1.916,16.3657,1.837,4.1757,,,,-0.7418,-0.9162,-0.2391,-0.5227,-0.6818,-0.5911,,38.3,5.25,227.78,35.48,4.56,31.62,64.05,7.66,,,,,,,Materials,Metals and Mining,Osisko Gold Group Inc. together with its subsidiaries acquires explores and develops precious metals resource properties in Canada Mexico and the United States. The company explores for precious and base metal gold silver lithium copper lead and zinc deposits. Its flagship asset is the 100% owned Cariboo Gold Project which covers an area of approximately 192000 hectares consisting of 443 mineral and placer titles located in British Columbia Canada. The company also holds a portfolio of marketable securities. Osisko Gold Group Inc. was formerly known as Osisko Development Corp. and changed its name to Osisko Gold Group Inc. in July 2026. The company is headquartered in Montreal Canada.,-0.38,-0.68,-0.37,-0.74,-0.86,-0.76,-3.59,-0.51,,,,,,,Dec-25
BB,BlackBerry Limited,11.86,6962.2,United States and Canada,CA,-0.3572,0.0388,0.0491,0.0249,0.1145,0.1155,0.0179,0.028,0.0043,0.1432,0.1435,0.0583,0.0687,0.0441,,,893.12,965.9,1125.01,748.97,773.73,1157.68,895.15,910.22,1136.63,1396.22,1189.59,1195.91,1738.5,2922.87,Information Technology,Software,BlackBerry Limited provides intelligent software and services to enterprises and governments worldwide. The company operates through three segments: Secure Communications QNX and Licensing. The company offers BlackBerry Dynamics a development platform and secure container for mobile applications; BlackBerry Workspaces a secure Enterprise File Sync and Share (EFSS) solution; BlackBerry Messenger (BBM) Enterprise an enterprise-grade secure instant messaging solution for messaging voice and video; BlackBerry SecuSUITE a multi-OS voice and text messaging solution; BlackBerry AtHoc a secure networked critical event management solution; and BlackBerry unified endpoint management (UEM) solutions. It also provides BlackBerry Certicom a patented elliptic curve cryptography which provides device security anti-counterfeiting and product authentication solutions; BlackBerry Radar offers asset monitoring and telematics solutions for transportation and logistics; and BlackBerry Development Platform an enterprise-grade toolset. In addition the company offers enterprise consulting and engineering consulting services. Further it is involved in patent licensing. The company was formerly known as Research In Motion Limited and changed its name to BlackBerry Limited in July 2013. BlackBerry Limited was incorporated in 1984 and is headquartered in Waterloo Canada.,0.29,0.33,0.42,0.22,0.03,0.08,-0.23,-0.13,0.23,0.17,0.3,0.19,0.08,-0.38,Feb-26
HIVE,HIVE Digital Technologies Ltd.,4.29,1176.65,United States and Canada,CA,-0.6086,0.0274,0.0582,-0.0778,-0.1113,-0.2719,0.0344,0.0477,0.037,-0.1106,0.271,,,,,,523.2,734.26,,414.34,165.87,155.05,143.69,264.02,85.08,41.12,42.53,16.87,,,Information Technology,Software,HIVE Digital Technologies Ltd. a technology company builds and operates data centers powered by green energy in Bermuda Paraguay Sweden and Canada. The Company operates the mining and sale of digital currencies and performance computing hosting. It also provides infrastructure solutions such as computational capacity to distributed networks in the blockchain industry. The company was formerly known as HIVE Blockchain Technologies Ltd. and changed its name to HIVE Digital Technologies Ltd. in July 2023. HIVE Digital Technologies Ltd. was incorporated in 1987 and is headquartered in San Antonio Texas.,,,,-0.63,,,,,-0.34,,,,,,Mar-26
VCM,Vecima Networks Inc.,13.2,320.95,United States and Canada,CA,-0.089,0.0255,0.0255,0.0306,0.06,0.0866,,,,,,,,,,,392.86,438.95,,294.96,285.86,291.05,303.44,186.81,124.18,94.88,85.03,78.1,71.46,98.35,Information Technology,Communications Equipment,Vecima Networks Inc. engages in the development of integrated hardware and software solutions for broadband access content delivery and telematics. It operates through two segments Video and Broadband Solutions and Content Delivery and Storage. The company offers platforms that process data from the cable network and deliver internet connectivity to homes over cable and fiber as well as adapt video services. It also provides solutions and software under the MediaScale brand for service providers and content owners that focus on ingesting producing storing delivering and streaming video for live linear video on demand network digital video recorder and time shifted services over the internet; Terrace and Terrace QAM which are designed to meet the needs of the business services verticals such as multi- dwelling units hotels motels and resorts; and Entra distributed access architecture platform comprising Entra Cloud Entra Remote PHY Entra Remote MACPHY Entra vPON Entra Video QAM Entra cable access EntraOptical and EntraVideo that addresses the network migration from legacy architectures to distributed access architectures. In addition it offers information and analytics for fleet managers to manage their mobile and fixed assets under the Contigo and Nero Global Tracking brand names. Further it provides lifecycle program management; installation and commission; training and certification; workforce optimization; and operations and customer support services. The company was incorporated in 1988 and is headquartered in Victoria Canada. Vecima Networks Inc. operates as a subsidiary of 684739 B.C. Ltd.,1.49,,,,-0.18,0.89,0.97,0.41,,0.06,-0.11,0.16,0.38,1.02,Jun-26
ITR,Integra Resources Corp.,3.72,754.69,United States and Canada,CA,-0.4364,0.0249,0.0429,-0.0844,-0.0297,0.4559,0.053,0.1042,-0.0223,-0.1875,1.9179,0.0198,0.0299,-0.1573,0.0146,,432.44,543.63,547.92,334.81,43.63,,,,,,,,,,Materials,Metals and Mining,Integra Resources Corp. a precious metals producer engages in the exploration and development of mineral properties in the Great Basin of the Western United States. It explores for gold and silver deposits. The company’s flagship projects include DeLamar Project which includes 790 unpatented lode placer and millsite claims and 16 tax parcels comprised of patented mining claims covering an area of 8673 hectares located in southwestern Idaho; and the Nevada North Project located in western Nevada. The company was formerly known as Mag Copper Limited and changed its name to Integra Resources Corp. in August 2017. Integra Resources Corp. was incorporated in 1997 and is headquartered in Vancouver Canada.,0.37,0.67,0.67,0.38,-0.3,-0.72,-0.98,-1.73,-1.32,-1.56,,,,,Dec-25
AGX,Silver X Mining Corp.,0.9,258.15,United States and Canada,CA,-0.441,0.0217,0.0883,0.3195,1.5554,1.5136,0.0623,0.3748,0.9224,,,0.0712,0.1843,,,,95.03,137.1,180.16,34.64,31.42,20.76,18.78,6.24,,,,,,,Materials,Metals and Mining,Silver X Mining Corp. explores develops and produces mineral properties in the Americas. The company explores for silver gold lead and zinc deposits. Its flagship project is the Nueva Recuperada Silver project that covers an area of 20472 hectares located in Huancavelica Peru. The company was formerly known as Oro X Mining Corp. and changed its name to Silver X Mining Corp. in June 2021. Silver X Mining Corp. was incorporated in 2009 and is based in Vancouver Canada.,0.05,0.04,,0,-0.04,,-0.06,,,,,,,,Dec-25
DHTUN,DRI Healthcare Trust,18.45,1014.07,United States and Canada,CA,-0.0658,0.0211,0.0308,-0.0067,0.0132,0.061,0.1458,0.1558,0.0505,0.0676,0.1539,0.195,0.2126,0.0815,0.0806,0.2113,274.31,302.13,334.58,263.28,268.83,220.31,125.96,103.39,,,,,,,Health Care,Pharmaceuticals,DRI Healthcare Trust focuses on managing and growing a portfolio of pharmaceutical royalties. It owns a portfolio of 18 royalties derived from the sale of 14 various pharmaceutical products that focuses on eight therapeutic areas. The company was incorporated in 2020 and is headquartered in Toronto Canada.,3.58,3.96,5.31,3.1,3.88,3.14,2.55,2.39,,,,,,,Dec-25
VLE,Valeura Energy Inc.,15.03,1596.39,United States and Canada,CA,-0.0451,0.0209,0.0537,0.0292,0.0486,0.2497,0.0114,0.0398,0.0385,0.0716,0.2079,0.0202,0.0224,0.0543,0.0794,,910.44,968.5,870.27,818.77,978.61,666.4,,3.79,9.8,12.35,11.96,13.58,14.9,19.46,Energy,Oil Gas and Consumable Fuels,Valeura Energy Inc. together with its subsidiaries operates as an upstream oil and gas company in Thailand and Turkey. It engages in the exploration appraisal development and production of petroleum and onshore natural gas. The company is headquartered in Singapore.,1.43,0.98,1.23,0.29,3.15,0.54,,,,-0.04,-0.07,-0.1,-0.08,-0.01,Dec-25
SSRM,SSR Mining Inc.,48.44,9877.37,United States and Canada,CA,-0.1112,0.02,0.0206,-0.0734,-0.0868,0.1919,0.0316,0.0183,0.0232,-0.0151,0.1821,0.0311,0.0549,-0.0419,-0.1055,,3260.12,3788.4,3504.53,2236.79,1431.39,1890.64,1554.38,1864.17,1085.49,787.99,574.21,564.19,659.31,520.75,Materials,Metals and Mining,SSR Mining Inc. together with its subsidiaries engages in the acquisition exploration and development of precious metal resource properties in the United States Türkiye Canada and Argentina. The company explores for gold doré copper silver lead and zinc deposits. It holds interests in the Çöpler located in Erzincan province Turkey; the Marigold situated in Nevada the United States; the Seabee located in Saskatchewan Canada; and the Puna situated in Jujuy province Argentina. The company was formerly known as Silver Standard Resources Inc. and changed its name to SSR Mining Inc. in August 2017. SSR Mining Inc. was incorporated in 1946 and is based in Denver Colorado.,5.74,6.48,5.73,2.76,0.4,1.72,0.88,2.24,1.65,1.06,0.38,0.43,1.25,-0.51,Dec-25
TAL,PetroTal Corp.,0.57,524.59,United States and Canada,CA,-0.1739,0.0187,0.1203,0.1314,0.3248,-0.2844,0.0159,0.0105,0.0124,0.0556,-0.1863,0.0187,0.0025,0.0082,,,353.51,407.51,422.02,382.47,480.18,379.29,442.9,189.97,74.9,95.61,13.64,,,,Energy,Oil Gas and Consumable Fuels,PetroTal Corp. engages in the acquisition exploration appraisal development and production of oil and natural gas properties in Peru. Its flagship property is the 100%-owned Bretaña Norte oil field located within Block 95 in the Marañón Basin of northern Peru. The company was formerly known as Sterling Resources Ltd. and changed its name to PetroTal Corp. in June 2018. PetroTal Corp. is headquartered in Houston Texas.,0.07,0.14,0.14,0.07,,0.08,,,0.1,,,,,,Dec-25
IPCO,International Petroleum Corporation,35.11,3961.35,United States and Canada,CA,-0.1105,0.0182,0.0333,-0.1528,0.1411,0.2513,0.0097,0.0347,-0.0102,0.1638,0.2031,0.0082,0.0182,-0.0027,0.0514,0.1143,1221.19,1786.5,2013.87,935.41,1140.14,1131.4,1538.03,842.69,412.47,719.04,609.15,250.18,277.4,238.78,Energy,Oil Gas and Consumable Fuels,International Petroleum Corporation explores for develops and produces oil and gas. The company holds a portfolio of oil and gas production assets and development projects in Canada Malaysia and France. International Petroleum Corporation was incorporated in 2017 and is based in Vancouver Canada.,0.96,2.98,3.47,0.34,1.16,1.71,3.05,1.16,-0.21,0.79,1.19,0.29,,,Dec-25
CNQ,Canadian Natural Resources Limited,68.23,140656.14,United States and Canada,CA,-0.0569,0.0166,0.0166,0.0511,0.2847,0.3765,0.0035,0.0035,0.0143,0.114,0.1817,0,0,0.0336,0.1289,0.1194,48080.56,42362.34,42010.47,38762,35656,35968,42298,30057,16893,22871,21027,17342,11427,12363,Energy,Oil Gas and Consumable Fuels,Canadian Natural Resources Limited engages in the acquisition exploration development production marketing and sale of crude oil natural gas and natural gas liquids (NGLs) in Western Canada the United Kingdom sector of the North Sea and Offshore Africa. The company offers synthetic crude oil (SCO) mining bitumen light and medium crude oil and NGLs thermal bitumen primary heavy crude oil and Pelican Lake heavy crude oil. Its midstream assets include two crude oil pipeline systems; and a 50% working interest in an 84-megawatt cogeneration plant at Primrose. The company was formerly known as AEX Minerals Corporation and changed its name to Canadian Natural Resources Limited in December 1975. Canadian Natural Resources Limited was incorporated in 1973 and is headquartered in Calgary Canada.,6.05,5.38,5.25,3.55,3.46,3.88,5.58,3.02,-0.32,1.6,1.33,0.6,-0.3,0.12,Dec-25
CG,Centerra Gold Inc.,30.51,5967.99,United States and Canada,CA,-0.1011,0.0165,0.0166,0.0678,0.1777,0.4234,0.0118,0.011,0.0625,0.0431,0.2524,0.0151,-0.0184,0.0418,0.0984,0.4983,2579.79,2755.71,3435.38,1900.41,1746.08,1450.71,1151.12,1138.26,917.75,1785.85,1541.52,1507.41,1017.49,865.72,Materials,Metals and Mining,Centerra Gold Inc. engages in the operation development exploration and acquisition of gold and copper properties in North America Turkey and internationally. The company also owns and operates a molybdenum business unit which includes a metallurgical processing facility and two primary molybdenum properties. Its principal assets include the Mount Milligan gold-copper mine located in British Columbia Canada; the Öksüt gold mine located in Türkiye; the Kemess project in British Columbia Canada; the Goldfield District project in Nevada United States; the Thompson Creek Mine in Idaho; and 75% owned the Endako Mine in British Columbia Canada. The company was incorporated in 2002 and is headquartered in Toronto Canada.,2.28,2.67,2.52,1.52,1.05,0.05,-0.07,0.99,1.93,0.81,0.37,1.04,0.81,0.5,Dec-25
ARTG,Artemis Gold Inc.,38.95,9082.78,United States and Canada,CA,-0.2018,0.0159,-0.0252,-0.0116,-0.0988,0.1303,0.025,-0.0025,0.0274,-0.0571,0.0681,0.0233,0.1618,0.1493,0.2124,0.7543,1519.52,1958.97,2663.24,913.94,,,,,,,,,,,Materials,Metals and Mining,Artemis Gold Inc. engages in the identification acquisition and development of gold properties in Canada. The company explores for gold and silver deposits. Its flagship asset is its 100% owned Blackwater Gold project which consists of 328 mineral claims covering an area of 148688 ha located in central British Columbia. Artemis Gold Inc. was incorporated in 2019 and is headquartered in Vancouver Canada.,2.71,3.28,5.04,1.77,-0.09,-0.06,-0.07,-0.08,,,,,,,Dec-25
CS,Capstone Copper Corp.,13.9,10618.9,United States and Canada,CA,-0.2295,0.0158,0.0355,0.032,0.0603,0.1286,-0.0095,0.0064,0.021,0.0549,0.1895,-0.0046,0.0083,0.0232,0.0457,0.1545,4157.08,4885.7,4974.52,3239.11,2299.19,1782.76,1754.75,1005.01,577.38,543.63,567.68,541.18,710.89,583.37,Materials,Metals and Mining,Capstone Copper Corp. a copper mining company mines explores for and develops mineral properties in the United States Chile and Mexico. The company primarily explores copper silver gold molybdenum zinc iron cobalt and other base metals. Capstone Copper Corp. is headquartered in Vancouver Canada.,0.84,1.32,1.33,0.29,0.13,0,0.22,0.75,0.07,-0.03,0.1,-0.04,0.1,-0.1,Dec-25
DPM,DPM Metals Inc.,60.87,13352.97,United States and Canada,CA,-0.1609,0.0156,0.0199,0.013,-0.024,0.66,0.0287,0.0279,-0.0016,0.0616,0.7914,0.0139,0.0216,-0.0134,0.0982,0.3259,2010.6,2228.09,1764.49,1304.6,872.67,689.1,586.92,811.12,775.61,525.1,514.75,438.45,375.3,312.37,Materials,Metals and Mining,DPM Metals Inc. a gold mining company engages in the acquisition exploration development mining and processing of precious metals. It primarily explores gold copper and silver deposits. The company holds a portfolio of projects located in Bulgaria Bosnia and Herzegovina Serbia and Ecuador. The company was formerly known as Dundee Precious Metals Inc. and changed its name to DPM Metals Inc. in September 2025. DPM Metals Inc. is based in Toronto Canada.,5.03,5.9,5.24,3.28,1.87,1.36,0.91,1.38,1.31,0.26,0.22,0.11,-0.22,0,Dec-25
WPM,Wheaton Precious Metals Corp.,194.35,88265.99,United States and Canada,CA,-0.1426,0.0151,0.0159,-0.0838,-0.119,0.8167,0.0185,0.0351,-0.0523,-0.0756,0.8265,0.0234,0.0813,0.0664,0.1012,0.8873,5284.8,5826.16,6391.09,3176.95,1846.91,1346.23,1442.03,1519.54,1394.86,1118.43,1083.81,1060.08,1197.2,900.04,Materials,Metals and Mining,Wheaton Precious Metals Corp. operates as a precious metal streaming company. It explores for gold silver palladium platinum and cobalt deposits in Canada the United States Mexico Portugal Sweden the United Kingdom Argentina Chile Brazil Peru Ecuador Colombia Côte d'Ivoire Ethiopia and South Africa. The company was formerly known as Silver Wheaton Corp. and changed its name to Wheaton Precious Metals Corp. in May 2017. Wheaton Precious Metals Corp. was founded in 2004 and is headquartered in Vancouver Canada.,6.69,7,7.78,4.14,2.02,1.56,1.51,1.66,1.4,0.73,0.66,0.79,0.83,0.72,Dec-25
EDV,Endeavour Mining plc,81.35,19656.25,United States and Canada,CA,-0.1759,0.0149,0.0163,-0.0883,-0.08,-0.0666,0.0167,0.0222,-0.0619,-0.0728,0.0721,0.0123,0.0198,-0.0593,0.0072,0.6205,7510.93,8310.82,8472.97,5811.32,3847.11,2801.78,2801.32,3341.01,1812.05,902.25,1026.41,591.69,760.69,725.17,Materials,Metals and Mining,Endeavour Mining plc together with its subsidiaries operates as a gold mining company in West Africa. The company also explores gold copper and silver. The company’s projects include Houndé Mana Ity Lafigué Sabodala-Massawa Kalana and Assafou mines. It primarily holds a portfolio of projects in Burkina Faso Côte d’Ivoire Senegal and Mali. Endeavour Mining plc is headquartered in London the United Kingdom.,8.23,10.42,9.21,4.43,1.34,1.26,1.83,3.06,2.85,0.88,0.67,0.83,1.28,1.36,Dec-25
HSLV,Highlander Silver Corp.,7.17,1459.26,United States and Canada,CA,-0.3171,0.0147,,,,,0.0147,,,,,0.0147,,,,,200.83,265.33,318.89,,,,,,,,,,,,Materials,Metals and Mining,Highlander Silver Corp. engages in acquisition exploration and evaluation of mineral properties in Peru. It explores gold and silver deposits. The company holds 100% interest in the San Luis project which covers an area of 230 square kilometers located in Peru. It also holds interest in the La Estrella project located in Peru. The company is headquartered in Toronto Canada.,-0.05,0.15,0.59,-0.17,,,,,,,,,,,Dec-25
TFPM,Triple Flag Precious Metals Corp.,43.96,9055.89,United States and Canada,CA,-0.2323,0.0143,0.0177,-0.0305,0.0068,0.3899,0.039,0.016,0.0575,0.1665,0.772,0.0149,0.0407,0.0119,0.1667,0.7899,729.98,910.01,840.61,533.52,386.73,270.33,205.64,190.21,143.26,76.8,58.75,51.53,,,Materials,Metals and Mining,Triple Flag Precious Metals Corp. a precious metals streaming and royalty company engages in acquiring and managing precious metals streams royalties and other mineral interests in Australia Canada Colombia Cote d’Ivoire Mexico Mongolia Peru South Africa and the United States. The company has a portfolio of streams and royalties providing exposure to copper gold silver nickel lead lithium and zinc. The company was founded in 2016 and is based in Toronto Canada.,1.93,2.16,2.36,1.39,0.83,0.45,0.56,,,,,,,,Dec-25
FNV,Franco-Nevada Corporation,353.25,68132.67,United States and Canada,CA,-0.0901,0.0142,0.0223,-0.068,-0.0666,0.3067,0.0199,0.025,-0.0471,-0.0243,0.4654,0.0117,0.0461,-0.0051,0.0524,0.6032,3594.88,4197.82,4186.93,2476.25,1584.62,1612.36,1778.55,1640.85,1294.43,1092.94,888.47,845.71,818.72,611.88,Materials,Metals and Mining,Franco-Nevada Corporation operates as a royalty and stream company focused on precious metals in South America Central America Mexico the United States Canada Australia Europe and Africa. The company operates through Precious Metals Other Mining and Energy segments. It also manages its portfolio with a focus on precious metals such as gold silver and platinum group metals; and engages in the sale of crude oil natural gas and natural gas liquids through a third-party marketing agent. Franco-Nevada Corporation was founded in 1986 and is headquartered in Toronto Canada.,11.58,13.13,14.66,7.66,4.69,4.7,4.93,4.46,3.45,2.36,1.58,1.36,1.25,0.79,Dec-25
DNG,Dynacor Group Inc.,5.21,218.55,United States and Canada,CA,-0.2641,0.0142,0.0242,0.0236,0.0746,0.3824,0.0123,0.0223,-0.0356,-0.012,0.1774,0.0123,0.0223,,,,845.92,1008.17,1057.74,545.73,408.89,331.49,267.47,247.73,129.19,133.09,142.84,127.85,122.6,109.43,Materials,Metals and Mining,Dynacor Group Inc. engages in the exploration development and mining of minerals properties in Peru. The company explores gold silver copper and other precious metal deposits. Its flagship property include Tumipampa project covering an area of 4000 hectares located in the Circa District Peru. The company was formerly known as Dynacor Gold Mines Inc. and changed its name to Dynacor Group Inc. in June 2022. Dynacor Group Inc. was founded in 1996 and is headquartered in Montreal Canada.,0.61,0.9,0.98,0.69,,,,,,,,,,,Dec-25
NTR,Nutrien Ltd.,101.98,48665.88,United States and Canada,CA,-0.128,0.014,0.0241,-0.0183,0.0557,0.0577,0.0166,0.0308,0.0006,0.0496,0.0432,0.0155,0.029,0.0015,0.0378,-0.0174,39253.63,38865.58,38776.22,35616.82,35965.25,37207.81,50112.4,33966.54,25515.84,25081.63,25623.4,5041.33,5265.2,8034.9,Materials,Chemicals,Nutrien Ltd. provides crop inputs and services. The company operates through four segments: Retail Potash Nitrogen and Phosphate. The Retail segment markets crop nutrients crop protection products seed and merchandise as well as provides agronomic application and financing services and solutions; and produces proprietary products including proprietary crop nutrient crop protection and seed products. The Potash segment includes mining and processing of potash. The Nitrogen segment owns and operates ammonia production facilities that offers ammonia urea ammonium nitrate (UAN) urea solutions nitric acid and ammonium nitrate as well as environmentally smart nitrogen and ammonium sulfate. The Phosphate segment manufactures and sells solid and liquid phosphate fertilizers phosphate feed and purified phosphoric acid which is used in feed and industrial products. The company was incorporated in 2017 and is headquartered in Saskatoon Canada.,7.13,7.16,6.41,6.26,5.03,5.78,17.71,7.87,2.29,2.74,3.62,,,,Dec-25
ABX,Barrick Mining Corporation,58.3,95955.06,United States and Canada,CA,-0.2122,0.014,0.0223,-0.0399,-0.027,0.1833,0.0161,0.0249,-0.0246,-0.0118,0.3421,0.0114,0.0014,-0.0281,-0.0088,0.299,30435.86,34459.32,35505.51,23273.3,18577.83,15100.68,14911.05,15155.39,16026.13,12617.43,9886.55,10527.71,11491.85,12527.56,Materials,Metals and Mining,Barrick Mining Corporation engages in the exploration development production and sale of mineral properties. It explores for gold copper silver and energy materials. The company was formerly known as Barrick Gold Corporation and changed its name to Barrick Mining Corporation in May 2025. Barrick Mining Corporation was founded in 1983 and is based in Toronto Canada.,5.15,6.18,6.83,3.32,1.83,1.11,1.03,1.48,1.46,0.68,0.49,0.93,0.95,0.4,Dec-25
IAU,i-80 Gold Corp.,2.37,2052.19,United States and Canada,CA,-0.2204,0.014,0.0515,0.0086,-0.163,0.1217,-0.027,-0.0323,-0.1616,-0.205,0.2495,0.0417,0.047,0.0414,-0.0372,0.3553,280.44,508.51,978.39,130.66,72.37,72.75,50.04,,,13.59,38.11,108.92,,,Materials,Metals and Mining,i-80 Gold Corp. a mining company engages in the exploration and advancement of gold and silver mineral deposits in the United States. It also explores for polymetallic deposits. Nevada. i-80 Gold Corp. was incorporated in 2020 and is headquartered in Reno Nevada.,-0.19,-0.06,0.27,-0.25,-0.39,-0.4,-0.18,,,,,,,,Dec-25
CIGI,Colliers International Group Inc.,125.54,6415.57,United States and Canada,CA,-0.4753,0.0131,0.0238,0.0061,0.0259,0.1036,0.0134,0.0237,0.0046,0.0243,0.1356,0.0123,0.0238,-0.0029,0.0112,,9097.41,9875.52,10384.4,7629.38,6932.58,5743.93,6037.92,5170.83,3546.05,3954.96,3856.65,3061.51,2546.96,2389.22,Real Estate,Real Estate Management and Development,Colliers International Group Inc. provides commercial real estate engineering and investment management solutions in the United States Canada Europe Australia the United Kingdom Poland China India and internationally. The company offers capital markets services for property sales debt finance mortgage investment banking and landlord and tenant representation services; and outsourcing services such as building operations and maintenance facilities management lease administration property accounting and financial reporting contract and construction management valuation and appraisal review and management portfolio or single asset valuation financial reporting advisory arbitration consulting research highest and best use studies property tax reviews appeals and litigation support and occupier services as well as loan servicing. It also engages in the planning designing and project management of assets including bridges and structure highway and traffic engineering construction engineering and inspection water traffic planning and rail; and provision of air quality assessments brownfield redevelopment environmental impact assessments ground water resource development site remediation noise studies land development and monitoring and other services as well as water storm and wastewater management services. In addition the company offers project management services which include bid document review construction monitoring and delivery management contract administration and integrated cost control development management facility and engineering functionality milestone and performance monitoring quality assurance risk management and strategic project consulting; and perpetual funds long-dated funds and separately managed accounts. Colliers International Group Inc. was founded in 1972 and is headquartered in Toronto Canada.,10.61,12.05,13.18,9.03,8.21,7.1,9.48,7.76,5.23,6.05,5.58,3.91,3.28,,Dec-25
LUCA,Luca Mining Corp.,1.11,305.5,United States and Canada,CA,-0.4861,0.0129,0.0145,-0.0684,-0.0757,-0.251,0.266,0.2675,0.1592,0.2197,0.2609,0.3375,0.3419,0.1692,0.1081,,319.68,446.6,546.99,242.7,125.45,67.03,59.21,69.68,23.16,20.6,32.44,,,,Materials,Metals and Mining,Luca Mining Corp. engages in the acquisition exploration and development of mineral resource properties in North America. The company explores for gold silver zinc concentrate lead and copper deposits as well as base and precious metals. It holds 100% interest in the Campo Morado mine that consists of six mining concessions covering an area of approximately 12090 hectares located in Guerrero state Mexico; 100% interest in the El Barqueño property covering 32000 hectares in Mexico; and 100 % interest the Tahuehueto covering an area of approximately 7492 hectares located in Durango State Mexico. The company was formerly known as Altaley Mining Corporation and changed its name to Luca Mining Corp. in March 2023. Luca Mining Corp. was incorporated in 1986 and is headquartered in Vancouver Canada.,0.17,0.15,0.32,0.1,,,,,,,,,,,Dec-25
LUN,Lundin Mining Corporation,33.53,28544.01,United States and Canada,CA,-0.2669,0.0127,0.0232,0.0048,0.0673,0.2848,0.0127,0.0237,0.0296,0.0953,0.3691,0.0123,0.0224,0.0133,0.083,0.2621,6705.2,6966.1,6354.96,5563.3,4701.39,3634.98,4117.67,4209.32,2597.65,2457.67,2355.39,2611.81,2075.45,2361.42,Materials,Metals and Mining,Lundin Mining Corporation a diversified base metals mining company engages in the exploration development and mining of mineral properties in Chile Brazil and Argentina. It explores for copper gold silver molybdenum and other metal deposits. The company was formerly known as South Atlantic Ventures Ltd. and changed its name to Lundin Mining Corporation in August 2004. Lundin Mining Corporation was incorporated in 1994 and is headquartered in Vancouver Canada.,1.83,2.01,1.79,1.24,0.62,0.56,0.87,1.42,0.38,0.3,0.41,0.64,0.06,0.07,Dec-25
FSV,FirstService Corporation,180.57,7931.09,United States and Canada,CA,-0.3278,0.0125,0.0225,-0.0165,0.0028,-0.0275,0.0125,0.0225,-0.0218,-0.0047,-0.0095,0.0132,0.0227,-0.0171,0.0124,,8116.6,8591.28,8933.8,7545.7,7500.28,5743.15,5071.67,4108.55,3527.68,3126,2636.42,2173.72,1991.25,1753.88,Real Estate,Real Estate Management and Development,FirstService Corporation together with its subsidiaries provides residential property management and other essential property services to residential and commercial customers in the United States and Canada. It operates through two segments: FirstService Residential and FirstService Brands. The FirstService Residential segment operates as a full-service property manager and provides a range of ancillary services including on-site staffing for building engineering and maintenance full-service amenity management security concierge and front desk personnel; proprietary banking and insurance products; and energy conservation and management solutions. This segment serves condominiums co-operatives homeowner associations master-planned communities active adult and lifestyle communities and other residential developments governed by common interest or multi-unit residential community associations. Its FirstService Brands segment offers property services to residential and commercial customers in North America through company-owned operations and franchise systems under the First Onsite Property Restoration Paul Davis Restoration Roofing Corp of America Century Fire Protection California Closets CertaPro Painters Floor Coverings International and Pillar to Post Home Inspectors brands. This segment also provides light restoration services including full-service water fire and mold cleanup construction rebuild and restoration services; painting services; custom-designed and installed closet and home storage solutions; home inspection services; and floor covering design and installation services. FirstService Corporation was incorporated in 1988 and is headquartered in Toronto Canada.,8.66,9.46,10.4,7.89,7.19,6.19,5.74,5.79,4.38,3.9,3.58,2.55,2.19,1.54,Dec-25
FM,First Quantum Minerals Ltd.,44.25,36647.24,United States and Canada,CA,-0.1019,0.0124,0.0259,0.0444,0.0653,0.1026,0.0255,0.035,0.0171,0.0204,0.1152,0.0109,0.0208,0.0362,0.0903,0.2644,9575.53,13173.72,16086.31,7188.15,6903.79,8554.01,10325.22,9119.79,6451.17,5280.96,5413.51,4161.3,3589.36,3483.96,Materials,Metals and Mining,First Quantum Minerals Ltd. together with its subsidiaries engages in the exploration development and production of mineral properties. It primarily explores for copper gold nickel silver and zinc products. Its flagship project is the 100% owned Kansanshi project located in the northwestern Province of Zambia. The company was formerly known as First Quantum Ventures Ltd. and changed its name to First Quantum Minerals Ltd. in July 1996. The company was incorporated in 1983 and is based in Vancouver Canada.,0.34,2.88,4.45,0.01,-0.06,0.5,2.1,1.52,-0.08,0.48,0.97,-0.2,0.32,0.54,Dec-25
TRI,Thomson Reuters Corporation,139.1,60261.54,United States and Canada,CA,-0.4046,0.0124,0.0232,0.0027,0.028,0.0223,0.0128,0.0235,0.0025,0.0283,0.0181,0.0147,0.0249,0.0126,0.0404,0.0037,11499.24,12386.88,13458.18,10261.33,10434.75,9001.85,8972.63,8027.24,7614.16,7668.88,7508.75,6659.34,14993.93,15618.86,Industrials,Professional Services,Thomson Reuters Corporation operates as a content and technology company in the Americas Europe the Middle East Africa and the Asia Pacific. It operates through five segments: Legal Professionals Corporates Tax Audit & Accounting Professionals Reuters News and Global Print. The Legal Professionals segment offers research and workflow products focusing on legal research and integrated legal workflow solutions that combine content tools and analytics to law firms and governments. The Corporates segment provides a suite of content-driven technologies including generative AI and integrated compliance workflow solutions to small businesses and multinational organizations. Tax Audit & Accounting Professionals segment offers research and workflow products to tax audit and accounting firms. The Reuters News segment provides business financial and international news to media organizations professional and news consumers through Reuters News Agency Reuters.com Reuters Events Thomson Reuters products and to financial firms. The Global Print segment offers legal and tax information primarily in print format. The company was formerly known as The Thomson Corporation and changed its name to Thomson Reuters Corporation in April 2008. The company was founded in 1799 and is headquartered in Toronto Canada. Thomson Reuters Corporation is a subsidiary of The Woodbridge Company Limited.,6.26,7.18,8.05,5.46,5.51,4.7,3.65,2.6,2.48,1.76,1.17,3.66,3.3,3.43,Dec-25
DSG,The Descartes Systems Group Inc.,110.48,9451.4,United States and Canada,CA,-0.2012,0.0123,0.0452,0.0211,0.0477,0.0566,0.0123,0.0602,0.0366,0.0654,0.0862,0.0123,0.0487,0.0272,0.0657,0.0788,1176.06,1327.19,1472.1,992.62,946.35,770.18,646.63,539.85,445.97,431.2,361.54,292.05,265.15,260.44,Information Technology,Software,The Descartes Systems Group Inc. provides global logistics technology solutions in the United States Europe the Middle East Africa Canada and the Asia Pacific. Its Logistics Technology platform offers a range of modular interoperable web and wireless logistics management solutions. The company offers a suite of solutions that include routing mobile and telematics; transportation management; ecommerce shipping and fulfillment; customs and regulatory compliance; global trade intelligence; broker and forwarder enterprise systems; and B2B messaging and connectivity services. It also provides its customers to use its modular and technology solutions to route track and measure delivery resources; plan allocate and execute shipments; rate audit and pay transportation invoices; access and analyze global trade data; research and perform trade tariff and duty calculations; file customs and security documents for imports and exports; and various other logistics processes. In addition the company offers consulting implementation and training services as well as maintenance and support services. It serves transportation providers such as air ocean and truck modes; logistics service providers including third-party logistics providers freight forwarders and customs brokers; and distribution-intensive companies such as retailers manufacturers distributors and mobile business service providers through subscription transactional or perpetual license basis. Further the company develops Tai TMS a transportation management software for freight brokers to manage quoting booking and shipment tracking. The Descartes Systems Group Inc. was incorporated in 1981 and is headquartered in Waterloo Canada.,4.1,4.63,5.4,3.88,2.48,2.06,1.63,2.5,1.82,1.48,1.58,1.3,1.19,0.86,Jan-26
SVM,Silvercorp Metals Inc.,15.27,3377.82,United States and Canada,CA,-0.2932,0.0123,0.0389,-0.1931,-0.2305,0.1256,0.0123,0.0577,0.0244,-0.1647,0.4474,0.0123,0.0223,,0.1245,1.2103,676.51,1171.01,1471.46,609.61,430.07,291.48,281.29,272.45,241.44,223.5,227.87,219.3,217.39,139.98,Materials,Metals and Mining,Silvercorp Metals Inc. together with its subsidiaries acquires explores develops and mines mineral properties in China. It explores for copper silver gold lead and zinc metals. The company was formerly known as SKN Resources Ltd. and changed its name to Silvercorp Metals Inc. in May 2005. Silvercorp Metals Inc. was founded in 2003 and is headquartered in Vancouver Canada.,1.19,2.18,2.47,0.96,0.4,0.28,0.3,0.26,0.28,0.27,0.25,0.28,,0.04,Mar-26
BBDB,Bombardier Inc.,320.26,31793.81,United States and Canada,CA,-0.1522,0.0123,0.0233,0.0025,0.0249,0.071,0.0123,0.0226,0.009,0.0473,0.1055,0.0123,0.0223,0.0202,0.071,0.1119,14435.82,15323.53,16242.67,13109.42,12457.58,10660.71,9359.86,7694.67,8254.19,9723.09,22161.82,20365.22,21940.34,25213.29,Industrials,Aerospace and Defense,Bombardier Inc. engages in the design manufacture and sale of business aircraft and aircraft structural components worldwide. It also provides various services such as parts service centers smart services training and technical publications. The company serves multinational corporations charter and fractional ownership providers governments and private individuals. Bombardier Inc. was incorporated in 1902 and is based in Dorval Canada.,13.92,14.31,16.42,10.6,7.4,5.14,1.03,-4.43,-21.95,-8.12,4.44,0.94,-5.37,5.35,Dec-25
IMG,IAMGOLD Corporation,26.68,15234.28,United States and Canada,CA,-0.2174,0.0123,0.0163,-0.0837,-0.0789,0.3044,0.0293,0.0303,0.0002,0.0175,0.5612,0.0123,0.0182,0.0895,0.1815,1.0015,5486.2,6096.76,5980.16,3915.67,2347.75,1307.88,1298.17,1107.1,1579.96,1383.28,1516.49,1376.5,1325.5,1272.32,Materials,Metals and Mining,IAMGOLD Corporation through its subsidiaries operates as a gold producer and developer in Canada and Burkina Faso. The company’s flagship project includes Côté Gold that covers an area of 596 hectares located in the Chester and Yeo Townships district of sudbury in northeastern Ontario. IAMGOLD Corporation was incorporated in 1990 and is headquartered in Toronto Canada.,2.84,3.35,2.94,1.69,0.79,0.16,0.05,0.1,0.23,-0.03,0.11,0.08,0.07,-0.6,Dec-25
VRNO,Verano Holdings Corp.,8.51,623.08,United States and Canada,CA,-0.3602,0.0123,0.0223,0.0231,0.06,0.0184,0.0123,0.0223,0.0392,0.0703,0.0702,0.0123,0.0223,0.0161,0.0162,0.0563,1220.32,1297.34,1357.53,1127.57,1263.13,1243.42,1190.68,933.03,290.79,85.66,42.44,,,,Health Care,Pharmaceuticals,Verano Holdings Corp. engages in the cannabis business in the United States. It is involved in the cultivation processing wholesale and retail distribution of cannabis. The company also designs builds and operates cannabis dispensaries. It sells its products under the Encore Avexia MÜV Savvy Essence BITS HYPHEN Swift Lifts Verano and Zen Leaf brand names to medical and adult use markets. The company is headquartered in Chicago Illinois.,0.38,0.75,,-1.11,-0.75,-1.15,-0.24,8.07,,,,,,,Dec-25
CSU,Constellation Software Inc.,2850.61,60408.79,United States and Canada,CA,-0.3064,0.0123,0.0223,-0.002,0.0393,0.021,0.0123,0.0223,0.0042,0.0527,0.0074,0.0123,0.0223,-0.0124,0.0534,-0.1057,19572.85,22846.01,25959.97,15953.38,14471.79,11139.02,8965.86,6456.69,5050.23,4531.73,4176.84,3117.08,2853.61,2550.62,Information Technology,Software,Constellation Software Inc. together with its subsidiaries acquires builds and manages vertical market software businesses to develop mission-critical software solutions for public and private sector markets. It is involved in the software licensing; and sale of hardware activities. The company also offers professional services consist of implementation services custom programming product training managed services and consulting services; maintenance and customer support services and hosted software-as-a-service products; and other recurring services. It operates in Canada the United States the United Kingdom Europe and internationally. The company was incorporated in 1995 and is headquartered in Toronto Canada.,159.2,181.89,,110.52,113.2,85.46,70.49,51.87,46.97,35.53,38.45,27.46,25.02,23.87,Dec-25
GOU,GO Residential Real Estate Investment Trust,7.54,672.09,United States and Canada,CA,-0.4178,0.0123,0.0243,-0.0425,-0.0239,0.0661,0.0123,0.0259,-0.0269,0.0197,0.1493,0.0123,0.0223,,,,264.6,299.65,355.51,161.97,218.09,183.58,,,,,,,,,Real Estate,Residential REITs,GO Residential Real Estate Investment Trust is an internally managed open ended real estate investment trust established under and governed by the laws of the Province of Ontario. The REIT has been formed to provide investors with an opportunity to invest in luxury high-rise multifamily properties (LHRs) located in the New York metropolitan area and other major metropolitan cities in the United States. The REIT owns and operates a portfolio of eight LHRs consisting of 3034 luxury suites located in New York City New York. GO Residential Real Estate Investment Trust was established on June 13 2025 and incorporated in Ontario Canada.,,,,,,,,,,,,,,,
MAI,Mining Americas Inc.,5.44,598.12,United States and Canada,CA,-0.2747,0.0123,0.3068,0.69,0.837,-0.0328,0.0123,0.0223,0.0231,-0.0857,0.2072,,,,,,383.83,446.15,,51.2,8.92,13.42,21.73,0.9,,,,,,,Materials,Metals and Mining,Mining Americas Inc. engages in the acquisition exploration development and operation of gold mining properties in North America. The company owns the Pan Operating Complex in White Pine County Nevada comprising the producing Pan Mine and the adjacent permitted Gold Rock project. It also owns the Copperstone Project a permitted underground gold project located in La Paz County Arizona. In addition the company maintains a portfolio of mineral assets in Mexico including the Cerro de Oro gold development project in Zacatecas. The company was formerly known as Minera Alamos Inc. and changed its name to Mining Americas Inc. in June 2026. Mining Americas Inc. was incorporated in 1934 and is headquartered in Toronto Canada.,0.68,1.52,3.03,0.22,,,,-0.2,-0.06,,,,,,Dec-25
CL,Cresco Labs Inc.,1.03,468.92,United States and Canada,CA,-0.6699,0.0123,0.0223,0.026,0.1023,0.0039,0.0123,0.0223,0.0403,0.0917,0.0471,0.0123,0.0223,0.0443,0.0503,0.0299,952.06,987.87,1000.42,900.2,1041.38,1001.75,1116.91,1018.81,589.24,161.26,56.42,12.96,4.24,,Health Care,Pharmaceuticals,Cresco Labs Inc. cultivates manufactures and sells retail and medical cannabis products in the United States and Germany. It provides cannabis in flowers vape pens live resins disposable pens and extracts under the Cresco brand; vape carts vape pens flower popcorn shake pre-rolls shorties and concentrates under the High Supply brand; vapes gummies and pre-rolls under the Good News brand; vapes and edibles under the Wonder Wellness Co. brand; and tinctures capsules salves and sublingual oils under the Remedi brand. The company offers cannabis flowers under the FloraCal brand; and cannabis oils and variety of bites are available at multiple potency levels under the Mindy’s brand as well as Loud*r brand. In addition the company offers cannabis-infused edibles under the Sunnyside brand. The company is headquartered in Chicago Illinois.,-0.06,-0.06,,-0.01,0,-0.03,-0.21,0.06,-0.03,-0.29,,,,,Dec-25
MG,Magna International Inc.,91.11,24185.55,United States and Canada,CA,-0.0988,0.0123,0.0222,-0.0119,0.0065,0.0247,0.0123,0.0228,-0.0131,-0.0054,0.0086,0.0123,0.0215,-0.0184,-0.0114,-0.0217,59475.32,60202.42,61374.86,57661.67,61584.89,56704.74,51233.47,45829.1,41540.7,51200.76,55728.04,45998.07,48939.07,44585.28,Consumer Discretionary,Automobile Components,Magna International Inc. operates as an automotive supplier in North America Europe the Asia Pacific and internationally. It operates through four segments: Body Exteriors & Structures Power & Vision Seating Systems and Complete Vehicles. The company offers design and vehicle concepts complete vehicle engineering and integration human-machine interface developing modules and systems platform solutions prototyping and low-volume manufacturing vehicle safety testing aerospace and integrating functionality features and ADAS; and complete vehicle solutions body-in-white paint and assembly complete vehicle manufacturing products. It also provides engineering services for commercial vehicles such as propulsion engineering software and simulation testing services and smart production; OPTiForm a battery enclosure steel battery enclosures aluminum battery enclosures and hybrid battery enclosures; battery enclosure production and engineering solutions; SmartAccess a B-Pillarless power door system; and composite EV battery covers. In addition it offers energy management solutions; hot stamping high strength steels aluminum castings and high-pressure vacuum casting; suspension links and arms twist axle carbon fiber subframe and frames; ADAS and Automated Driving including Cameras thermal sensing interior sensing complete radar portfolio and compute units; and chassis control glow plug control powertrain control and mechatronic control modules. Further it provides exterior and interior products comprising assist steps engineered glass exterior solutions greenhouse surrounds lighting mechatronics mirrors and seating; and powertrain products consisting BEV Hybrid and ICE powertrain as well as modules and components and energy storage systems. Magna International Inc. was founded in 1957 and is based in Aurora Canada.,9.85,10.92,11.61,7.86,7.76,7.15,5.54,6.47,5,7.84,9.15,7.47,7.02,6.24,Dec-25
IVN,Ivanhoe Mines Ltd.,11.76,16774.15,United States and Canada,CA,-0.4218,0.0123,0.0173,-0.0087,-0.0632,0.1624,0.0123,0.0388,0.0719,0.0535,0.212,0.0123,0.1052,0.0944,0.1545,0.0937,1159,1499.24,2130.02,606.15,58.68,,,,,,,,,,Materials,Metals and Mining,Ivanhoe Mines Ltd. together with its subsidiaries engages in the mining development and exploration of minerals and precious metals in Africa. The company explores gold platinum palladium rhodium nickel copper zinc germanium silver and lead deposits. Its projects include the Kamoa-Kakula Copper Complex mine located in the Central African Copperbelt; the Kipushi Zinc mine in Southern Haut-Katanga Province Democratic Republic of Congo; and the Platreef PGM-Nickel mine located in the Northern Limb of South Africa’s Bushveld Igneous Complex. It also holds interest in the Western Foreland exploration project covering an area of approximately 2390 square kilometers located in the Democratic Republic of Congo. The company was formerly known as Ivanplats Limited and changed its name to Ivanhoe Mines Ltd. in August 2013. The company was incorporated in 1993 and is based in Vancouver Canada.,0.26,0.58,0.95,0.26,0.46,0.39,0.43,0.11,-0.02,0.01,0.04,-0.18,-0.05,0.07,Dec-25
OLY,Olympia Financial Group Inc.,100,240.63,United States and Canada,CA,-0.2135,0.0123,0.0223,-0.0417,-0.1169,-0.1273,0.0123,0.0223,-0.0641,-0.1014,,,,,,,88.27,89.38,,98.86,102.92,100.21,72.16,49,48.62,49.08,50.03,41.54,41.29,40.86,Financials,Capital Markets,Olympia Financial Group Inc. through its subsidiary Olympia Trust Company operates as a non-deposit taking trust company in Canada. The company operates through six segments: Investment Account Services; Corporate and Shareholder Services; Currency and Global Payments; Private Health Services Plan; and Exempt Edge divisions. The Investment Account Services division specializes in self-directed registered plans administration. The Corporate and Shareholder Services division provides transfer agency and corporate trust services to public and private issuers. The Currency and Global Payments division provides corporations and private clients a personalized service for buying and selling foreign currencies. The Private Health Services Plan division markets sells and administers health and dental benefits to business owners. The Exempt Edge division provides information technology to exempt market dealers registrants and issuers. Olympia Financial Group Inc. was incorporated in 1994 and is headquartered in Calgary Canada.,6.76,8.5,,8.3,,,,,,,,,,,Dec-25
GAU,Galiano Gold Inc.,2.77,724.61,United States and Canada,CA,-0.4358,0.0123,0.0223,0.0221,0.0872,0.1387,0.0123,0.0223,0.0108,0.2166,0.4864,0.0123,0.0223,0.0189,0.1513,0.4201,942.14,1285.88,1241.12,450.81,299.35,,,,,,221.01,322.1,236.21,,Materials,Metals and Mining,Galiano Gold Inc. operates as a gold mining company. It owns a 90% interest in the Asanko Gold Mine consists of the Nkran Esaase Abore and Miradani North open-pit mining areas located on the Asankrangwa Gold Belt in the Amansie West District of the Republic of Ghana West Africa. The company was formerly known as Asanko Gold Inc. and changed its name to Galiano Gold Inc. in April 2020. Galiano Gold Inc. was incorporated in 1999 and is headquartered in Vancouver Canada.,0.68,1.08,1.05,0.3,0.14,0.15,0.04,0.05,0.24,0.01,-0.03,0.04,-0.07,-0.07,Dec-25
VNP,5N Plus Inc.,29.91,2689.97,United States and Canada,CA,-0.4014,0.0123,0.0223,0.0225,0.078,0.167,0.0154,0.0254,0.0199,0.0653,0.197,0.0343,0.0445,0.0613,,,685.68,788.16,865.4,536.76,415.9,321.13,357.74,265.54,225.46,254.47,297.56,276.48,310.86,431.52,Materials,Chemicals,5N Plus Inc. produces and sells specialty semiconductors and performance materials in the Americas Europe Asia and internationally. It offers semiconductor compounds semiconductor wafers metals epitaxial semiconductor substrates ultra-high purity metals space solar cells and assemblies. The company also provides active pharmaceutical ingredients specialized chemicals commercial grade metals alloys engineered powders and recycling services. It serves renewable energy security space pharmaceutical medical imaging and industrial application markets. The company is headquartered in Montreal Canada.,0.94,1.21,1.34,0.8,0.27,0.15,0.02,0.06,0.09,0.07,0.23,0.18,0,-0.43,Dec-25
NEO,Neo Performance Materials Inc.,31.81,1472.67,United States and Canada,CA,-0.3259,0.0123,0.0266,0.1951,0.364,0.4468,0.0123,0.0722,0.1722,0.3138,0.3908,0.0123,0.1737,0.2098,0.4698,0.3396,995.66,1040.96,1185.45,657.18,684.09,757.28,866.93,681.9,441.14,529.09,619.97,545.83,306.87,,Materials,Chemicals,Neo Performance Materials Inc. engages in the manufacture and sale of rare earth magnetic powders magnets and rare metal-based functional materials in China Japan Thailand South Korea North America Europe and internationally. It operates in three segments: Magnequench Chemicals & Oxides and Rare Metals. The company offers magnetic materials such as bonded neo powders compression molded magnets and product comparison tool for automotive residential and appliance and media storage applications; chemicals and oxides including advanced industrial materials lanthanide element and water purification products for automotive emissions control consumer electronics petroleum refining hybrid and electric vehicles wastewater treatment applications; rare metals comprising tantalum niobium rhenium products hafnium gallium and indium products for rare metals applications superalloys for aerospace medical imaging flat panel displays wireless technologies LED lighting CIGS solar steel additives batteries electronics applications superconductive and catalysts applications. Neo Performance Materials Inc. was founded in 1994 and is headquartered in Toronto Canada.,2.04,2.06,2.22,0.67,0.06,-0.04,1.06,1.77,0.2,0.81,1.32,,,,Dec-25
PRL,Propel Holdings Inc.,24.45,962.67,United States and Canada,CA,-0.2208,0.0123,0.0223,0.0119,0.035,-0.0301,0.0123,0.0223,0.0221,0.045,-0.0254,,,,,,1067.02,1342.91,,809.55,646.57,419.34,307.14,163.95,93.47,88.26,82.19,,,,Financials,Consumer Finance,Propel Holdings Inc. together with its subsidiaries operates as a financial technology company. The company’s lending platform facilitates to credit products such as installment loans and lines of credit under the MoneyKey CreditFresh Fora Credit and QuidMarket brands to American consumers. It also offers marketing analytics and loan servicing services. The company was formerly known as 2288984 Ontario Inc. and changed its name to Propel Holdings Inc. in June 2021. Propel Holdings Inc. was incorporated in 2011 and is headquartered in Toronto Canada.,3.04,4.01,,2.17,2.34,1.29,0.78,,,,,,,,Dec-25
ARIS,Aris Mining Corporation,24.89,5138.06,United States and Canada,CA,-0.2091,0.0123,0.0223,-0.0677,0.0441,0.2498,0.0123,0.0223,-0.1142,-0.0482,0.2349,0.0123,0.0223,-0.0852,-0.0369,0.6426,2184.03,2850.07,3143.26,1273.28,734.09,593.15,541.53,483.82,477.14,406.44,351.36,259.11,236.45,178.79,Materials,Metals and Mining,Aris Mining Corporation together with its subsidiaries engages in the acquisition exploration development and operation of gold properties in Canada Colombia and Guyana. It also explores for silver and copper deposits. Aris Mining Corporation was formerly known as GCM Mining Corp. and changed its name to Aris Mining Corporation in September 2022. The company was founded in 20222 and is based in Vancouver Canada.,2.98,4.15,4.05,1.76,0.49,0.52,0.76,1.14,0.57,1.34,-24.4,,,,Dec-25
WFG,West Fraser Timber Co. Ltd.,100.71,7885.98,United States and Canada,CA,-0.0431,0.0123,0.0223,-0.0196,0.002,-0.113,0.0123,0.0223,-0.0158,0.01,-0.0699,0.0123,0.0223,-0.0073,0.0136,-0.0313,7902.97,8778.57,9182.97,7496.98,8876.3,8551.36,13134.67,13300.33,5564.29,4877,6118,5134,4450,4100,Materials,Paper and Forest Products,West Fraser Timber Co. Ltd. a diversified wood products company engages in manufacturing selling marketing and distributing lumber engineered wood products northern bleached softwood kraft pulp newsprint paper wood chips and other residuals. It operates through four segments: Lumber North America Engineered Wood Products Pulp & Paper and Europe Engineered Wood Products. The Lumber segment produces spruce pine fir and southern yellow pine lumber douglas fir hemlock wood chips and other residuals. The North America Engineered Wood Products segment manufactures oriented strand board laminated veneer lumber medium-density fibreboard plywood and particleboard with OSB products marketed under brands such as Durastrand pointSIX Pinnacle Stabledge TruFlor pointSIX and TruFlor Rimboard SteadiTred QuakeZone Windstorm TallWall and Trubord and SolarBord Trubord TruDeck StableDeck and StableWall DuraSmart Stable RVand NorCore; and MDF products under Ranger WestPine and EcoGold. The Pulp & Paper segment produces northern bleached softwood kraft pulp (NBSK) newsprint and bleached chemithermomechanical pulp used to produce various paper products including printing and writing papers paper products and tissue. The Europe Engineered Wood Products segment produces OSB particleboard and MDF applications including cabinet doors mouldings and interior wall paneling under the SterlingOSB Zero CaberFloor and CaberMDF brands. It also provides bioenergy and green raw materials. Its products are used in home construction repair and remodeling paper tissue and box materials and industrial applications. It sells its products to major retail chains dealers contractor supply yards and wholesalers as well as industrial customers for further processing or as components for other products in Canada the United States the United Kingdom Europe and internationally. The company was founded in 1955 and is headquartered in Vancouver Canada.,-5.48,3.43,10.54,-6.38,1.53,-0.41,26.59,33.65,11.8,-0.32,12.79,8.32,4.23,2.39,Dec-25
FFH,Fairfax Financial Holdings Limited,2224.63,44425.63,United States and Canada,CA,-0.1761,0.0123,0.0223,-0.0012,0.0203,0.0419,0.0123,0.0223,-0.0012,0.0203,0.0451,0.0123,0.0223,-0.0012,0.0203,0.0404,56609.08,59484.29,61906.26,53962.86,50038.37,42179.36,36326.88,33135.62,25038.43,27960.13,24238.91,19116.83,12487.69,12964.61,Financials,Insurance,Fairfax Financial Holdings Limited through its subsidiaries provides property and casualty insurance and reinsurance and investment management services in Canada the United States the Middle East and Asia and internationally. It operates through Property and Casualty Insurance and Reinsurance; Life insurance and Run-off; and Non-Insurance Companies segments. The company offers property insurance which insures against losses to property from fire explosion and terrorism as well as natural perils such as earthquake windstorm and flood; and engineering problems including boiler explosion machinery breakdown and construction defects. It also provides casualty insurance which insures against accidents and workers’ compensation and automobile; employers’ liability accident and health medical malpractice cyber and professional liability and umbrella coverage; specialty insurance comprising marine aerospace and surety risk and other various risks and liabilities; and reinsurance products. In addition the company engages in the franchising owning and operating of restaurants; specialty sleep retailing; sports lifestyle retailing; owns and operates holiday resorts; originates processes and distributes value-added pulses and staple food; develops invests and manages hospitality real estate; and designs manufactures and distributes performance sports related equipment and related apparel and accessories. Further it offers travel and travel-related financial services; infrastructure support services; advanced digital tools for agriculture; and value-added milk fats fresh confectionery and plant-based bulk ingredients. The company was formerly known as Markel Financial Holdings Limited and changed its name to Fairfax Financial Holdings Limited in 1987. Fairfax Financial Holdings Limited was incorporated in 1951 and is headquartered in Toronto Canada.,215.59,229.4,243.75,139.94,198.86,135.13,113.91,18.42,4.14,27.14,2.94,-19.44,,38.1,Dec-25
TOY,Spin Master Corp.,19.53,1953.36,United States and Canada,CA,-0.1906,0.0123,0.0223,-0.0063,0.019,-0.0425,0.0123,0.0223,-0.0063,0.0182,-0.0617,0.0123,0.0223,-0.0117,-0.0011,-0.1065,3057.69,3139.86,3154.95,2900.1,3253.49,2523.94,2735.39,2582.68,1998.46,2053.69,2226.96,1950.31,1550.22,1220.16,Consumer Discretionary,Leisure Products,Spin Master Corp. a children’s entertainment company engages in the creation design manufacture licensing and marketing of various toys entertainment products and digital games in North America Europe and internationally. It operates through three segments: Toys Entertainment and Digital Games. The Toys segment offers preschool infant and toddler and plush products; activities games and puzzles and dolls; wheels and action products; and outdoor products. The Entertainment segment engages in the creation and production of multi-platform content as well as non-toy consumer products including apparel and other consumer goods and publishing and live entertainment. The Digital Games segment is involved in the development of digital games distributed through third-party platform providers. Spin Master Corp. was founded in 1994 and is headquartered in Toronto Canada.,1.97,2.27,2.35,1.83,2.95,2.78,3.13,2.67,0.65,1.16,2.2,2.14,1.6,,Dec-25
FISH,Sailfish Royalty Corp.,7.995,630.56,United States and Canada,CA,-0.0297,0.0123,0.0223,-0.201,-0.7153,0.3551,0.0123,0.0223,0.0286,-0.6153,,,,,,,6.8,9.77,,4.63,4.08,3.09,3.58,1.87,0.12,0.16,0.04,,,,Materials,Metals and Mining,Sailfish Royalty Corp. engages in the acquisition of precious metals royalty and streaming agreements. The company engages in the exploration of gold and silver deposits. It offers management services. Sailfish Royalty Corp. was incorporated in 2014 and is headquartered in Road Town the British Virgin Islands.,,,,,,,,,,,,,,,Dec-25
AQN,Algonquin Power & Utilities Corp.,7.06,5435.51,United States and Canada,CA,-0.2714,0.0123,0.0204,-0.0152,0.05,0.0704,0.0123,0.0171,-0.0013,0.0477,0.0679,0.0123,0.0223,0.0252,-0.0005,,3710.96,3863.37,4040.44,3340.29,3334.78,3185.13,3743.69,2875.72,2133.84,2111.85,2250.12,1913.37,1096.02,1027.86,Utilities,Multi-Utilities,Algonquin Power & Utilities Corp. operates in the power and utility industries. It owns and operates a portfolio of regulated electric water distribution and wastewater collection and natural gas utility systems and transmission operations. As of December 31 2025 it operated a portfolio of regulated utility systems in the United States Canada Bermuda and Chile serving approximately 1272000 customer connections. Its regulated electrical distribution utility systems and related transmission and generation assets are located in the states of Arkansas California Kansas Missouri Nevada New Hampshire and Oklahoma as well as in Bermuda with approximately 311000 electric customer connections. Its regulated water distribution and wastewater utility systems are located in the states of Arizona Arkansas California Illinois Missouri New York and Texas as well as in Chile with approximately 583000 customer connections. It’s regulated natural gas distribution utility systems are located in the states of Georgia Illinois Iowa Massachusetts Missouri New Hampshire and New York; and in the Canadian province of New Brunswick with approximately 378000 natural gas customer connections. It also owns and operates generating assets with a gross capacity of approximately 2.0 gigawatt (GW) and has investments in generating assets with approximately 0.3 GW of net generation capacity. It generates and sells hydroelectric energy in Canada and capacity and renewable attributes are produced by its portfolio of 14 hydroelectric power generation facilities located in the provinces of Alberta Ontario New Brunswick and Quebec. As of December 31 2025 it had a combined gross generating capacity of approximately 112 megawatts (MW) and a combined net generating capacity of approximately 105 MW. The company was formerly known as Traduction Militech Translation Inc. in October 2009. The company was incorporated in 1988 and is headquartered in Oakville Canada.,0.5,0.58,0.63,0.47,0.53,0.69,0.95,0.9,0.81,0.83,0.91,0.71,0.6,0.5,Dec-25
TSND,TerrAscend Corp.,0.89,331.67,United States and Canada,CA,-0.555,0.0123,0.0223,0.0058,0.0311,-0.0282,0.0123,0.0223,0.0156,0.0469,-0.0323,0.0123,0.0223,0.051,0.0736,-0.0452,378.12,404.7,431.78,357.63,440.91,420.45,335.55,245.58,168.15,82.86,7.19,,,,Health Care,Pharmaceuticals,TerrAscend Corp. cultivates produces and sells cannabis products in Canada and the United States. The company manufactures vaporizables concentrates topicals flowers tinctures and edibles. It offers its products under the brand name Kind Tree Cannabis Legend Valhalla Confections State Flower Cannabis Ilera Healthcare Wana and Cookies. The company also operates retail dispensaries under the Apothecarium brand name. It serves medical patients and adult-use consumers in North America. The company was incorporated in 2017 and is headquartered in Mississauga Canada.,-0.06,0.01,0.04,-0.09,-0.16,-0.15,-0.2,0.01,0.02,,,,,,Dec-25
DR,Medical Facilities Corporation,14.96,242.54,United States and Canada,CA,-0.2038,0.0123,0.0223,-0.005,0.0461,-0.1831,0.0123,0.0223,-0.0039,0.0725,-0.1826,0.0123,0.0223,-0.0012,0.1025,,383.98,390.82,392.49,348.86,353.8,449.93,574.82,504.08,462.98,516.93,533.5,484.43,455.85,428.42,Health Care,Health Care Providers and Services,Medical Facilities Corporation through its subsidiaries owns and operates specialty surgical hospitals in the United States. Its specialty surgical hospitals offer non-emergency surgical imaging diagnostic and pain management procedures and other ancillary services such as primary and urgent care. The company is also involved in the facility fee charged to the patient or insurer for the use of its infrastructure surgical equipment nursing staff non-surgical professional services drugs and supplies and other support services. Medical Facilities Corporation was incorporated in 2004 and is headquartered in Toronto Canada.,2.12,1.54,2.04,1.48,4.36,1.02,0.4,1.06,0.27,-1.34,0.81,0.91,0.99,0.23,Dec-25
MER,Meren Energy Inc.,2.17,1467.17,United States and Canada,CA,-0.1573,0.0123,0.0223,0.0116,0.0405,-0.0856,0.0123,0.0223,-0.0014,0.0367,-0.0082,0.0123,0.0223,-0.0014,0.0182,,935.35,965.66,887.85,768.5,,,,,,,,,,,Energy,Oil Gas and Consumable Fuels,Meren Energy Inc. together with its subsidiaries operates as an oil and gas exploration and production company in Nigeria Namibia South Africa and Equatorial Guinea. The company holds interests in producing and development assets in deepwater Nigeria. It also has a portfolio of development and exploration assets in the west and south of Africa. Meren Energy Inc. was formerly known as Africa Oil Corp. and changed its name to Meren Energy Inc. in May 2025. The company was incorporated in 1993 and is based in Vancouver Canada.,0.38,0.29,0.31,-0.18,,0.2,,,-0.05,-0.43,,0,-0.02,-0.07,Dec-25
RGSI,Rockpoint Gas Storage Inc.,23.2,1225.68,United States and Canada,CA,-0.255,0.0123,0.0223,-0.0362,-0.0159,,0.0123,0.0223,-0.0349,-0.0072,,0.0123,0.0223,-0.0293,0.0193,,662.08,705.21,734.38,540.55,527.77,396.2,264.63,,,,,,,,Energy,Oil Gas and Consumable Fuels,Rockpoint Gas Storage Inc. owns and operates natural gas storage infrastructure facilities. It serves utilities producers pipeline operators power generators LNG operators financial institutions commodity traders and marketers. The company was founded in 1988 and is headquartered in Calgary Canada. Rockpoint Gas Storage Inc. is a subsidiary of Brookfield Infrastructure Holdings (Canada) Inc.,2.84,3.05,3.41,,,,,,,,,,,,Mar-26
BLDP,Ballard Power Systems Inc.,2.93,1028.7,United States and Canada,CA,-0.6773,0.0123,0.0419,-0.1614,-0.0717,-0.0548,0.0123,0.0348,0.0072,0.0047,0.0513,0.0123,0.056,0.0284,0.0607,-0.0785,144.89,201.23,231.16,136.39,100.25,135.63,113.44,132.15,132.18,137.28,131.84,152.48,114.5,78.34,Industrials,Electrical Equipment,Ballard Power Systems Inc. engages in the design development manufacture sale and service of proton exchange membrane (PEM) fuel cell products. The company offers products for various applications focusing on power products for bus truck rail marine stationary and emerging market such as material handling off-road and other applications. It also engages in the delivery of services including technology solutions after sales services and training as well as offers engineering and technology transfer services. The company operates in the United States Poland Canada Germany the United Kingdom Egypt Spain China the Netherlands Denmark France and internationally. Ballard Power Systems Inc. was founded in 1979 and is headquartered in Burnaby Canada.,-0.24,-0.2,-0.24,-0.38,-0.8,-0.66,-0.84,-0.48,-0.28,-0.19,-0.16,-0.05,-0.17,-0.24,Dec-25
BBUC,Brookfield Business Corporation,35.61,7315.79,United States and Canada,CA,-0.3165,0.0123,0.0223,,-0.6283,-0.6185,,,,-1,,,,,,,6799.94,0,,37686.65,58398.97,72963.45,77696.42,58910.66,47887.53,55876.62,50733.58,28692.85,10688.85,9369.65,Industrials,Industrial Conglomerates,Brookfield Business Corporation is a private equity firm specializing in growth capital divestitures and acquisitions. The firm typically invests in business services infrastructure services construction energy and industrials sector. The firm prefers to invest globally. It prefers to take majority controlling stake in companies. The firm seeks returns of at least 15%-20% on its investments. The firm was founded in 2016 and is based in Hamilton Bermuda.,,,,0.28,-1.42,-20.6,-0.79,-4.62,,,,,,,Dec-25
XNDU,Xanadu Quantum Technologies Limited,6.93,2109.45,United States and Canada,CA,-0.8784,0.0123,0.0183,0.0398,,,0.0123,0.0038,-0.077,,,0.0123,-0.292,-0.5205,,,12,12.81,13.63,6.34,2.28,3.28,,,,,,,,,Information Technology,Software,Xanadu Quantum Technologies Limited develops and provides photonic quantum computing technology and related software solutions and applications including cloud-based access to quantum computers and tools for quantum programming and simulation. The company provides access to photonic quantum computers through x-series devices available via the cloud supporting programmable quantum gates and photon-number resolving detectors. It offers Pennylane a cross-platform python library that enables a paradigm and quantum differentiable programming that enables integration with machine learning tools; and Catalyst for just-in-time compilation and optimization of quantum algorithms. It also provides users with access to documentation guides and community-led resources for quantum machine learning quantum chemistry simulations and other quantum computing applications along with collaboration and support from a team of quantum experts. The company serves professional clients in the quantum computing software development and machine learning sectors as well as advanced users in research and development including those utilizing high-performance computing and quantum hardware. It has a collaboration with Mitsubishi Chemical to advance semiconductor fabrication technologies using quantum computing algorithms; and has a collaboration with ASML to advance lithography for photonic quantum hardware. Xanadu Quantum Technologies Limited was incorporated in 2016 and is based in Toronto Canada.,-0.78,-0.76,-0.98,,,,,,,,,,,,Dec-25
ADEN,ADENTRA Inc.,35.99,872.6,United States and Canada,CA,-0.1265,0.0123,0.0223,0.0142,0.0359,0.0263,0.0123,0.0223,0.0154,0.0261,0.0138,,,,,,3269.18,3370.87,,3087.28,3140.29,2967.04,3492.61,2043.73,1181.36,1171.92,1134.27,1045.84,789.32,571.6,Industrials,Trading Companies and Distributors,ADENTRA Inc. engages in the wholesale distribution of architectural building products to the residential repair and remodel and commercial construction markets in Canada and the United States. It offers doors decorative surfaces mouldings stair parts hardwood lumber hardwood plywood composite panels outdoor living boards roofing and other building products to industrial manufacturers home builder distribution yards and home centers. The company was formerly known as Hardwoods Distribution Inc. and changed its name to ADENTRA Inc. in December 2022. ADENTRA Inc. was founded in 2004 and is headquartered in Langley Canada.,3.68,4.32,,3.6,4.12,3.19,7.62,6.49,1.96,1.42,1.65,1.42,1.29,1.29,Dec-25
HLF,High Liner Foods Incorporated,14.01,392.35,United States and Canada,CA,-0.204,0.0123,0.0223,0.0095,0.0689,0.0866,0.0123,0.0223,0.0107,0.0637,0.0778,0.0123,0.0223,0.0035,0.0631,,1621.54,1670.29,1692.13,1410.24,1382.89,1431.42,1448.34,1106.98,1052.91,1232.79,1432.32,1324.88,1282.37,1385.79,Consumer Staples,Food Products,High Liner Foods Incorporated processes and markets prepared and packaged frozen seafood products in North America. The company provides a range of frozen seafood products including raw fillets and shellfish and cooked shellfish; and value-added products such as sauced glazed breaded and battered seafood seafood entrees and breaded cheese sticks under the High Liner Fisher Boy Sea Cuisine C. Wirthy Mirabel Mrs. Paul's Van de Kamp’s Signature Catch of the Day Icelandic Seafood and FPI brands. It sells its products through distributors to retail and club stores; and foodservice distributors to hotels restaurants and healthcare and educational organizations as well as through its website. High Liner Foods Incorporated was founded in 1899 and is headquartered in Lunenburg Canada.,2.94,2.04,2.14,1.61,2.17,1.51,1.84,1.62,1.31,1.1,0.7,1.18,1.76,1.58,Jan-26
REAL,Real Matters Inc.,3.3,245.15,United States and Canada,CA,-0.5742,0.0123,0.0223,-0.0327,-0.0447,-0.0539,0.0123,0.0223,-0.0485,-0.0605,-0.0722,0.0123,0.0223,-0.1074,-0.0463,,277.95,329.96,332.12,236.2,233.57,222.63,469.1,638.6,607.17,427.31,363.58,378.07,326.02,228.39,Real Estate,Real Estate Management and Development,Real Matters Inc. provides residential real estate appraisal and title services in Canada and the United States. It operates in three segments: U.S. Appraisal U.S. Title and Canada. The company offers residential mortgage appraisals for purchase refinance and home equity and default transactions as well as title services for refinance purchase home equity short sale and real estate-owned transactions to financial institutions under the Solidifi brand; and insurance inspection services to property and casualty insurers under the iv3 brand. It also provides services required to close a mortgage transaction including title search curative closing and escrow services and title policy issuance; and hosted software solutions through subscription to other title insurance agencies and mortgage lenders. The company was formerly known as Solidifi Inc. and changed its name to Real Matters Inc. in July 2010. Real Matters Inc. was incorporated in 2004 and is headquartered in Markham Canada.,0.01,0.15,0.21,-0.07,0.04,-0.05,0.04,0.6,0.74,0.32,0.1,,,,Sep-25
CHLT,Custom Health Holdings Inc.,7.91,204.47,United States and Canada,CA,-0.2809,0.0123,0.0223,,,,0.0123,0.0223,,,,0.0123,0.0223,,,,79.46,154.52,271.52,25.15,26.76,26.4,,,,,,,,,Consumer Staples,Consumer Staples Distribution and Retail,Custom Health Holdings Inc. an AI-enabled healthcare technology company that operates an infrastructure platform designed to ensure medication therapy works as intended. The company connects in-home technology pharmacy and pharmacist-led clinicians to create continuous visibility into a patient's therapy. Its AdhereNet platform operates an integrated pharmacy network across Canada and the U.S. supporting medication delivery continuous monitoring and clinical action to enable earlier engagement and support improved outcomes. The company serves payors health systems physician practices community pharmacies and primary care providers. Custom Health Holdings Inc. was formerly known as Queue Ventures Ltd. and changed its name to Custom Health Holdings Inc. in June 2026. The company was founded in 2021 and is headquartered in Brentwood Tennessee.,,,,,,,,,,,,,,,Dec-25
TFII,TFI International Inc.,170.49,14013.09,United States and Canada,CA,-0.2709,0.0123,0.0223,0.027,0.1061,0.0346,0.0123,0.0223,0.0277,0.1038,0.0373,0.0123,0.0223,0.025,0.1401,0.021,12172.49,12791.4,13541.36,10822.26,12072.04,9965.32,11931.67,9130.45,4811.19,5068.71,5123.21,4837.41,4025.21,4029.89,Industrials,Ground Transportation,TFI International Inc. together with its subsidiaries provides transportation and logistics services in the United States Canada and Mexico. It operates through Less-Than-Truckload (LTL) Truckload (TL) and Logistics segments. The Less-Than-Truckload segment is involved in the pickup consolidation transportation and delivery of smaller loads. The Truckload segment offers expedited transportation flatbed tank container and dedicated services. This segment also carries full loads directly from the customer to the destination using a closed van or specialized equipment. The Logistics segment provides asset-light logistics services including brokerage freight forwarding and transportation management as well as small package parcel delivery. As of December 31 2025 it operates 12927 trucks 40687 trailers and 6194 independent contractors. The company was formerly known as TransForce Inc. and changed its name to TFI International Inc. in December 2016. TFI International Inc. was founded in 1957 and is headquartered in Saint-Laurent Canada.,8.42,11.11,13.58,6,8.25,8.21,10.86,6.63,4.19,3.87,3.71,2.12,2.12,2.03,Dec-25
LUNR,LunR Royalties Corp.,19.1,2309,United States and Canada,CA,-0.4121,0.0123,0.0415,,,,0.0123,-0.0118,,,,0.0123,-0.0325,,,,34.63,61.61,54.95,,,,,,,,,,,,Materials,Metals and Mining,LunR Royalties Corp. operates as a royalty and streaming company in Canada. It has a portfolio of copper gold and silver deposits. The company holds royalties on the Los Helados project located in the Region III Chile; Fruta del Norte project located in the Southeast Ecuador Ecuador; and Lunahuasi project located in the San Juan Province Argentina. The company was incorporated in 2025 and is headquartered in Vancouver Canada.,-0.06,0.01,-0.04,,,,,,,,,,,,Dec-25
EQX,Equinox Gold Corp.,16.03,18714.38,United States and Canada,CA,-0.3804,0.0123,0.0162,0.1447,0.141,0.1637,0.0089,0.0427,0.3961,0.2951,0.568,0.0123,0.0461,0.5721,0.6486,0.6951,5773.12,7630.84,8435.68,2494.23,1312.38,1441.82,1289.23,1368.58,1075.69,365.78,41.17,,1.19,,Materials,Metals and Mining,Equinox Gold Corp. engages in the acquisition exploration development and operation of mineral properties in the Americas. It primarily explores gold and silver deposits. The company was formerly known as Trek Mining Inc. and changed its name to Equinox Gold Corp. in December 2017. Equinox Gold Corp. was incorporated in 2007 and is headquartered in Vancouver Canada.,1.54,2.14,2.47,0.92,0.3,0.07,-0.42,0.29,0.69,-0.19,-1.84,,,,Dec-25
CURA,Curaleaf Holdings Inc.,15.18,4019.78,United States and Canada,CA,-0.2746,0.0123,0.0223,0.0177,0.0456,0.0299,0.0123,0.0223,0.0268,0.0545,0.0654,0.0123,0.0223,,0.0661,0.1008,1935.9,2103.55,2307.53,1740.6,1918.31,1784.25,1726.85,1512.36,797.35,286.99,105.18,24.28,4.98,,Health Care,Pharmaceuticals,Curaleaf Holdings Inc. engages in the retail and wholesale of cannabis products in the United States and internationally. The company operates licensed cultivation; and pharma-grade cannabis processing and manufacturing facilities. It also supplies cannabis on a wholesale basis to Australia New Zealand the United Kingdom and various European countries including Germany Italy Poland the Czech Republic Switzerland Sweden and Norway. In addition the company operates a medical cannabis clinic and holds a pharmacy license. It serves the medical and adult-use cannabis markets through retail and wholesale channels. The company is based in Stamford Connecticut.,-0.01,-0.78,,-0.95,-0.65,-1.05,-1.3,-0.35,-0.15,-0.39,,,,,Dec-25
VREO,Vireo Growth Inc.,15.79,770.89,United States and Canada,CA,-0.4987,0.0123,0.0223,0.1855,0.8031,0.7142,0.0123,0.0223,0.3427,1.2854,,0.0123,0.0223,0.1538,1.2547,,1101.24,1614.22,1745.95,368.9,142.88,116.77,101.04,68.85,62.62,38.9,25.2,13.66,5.72,,Health Care,Pharmaceuticals,Vireo Growth Inc. operates as a cannabis company that cultivates manufactures processes and distributes medical and adult-use cannabis products in Maryland Minnesota Missouri Nevada New York and Utah. It sells cannabis products through a network of retail dispensaries and distributors. The company was formerly known as Goodness Growth Holdings Inc. and changed its name to Vireo Growth Inc. in July 2024. Vireo Growth Inc. was incorporated in 2004 and is headquartered in Minneapolis Minnesota.,,,,,,,,,,,,,,,Dec-25
HOMUN,BSR Real Estate Investment Trust,10.98,608.09,United States and Canada,CA,-0.3883,0.0123,0.0223,-0.0015,0.015,-0.0437,0.0123,0.0223,-0.017,-0.0065,-0.0609,0.0123,0.0223,,,,193.95,200.37,210.12,197.96,242.5,222.33,214.63,151.22,144.15,144.99,149.93,109.12,101.94,99.62,Real Estate,Residential REITs,BSR Real Estate Investment Trust is an internally managed unincorporated open-ended real estate investment trust. The REIT owns a portfolio of multifamily garden-style residential properties located in attractive primary markets in the Sunbelt region of the United States. BSR Real Estate Investment Trust was established on January 09 2018 and incorporated in Ontario Canada.,,,,,,,,,,,,,,,Dec-25
VOXR,Vox Royalty Corp.,7.39,513.57,United States and Canada,CA,-0.1923,0.0123,0.0253,-0.0814,0.2087,1.1726,0.0123,0.029,0.061,-0.1865,0.3907,0.0123,0.0223,-0.0012,,,48.24,47.09,71.38,22.81,15.88,16.31,11.52,4.62,0.16,,,,,,Materials,Metals and Mining,Vox Royalty Corp. operates as a mining royalty company. The company holds a portfolio of 70 precious metals royalties in Australia Canada the United States of America South Africa Brazil and Peru. The company was founded in 2014 and is based in Westminster Colorado.,0.18,0.46,0.66,0.03,-0.04,0.05,0,,,,,,,,Dec-25
MHCUN,Flagship Communities Real Estate Investment Trust,29.62,745.57,United States and Canada,CA,-0.0886,0.0123,0.0223,0.0025,0.04,0.1641,0.0123,0.0223,0.0054,0.0438,0.1803,0.0123,0.0223,,,,172.12,183.33,192.2,141.9,126.7,94.14,79.61,54.47,42.26,39.62,,,,,Real Estate,Residential REITs,Flagship Communities Real Estate Investment Trust is a leading operator of affordable residential MHCs primarily serving working families seeking affordable home ownership. The REIT owns and operates exceptional residential living experiences and investment opportunities in family-oriented communities in Kentucky Indiana Ohio Tennessee Arkansas Missouri West Virginia and Illinois. Flagship Communities Real Estate Investment Trust was established on August 12 2020 and incorporated in Ontario Canada.,,,,,,,,,,,,,,,Dec-25
DTOL,D2L Inc.,10.1,530.34,United States and Canada,CA,-0.4698,0.0123,0.0061,-0.0174,-0.0046,-0.0307,0.0123,0.0048,-0.019,-0.0043,-0.015,0.0123,,,,,325.02,355.39,384.32,296.12,298.41,245.17,224.05,193.06,161.64,144.91,135.95,,,,Consumer Discretionary,Diversified Consumer Services,D2L Inc. provides cloud-based learning software for higher education institutions kindergarten to grade 12 schools and districts and private sector enterprises in Canada the United States and internationally. The company provides personalized flexible and modern learning experiences for people of all ages. It offers core cloud-based learning innovation platform Brightspace serves three distinct markets such as kindergarten to grade 12 schools (K-12) higher education and corporate markets. In addition the company provides performance+ advanced analytics package achievement+ and creator+ easy-to-use authoring tools; performance+ advanced analytics package achievement+ which streamlines achievement reporting on learning outcomes reporting; and Course Merchant a digital storefront that enables institutions to sell courses directly to learners. Further it offers Lumi a human-centered artificial intelligence; and D2L Link that enables seamless connections and streamlined automations with student information systems customer information management systems human resource systems and other systems. It sells its platform primarily through direct sales in North America Europe and Australia as well as through direct and indirect channel partners. The company was founded in 1999 and is headquartered in Kitchener Canada.,0.59,0.95,,0.49,0.69,0.14,,,,,,,,,Jan-26
ATD,Alimentation Couche-Tard Inc.,78.65,72197.76,United States and Canada,CA,-0.1734,0.0123,0.0582,0.0343,0.1316,0.1627,0.0123,0.0534,0.0344,0.1102,0.1576,0.0123,0.0287,0.0124,0.102,0.0959,123820.86,122330.23,120011.81,104553.15,100991.91,94662.43,97339.96,79907.38,57101.28,76289.33,79570.52,65941.58,51738.88,43258.14,Consumer Staples,Consumer Staples Distribution and Retail,Alimentation Couche-Tard Inc. operates and licenses convenience stores in North America Europe and Asia. It offers cigarette products and other nicotine products beverages beer wine fresh food offerings comprising quick-service restaurants candy and snacks grocery items and car wash and other services; road transportation fuels and operates electric vehicle charging stations; sells energy for stationary engines and aviation fuels; sells lottery tickets and calling and gift cards; franchise and license fees; royalties from franchisees and licensees; and automatic teller machines. The company operates its convenience store chain under various banners including Circle K Couche-Tard and Ingo. In addition it operates and licenses stores operated under the Circle K banner in Egypt Guam Guatemala Honduras Indonesia Macau Mexico Morocco New Zealand Saudi Arabia South Africa Tanzania the United Arab Emirates and Vietnam. The company was formerly known as Actidev Inc. and changed its name to Alimentation Couche-Tard Inc. in December 1994. Alimentation Couche-Tard Inc. was founded in 1980 and is headquartered in Laval Canada.,4.59,5.1,5.45,4.21,3.74,3.85,4.23,,,,,,,,Apr-26
QTRH,Quarterhill Inc.,2.86,406.95,United States and Canada,CA,-0.1411,0.0123,-0.0985,0.112,0.1661,0.0968,0.0123,-0.0227,1.2673,1.3918,1.2431,0.0123,-0.0162,,,,267.02,595.48,638.42,212.98,220.41,194.32,305.69,125.69,144.53,172.93,105.65,169.36,124.72,142.71,Information Technology,Communications Equipment,Quarterhill Inc. together with its subsidiaries provides tolling and mobility systems and solutions in the United States Thailand Germany Canada South Korea Belgium France Chile and internationally. The company offers in-road sensor and above-ground AVDC performance measurement system monitoring business intelligence image-based processing and transit event processing and capture; self-service and ERP/CRM commerce and mobility platforms; and system performance audit violation enforcement and digital video audit. It also provides portable scales WIM controllers weigh-in-motion over-dimension and AI and machine vision; bicycle and vehicle data radar speed signs and vulnerable road user vehicle and radar detection; and TRS plus traffic A.C.E.+ icoms analytics and VI2M as well as tire bicycle toll and axle sensors. In addition the company offers congestion charging performance management insights and analytics processing systems and lane configuration; toll interoperability mobility marketplace and back office; maintenance e-screening tire anomaly detection weight compliance and commercial roadside technologies; multi-modal data and intersection management; and video-based systems traffic recording and in-road sensor systems and cloud-based solutions. Its products are used in tolling safety and enforcement and logistics industries. The company was formerly known as Wi-LAN Inc. and changed its name to Quarterhill Inc. in June 2017. Quarterhill Inc. was incorporated in 1992 and is headquartered in Toronto Canada.,,,,,,,,,,0.31,,0.71,0.6,0.69,Dec-25
LMN,Lumine Group Inc.,21,5305.03,United States and Canada,CA,-0.5145,0.0123,0.0223,0.0968,0.1139,0.1315,0.0123,0.0223,0.1688,0.1847,0.1798,,,,,,1471.55,1802.08,,1050.92,960.91,662.05,346.27,288.76,211.7,,,,,,Information Technology,Software,Lumine Group Inc. develops installs and customizes software and related professional and support services worldwide. It also involves in the sale of software licenses and resale of third-party hardware and assembled hardware. The company was founded in 2014 and is headquartered in Mississauga Canada. Lumine Group Inc. operates as a subsidiary of Trapeze Software ULC.,1.21,1.68,,1.09,0.91,,,,,,,,,,Dec-25
NFI,NFI Group Inc.,23.79,2834.39,United States and Canada,CA,-0.0989,0.0123,0.0223,0.0098,0.0073,-0.071,0.0123,0.0223,-0.0124,-0.0113,,0.0123,0.0223,-0.0106,-0.0544,,5718.96,6143.68,6377.66,4940.96,4501.38,3557.85,2780.92,2963.8,3113.48,3785.71,3441.06,2994.45,3053.81,2124.07,Industrials,Machinery,NFI Group Inc. together with its subsidiaries manufactures and sells buses in North America the United Kingdom rest of Europe and the Asia Pacific. It operates through Manufacturing Operations and Aftermarket Operations segments. The Manufacturing Operations segment designs manufactures services and supports transit buses motor coaches medium-duty and cutaway buses; the installation of infrastructure for electric vehicles; and the third-party sales of fiberglass reinforced polymer components. The Aftermarket Operations segment engages in the sale of aftermarket parts and services for transit buses coaches and medium-duty/cutaway buses. In addition the company offers heavy-duty transit buses under the New Flyer brand name; single and double-deck buses under the and Alexander Dennis brand; motor coaches under he MCI brand name; and low-floor cutaway and medium-duty buses under the ARBOC brand as well as sells aftermarket parts under the NFI Parts brand. It also engages in infrastructure solutions connected vehicles and diagnostics and aftermarket warranty and service. NFI Group Inc. was founded in 1895 and is headquartered in Winnipeg Canada.,1.49,2,2.3,0.99,-0.04,-1.87,-2.86,-0.2,-0.97,1.83,3.66,3.22,2.82,1.47,Dec-25
KXS,Kinaxis Inc.,173.5,4717.1,United States and Canada,CA,-0.0721,0.0123,0.0223,0.0074,0.0353,0.0417,0.0123,0.0223,0.007,0.0378,0.0474,0.0123,0.0223,-0.0052,0.0297,,904.75,1018.54,1162.96,752.21,694.56,565.72,496.75,317.05,285.26,248.72,205.74,167.6,155.7,126.64,Information Technology,Software,Kinaxis Inc. provides cloud-based subscription software-as-a-service for supply chain operations in the United States Europe Asia and Canada. The company offers Kinaxis Maestro an AI-infused supply chain orchestration platform for artificial intelligence concurrency developer studio integration security and user experience. It also provides various solutions for AI agents control tower demand inventory order management planning one returns sales and operations planning scheduling supply supply chain optimization supply chain orchestration spare parts sustainability tariffs and transportation. In addition the company offers professional services for implementation and configuration of the product; ongoing technical services; training enablement and continuous learning services; and maintenance and support services. It serves the aerospace and defense automotive chemical consumer products high-tech and electronics industrial life sciences and logistics industries. The company was formerly known as Webplan Inc. and changed its name to Kinaxis Inc. in May 2005. Kinaxis Inc. was incorporated in 1984 and is headquartered in Ottawa Canada.,6.33,7.39,8.72,5.22,3.42,2.13,2.16,0.73,1.42,1.77,1.32,1.43,0.98,0.94,Dec-25
BYD,Boyd Group Services Inc.,111.38,3100.42,United States and Canada,CA,-0.5513,0.0123,0.0218,-0.0146,-0.0086,0.2038,0.0123,0.0215,-0.0184,-0.0193,0.1903,0.0123,0.021,-0.0243,-0.0668,0.0689,5773.65,6258.5,6676.37,4313.7,4414.2,3903.35,3293.24,2368.05,1986.53,2283.33,1864.61,1569.45,1387.12,1174.08,Industrials,Commercial Services and Supplies,Boyd Group Services Inc. together with its subsidiaries operates non-franchised collision repair centers in North America. The company operates its locations under the Boyd Autobody & Glass and Assured Automotive trade names in Canada and Gerber Collision and Glass trade name in the United States. It operates as a retail auto glass operator under the Gerber Collision and Glass Glass America Auto Glass Service Auto Glass Authority and Autoglassonly.com trade names in the United States. In addition the company operates a third-party administrator Gerber National Claims Services that offers glass emergency roadside and first notice of loss services; and a Mobile Auto Solutions service that offers scanning and calibration services. It serves insurance companies and individual vehicle owners. The company was founded in 1990 and is headquartered in Winnipeg Canada.,4.7,6.8,8.43,3.82,2.07,5.54,2.67,1.66,2.47,4.83,4.51,3.07,2.98,2.32,Dec-25
PIF,Polaris Renewable Energy Inc.,13.51,282.26,United States and Canada,CA,-0.1598,0.0123,0.0223,-0.0115,-0.0285,-0.1132,0.0123,0.0223,-0.0443,-0.0432,,0.0123,0.0223,-0.0719,,,108.44,115.07,160.05,110.46,108.94,104.04,84.76,75.26,95.08,92.52,93.94,75.57,73.4,69.58,Utilities,Independent Power and Renewable Electricity Producers,Polaris Renewable Energy Inc. engages in the acquisition exploration development and operation of renewable energy projects in Latin America and the Caribbean. It is involved in the operation of an 82 megawatt (MW) capacity geothermal facility in Nicaragua; 3 run-of-river hydroelectric facilities with a combined capacity of approximately 33 MW in Peru; a 25 MW solar plant facility in the Dominican Republic; a 6 MW run-of-river hydroelectric facility in Ecuador; and a 10 MW solar plant in Panama. The company was formerly known as Polaris Infrastructure Inc. and changed its name to Polaris Renewable Energy Inc. in July 2022. Polaris Renewable Energy Inc. was incorporated in 1984 and is headquartered in Toronto Canada.,,,,,0.57,0.74,0.02,-0.08,0.86,1.57,1.02,0.15,-0.36,-208.16,Dec-25
GTII,Green Thumb Industries Inc.,11,2404.76,United States and Canada,CA,-0.2356,0.0123,0.0223,0.0131,0.0348,0.031,0.0123,0.0223,0.0221,0.041,0.0532,0.0123,0.0223,0.014,0.0245,0.0538,1738.91,1849.81,1980.03,1613.17,1634.86,1397.25,1377.47,1129.93,708.19,281.04,85.3,20.78,9.69,,Health Care,Pharmaceuticals,Green Thumb Industries Inc. manufactures distributes markets and sells of cannabis products for medical and adult-use in the United States. It operates through two segments Retail and Consumer Packaged Goods. The company offers cannabis flower; processed and packaged products including pre-rolls concentrates vapes tinctures edibles topicals capsules tinctures and other cannabis-related products under the &Shine Beboe Dogwalkers Doctor Solomon’s Good Green incredibles RYM and RHYTHM brands. It distributes its products to third-party licensed retail customers; and sells finished products to third-party licensed retail cannabis stores. Green Thumb Industries Inc. was founded in 2014 and is headquartered in Chicago Illinois.,0.24,0.47,,0.36,0.44,0.21,0.36,0.43,0.1,-0.39,,,,,Dec-25
BEPUN,Brookfield Renewable Partners L.P.,39.13,26771.81,United States and Canada,CA,-0.2597,0.0123,0.0223,-0.0132,-0.0278,-0.0836,0.0123,0.024,0.0017,-0.0003,-0.0534,0.0123,0.0656,0.0249,0.0071,-0.0039,9344.15,10339.74,11867.1,8794.06,8447.87,6675.2,6378.46,5179.51,4860.64,5232.91,5255.17,3487.15,3292.59,2258.82,Utilities,Independent Power and Renewable Electricity Producers,Brookfield Renewable Partners L.P. owns a portfolio of renewable power generating facilities in the North America Colombia and Brazil. The company generates electricity through hydroelectric wind solar distributed generation and pumped storage; and offers sustainable solutions such as renewable natural gas carbon capture and storage recycling cogeneration biomass nuclear services eFuels and power transformation. It operates as the general partner of Brookfield Renewable Partners L.P. The company was formerly known as Brookfield Renewable Energy Partners L.P. and changed its name to Brookfield Renewable Partners L.P. in May 2016. The company was founded in 1999 and is based in Toronto Canada.,-2.55,-2.64,-3.59,-0.34,-1.28,-0.42,-0.81,-0.89,-0.73,-0.13,0.09,-0.12,-0.16,0.01,Dec-25
ARG,Amerigo Resources Ltd.,8.71,1406.16,United States and Canada,CA,-0.0439,0.0123,0.0223,0.1919,0.3287,0.3592,0.0123,0.0223,-0.0285,-0.0085,,,,,,,394.17,307.78,,312.01,277.15,208.63,227.53,252.34,160.87,155.56,186.77,168.5,122.72,73.01,Materials,Metals and Mining,Amerigo Resources Ltd. through its subsidiary Minera Valle Central S.A. produces copper and molybdenum concentrates from Corporación Nacional del Cobre de Chile’s El Teniente mine in Chile. The company was formerly known as Golden Temple Mining Corp. and changed its name to Amerigo Resources Ltd. in March 2002. The company was incorporated in 1984 and is headquartered in Vancouver Canada.,0.57,0.25,,0.3,,0.01,0.07,0.04,,-0.06,0.08,0.04,-0.05,,Dec-25
CUPU,Caribbean Utilities Company Ltd.,14.32,862.46,United States and Canada,CA,-0.046,0.0123,0.0223,-0.0819,-0.0621,-0.0657,0.0123,0.0223,-0.0723,-0.0524,,0.0123,0.0223,,,,419.24,443.32,464.57,389.81,422.22,380.56,361.96,250.98,225.79,263.91,265.6,214.91,217.14,262.07,Utilities,Electric Utilities,Caribbean Utilities Company Ltd. engages in the electricity generation transmission distribution and telecommunication in Grand Cayman. The company generates electricity using diesel with 166 megawatts total installed capacity. It also operates eight transformer substations with approximately 387 miles of overhead high-voltage and 53.8 miles of underground high-voltage transmission and distribution lines as well as 14 miles of high-voltage submarine cables. The company was incorporated in 1966 and is based in Grand Cayman the Cayman Islands. Caribbean Utilities Company Ltd. is a subsidiary of Fortis Energy (Bermuda) Ltd.,1.76,1.83,1.93,1.5,1.5,1.36,1.14,0.99,0.98,1.11,0.88,,,,Dec-25
ELVA,Electrovaya Inc.,8.58,428.99,United States and Canada,CA,-0.5131,0.0123,0.0209,-0.1471,-0.146,-0.2173,0.0123,-0.002,-0.1509,-0.1431,-0.2081,0.0123,-0.0142,0.0123,-0.0178,-0.1241,100.64,148.33,235.01,88.81,60.33,59.84,22.47,14.67,19.34,6.48,7.28,2.84,25.62,22.19,Industrials,Electrical Equipment,Electrovaya Inc. engages in the design development manufacture and sale of lithium-ion batteries battery management systems and battery-related products for energy storage clean electric transportation and other specialized applications in North America. It operates infinity battery systems comprising of low and high voltage systems. The company also operates solid state battery technology. In addition it offers lithium-ion battery systems to power MHEV including fork-lifts as well as accessories such as battery chargers to charge the batteries; lithium-ion batteries for robotic applications; lithium ion battery cell and modules for sales to OEM customers in the defense construction and other applications; high voltage battery systems for electric bus truck and defense applications; and industrial products for energy storage. The company was formerly known as Electrofuel Inc. and changed its name to Electrovaya Inc. in March 2002. Electrovaya Inc. was incorporated in 1996 and is headquartered in Mississauga Canada.,0.11,0.38,0.63,0.11,-0.04,-0.11,-0.28,-0.32,-0.47,-0.67,,,,,Sep-25
GASX,NG Energy International Corp.,1.14,337.82,United States and Canada,CA,-0.3904,0.0123,0.0223,-0.1945,-0.2275,-0.4874,0.0123,0.0223,-0.0072,0.2116,,,,,,,98.01,210.75,,45.07,45.73,13.34,1.96,,,,7.16,3.6,,,Energy,Oil Gas and Consumable Fuels,NG Energy International Corp. engages in the acquisition exploration development and exploitation of oil and natural gas assets in Colombia. It holds working interests in the Sinú-9 block which covers an area of approximately 311353 acres; the Maria Conchita block covering an area of approximately 32518 acres; and the Tiburon block that covers an area of approximately 245850 acres. The company was formerly known as NGX Energy International Corp. and changed its name to NG Energy International Corp. in November 2020. NG Energy International Corp. is based in Vancouver Canada.,0.1,0.01,,-0.12,,-0.15,-0.14,-0.08,,,,,,,Dec-25
LUC,Lucara Diamond Corp.,0.1675,250.07,United States and Canada,CA,-0.5145,0.0123,0.0223,0.1572,-0.1505,-0.2728,0.0123,0.0223,-0.0012,,-0.0168,0.0123,0.0223,,,,183.14,185.12,523.77,219.15,293.11,228.42,288.3,290.94,159.39,250.01,240.5,277.54,396.76,310.58,Materials,Metals and Mining,Lucara Diamond Corp. a diamond mining company engages in the development and operation of diamond properties in Africa. The company holds a 100% interest in the Karowe mine located in Botswana. It also operates Clara Platform a digital sales platform for rough diamonds. The company was formerly known as Bannockburn Resources Limited and changed its name to Lucara Diamond Corp. in August 2007. Lucara Diamond Corp. was incorporated in 1981 and is based in Vancouver Canada.,-0.03,-0.06,0.08,0.08,,0.11,0.05,-0.05,0.04,0.03,0.19,0.26,0.29,0.34,Dec-25
CLS,Celestica Inc.,501.1,57617.52,United States and Canada,CA,-0.2355,0.0123,0.0221,0.0703,0.2066,0.5344,0.0123,0.0241,0.3075,0.5045,1.2324,0.0189,0.0329,0.4203,0.5903,1.1052,29129.91,49846.81,67531.4,17007.38,13867.96,10548.09,9816.14,7125.25,7314,7645.9,9054.19,7722.54,8119.5,7824.28,Information Technology,Electronic Equipment Instruments and Components,Celestica Inc. together with its subsidiaries provides supply chain solutions in Asia North America and internationally. It operates through two segments Advanced Technology Solutions and Connectivity and Cloud Solutions. The company offers a range of product manufacturing and related supply chain services including design and development new product introduction engineering services component sourcing electronics manufacturing and assembly testing mechanical assembly systems integration precision machining logistics asset management product licensing and after-market repair and return services. It also provides hardware platform solutions which includes development of infrastructure platforms and hardware and software design solutions and services including open-source software that can be used as-is or customized for specific applications; and management of program including design and supply chain manufacturing and after-market support including IT asset disposition and asset management services. The company offers its products and services to original equipment manufacturers and cloud-based and other service providers including hyperscalers and other companies in aerospace and defense industrial HealthTech capital equipment communications and enterprise markets. The company has a strategic collaboration with Advanced Micro Devices Inc. for the development of Helios a rack-scale AI platform. The company was incorporated in 1994 and is headquartered in Toronto Canada.,15.85,27.53,38.01,8.3,5.64,3.22,2.59,1.66,1.26,0.71,1.47,1.5,1.87,1.29,Dec-25
GRID,Tantalus Systems Holding Inc.,4.55,259.2,United States and Canada,CA,-0.3148,0.0123,0.0223,-0.0258,-0.0054,0.0141,0.0123,0.0223,-0.0101,0.0041,-0.0138,0.0123,0.0223,-0.0151,-0.114,,87.37,104.55,126.42,74.27,63.71,55.84,53.62,40.68,42.05,54,55.16,40.65,,,Information Technology,Electronic Equipment Instruments and Components,Tantalus Systems Holding Inc. a technology company provides smart grid solutions in Canada and the United States. It operates in two segments Connected Devices and Software and Services. The Connected Devices segment sells computing modules used into multiple devices including meters sensors and street lighting fixtures; distributes automation equipment; multi-relay load control switches; and a suite of communications infrastructure devices to deliver an industrial network-of-things/Internet-of-Things (IoT) smart grid including base stations repeaters and collectors. The Software and Services Segment provides software licenses; hosting services; software as a service and other subscriptions; professional services including project management deployment installation and engineering support; and post-contract technical support and annual software maintenance services as well as offers software applications AI enabled data analytics and a suite of professional services to support utilities. It provides TRUConnect AMI a multi-commodity industrial IoT network that includes advanced smart meters and intelligent connected devices; TRUFlex Load+DER Management system which manages various residential and commercial loads; TRUGrid Automation a suite of application and analytics tools to identify pinpoint anomalies from data; TRUSync Grid Data Management a grid data management system that integrates utility data; and TRUSense Gateway solutions. Tantalus Systems Holding Inc. is headquartered in Burnaby Canada.,-0.01,0.06,0.08,0.01,,,,,,,,,,,Dec-25
CERT,Cerrado Gold Inc.,2.32,331.25,United States and Canada,CA,-0.1802,0.0123,0.0223,0.0687,0.1931,0.2378,0.0123,0.0223,0.0469,0.1241,0.1918,0.0123,0.0223,-0.0188,0.0501,0.1588,325.2,320.27,356.12,201.88,167.02,132.63,122.34,88.58,40.96,,,,,,Materials,Metals and Mining,Cerrado Gold Inc. operates as a gold mining and exploration company in Argentina and Canada. The company also explores for zinc copper lead tin silver gold iron and vanadium deposits. It owns 100% interests in the Minera Don Nicolas project covering an area of approximately 333400 hectares located in the Santa Cruz province of Argentina; and the Mont Sorcier iron and vanadium project covering an area of approximately 1919 hectares located near Chibougamau Quebec in Canada. The company also holds an interest in the Lagoa Salgada volcanogenic sulphide project focused on polymetallic resources. Cerrado Gold Inc. is headquartered in Toronto Canada.,0.33,0.14,0.22,-0.06,,,-0.09,,,,,,,,Dec-25
APM,Andean Precious Metals Corp.,5.74,855.31,United States and Canada,CA,-0.5426,0.0123,0.0223,-0.0488,0.1013,0.5345,0.0123,0.0223,-0.0753,-0.0252,0.4392,0.0123,0.0223,-0.1222,-0.0707,0.5043,814.74,773.99,666.04,493.89,365.17,166.05,146.29,182.35,166.27,115.12,,,,,Materials,Metals and Mining,Andean Precious Metals Corp. engages in the acquisition exploration development and processing of mineral resource properties in the United States. The company primarily explores for gold and silver deposits. It holds 100% interest in San Bartolomé project in Bolivia; and the Soledad Mountain mine and heap leach located in Kern County California. The company is based in Toronto Canada. Andean Precious Metals Corp. operates as a subsidiary of PMB Partners LP.,0.93,1.16,1.91,0.78,,0.08,,,,,,,,,Dec-25
IFOS,Itafos Inc.,2.4,467.47,United States and Canada,CA,-0.4861,0.0123,0.0223,-0.0611,0.0799,0.2116,0.0123,0.0223,0.0654,0.1508,,,,,,,895.44,915.97,,765.86,706.25,616.81,803.28,522.56,331.06,440.75,412.47,,,,Materials,Chemicals,Itafos Inc. together with its subsidiaries produces and sells phosphate and specialty fertilizers in the United States Brazil and Guinea-Bissau. The company operates through three segments: Conda Arrais and Development and Exploration. It offers monoammonium phosphate monoammonium phosphate with micronutrients superphosphoric acid merchant grade phosphoric acid ammonium polyphosphate and hydrofluorosilicic acid. The company also provides single superphosphate single superphosphate with micronutrients sulfuric acid acidulated phosphate rock and direct application phosphate rock. In addition it is involved in the operation of high-grade phosphate mine and fertilizer plant projects. The company is headquartered in Houston Texas.,0.03,0.39,,,,,,,,,,,,,Dec-25
STGO,Steppe Gold Ltd.,1.63,412.11,United States and Canada,CA,-0.3292,0.0123,0.0223,-0.1091,,-0.1112,0.0123,0.0223,0.1838,,,,,,,,378.88,405.93,,348.81,256.1,174.97,142.84,147.01,,,,,,,Materials,Metals and Mining,Steppe Gold Ltd. engages in acquiring exploring developing and operating of precious metal projects in Mongolia and Peru. It primarily explores gold and polymetallic deposits. The company holds 100% interest in the Altan Tsagaan Ovoo property covering an area of approximately 5492 hectares located in Ulaanbaatar Mongolia; and Boroo and Ulaanbulag mine property covering an area of approximately 6594 hectares located in Mongolia. It also explores Uudam Khundii gold project covering an area of 14400 hectares located in Bayankhongor province Mongolia. The company is based in Ulaanbaatar Mongolia. Steppe Gold Ltd. operates as a subsidiary of Boroo Pte Ltd.,,,,0.17,,,,,,,,,,,Dec-25
WPK,Winpak Ltd.,43.76,2567.07,United States and Canada,CA,-0.1623,0.0123,0.0223,-0.0147,0.0562,0.0223,0.0123,0.0223,0.0082,0.0287,,,,,,,1730.36,1767.92,,1538.4,1630.39,1512.33,1605.43,1284.15,1097.16,1143.32,1215.28,1114.84,1113.28,1100.29,Materials,Containers and Packaging,Winpak Ltd. manufactures and distributes packaging materials and related packaging machines in the United States Canada and Mexico. It operates through three segments: Flexible Packaging Rigid Packaging and Flexible Lidding and Packaging Machinery. The Flexible Packaging segment provides modified atmosphere packaging products for fresh and processed meats poultry cheese medical device packaging high-performance pouches and high-barrier films for converting applications; specialty films for barrier and non-barrier film converting applications such as printing laminating and bag making as well as shrink bags; and biaxially oriented nylon films for food packaging and industrial applications. The Rigid Packaging and Flexible Lidding segment offers portion control and single-serve containers as well as plastic sheet custom and retort trays; die-cut daisy chain and rollstock formats for food dairy beverage pet food industrial and healthcare applications; and specialized printed packaging solutions for the pharmaceutical healthcare nutraceutical cosmetic and personal care markets. The Packaging Machinery segment provides horizontal fill and seal machines for preformed containers and vertical form fill and seal pouch machines for pumpable liquid and semi-liquid as well as various dry products. The company was incorporated in 1975 and is based in Winnipeg Canada. Winpak Ltd. operates as a subsidiary of Wihuri International Oy. ,3.39,3.6,3.93,3.09,3.38,3.02,2.67,2.02,2.09,2.3,2.29,2.1,2.16,2.12,Dec-25
MX,Methanex Corporation,85.34,6602.27,United States and Canada,CA,-0.0821,0.0123,0.0223,-0.0125,0.1867,0.1797,0.0123,0.0223,-0.0525,0.0076,-0.0583,0.0123,0.0223,-0.0471,-0.0441,,6896.87,5669.35,5487.83,4926.46,5347.96,4933.49,5837.13,5582.34,3371.87,4263.61,6118.8,3847.81,2683.53,3087.98,Materials,Chemicals,Methanex Corporation engages in the production and sale of methanol and ammonia in Asia Pacific North America Europe and South America. It also owns and leases in-region storage and terminal facilities. The company serves chemical and petrochemical producers. Methanex Corporation was incorporated in 1968 and is headquartered in Vancouver Canada.,12.48,7.99,5.57,2.79,5.35,2.98,6.42,7.63,-2.06,1.21,9.35,5.92,-0.21,1.68,Dec-25
AFM,Alphamin Resources Corp.,1.39,1790.01,United States and Canada,CA,-0.1726,0.0123,0.0223,0.0643,,0.6782,0.0123,0.0223,-0.0016,,,,,,,,1431.4,845.5,,852.21,759.08,382.26,529.47,446.23,238.51,35.35,,,,,Materials,Metals and Mining,Alphamin Resources Corp. together with its subsidiaries produces and sells tin concentrates. Its principal project is the Bisie tin mine located in the Democratic Republic of Congo. The company was formerly known as La Plata Gold Corporation and changed its name to Alphamin Resources Corp. in October 2008. The company was incorporated in 1981 and is headquartered in Grand Baie Mauritius. Alphamin Resources Corp. is a subsidiary of Alpha Mining Ltd.,0.3,0.14,,,,,0.15,,,,,,,,Dec-25
SCZ,Santacruz Silver Mining Ltd.,12.68,1179.12,United States and Canada,CA,-0.4695,0.0123,0.0223,-0.0374,-0.1213,0.3616,0.0123,0.0539,0.0444,0.229,,,,,,,693.38,780.56,,447.98,406.85,332.91,377.2,67.44,42.11,37.8,17.95,14.33,15.86,11.99,Materials,Metals and Mining,Santacruz Silver Mining Ltd. together with its subsidiaries engages in the acquisition exploration development production and operation of mineral properties in Latin America. The company primarily explores for silver and zinc as well as lead and copper deposits. It also holds a portfolio of mineral properties in Mexico and Bolivia. The company is headquartered in Vancouver Canada.,,,,,,,-0.12,-0.56,-0.42,-0.34,,-0.12,-0.56,-0.42,Dec-25
CVO,Coveo Solutions Inc.,4.21,393.51,United States and Canada,CA,-0.5399,0.0123,0.0223,-0.0033,-0.0121,-0.0575,0.0123,0.0223,-0.0032,-0.0462,-0.0618,0.0123,0.0223,,,,229.55,259.7,285.62,206.4,191.76,170.8,151.37,108.13,81.51,78.06,59.24,,,,Information Technology,Software,Coveo Solutions Inc. provides software-as-a-service artificial intelligence (AI) platform in Canada the United States and internationally. The company offers Coveo AI-Relevance Platform that powers search recommendations and generative AI and agentic experiences across commerce customer service website and workplace applications. Its AI-Relevance platform includes Coveo Relevance Generative Answering (CRGA) capability integrates large language models technology with Coveo's platform to feed generative AI with a common secure unified index and real-time content. The company serves high tech healthcare manufacturing financial services retail and telecommunication industries. The company was formerly known as Copernic Business Solutions Inc. and changed its name to Coveo Solutions Inc. in October 2004. Coveo Solutions Inc. was incorporated in 2004 and is headquartered in Québec Canada.,0.05,0.13,0.12,-0.09,0.12,-0.02,-0.2,,,,,,,,Mar-26
DCBO,Docebo Inc.,32.08,798.77,United States and Canada,CA,-0.1996,0.0123,0.0223,0.0116,0.0467,0.0745,0.0123,0.0223,0.0098,0.0358,0.0875,0.0123,0.0223,0.0317,0.0545,,390.3,429.77,480.81,333.1,311.88,239.61,193.5,131.82,80.06,53.81,36.96,21.53,13.23,,Information Technology,Software,Docebo Inc. develops and provides learning management platform for training in Canada the United States and internationally. The company’s cloud platform consists of a learning suite which includes Docebo Learn platform a cloud-based learning platform that allows learning administrators to deliver personalized learning; Docebo Content Marketplace an access to off-the-shelf learning content and provide predeveloped learning content; Insights module allows organizations to understand the results of learning programs with data visualizations; Learning Evaluation module to incorporate the learner’s perspective into analyses by collection of feedback; and Advanced Analytics Pack to integrate learning data into data ecosystem and BI tool. It also offers Communities module enabling interactive learner communities; eCommerce module that monetize from digital training contents as well as manage and sells training offerings; eCommerce module to monetize training programs; Docebo Integrations; Headless Learning allows businesses to build learning experiences outside of the Docebo learning environment; Harmony Search an AI-powered search capability. In addition the company provides Docebo Creator enables organizations to design scale and deploy learning contents; Docebo for Salesforce an integration of Salesforce’s APIs and technology architecture to deliver a learning experience within Salesforce workflows; Docebo Embed (OEM) enables original equipment manufacturers to embed and resell the Docebo learning platform; Docebo Branded Mobile App Publisher allows organizations to create and distribute a branded version of Docebo’s mobile learning application; Docebo Extended Enterprise supports customer education partner enablement and retention by enabling organizations to train external audiences from a single LMS; and Docebo for Microsoft Teams. The company was founded in 2005 and is headquartered in Toronto Canada.,2.43,2.9,3.32,1.89,1.5,0.83,-0.05,-0.38,-0.24,,,,,,Dec-25
SOBO,South Bow Corporation,47.96,10003.89,United States and Canada,CA,-0.1264,0.0123,0.0225,0.009,0.0101,0.0005,0.0123,0.0225,-0.0102,0.0111,-0.0264,0.0123,0.0236,-0.0124,0.0168,,2814.34,2861.62,2899.27,2725.92,3047.9,2656.56,,,,,,,,,Energy,Oil Gas and Consumable Fuels,South Bow Corporation operates as an energy infrastructure company. It operates through three segments: Keystone Pipeline System Marketing and Intra-Alberta & Other. The Keystone Pipeline System segment consists of the company’s main liquids pipeline network which transports crude oil from Hardisty Alberta to key U.S. markets including Wood River Patoka Illinois Cushing Oklahoma and the Gulf Coast. The Marketing segment provides crude oil marketing services including transportation storage and logistics and engages in physical crude oil trading and hedging activities. The Intra-Alberta & Other segment comprises pipelines such as the Grand Rapids Pipeline and White Spruce Pipeline offering crude oil transportation from Alberta’s oil sands to refining and market regions and includes corporate and financing activities. The company also operates 4900 kilometres of crude oil pipeline infrastructure connecting Alberta crude oil supplies to the U.S. refining markets in the U.S. Midwest and Gulf Coast. In addition the company offers ancillary services including storage at terminals. The company was incorporated in 2023 and is based in Calgary Canada.,2.55,2.75,2.93,2.7,,,,,,,,,,,Dec-25
URE,Ur-Energy Inc.,1.64,652.5,United States and Canada,CA,-0.503,0.0123,0.0223,-0.1948,-0.2201,-0.2824,0.0123,0.0223,-0.0422,-0.236,-0.2279,0.0123,0.0223,-0.041,-0.0743,0.0009,93.57,168.49,226.65,37.34,48.46,23.42,0.03,0.02,10.58,41.88,32.07,48.24,36.67,58.1,Energy,Oil Gas and Consumable Fuels,Ur-Energy Inc. engages in the acquisition exploration development and operation of uranium mineral properties in the United States. It holds interests in 12 projects located in the United States. The company’s flagship property is the Lost Creek project covering an area of approximately 1800 unpatented mining claims and three Wyoming mineral leases covering an area of approximately 35400 acres located in the Great Divide Basin Wyoming. Ur-Energy Inc. was incorporated in 2004 and is headquartered in Littleton Colorado.,-0.23,-0.01,0.13,-0.27,-0.24,-0.16,-0.11,-0.15,-0.09,,0.04,0,-0.03,-0.01,Dec-25
BN,Brookfield Corporation,51.57,115122.36,United States and Canada,CA,-0.2464,0.0123,0.0223,-0.0388,-0.0792,-0.3398,0.0123,0.0223,-0.0098,0.0652,-0.2009,0.0123,0.0223,-0.0168,0.0815,,9670.48,13083.28,15920.09,106589.67,127573.42,129836.46,129142.46,98863.48,79746.38,92983.57,79836.32,52800.72,34515.85,30181.85,Financials,Capital Markets,Brookfield Corporation is a multi-asset manager focused on real estate credit renewable power and transition infrastructure venture capital and private equity including growth capital and emerging growth investments. It manages a range of public and private investment products and services for institutional and retail clients. It typically makes investments in sizeable premier assets across geographies and asset classes. It invests both its own capital as well as capital from other investors. Within private equity and venture capital it focuses on acquisitions early ventures control buyouts financially distressed buyouts corporate carve-outs recapitalizations convertible senior and mezzanine financings operational and capital structure restructuring strategic re-direction turnarounds and underperforming midmarket companies. It invests in both public debt and equity markets. It invests in private equity sectors with focus on business services including infrastructure healthcare road fuel distribution and marketing and real estate; industrials including manufacturers of automotive batteries graphite electrodes smart cards returnable plastic packaging consumable products for lab testing and sanitation management and development; and residential/infrastructure services. The firm provides essential business services including business process outsourcing financial services software and technology services and real estate–related services among others. The firm also invests in energy transition. It targets companies that likely possess underlying real assets primarily in sectors such as industrial products building materials metals mining homebuilding oil and gas paper and packaging manufacturing and forest products. It invests globally with focus on North America including Brazil the United States and Canada; Europe; Australia; the Middle East and North Africa; and Asia-Pacific. The firm considers equity investments in the range of $2 million to $500 million. It has a four-year investment period and a 10-year term with two one-year extensions. The firm prefers to take both minority and majority stakes. Brookfield Corporation was founded in 1997 and is based in Toronto Canada with additional offices across North America South America Europe the Middle East and Asia.,,,,,,,1.05,2.03,-0.11,1.48,2.07,0.74,0.92,1.39,Dec-25
OR,OR Royalties Inc.,49.01,9133.46,United States and Canada,CA,-0.2522,0.0123,0.0109,-0.122,-0.1131,0.3458,0.0424,0.0392,-0.0541,-0.0435,0.4822,0.0563,0.0758,0.0484,0.0368,0.626,573.44,684.73,761.39,380.71,274.82,247.32,217.81,224.88,213.63,392.6,490.47,213.22,62.68,45.41,Materials,Metals and Mining,OR Royalties Inc. acquires and manages precious metal and other royalties streams and other interests in Canada and internationally. It also owns options on offtake; royalty/stream financings; and exclusive rights to participate in future royalty/stream financings on various projects. The company’s primary asset is a 3-5% net smelter return royalty on the Canadian Malartic complex located in Canada. In addition it is involved in the exploration evaluation and development of mining properties. It primarily explores precious metals including gold silver copper diamond and others. The company was formerly known as Osisko Gold Royalties Ltd and changed its name to OR Royalties Inc. in May 2025. OR Royalties Inc. was founded in 2014 and is headquartered in Montreal Canada.,1.86,1.93,2.3,1.21,0.74,0.63,0.32,0.5,0.25,0.28,0.21,0.19,0.34,0.42,Dec-25
SGRUN,Slate Grocery REIT,17.69,1048.85,United States and Canada,CA,-0.0101,0.0123,0.0223,-0.012,0.0242,0.0325,0.0123,0.0223,-0.0083,0.023,-0.0246,0.0123,0.0223,,,,343.46,350.71,358.3,307.57,313.23,274.25,279.94,200.76,158.49,183.69,196.85,149.27,130.3,110.69,Real Estate,Retail REITs,Slate Grocery REIT is an owner and operator of U.S. grocery-anchored real estate. The REIT owns and operates critical real estate infrastructure across major U.S. metro markets that communities rely upon for their everyday needs. The REIT’s resilient grocery-anchored portfolio and strong credit tenants are expected to provide unitholders with durable cash flows and the potential for capital appreciation over the longer term. Slate Grocery REIT was incorporated in 2012 in Ontario Canada.,,,,,,,,,,,,,,,Dec-25
LSPD,Lightspeed Commerce Inc.,13.89,1795.97,United States and Canada,CA,-0.2784,0.0122,0.0222,0.006,-0.049,-0.0524,0.0119,0.022,-0.0111,-0.0391,-0.0421,0.0131,0.0231,0.0073,,,1788.9,2011.27,2240.54,1707.29,1549.4,1231.64,987.29,685.58,278.67,169.76,103.5,73.62,56.67,39.88,Information Technology,Software,Lightspeed Commerce Inc. engages in sale of cloud-based software subscriptions and payments solutions for single and multi-location retailers restaurants golf course operators and other businesses. It offers a cloud-based commerce platform that connects suppliers merchants and consumers to enable omnichannel experiences and engage with consumers manage operations accept payments and grow business. The company’s cloud platform is designed around interrelated elements such as omni-channel consumer experience a comprehensive back-office operations management suite to improve customers’ efficiency and insight and the facilitation of payments. Its platform functionalities include full omni-channel capabilities point of sale (POS) product and menu management kitchen display system (KDS) employee and inventory management comprising ordering analytics and reporting multi-location connectivity order anywhere and curbside pickup functionality loyalty and customer management solutions. The company also offers tailored financial solutions such as Lightspeed Payments and Lightspeed Capital; Lightspeed Restaurant a unified hospitality commerce offering; Lightspeed Retail a retail commerce offering; Lightspeed eCommerce; Lightspeed Wholesale; and Lightspeed NuORDER integration to order from various brands. In addition it sells hardware including tablets customer-facing displays KDS screens receipt printers networking hardware cash drawers payment terminals servers stands bar-code scanners and an assortment of accessories as well as provide installation and implementation services. The company was formerly known as Lightspeed POS Inc. and changed its name to Lightspeed Commerce Inc. in August 2021. Lightspeed Commerce Inc. was incorporated in 2005 and is headquartered in Montreal Canada.,0.88,1.32,1.74,0.61,0.65,0.23,-0.23,-0.44,-0.96,-0.66,,,,,Mar-26
BTO,B2Gold Corp.,7.52,9936.83,United States and Canada,CA,-0.1256,0.012,0.0363,-0.0998,-0.0904,0.0942,0.0107,0.0299,-0.1551,-0.1828,0.3071,0.0095,0.0471,-0.0815,0.0192,0.5973,5355.19,6398.01,7392.33,4201.76,2734.53,2562.85,2345.84,2228.44,2276.27,1500.58,1435.17,802.94,917.54,768.19,Materials,Metals and Mining,B2Gold Corp. operates as a gold producer company in Canada. The company operates the Fekola Mine in Mali; the Masbate Mine in the Philippines; the Otjikoto Mine in Namibia; the Goose Mine in Canada. It also owns 100% interest in the Gramalote gold project in Colombia. In addition the company has a portfolio of other evaluation and exploration assets in Mali Canada and Finland. The company was incorporated in 2006 and is headquartered in Vancouver Canada.,0.73,1.51,1.66,0.63,0.22,0.38,0.32,0.47,0.64,0.28,0.2,0.09,0.12,0,Dec-25
OGC,OceanaGold Corporation,37.86,8421.86,United States and Canada,CA,-0.3605,0.012,0.0221,-0.0933,-0.0398,0.2426,0.0167,0.0077,-0.0299,-0.0003,0.2644,0.0588,0.0623,0.1007,0.0282,,3797.26,3800.09,3779.56,2598.55,1860.37,1359.82,1309.81,941.7,636.34,845.58,1054.45,910.71,844.14,704.82,Materials,Metals and Mining,OceanaGold Corporation engages in the exploration development and operation of gold and gold/copper mines in the United States the Philippines and New Zealand. It explores for gold copper and silver deposits. The company was founded in 1990 and is headquartered in Vancouver Canada.,5.78,5.07,5.23,3.01,1.25,0.64,0.85,0.5,-0.43,0.18,0.8,1.23,0.86,0.72,Dec-25
HBM,Hudbay Minerals Inc.,36.78,16335.64,United States and Canada,CA,-0.1731,0.0115,0.0237,-0.0371,0.0342,0.3191,0.0136,0.0161,0.0332,0.0438,0.3786,0.0125,0.0164,0.0877,0.0961,0.4319,4137.58,4760.86,4654.38,3034.75,2905.86,2239.2,1978.72,1899.32,1390.01,1606.8,2009.75,1763.01,1515.61,1229.38,Materials,Metals and Mining,Hudbay Minerals Inc. a diversified mining company focuses on the exploration development operation and optimization of properties in North and South America. It primarily explores for copper concentrates containing copper gold zinc molybdenum concentrates and silver. It owns 100% interest in Copper Mountain mine located approximately 20 kilometers south of Princeton British Columbia in the Similkameen valley. Hudbay Minerals Inc. was founded in 1927 and is based in Toronto Canada.,2.09,2.72,2.71,0.92,0.68,0.26,0.14,0.3,-0.56,-0.25,0.52,0.73,0.17,0.15,Dec-25
BAM,Brookfield Asset Management Ltd.,61.94,98933.77,United States and Canada,CA,-0.2536,0.0111,0.0265,0.0037,-0.0003,0.0307,0.011,0.0215,-0.001,0.0039,0.0756,0.0093,0.0126,-0.0149,0.0117,,8609.39,9976.26,11140.33,6611.67,5722.01,5382.03,4910.78,3903.6,2740.79,2821.62,,,,,Financials,Capital Markets,Brookfield Asset Management Ulc is a private equity firm specializing in acquisitions and growth capital investments. The firm primarily provides its services to institutional clients high net worth individuals financial institutions public and private pension plans sovereign wealth funds endowments and foundations. The firm manages separate client-focused public and private fund portfolios listed partnerships separate accounts and co-investments. The firm invests in real assets including real estate infrastructure renewable power private equity and credit. The firm employs fundamental and operational analysis to make its investments. The firm uses both in-house and external research to complement its investment process. It was founded in 2022 and is based in New York. Brookfield Asset Management Ulc operates as a subsidiary of Brookfield Corporation.,2.59,3.07,3.56,2.26,2.1,1.82,,,,,,,,,Dec-25
ERO,Ero Copper Corp.,52.69,5495.71,United States and Canada,CA,-0.0694,0.0108,0.0056,0.0239,0.0636,0.2806,0.0121,0.0154,0.047,0.1446,0.3696,0.0202,0.0193,0.0578,0.1535,0.4243,1784.84,1953.41,1883.47,1078.63,676.09,566.4,577.31,619.51,412.36,369.87,318.18,186.37,,,Materials,Metals and Mining,Ero Copper Corp. engages in the exploration development and production of mining projects in Brazil. Its flagship asset includes Caraíba operations that comprise the production and sale of copper concentrates located in Bahia State Brazil as well as gold and silver produced and sold as by-products. The company was incorporated in 2016 and is headquartered in Vancouver Canada.,5.79,6.7,6.49,2.91,1.08,1.17,1.2,2.93,1.63,1.21,0.04,,,,Dec-25
AYA,Aya Gold & Silver Inc.,38.08,5484.9,United States and Canada,CA,-0.1169,0.0097,0.0007,-0.051,0.0087,1.1701,0.0123,-0.0051,-0.1755,-0.0324,1.2793,0.0123,0.084,-0.0745,0.3707,,625.48,641.73,580.37,277.4,56.24,56.77,51.78,43.38,17.59,7.9,,,,,Materials,Metals and Mining,Aya Gold & Silver Inc. together with its subsidiaries engages in the exploration evaluation and development of precious metals projects in Morocco. The company primarily explores for gold and silver deposits. Its flagship project holds 100% interests in the Zgounder property located east of Agadir in the Proterozoic Siroua Massif of the Anti-Atlas Range Morocco covering an area of approximately 378 square kilometers. It has acquired strategic exploration portfolio comprising three mining licenses and 18 exploration permits covering approximately 259 km² of land across three distinct exploration projects located in Morocco. The company was incorporated in 2007 and is based in Mount Royal Canada.,1.66,2.08,1.44,0.4,0.07,0.09,0.02,0.03,,,,,,,Dec-25
GIL,Gildan Activewear Inc.,58.96,10918.91,United States and Canada,CA,-0.413,0.0085,0.0185,-0.0231,-0.0029,-0.1484,0.0049,0.0149,-0.037,-0.0181,-0.1489,-0.0021,0.0078,-0.0481,-0.0206,-0.1403,8497.23,8810.98,9190.23,4947.35,4715.14,4234.49,4387.45,3695.68,2521.11,3694.74,3973.19,3458.3,3471.28,3554.22,Consumer Discretionary,Textiles Apparel and Luxury Goods,Gildan Activewear Inc. manufactures and sells various apparel products. The company provides various activewear products including T-shirts fleece tops and bottoms sports shirts polos and tank tops under Gildan Hanes Gildan Performance Gildan Hammer Gildan Softstyle Gildan Heavy Cotton Gildan Ultra Cotton Gildan DryBlend Gildan HeavyBlend Comfort Colors American Apparel ALLPRO ComfortWash BEEFY Bonds and Champion brands. It also offers hosiery products comprising athletic dress casual and workwear socks liner socks and socks for therapeutic purposes under Gildan GoldToe Signature Gold by GoldToe GoldToe Edition Peds MediPeds Hanes and Powersox brands. In addition the company provides men's and boys' underwear products and ladies' panties under Gildan Gildan Platinum Gildan Softstyle Gildan Performance BareSoft Gildan Performance EZBreeze Bonds Berlei Bras N Things Polo Ralph Lauren brands. Further it provides women's lingerie bras and shapewear under Bali Playtex WonderBra Maidenform Bonds Bras N Things Berle brands. It sells its products to wholesale distributors screenprinters and embellishers in North America Europe the Asia-Pacific and Latin America as well as to retailers in North America including mass merchants department stores national chains specialty retailers craft stores and online retailers; and manufactures products for lifestyle brand companies. The company was formerly known as Textiles Gildan Inc. and changed its name to Gildan Activewear Inc. in March 1995. Gildan Activewear Inc. was founded in 1946 and is headquartered in Montreal Canada.,6.55,7.71,8.87,4.82,4.33,3.41,4.21,3.44,-0.23,2.16,2.54,2.16,2.03,2.03,Dec-25
TOT,Total Energy Services Inc.,35.15,1279.46,United States and Canada,CA,-0.0726,0.008,0.008,0.0736,0.192,0.2366,0.0379,0.0379,0.1399,0.2037,0.4105,0.0798,0.0798,0.1953,0.2983,0.498,1362.75,1530.35,1643.3,1064.73,906.78,892.4,759.81,431.58,365.75,757.4,851.81,604.66,197.8,283.19,Energy,Energy Equipment and Services,Total Energy Services Inc. operates as an energy services company primarily in Canada the United States Australia and internationally. It operates through Contract Drilling Services Rentals and Transportation Services Compression and Process Services and Well Servicing segments. The Contract Drilling Services segment operates a fleet of various drilling rigs supported by a fleet of owned top drives walking systems pumps and other ancillary equipment. The Rentals and Transportation Services segment provides a fleet of heavy trucks ancillary rental equipment and access matting. The Compression and Process Services segment offers natural gas compression equipment as well as oil natural gas and other process equipment. The Well Servicing segment provides well-servicing rigs as well as completion workover maintenance and abandonment services. It also engages in the fabrication sale rental and servicing of new and used natural gas compression and oil and natural gas process equipment. Total Energy Services Inc. was incorporated in 1996 and is headquartered in Calgary Canada.,2.85,3.24,3.71,1.95,,0.9,0.82,-0.06,-0.45,0.42,0.54,-0.07,-0.39,0.47,Dec-25
TXG,Torex Gold Resources Inc.,68.11,6306.62,United States and Canada,CA,-0.1987,0.008,0.008,-0.0746,0.0098,0.3705,0.0113,0.0113,-0.0875,0.0422,0.3323,-0.0004,-0.0004,0.0349,0.0259,,2916.8,3076.44,2837.18,1792.03,1603.74,1169.42,1175.91,1082.18,1004.19,832.07,604.55,395.89,419.63,,Materials,Metals and Mining,Torex Gold Resources Inc. a mineral exploration company engages in the acquisition exploration and development of mineral properties in Mexico and the United States. The company explores for gold copper silver and carbon deposits. Its flagship project is a 100% owned Morelos Complex covering an area of 29000 hectares located in Guerrero Mexico. The company was formerly known as Gleichen Resources Ltd. and changed its name to Torex Gold Resources Inc. in April 2010. Torex Gold Resources Inc. was incorporated in 1980 and is based in Toronto Canada.,8.85,10.03,9.44,5.37,3.6,2.31,2.54,2.59,2.05,1.04,0.6,-0.22,0.2,-0.38,Dec-25
LUG,Lundin Gold Inc.,86.77,20983.83,United States and Canada,CA,-0.3375,0.0073,0.0029,-0.0493,-0.0398,0.2783,0.0031,0.0053,-0.0242,-0.0141,0.4487,0.0346,0.0665,0.0733,0.0882,1.3205,3143.09,3391.38,3459.97,2447.21,1715.24,1195.81,1104.37,927.32,455.72,,,,,,Materials,Metals and Mining,Lundin Gold Inc. together with its subsidiaries develops and operates its mineral concessions in Ecuador. It explores for gold and silver deposits. The company holds interests in 27 metallic mineral concessions and 3 construction material concessions covering an area of approximately 65000 hectares located in Ecuador. It also holds a 100% interest in the Fruta del Norte gold project that comprising seven concessions covering an area of approximately 5566 hectares located in the Cordillera del Cóndor region of southeast Ecuador. The company was formerly known as Fortress Minerals Corp. and changed its name to Lundin Gold Inc. in December 2014. Lundin Gold Inc. was incorporated in 1986 and is headquartered in Vancouver Canada.,5.82,6.06,6.01,4.48,2.44,1.16,0.71,1.18,0.56,-0.15,-0.21,-0.25,-0.77,-0.59,Dec-25
CRON,Cronos Group Inc.,4.78,1761.01,United States and Canada,CA,-0.0421,0.0059,0.0059,0.0345,0.002,0.1305,0.0084,0.0084,0.061,-0.0049,0.5566,0.0054,0.0054,0.106,0.0083,0.5477,280.41,325.48,346.9,201.2,169.09,115.59,117.45,81.64,59.45,30.84,16.54,3.96,0.55,3.4,Health Care,Pharmaceuticals,Cronos Group Inc. a cannabinoid company engages in the cultivation production distribution and marketing of cannabis products in Canada Israel and internationally. It offers dried flowers pre-rolls oils vaporizers edibles and tinctures under the Spinach Lord Jones Lit and Peace Naturals brand names. The company is headquartered in Stayner Canada.,,,,,,,-0.44,-0.56,-0.52,-0.56,-0.13,-0.06,,,Dec-25
USA,Americas Gold and Silver Corporation,6.39,2160.83,United States and Canada,CA,-0.5481,0.0055,0.0071,-0.0686,-0.2223,0.07,0.0031,0.0049,-0.08,-0.2283,0.3094,0.0028,0.0044,-0.0879,-0.1967,0.3388,340.64,578.14,693.67,161.87,144.04,118.67,115.11,56.97,35.48,75.84,93.3,68.24,79.05,74.16,Materials,Metals and Mining,Americas Gold and Silver Corporation together with its subsidiaries engages in the exploration development and production of mineral properties in the Americas. The company explores for gold silver zinc lead and other by-products. The company was formerly known as Americas Silver Corporation and changed its name to Americas Gold and Silver Corporation in September 2019. The company was incorporated in 1998 and is headquartered in Toronto Canada.,0.15,0.41,0.64,-0.18,-0.45,-0.4,-0.52,-1.81,-0.79,-1,-0.38,-0.32,-0.47,-1.9,Dec-25
MTA,Metalla Royalty & Streaming Ltd.,13.71,1281.83,United States and Canada,CA,-0.1447,0.0045,0.0045,-0.0187,-0.0824,0.0655,0.0228,0.0228,-0.119,-0.1224,0.2323,0.1965,0.1965,0.4846,0.4861,,27.18,45.17,75.42,16.11,8.46,6.09,3.27,3.76,2.86,3.81,7.85,7.37,,,Materials,Metals and Mining,Metalla Royalty & Streaming Ltd. a precious metals royalty and streaming company engages in the acquisition and management of gold silver copper royalties streams and related production-based interests in Canada. The company operates in Australia Brazil Mexico and the United States. The company was formerly known as Excalibur Resources Ltd. and changed its name to Metalla Royalty & Streaming Ltd. in December 2016. Metalla Royalty & Streaming Ltd. was incorporated in 1983 and is headquartered in Vancouver Canada.,0.08,0.22,0.46,-0.04,-0.08,-0.15,-0.22,-0.29,-0.17,,,,,,Dec-25
GMIN,G Mining Ventures Corp.,48.48,14362.42,United States and Canada,CA,-0.1747,0.0043,0.0038,-0.0439,-0.0195,0.2902,0.0199,0.0403,0.0794,0.0664,0.573,0.0234,0.0518,-0.0595,0.0198,0.4013,1031.93,1488.75,3330.51,797,208.83,,,,,,,,,,Materials,Metals and Mining,G Mining Ventures Corp. a mining company engages in the acquisition exploration evaluation development and operation of mineral properties. Its flagship propertiy is the Tocantinzinho Gold Project located in State of Pará Brazil. G Mining Ventures Corp. was incorporated in 2017 and is based in Québec Canada.,1.84,2.4,5.29,1.73,0.52,-0.11,,,,,,,,,Dec-25
SU,Suncor Energy Inc.,98.37,115056.46,United States and Canada,CA,-0.0187,0.0042,0.0042,0.0178,0.3192,0.3695,0.0024,0.0024,0.0303,0.1926,0.1886,0,0,0.013,0.1607,0.1377,62597.51,56660.45,55175.47,48908,50689,49092,58336,39132,24662,38344,38542,31954,26807,29208,Energy,Oil Gas and Consumable Fuels,Suncor Energy Inc. operates as an integrated energy company in Canada the United States and internationally. The company operates through Oil Sands; Exploration and Production; and Refining and Marketing segments. The Oil Sands segment produces bitumen; and markets supplies and transports and manages crude oil power and byproducts. The Exploration and Production segment is involved in the offshore operations on the east coast of Canada and onshore assets in Libya and Syria; and marketing and risk management of crude oil. The Refining and Marketing segment refines and supplies crude oil and intermediate feedstock into a range of petroleum and petrochemical products as well as sells refined petroleum products to retail customers. This segment is also involved in the trading of crude oil and refined products natural gas and power. The company was formerly known as Suncor Inc. and changed its name to Suncor Energy Inc. in April 1997. Suncor Energy Inc. was founded in 1917 and is headquartered in Calgary Canada.,10.21,8.06,8.35,4.61,5.41,5.1,8.32,2.57,-1.47,2.8,2.65,1.92,-0.1,1.01,Dec-25
PAAS,Pan American Silver Corp.,65.07,27139.01,United States and Canada,CA,-0.3179,0.0039,0.0143,-0.1122,-0.1298,0.247,0.0064,-0.0035,-0.0884,-0.0405,0.2313,0.0369,0.0881,0.1794,0.1749,0.4179,6417.42,6707.19,7481.21,4967.33,4052.85,3068.76,2023.75,2064.66,1703.53,1753.95,1070.82,1026.91,1040.38,936.12,Materials,Metals and Mining,Pan American Silver Corp. engages in the exploration mine development extraction processing refining and reclamation of mines in Chile Peru Brazil Mexico Canada Argentina Bolivia and Guatemala. The Silver segment includes the La Colorada Juanicipio Cerro Moro Huaron and San Vicente mines. The Gold segment comprises the Jacobina El Peñon Timmins Shahuindo Minera Florida and Dolores mines. It explores silver gold zinc lead and copper deposits. The company was formerly known as Pan American Minerals Corp. and changed its name to Pan American Silver Corp. in April 1995. Pan American Silver Corp. was incorporated in 1979 and is headquartered in Vancouver Canada.,5.11,6.5,6.03,3.49,1.14,0.15,0.12,0.97,1.46,1,0.53,0.6,0.8,-0.47,Dec-25
AG,First Majestic Silver Corp.,25.43,12534.61,United States and Canada,CA,-0.4179,0.0026,0.0021,0.0342,0.0413,0.6148,0.0038,0.0031,-0.0006,-0.0572,0.4648,0.0029,0.0029,-0.5012,0.0379,,2362.33,2651.8,2807.03,1725.54,805.97,760.27,845.16,738.63,463,472.58,410.76,317.17,373.41,304.47,Materials,Metals and Mining,First Majestic Silver Corp. engages in the acquisition exploration development and production of mineral properties in North America. The company explores for silver and gold deposits. Its projects include the San Dimas silver/gold mine covering an area of approximately 71867 hectares located in Durango State Mexico; the Santa Elena silver/gold mine that covers an area of approximately 102244 hectares located in Sonora State Mexico; the Los Gatos Silver Mine covering an area of approximately 103000 hectares located in Chihuahua Mexico; and the La Encantada silver mine that covers an area of approximately 4076 hectares located in Coahuila State Mexico. The company was formerly known as First Majestic Resource Corp. and changed its name to First Majestic Silver Corp. in November 2006. First Majestic Silver Corp. was incorporated in 1979 and is headquartered in Vancouver Canada.,1.33,1.43,1.42,0.63,-0.16,0.04,-0.14,0.04,0.22,0.04,-0.24,-0.05,0.17,-0.15,Dec-25
WDO,Wesdome Gold Mines Ltd.,35.02,5026.84,United States and Canada,CA,-0.0591,0.0026,-0.0054,-0.058,-0.087,0.2725,0.0264,0.0156,0.004,-0.048,0.3936,0.0175,0.014,0.0202,0.3989,0.4493,1247.49,1483.25,1450.75,914.33,558.18,333.17,265.48,262.91,215.47,163.97,116.04,96.06,84.03,73.46,Materials,Metals and Mining,Wesdome Gold Mines Ltd. mines develops and explores for gold and silver deposits in Canada. The company operates through Eagle River and Kiena segments. It holds 100% interest in the Eagle River Mine consisting of 3 contiguous mining leases and 189 contiguous active mining claims covering an area of approximately 886 hectares located in Wawa Ontario; and the Kiena Mine in Val d’or Québec. The company was formerly known as River Gold Mines Ltd. and changed its name to Wesdome Gold Mines Ltd. in February 2006. Wesdome Gold Mines Ltd. was founded in 1945 and is based in Toronto Canada.,3.02,3.89,4.12,2.3,0.9,-0.01,-0.04,0.48,0.37,0.28,0.11,0.07,0.06,-0.04,Dec-25
TOI,Topicus.com Inc.,86.77,7247.8,United States and Canada,CA,-0.4607,0.0023,-0.0019,-0.009,0.0014,-0.0514,0.0023,-0.0019,-0.0042,0.0052,-0.0254,,,,,,2891.25,3314.02,,2503.11,1928.53,1645.57,1328.99,1068.71,767.84,607.95,556.63,,,,Information Technology,Software,Topicus.com Inc. provides vertical market software and vertical market platforms in the Netherlands and internationally. It develops installs and customizes software solutions as well as provides related professional services and support. The company provides consumer centric platforms and common workspaces; and software solutions that provide customers with business values and allow them to operate at a level of efficiency. It serves education healthcare social services local and central government retail financial services and accountancy legal services real estate automotive maritime and professional associations. Topicus.com Inc. was incorporated in 2020 and is headquartered in Deventer Netherlands.,3.67,4.46,,2.04,2.49,,,,,,,,,,Dec-25
ORE,Orezone Gold Corporation,3.06,2044.4,United States and Canada,CA,-0.0947,0.0014,-0.0137,-0.0425,0.0034,0.8197,-0.0001,-0.0676,-0.1061,-0.1242,0.4856,0.0015,-0.1343,-0.0514,,,1457.93,1724.66,1879.8,516.94,407.61,359.72,58.8,,,,,,,,Materials,Metals and Mining,Orezone Gold Corporation engages in the mining exploration and development of gold properties. Its flagship property is the 90% owned Bomboré gold project which covers an area of approximately 12963 hectares comprising one industrial operating permit and four mining exploration permits located in Burkina Faso West Africa. Orezone Gold Corporation was incorporated in 2008 and is headquartered in Vancouver Canada.,0.51,0.66,0.81,0.18,0.15,0.2,-0.01,-0.04,-0.09,,-0.1,-0.08,-0.05,-0.1,Dec-25
TPZ,Topaz Energy Corp.,28.97,4486.03,United States and Canada,CA,-0.1457,0.0014,0.0014,-0.0198,0.1036,-0.002,-0.008,-0.008,-0.0069,0.0614,-0.0334,0,0,-0.0022,-0.0194,,416.33,443.67,454,336.5,312.4,321.42,369.65,211.54,99.88,85.1,40.41,16.79,,,Energy,Oil Gas and Consumable Fuels,Topaz Energy Corp. operates as a royalty and infrastructure energy company in Canada. It operates through Royalty Production and Infrastructure segments. The company holds royalty interests on approximately 9 million gross acres of developed and undeveloped lands. It is also involved in operating natural gas processing facilities; and associated crude oil and condensate handling facilities as well as water management infrastructure. The company was formerly known as Exshaw Oil Corp. and changed its name to Topaz Energy Corp. in November 2019. Topaz Energy Corp. was incorporated in 2006 and is based in Calgary Canada.,1.22,1.25,1.35,0.82,0.4,0.31,0.68,0.22,,,,,,,Dec-25
CNR,Canadian National Railway Company,169.82,102588.26,United States and Canada,CA,-0.0833,0.001,0.001,0.03,0.0453,0.0228,0.0013,0.0011,0.0272,0.0381,0.0131,0.0018,0.0011,0.0342,0.031,0.0125,18503.84,19286.66,20326.73,17304,17046,16828,17107,14477,13819,14917,14321,13041,12037,12611,Industrials,Ground Transportation,Canadian National Railway Company together with its subsidiaries engages in the rail intermodal trucking and related transportation businesses in Canada and the United States. The company provides rail services which include equipment customs brokerage transloading and warehousing business development dimensional loads and private railcar storage less-than-truckload and mexico services; intermodal services such as temperature controlled multimodal mobile transport trays port partnerships transloading and distribution logistics parks trucking and supply chain services. It also offers connecting to rail short lines maps and network services. The company serves automotive coal fertilizers temperature controlled cargo forest products dimensional grain metal and minerals petroleum and chemicals consumer goods and third party logistics applications. Canadian National Railway Company was incorporated in 1919 and is headquartered in Montreal Canada.,8.14,9,9.97,7.63,7.1,7.29,7.48,5.95,5.31,5.81,5.5,5,4.59,4.45,Dec-25
AC,Air Canada,26.1,7309.54,United States and Canada,CA,-0.1701,0.0006,0.0006,0.016,0.0531,0.0563,0.0012,0.0012,0.0218,0.0398,0.0373,0.0004,0.0004,0.0175,0.0432,0.0353,25211.72,26444.05,28091.01,22372,22255,21833,16556,6400,5833,19131,18003,16252,14677,13868,Industrials,Passenger Airlines,Air Canada provides domestic U.S. transborder and international airline services. It provides scheduled passenger services under the Air Canada Vacations and Air Canada Rouge brand names in the Canadian market the Canada-U.S. transborder market and in the international market to and from Canada as well as through capacity purchase agreements on other regional carriers. As of December 31 2025 the company operated a fleet of 223 aircraft under the Air Canada brand name comprising 132 Airbus narrow-body aircraft and 91 Airbus wide-body aircraft; 33 aircraft under the Air Canada Rouge brand name consisting of 13 Airbus A321 aircraft 5 Airbus A320 aircraft and 15 Airbus A319 aircraft; 105 aircraft under the Air Canada Express brand name including 25 Embraer 175 35 Mitsubishi CRJ-900 and 45 De Havilland Dash 8-400aircraft; and 15 Mitsubishi CRJ-200 aircraft. It provides air cargo services for routes between Canada the United States Europe Asia South America and Australia. In addition the company develops operates markets and distributes vacation travel packages in the Caribbean Mexico the United States Europe Central and South America Asia Oceania and the Middle East; offers cruise packages in North America Europe the Caribbean Japan and Dubai; and provides travel loyalty programs. It also operates Air Canada Café. Air Canada was founded in 1937 and is headquartered in Saint-Laurent Canada.,1.3,2.16,3.64,1.47,3.53,4.61,-3.26,-9.37,-13.97,3.38,2.45,4.11,4.09,4.16,Dec-25
FTT,Finning International Inc.,105.4,13691,United States and Canada,CA,-0.0381,0.0002,0.0002,0.0482,0.0487,0.0908,0.0039,0.0039,0.0432,0.0575,0.0985,0,0,0.0391,,,11488.73,12071.65,12613.67,10591,9903,10527,9279,7294,6196,7817,6996,6256,5628,6275,Industrials,Trading Companies and Distributors,Finning International Inc. sells services and rents heavy equipment engines and related products in Canada Chile the United Kingdom Argentina and internationally. The company offers articulated trucks asphalt pavers backhoe loaders cold planers compactors dozers drills electric rope shovels excavators hydraulic mining shovels log stackers material handlers motor graders off-highway trucks pipelayers remixing transfer vehicle road reclaimers road wideners skid steer and compact track loaders track distributors telehandlers underground-hard rock wheel loaders window elevators wheel tractor-scrapers vibratory double drum asphalt and single drum pad and mobile and stationary generator sets. It also provides feller bunchers track quick coupler winch adapters augers backhoes bale grabs and spears blades brooms cold planers compactors excavator and loader couplers electric power controls flail mowers forks grapples hammers material handling mulchers nursery and snow products pulverizes rakers rippers saws shears stump grinders trillers tilt rotate systems and trenchers; and backhoe front and rear compact wheel loaders excavators loaders mining shovels skid steer loaders and telehandler buckets. In addition it offers power systems for electric power generation oil and gas industrial and marine power systems; and fuel fluid analysis financing maintenance rebuilds repair warranty and customer training services as well as rents generators battery energy storage systems electrical distribution product air compressor and heavy equipment. It serves agriculture construction forestry mining paving pipeline power systems and landscaping equipment industries as well as government. The company was formerly known as Finning Ltd. and changed its name to Finning International Inc. in April 1997. The company was incorporated in 1933 and is headquartered in Surrey Canada.,4.71,5.38,6.11,4.12,3.81,3.92,3.25,2.18,1.14,1.64,1.65,1.37,0.89,1.3,Dec-25
AIDX,Healwell AI Inc.,0.77,236.08,United States and Canada,CA,-0.5217,0.0002,0.0002,-0.007,-0.0049,-0.2612,-0.0001,-0.0001,-0.0151,-0.0168,-0.2644,0,0,-0.0285,-0.1207,-0.3258,135.76,154.3,180.6,103.8,38.97,7.32,10.42,47.82,38.57,46.29,45.06,43.53,,,Health Care,Health Care Providers and Services,Healwell AI Inc. operates as a healthcare technology company in Canada Australia and New Zealand. The company operates in two segments AI and Data Sciences and Healthcare Software. It focuses on developing and commercializing clinical decision support systems to help healthcare providers detect rare and chronic diseases. The company provides healthcare artificial intelligence engines electronic health record platform healthcare data management and interoperability software and early/late phase contract clinical research services. It also offers rare and chronic disease screening real world evidence clinical study generation advanced clinical decision support and physical ASI co-pilot tools. It serves public sector organizations healthcare providers insurers and life science companies. The company was formerly known as MCI Onehealth Technologies Inc. and changed its name to Healwell AI Inc. in September 2023. Healwell AI Inc. was incorporated in 2012 and is headquartered in Toronto Canada.,-0.04,-0.06,,-0.19,-0.4,-0.32,,-0.29,,,,,,,Dec-25
DOO,BRP Inc.,79.46,5653.6,United States and Canada,CA,-0.2922,0.0002,0.0158,0.0143,0.0453,0.0788,-0.0002,0.0092,0.0094,0.0296,0.0644,0,0.024,0.0208,0.043,0.1359,9408.29,9821.01,10351.17,8442.7,7902.9,9963,10033.4,7647.9,5952.9,6052.7,5243.8,4452.5,4171.5,3829.2,Consumer Discretionary,Leisure Products,BRP Inc. together with its subsidiaries designs develops manufactures and sells powersports vehicles and marine products in the United States Canada Europe Asia Pacific Latin America and internationally. It operate4s through two segments Powersports and Marine. The Powersports segment offers year-round products such as all-terrain vehicles side-by-side vehicles and three-wheeled and two vehicles; seasonal products including snowmobiles personal watercraft and pontoons; and OEM engines which includes parts accessories and apparel (PA&A) engines for karts recreational aircraft and jet boats and other services. The Marine segment includes boats pontoons related PA&A and other services. It offers its products under SKI-DOO LYNX CAN-AM SEA-DOO QUINTREX ROTAX brands. The company was formerly known as J.A. Bombardier (J.A.B.) Inc. and changed its name to BRP Inc. in April 2013. BRP Inc. was founded in 1937 and is headquartered in Valcourt Canada.,4.23,5.47,8.76,5.21,3.7,11.11,12.09,9.9,5.35,3.88,3.1,2.44,1.98,1.71,Jan-26
ENB,Enbridge Inc.,66.12,147371.14,United States and Canada,CA,-0.1802,0.0002,0.0002,0.2081,0.3491,0.5778,0,0.0156,0.0953,0.1862,0.3576,0,-0.1064,-0.0546,0.007,0.0849,82992.27,75857,67184,65194,53473,43649,53309,47071,39087,50069,46378,44378,34560,33794,Energy,Oil Gas and Consumable Fuels,Enbridge Inc. together with its subsidiaries operates as an energy infrastructure company. The company operates through four segments: Liquids Pipelines Gas Transmission Gas Distribution and Storage and Renewable Power Generation. The Liquids Pipelines segment operates pipelines and related terminals to transport store and export various grades of crude oil and other liquid hydrocarbons in Canada and the United States. This segment also provides physical commodity marketing and logistical services and crude oil marketing services. The Gas Transmission segment invests in natural gas pipelines and gathering and processing facilities in Canada and the United States. The Gas Distribution and Storage segment is involved in natural gas utility operations serving residential commercial and industrial customers in Ontario as well as natural gas distribution activities in Quebec. The Renewable Power Generation segment operates wind solar geothermal waste heat recovery and transmission assets in North America. The company was formerly known as IPL Energy Inc. and changed its name to Enbridge Inc. in October 1998. Enbridge Inc. was founded in 1949 and is headquartered in Calgary Canada.,2.9,3.22,3.56,3.02,2.8,2.79,2.81,2.75,2.43,2.65,2.67,1.98,2.29,2.21,Dec-25
PMZUN,Primaris Real Estate Investment Trust,21.95,2841.81,United States and Canada,CA,-0.0604,0.0002,0.0026,0.0013,-0.0008,0.0848,0.0602,0.066,0.067,0.0633,0.1594,0.0603,0.0762,0.1366,0.1555,,719.1,799.87,833.12,648.47,501.93,410.97,380.06,247.89,270.23,274.42,276.44,,,,Real Estate,Retail REITs,Primaris Real Estate Investment Trust is Canada’s only enclosed shopping centre focused REIT. With ownership interests in leading enclosed shopping centres located in growing Canadian markets. The current portfolio totals 14.6 million square feet valued at approximately 5.2 billion US dollars at Primaris’ share. Economies of scale are achieved through its fully internal vertically integrated full-service national management platform. Primaris is very well-capitalized and is exceptionally well positioned to take advantage of market opportunities at an extraordinary moment in the evolution of the Canadian retail property landscape. Primaris Real Estate Investment Trust was incorporated in 2021 in Ontario Canada.,1.07,1.77,1.92,1.32,,,,,,,,,,,Dec-25
CP,Canadian Pacific Kansas City Limited,121.58,106878.45,United States and Canada,CA,-0.0885,0.0001,0.0001,0.0203,0.03,0.0084,0,0.0001,0.0206,0.0259,0.0025,-0.0003,0,0.0202,0.0214,0.0192,16377.75,17346.97,18538.16,15078,14546,12555,8814,7995,7710,7792,7316,6554,6232,6712,Industrials,Ground Transportation,Canadian Pacific Kansas City Limited together with its subsidiaries owns and operates a transcontinental freight railway in Canada the United States and Mexico. The transports bulk commodities including grain coal potash fertilizers and sulphur; merchandise freight consists of industrial and consumer products such as forest products energy chemicals and plastics metals minerals consumer products and automotive; and intermodal traffic comprising retail goods in overseas containers. The company also provides rail and intermodal transportation services through a network of approximately 20000 miles serving business centers. The company was formerly known as Canadian Pacific Railway Limited and changed its name to Canadian Pacific Kansas City Limited in April 2023. Canadian Pacific Kansas City Limited was founded in 1881 and is headquartered in Calgary Canada.,5.18,6,6.83,4.61,4.26,3.83,3.77,3.76,3.53,3.29,2.91,2.28,2.06,2.02,Dec-25
DXT,Dexterra Group Inc.,16.2,1012.11,United States and Canada,CA,-0.0357,0,0,-0.0051,-0.0018,-0.0109,0,0,-0.0007,0.014,0.0529,0,0,0.0041,0.1318,,1136.91,1215.09,1345.75,1041.25,1003.03,927.78,971.52,733.38,471.25,261.06,257.65,,,,Industrials,Commercial Services and Supplies,Dexterra Group Inc. engages in the provision of support services for the creation management and operation of infrastructure in Canada. It operates through two segments Support Services and Asset Based Services. The Support Services segment delivers a suite of operation maintenance and hospitality solutions for a diverse range of public and private sector clients including remote operations governments aviation education industrial transit healthcare and leisure. The Asset Based Services segment provides workforce accommodation structures access solutions and space rentals to clients in the natural resources and infrastructure sectors. This segment also engages in the supply transportation and installation of workforce accommodation facilities access matting and soil stabilization that allow clients to access and move equipment in remote locations as well as the rental of modular space units. Dexterra Group Inc. was formerly known as Horizon North Logistics Inc. and changed its name to Dexterra Group Inc. in November 2020. The company was founded in 1985 and is headquartered in Mississauga Canada.,0.89,1.16,1.21,0.65,0.58,0.44,0.07,0.38,,,,,,,Dec-25
SIS,Savaria Corporation,29.37,2118.22,United States and Canada,CA,-0.0808,0,-0.0011,0.0083,0.0171,0.0164,0,-0.0031,0.0149,0.0273,0.0239,0,-0.0122,0.0021,0.0311,0.0244,984.33,1050.09,1105.3,913.53,867.76,836.95,789.09,660.98,354.5,374.34,286.03,183.74,119.73,95.26,Industrials,Machinery,Savaria Corporation provides accessibility solutions for the elderly and physically challenged people in Canada the United States Europe and internationally. The company operates in two segments: Accessibility and Patient Care. The Accessibility segment designs manufactures distributes and installs a portfolio of accessibility products including commercial and home elevators stairlifts platform lifts and dumbwaiters for personal residential and commercial applications. This segment also sells a range of wheelchair accessible motor vehicles and adapted vehicles for people with special needs. The Patient Care segment designs manufactures distributes and installs ceiling lifts patient transfer slings and accessories floor lifts standing aids bathing equipment medical beds therapeutic support surfaces and pressure management products used in healthcare facilities and in home care settings. In addition it sells its products through dealers or direct stores to end-user customers. Savaria Corporation was founded in 1979 and is headquartered in Laval Canada.,1.38,1.56,1.73,1.21,0.85,0.64,0.61,0.54,0.56,0.55,0.47,0.5,0.34,0.28,Dec-25
BDT,Bird Construction Inc.,78.65,4357.47,United States and Canada,CA,-0.0732,0,0.0007,0.0467,0.0561,0.0137,0,-0.0009,0.027,0.1133,0.1069,-0.0091,-0.0091,0.037,,,4108.22,4846.16,5275.93,3396.77,3397.35,2798.78,2377.55,2220.03,1504.43,1376.41,1381.78,1418.56,1589.87,1444.81,Industrials,Construction and Engineering,Bird Construction Inc. provides construction services in Canada. The company primarily focuses on projects in the industrial building and infrastructure markets. It constructs large complex industrial buildings including manufacturing processing distribution and warehouse facilities; and provides electrical and instrumentation high voltage testing and commissioning services as well as power line construction structural mechanical and piping including off-site metal and modular fabrication. It also involved in the civil construction operations such as site preparation and earthworks underground piping utilities and foundation drilling blasting and other concrete services as well as contract mining mine support and greenfield and brownfield hydroelectric facilities; steel modular construction; and civil infrastructure operations comprising road bridge rail and underground utilities installation. In addition the company constructs and retrofits institutional facilities include healthcare long term care post-secondary education transportation public safety and defence facilities as well as K-12 schools public spaces and government buildings; offers industrial maintenance repair and operations services; and constructs new construction and retrofit of warehousing laboratories manufacturing and processing facilities data centers office buildings retail spaces film studio infrastructure hotels and mixed-use mid- to high-rise residential buildings. Further it offers electrical and related system services such as electrical and mechanical infrastructure design and installation data communications telecommunications security and lifecycle services. It serves oil and gas chemicals liquefied natural gas natural resources nuclear power renewable energy and water and wastewater sectors. Bird Construction Inc. was founded in 1920 and is based in Mississauga Canada.,2.75,3.85,4.6,1.94,1.98,1.38,0.86,0.95,0.88,0.24,-0.03,0.27,0.65,1,Dec-25
RY,Royal Bank of Canada,285.45,395185.49,United States and Canada,CA,-0.0683,0,0.0054,0.012,0.021,0.0675,0,0.0106,0.0214,0.0311,0.0953,0,0.0129,0.0534,0.0641,0.169,72418.83,76439.01,79795.75,62243,54112,53661,48501,50446,42830,44138,41269,39519,37249,34205,Financials,Banks,Royal Bank of Canada operates as a diversified financial service company worldwide. Its Personal Banking segment offers home equity financing personal lending chequing and savings accounts private banking auto financing mutual funds GICs credit cards and payment products and solutions. The company’s Commercial Banking segments provides lending deposit and transaction banking products and services. Its Wealth Management segment provides a suite of wealth investment trust banking credit and other solutions to clients; asset management products to institutional and individual clients; and asset and investor services to financial institutions asset managers and asset owners. The company’s Insurance segment offers life health travel wealth annuities property and casualty and reinsurance advice and solutions; digital platforms; and independent brokers and partners as well as client-led advice and solutions. The company’s Capital Markets segment offers advisory and origination sales and trading lending and financing and transaction banking services to corporations institutional clients asset managers private equity firms and governments. The company was founded in 1864 and is based in Toronto Canada.,16.39,17.88,19.42,14.43,12.1,11.32,11.19,11.19,7.97,8.9,8.53,7.56,6.96,6.76,Oct-25
TD,The Toronto-Dominion Bank,169.97,279549.95,United States and Canada,CA,-0.0306,0,-0.0464,0.0085,0.0172,0.0693,0,-0.0283,0.0133,0.0335,0.1117,0,0.0022,,,,60454.46,63879.47,68131.5,63271,53244,49201,47741,42917,36404,38036,36412,33986,31985,29743,Financials,Banks,The Toronto-Dominion Bank together with its subsidiaries provides various financial products and services in Canada the United States and internationally. It operates through four segments: Canadian Personal and Commercial Banking; U.S. Retail; Wealth Management and Insurance; and Wholesale Banking. The company offers personal deposits such as chequing savings and investment products; financing investment cash management international trade and banking services to businesses; and financing options to customers at point of sale for automotive and recreational vehicle purchases. It also provides credit cards and payments; real estate secured lending auto finance and consumer lending services; point-of-sale payment solutions for large and small businesses; wealth and asset management products and advice to retail and institutional clients through direct investing advice-based and asset management businesses; and property and casualty insurance as well as life and health insurance products. The company also provides capital markets and corporate and investment banking products and services including underwriting and distribution of new debt and equity issues; advice on strategic acquisitions and divestitures; and trading funding and investment services to corporations governments and institutions. The Toronto-Dominion Bank was founded in 1855 and is headquartered in Toronto Canada.,10.12,11.2,12.53,8.37,7.81,7.99,8.37,7.92,5.36,6.7,6.47,5.54,4.87,4.6,Oct-25
BMO,Bank of Montreal,242.88,168824,United States and Canada,CA,-0.063,0,0.0003,0.0124,0.0157,0.0631,0,0.0009,0.0158,0.0201,0.0831,0,0,0.0377,0.0432,0.1147,39270.36,41139.68,42932.99,32657,29034,27081,33381,27059,22233,24611,22243,21361,20316,18777,Financials,Banks,Bank of Montreal provides diversified financial services primarily in North America. It operates through Canadian Personal and Commercial Banking; U.S. Banking; Wealth Management; and Capital Markets segments. The company offers checking accounts savings money markets and certificates of deposits debit cards overdrafts digital banking credit cards loans mortgages investment and retirement options and other banking services; and commercial banking products and services comprise various of financing options and treasury and payment solutions as well as risk management products. It also offers investing banking and wealth management advisory; digital investing services; financial solutions for individuals families and businesses; offers investment management services to institutional retail and high net worth investors; and diversified insurance and wealth and pension de-risking solutions. In addition the company provides individual life critical illness and annuity products as well as segregated funds and group creditor and travel insurance to customers; debt and equity capital-raising loan origination and syndication balance sheet management treasury management mergers and acquisitions advice restructurings and recapitalizations trade finance and risk mitigation services as well as a range of banking and other operating services. Further the company offers research and access to financial markets for institutional corporate and retail clients through an integrated suite of sales and trading solutions related to debt foreign exchange interest rates credit equities securitization and commodities; provides new product development and origination services as well as risk management and advisory services for hedging strategies including in interest rates foreign exchange rates and commodities prices; and funding and liquidity management services. Bank of Montreal was founded in 1817 and is headquartered in Montreal Canada.,14.74,16.46,17.98,12.16,9.69,11.74,13.25,12.96,7.71,9.43,9,8.14,7.52,7,Oct-25
BNS,The Bank of Nova Scotia,131.82,160666.17,United States and Canada,CA,-0.0199,0,0.001,0.0188,0.0345,0.0503,0,0.0006,0.0221,0.0364,0.0615,0,0,0.0222,0.0478,0.1309,40625.96,42686.27,44802.25,31641,29483,29159,29801,29435,25252,27882,26164,24906,23938,22107,Financials,Banks,The Bank of Nova Scotia provides various banking products and services in Canada the United States Mexico Peru Chile Colombia the Caribbean and Central America and internationally. It operates through Canadian Banking International Banking Global Wealth Management and Global Banking and Markets segments. The company offers financial advice and solutions and banking products including debit and credit cards chequing and saving accounts investments mortgages loans and insurance to individuals; and retail automotive financing solutions. It also provides business banking solutions comprising lending deposit cash management and trade finance solutions to small medium and large businesses. In addition it provides wealth management advice and solutions including online brokerage mobile investment full-service brokerage trust private banking and private investment counsel services; and retail mutual funds exchange traded funds liquid alternatives and institutional funds. The company was founded in 1832 and is headquartered in Toronto Canada.,8.53,9.49,10.46,7.09,6.47,6.54,8.49,7.89,5.36,7.15,6.99,6.54,6.03,5.72,Oct-25
CM,Canadian Imperial Bank of Commerce,158.91,144280.02,United States and Canada,CA,-0.0808,0,0.0092,0.0174,0.0242,0.1252,0,0.0114,0.0212,0.0242,0.1418,0,0.0138,0.0494,0.045,0.2067,33105.86,34351.27,35735.69,26791,23605,21313,20776,19857,16252,17325,16964,15451,13984,13085,Financials,Banks,Canadian Imperial Bank of Commerce a diversified financial institution provides various financial products and services to personal business public sector and institutional clients in Canada the United States and internationally. The company operates through Canadian Personal and Business Banking; Canadian Commercial Banking and Wealth Management; U.S. Commercial Banking and Wealth Management; Capital Markets and Direct Financial Services; and Corporate and Other segments. It offers checking savings agriculture and business accounts; mortgages; business car education home and other loans; lines of credit and agriculture loans; and cash management small business financing and overdraft protection services. The company also provides investment and insurance services; healthcare banking; credit cards; private banking wealth planning investment management and estate planning and trust; and ATMs as well as mobile online and global money and wire transfer services. Canadian Imperial Bank of Commerce was founded in 1867 and is headquartered in Toronto Canada.,10.57,11.38,12.38,8.61,7.4,6.73,7.05,7.24,4.84,5.96,6.1,5.56,5.11,4.72,Oct-25
MFC,Manulife Financial Corporation,61.6,102209.76,United States and Canada,CA,-0.0311,0,-0.1004,-0.1004,-0.1004,0.0504,0,0.0226,0.0132,0.0217,0.0504,0,0.0195,0.0031,-0.1085,-0.0513,51768.21,53727.75,56485.62,30975,29992,27246,16911,59841,77121,77822,37264,56720,51897,33448,Financials,Insurance,Manulife Financial Corporation together with its subsidiaries provides financial products and services in the United States Canada Asia and internationally. It operates through Wealth and Asset Management Businesses; Insurance and Annuity Products; and Corporate and Other segments. The Wealth and Asset Management Businesses segment offers investment advice and solutions to retirement retail and institutional clients through multiple distribution channels including agents and brokers affiliated with the company independent securities brokerage firms and financial advisors pension plan consultants and banks. The Insurance and Annuity Products segment provides deposit and credit products; and individual life insurance individual and group long-term care insurance and guaranteed and partially guaranteed annuity products through multiple distribution channels including insurance agents brokers banks financial planners and direct marketing. The Corporate and Other segment is involved in the property and casualty reinsurance businesses; and run-off reinsurance operations including variable annuities and accident and health. The company also manages timberland and agricultural portfolios; and engages in the insurance agency broker dealer investment counseling portfolio and mutual fund management property and casualty insurance and fund and investment management businesses. In addition it provides integrated banking products and services as well as offers asset management services. The company was incorporated in 1887 and is headquartered in Toronto Canada.,4.5,5.01,5.5,4.21,3.88,3.46,3.1,3.25,2.76,2.97,2.74,2.22,1.96,1.68,Dec-25
TRP,TC Energy Corporation,83,86486,United States and Canada,CA,-0.1715,0,-0.0002,0.0032,-0.0113,-0.0022,-0.0002,-0.0007,0.0061,0.0031,0.0266,-0.0004,-0.001,0.0191,0.0162,-0.0145,16022.97,16848.97,17700.96,15239,13771,13267,12309,13387,12999,13255,13679,13449,12547,11353,Energy,Oil Gas and Consumable Fuels,TC Energy Corporation operates as an energy infrastructure company in Canada the United States and Mexico. It operates through four segments: Canadian Natural Gas Pipelines; U.S. Natural Gas Pipelines; Mexico Natural Gas Pipelines; and Power and Energy Solutions. The company builds and operates a network of 94171 kilometers of natural gas pipelines which transports natural gas from supply basins to local distribution companies power generation plants industrial facilities interconnecting pipelines LNG export terminals and other businesses. It also has regulated natural gas storage facilities with a total working gas capacity of 532 billion cubic feet. In addition the company owns or has interests in power generation facilities with approximately 4650 megawatts; and owns and operates approximately 118 billion cubic feet of non-regulated natural gas storage facilities in Alberta Ontario Québec and New Brunswick. The company was formerly known as TransCanada Corporation and changed its name to TC Energy Corporation in May 2019. TC Energy Corporation was founded in 1951 and is headquartered in Calgary Canada.,3.74,3.92,4.17,3.51,4.26,4.52,4.3,4.28,4.2,4.14,3.87,3.09,2.75,2.48,Dec-25
IMO,Imperial Oil Limited,176.51,85358.95,United States and Canada,CA,-0.0795,0,-0.0385,-0.0273,0.0964,0.095,0,0.0083,0.0492,0.1215,0.1388,0,-0.0026,-0.0068,-0.0035,0.1292,59971.41,61774.25,55795.17,46918,51359,50702,59413,37508,22284,34002,34964,29125,23399,25188,Energy,Oil Gas and Consumable Fuels,Imperial Oil Limited engages in exploration production and sale of crude oil and natural gas in Canada. The company operates in three segments: Upstream Downstream and Chemical segments. The Upstream segment explores and produces crude oil natural gas synthetic crude oil and bitumen. The Downstream segment transports and refines crude oil; blends refined products; and distributes and markets refined products. This segment also transports crude oil production and third-party crude oil to refineries by contracted and common carrier pipelines; owns and operates refineries; maintains a distribution system to move petroleum products to market by pipeline tanker rail and road transport; owns and operates fuel terminals natural gas liquids and products pipelines in Alberta Manitoba and Ontario; markets petroleum products under the Esso and Mobil brands; and sells petroleum products including fuel asphalt and lubricants to industrial and transportation customers independent marketers resellers and other refiners as well as the agriculture residential heating and commercial markets through branded fuel and lubricant resellers. The Chemical segment manufactures and markets aliphatic solvents plasticizer intermediates and polyethylene resins; and markets refinery grade propylene. It also provides petrochemicals. The company was incorporated in 1880 and is headquartered in Calgary Canada. Imperial Oil Limited operates as a subsidiary of ExxonMobil Holdings Corporation.,14.7,12.31,12.12,8.53,9.04,8.51,11.15,3.49,-0.29,1.99,2.87,1.03,0.54,1.7,Dec-25
GWO,Great-West Lifeco Inc.,92.68,82967.14,United States and Canada,CA,-0.0342,0,0,0.004,0.004,0.0385,0,0,0.0075,0.0075,0.0529,0,0,0.0084,0.0084,0.0546,41066,42988,44648,35450,34740,31243,30393,64447,60673,44711,44003,47124,46416,33820,Financials,Insurance,Great-West Lifeco Inc. engages in the life and health insurance retirement savings wealth and asset management and reinsurance businesses in Canada the United States and Europe. The company offers life accidental death and dismemberment critical illness disability health and dental protection and creditor insurance products; and retirement savings income and annuity products and other specialty products to individuals families businesses and organizations. It also provides individual product solutions and employer-sponsored retirement savings plans that offers saving investment and advisory services; retail wealth management products and services to individuals including individual retirement accounts and after-tax investment accounts; and wealth management including payout annuity equity release mortgages pensions and investments products. In addition the company offers bulk and individual payout annuities equity release mortgages life bonds retirement drawdown and pension and group insurance products; savings and investments; and provides asset management services such as pension schemes insurance companies wealth managers fiduciary managers and sovereign wealth funds as well as manages assets for third-party institutional clients. Further it provides life annuity/longevity mortgage surety and property catastrophe reinsurance products. The company offers its products under the Empower Canada Life and Irish Life brand names. It distributes its products through a network of sales force brokers consultants advisors third-party administrators financial institutions employee benefit consultants and multi-tied agents. The company was founded in 1979 and is based in Winnipeg Canada. Great-West Lifeco Inc. is a subsidiary of Power Financial Corporation.,5.73,6.35,7.07,5.03,4.54,3.92,3.46,3.51,2.88,2.95,2.99,2.85,2.68,2.8,Dec-25
CVE,Cenovus Energy Inc.,44.78,82585.29,United States and Canada,CA,-0.0563,0,0,0.018,0.2286,0.1848,0,0,-0.0027,0.067,-0.1266,0,0,0.3704,-0.0213,,60500.32,53416.79,56986.57,49696,54277,52204,66897,46357,13543,20542,20843,17043,11006,11529,Energy,Oil Gas and Consumable Fuels,Cenovus Energy Inc. together with its subsidiaries develops produces refines transports and markets crude oil natural gas and refined petroleum products in Canada the United States and China. It operates through Upstream and Downstream segments. The company is involved in the development and production of bitumen and heavy oil; owns and operates pipeline gathering systems and terminals; operation of assets rich in NGLs and natural gas in Alberta and British Columbia; and offshore operations exploration and development activities in the East Coast of Canada and the Asia Pacific region. It also engages in refining such as owned and operated Lloydminster upgrading and asphalt refining complex; owns and operates the Bruderheim crude-by-rail terminal and two ethanol plants; fuels business; and refining of crude oil to produce gasoline diesel jet fuel asphalt and other products. Cenovus Energy Inc. was founded in 2009 and is headquartered in Calgary Canada.,4.48,3.66,3.51,2.06,1.97,2.17,3.13,0.4,-2.13,0.38,-2.24,0.17,-0.45,-0.49,Dec-25
NA,National Bank of Canada,210.8,80771.52,United States and Canada,CA,-0.111,0,0.0005,0.0163,0.029,0.1015,0,0.0019,0.0192,0.0262,0.108,0,0,0.0361,0.0504,,15829.3,16643.84,17596.53,12734,10831,9661,9507,8925,7081,7085,6839,6365,5356,5518,Financials,Banks,National Bank of Canada provides financial services to individuals businesses institutional clients and governments in Canada and internationally. It operates through four segments: Personal and Commercial Wealth Management Financial Markets and U.S. Specialty Finance and International. The Personal and Commercial segment offers banking financing and investing services to individuals advisors and businesses as well as insurance operations. The Wealth Management segment provides investment solutions trust services banking services lending services and other wealth management solutions offered through internal and third-party distribution networks. The Financial Markets segment offers corporate and investment banking solutions for large and mid-size corporations public sector organizations and institutional investors. The U.S. Specialty Finance and International segment provides specialty finance products; and personal and commercial banking in Cambodia. National Bank of Canada was founded in 1859 and is headquartered in Montreal Canada.,13.09,14.38,15.62,11.28,10.39,9.47,9.63,8.97,6.06,6.36,5.99,5.44,4.34,4.7,Oct-25
L,Loblaw Companies Limited,62.63,72081.81,United States and Canada,CA,-0.1,0,0,-0.0029,-0.0047,-0.0145,0,0,-0.0017,-0.0037,-0.0132,0,0,0.0049,0.0024,-0.0102,65493.98,68028.82,70602.07,63903,60123,59529,56504,53170,52714,48037,46693,46587,46385,45394,Consumer Staples,Consumer Staples Distribution and Retail,Loblaw Companies Limited a food and pharmacy company provides grocery pharmacy and healthcare services health and beauty products apparel general merchandise financial services and wireless mobile products and services in Canada and the United States. It operates through two segments Retail and Financial Services. The Retail segment operates corporate and franchise-owned retail food and associate-owned drug stores. This segment also includes in-store pharmacies health care services other health and beauty product stores apparel stores and other general merchandise stores. Its Financial Services segment provides credit card and banking services the PC Optimum loyalty program insurance brokerage services and telecommunication services. The company offers PC Health app which provides healthcare resources and support services; and outpatient physiotherapy massage and occupational therapy chiropractic mental health and other rehabilitation services. It sells its products and services under the President’s Choice PC Life Brand no name Farmer’s Market and Joe Fresh brands through its hard discount format stores under the No Frills and Maxi brands; supermarket format stores under the Loblaws Zehrs Your Independent Grocer Real Canadian Superstore Real Atlantic Superstore Provigo City Market brands; and stand-alone drug stores under the Shoppers Drug Mart and Pharmaprix brands. The company also operates T&T Supermarket stores serving Asian grocery markets; provides online grocery ordering and pickup services through PC Express; and offers banking and financial services through PC Financial. The company was founded in 1919 and is headquartered in Brampton Canada. Loblaw Companies Limited is a subsidiary of George Weston Limited.,2.56,2.89,3.08,2.43,2.14,1.94,1.71,1.4,1.07,1.03,1.14,1.13,1.02,0.86,Jan-26
SLF,Sun Life Financial Inc.,112.84,62836.62,United States and Canada,CA,-0.0517,0,0.0077,0.0077,0.0077,-0.0516,0,-0.013,-0.013,-0.013,-0.0726,0,-0.018,-0.018,-0.018,-0.0837,43125.88,44421.72,46467.98,34879,33103,30850,27767,35688,43337,39679,26997,29334,28573,19274,Financials,Insurance,Sun Life Financial Inc. a financial services company provides asset management wealth insurance and health solutions to individual and institutional customers in Canada the United States the United Kingdom Ireland Hong Kong the Philippines Japan Indonesia India China Australia Singapore Vietnam Malaysia and Bermuda. It offers various insurance products such as term and permanent life; personal health which includes prescription drugs dental and vision care; critical illness; long-term care; and disability. The company also provides investments products such as mutual funds segregated funds annuities and guaranteed investment products; financial planning services; and asset management products including pooled funds institutional portfolios and pension funds. The company was formerly known as Sun Life Financial Services of Canada Inc. and changed its name to Sun Life Financial Inc. in July 2003. Sun Life Financial Inc. was founded in 1871 and is headquartered in Toronto Canada.,8.04,8.68,9.49,7.45,6.66,6.36,6.27,6.02,5.48,5.15,4.85,4.15,3.8,3.64,Dec-25
POW,Power Corporation of Canada,93.45,58210.9,United States and Canada,CA,-0.0431,0,0,-0.0004,-0.0004,0.04,0,0,-0.0041,-0.0041,0.0599,0,0,-0.01,-0.01,0.0588,46847,48940,50684,38766,36386,32599,31583,69591,64632,48891,48102,51369,50785,38265,Financials,Insurance,Power Corporation of Canada an international management and holding company provides financial services in North America Europe and Asia. The company operates through Lifeco IGM Financial and GBL segments. It offers life health and dental disability critical illness and creditor insurance as well as reinsurance products; retirement and wealth management solutions including annuities and segregated funds; and pension and investment products to individuals and small business owners. The company is also involved in wealth and asset management for supporting financial advisors; listed and private investments and alternative assets and third-party asset management; and fintech investments. Power Corporation of Canada was incorporated in 1925 and is based in Montreal Canada.,6.22,6.96,7.07,5.31,4.41,4.45,2.85,4.77,2.99,3.01,3.09,3.15,2.59,3.4,Dec-25
IFC,Intact Financial Corporation,248.55,43831.6,United States and Canada,CA,-0.1865,0,0,-0.0045,-0.0076,-0.0055,0,0,-0.0048,-0.0058,-0.0039,0,0,,,,24165.33,25571.44,26527.5,26067,24701,23154,23782,17884,12485,11308,10602,9245,8507,8099,Financials,Insurance,Intact Financial Corporation through its subsidiaries provides property and casualty insurance products to individuals and businesses in Canada the United States the United Kingdom and internationally. It offers insurance such as personal auto that provides coverage from accidents third-party liability and physical damage; personal property which provides protection for homes and belongings from risks including fire theft vandalism water damages other damages and personal liability; and commercial line and specialty line insurance including commercial auto property and liability coverages. The company also provides business insurance. It serves its products to accident and health technology ocean and inland marine builder’s risk and entertainment as well as financial professional lines; and various products to specialty property surety tuition reimbursement general liability and cyber and environmental institutions. The company offers specialty insurance products including brokers direct to consumer agencies wholesalers affinity partners Intact Prestige and managing general agent platform. It offers its products through multiple distribution channels such as brokers direct-to-consumer and managing general agent (MGA) platforms. The company was formerly known as ING Canada Inc. and changed its name to Intact Financial Corporation in 2009. Intact Financial Corporation was founded in 1809 and is based in Toronto Canada.,16.94,18.71,19.01,20.9,13.68,11.68,11.88,12.4,9.92,6.16,5.74,5.58,4.88,6.37,Dec-25
WN,George Weston Limited,102.49,38329.65,United States and Canada,CA,-0.0505,0,0,-0.0024,-0.0049,-0.017,0,0,0.0011,0.0031,-0.018,0,0,0.0139,0.0139,-0.0009,66122.52,68890.36,71884.07,64511,60717,60124,57048,53748,53270,50109,48568,48289,47999,46894,Consumer Staples,Consumer Staples Distribution and Retail,George Weston Limited provides food and drug retailing and financial services in Canada. The company operates in two segments Loblaw Companies Limited (Loblaw) and Choice Properties Real Estate Investment Trust (Choice Properties). The Loblaw segment provides grocery corporate and franchise-owned retail food and associate-owned drug stores including in-store pharmacies health care services health and beauty products apparel and other general merchandise. This segment offers credit card and banking services guaranteed investment certificates loyalty program insurance brokerage services and telecommunication services. The Choice Properties segment owns develops and manages commercial and residential properties which are leased to necessity-based tenants and logistics providers. The company markets its products under the Shoppers Drug Mart Joe Fresh President’s Choice Bank PC Financial no name Farmer’s Market T&T Life Brand and PC Optimum brands. The company was founded in 1882 and is based in Toronto Canada. George Weston Limited is a subsidiary of Wittington Investments Limited.,4.71,5.5,5.91,4.46,3.98,3.51,3.28,2.71,2.29,2.41,2.28,2.34,2.17,1.87,Dec-25
FTS,Fortis Inc.,74.73,38047.51,United States and Canada,CA,-0.1077,0,0,0.006,-0.0088,0.0134,0,0,0.0115,0.0193,0.0081,0,0,0.0255,-0.0172,0.0774,13256.92,14032.73,14813.27,12170,11508,11517,11043,9448,8935,8783,8390,8301,6838,6757,Utilities,Electric Utilities,Fortis Inc. operates as an electric and gas utility company in Canada the United States and the Caribbean countries. The company generates transmits and distributes electricity to approximately 459000 retail customers in southeastern Arizona including the greater Tucson metropolitan area; and 107000 retail customers in southeastern Arizona with an aggregate capacity of 3 443 megawatts (MW). It also sells wholesale electricity to other entities in the western United States; owns gas-fired and hydroelectric generating capacity totaling 43 MW; and distributes natural gas to approximately 1105000 residential commercial and industrial customers in British Columbia Canada. In addition it owns and operates the electricity distribution system that serves approximately 615000 customers in southern and central Alberta; owns four hydroelectric generating facilities with a combined capacity of 225 MW; and provides operation maintenance and management services to hydroelectric generating facilities. Further the company distributes electricity in the island portion of Newfoundland and Labrador with an installed generating capacity of 145 MW; and on Prince Edward Island with a generating capacity of 90 MW. Additionally it provides integrated electric utility service to approximately 70000 customers in Ontario; approximately 280000 customers in Newfoundland; approximately 35000 customers on Grand Cayman Cayman Islands; and approximately 92000 customers on Maritime Electric. It also owns and operates approximately 91100 circuit Kilometers (km) of distribution lines; and approximately 51700 km of natural gas pipelines. Fortis Inc. was founded in 1885 and is headquartered in St. John's Canada.,3.62,3.88,4.11,3.53,3.28,3.09,2.78,2.59,2.58,2.56,2.47,2.53,2.23,2.12,Dec-25
PPL,Pembina Pipeline Corporation,63.5,36928.74,United States and Canada,CA,-0.1268,0,-0.0032,-0.0186,0.1173,-0.0188,0,-0.0128,-0.0119,0.0502,0.0982,0,-0.024,-0.0223,-0.0056,0.074,8587.31,8895.88,9003.73,7778,7384,9125,11611,8627,5953,7230,7351,5400,4265,4635,Energy,Oil Gas and Consumable Fuels,Pembina Pipeline Corporation provides energy transportation and midstream services. It operates through three segments: Pipelines Facilities and Marketing & New Ventures. The Pipelines segment operates conventional oil sands and heavy oil and transmission assets with a transportation capacity of 3.0 million of barrels of oil equivalent per day and the ground storage capacity of 10 million of barrels serving markets and basins across North America. The Facilities segment offers infrastructure that provides customers with crude oil natural gas condensate and natural gas liquids (NGLs) including ethane propane butane and condensate; and includes 430 thousands of barrels of NGL fractionation capacity 21 million of barrels of cavern storage capacity and various oil batteries associated pipeline and rail terminalling facilities and a liquefied propane export facility. The Marketing & New Ventures segment buys and sells hydrocarbon liquids and natural gas originating in the Western Canadian sedimentary basin and other basins. Pembina Pipeline Corporation was incorporated in 1954 and is headquartered in Calgary Canada.,3.13,3.2,3.33,2.57,4.3,2.92,3.27,2.2,2.04,2.59,2.18,1.67,1.19,1.03,Dec-25
H,Hydro One Limited,50.42,30256.85,United States and Canada,CA,-0.1676,0,0,0.0096,0.022,0.0465,0,0,0.0102,0.0247,0.0576,0,0,0.0163,0.0185,0.0252,9510.06,9793.79,9995.82,9041,8484,7844,7780,7225,7290,6480,6150,5990,6552,6538,Utilities,Electric Utilities,Hydro One Limited operates as an electricity transmission and distribution company in Ontario. It operates through three segments: Transmission Distribution and Other. The company owns and operates approximately 30000 circuit kilometers of high-voltage transmission lines and approximately 126000 circuit kilometers primary low-voltage distribution lines. It provides telecommunications support services for its transmission and distribution businesses; and information and communications technology services and solutions. It serves residential small business commercial and industrial customers as well as municipal utilities. Hydro One Limited was incorporated in 2015 and is headquartered in Toronto Canada.,2.32,2.38,2.48,2.23,1.93,1.8,1.75,1.61,1.51,1.53,1.34,1.16,1.2,,Dec-25
BCE,BCE Inc.,29.11,27145.83,United States and Canada,CA,-0.197,0,-0.0001,-0.0039,-0.008,-0.0168,0,0.0012,-0.0064,-0.0085,-0.0103,0,0.0017,-0.0066,-0.0134,-0.0251,24946.75,25331.99,25791.71,24468,24409,24673,24174,23449,22883,23793,23468,22757,21719,21514,Communication Services,Diversified Telecommunication Services,BCE Inc. a communications company provides wireless wireline internet streaming services and television (TV) services to residential business and wholesale customers in Canada. The company operates through three segments: Bell Communication and Technology Services Canada Bell Communication and Technology Services United States and Bell Media. The Bell Communication and Technology Services Canada segment provides wireless products and services including mobile data and voice plans streaming services and devices; wireline products and services comprising data including internet access internet protocol television cloud-based services and AI-driven and business solutions as well as voice and other communication services and products satellite TV and connectivity services for residential small and medium-sized business and large enterprise customers. This segment also buys and sells local telephone long distance and data and other services to resellers and other carriers. The Bell Communication and Technology Services United States segment provides wireline communication products and services comprising data including broadband Internet commercial ethernet dedicated Internet-non-switched access and other data transport networking options; and voice including traditional and voice over Internet protocol voice services such as local long distance and unified communications as a service and video products to residential business and wholesale customers. The Bell Media segment provides a portfolio of video audio out-of-home advertising and digital media services. BCE Inc. was founded in 1880 and is headquartered in Verdun Canada.,2.59,2.65,2.88,2.8,3.26,3.21,3.35,3.19,3.03,3.5,3.51,3.39,3.46,3.36,Dec-25
WSP,WSP Global Inc.,181.33,24446.3,United States and Canada,CA,-0.3752,0,0,0.0057,0.0052,0.104,0,0,0.0015,-0.0003,0.1015,0,0,-0.0043,,0.1551,16673.68,17872.37,19004.53,18285,16166.8,14437.2,11932.9,10279.1,8803.9,8916.1,7908.1,6942.2,6379.6,6064,Industrials,Construction and Engineering,WSP Global Inc. operates as a professional services consulting firm in the United States Canada the United Kingdom Sweden Australia and internationally. The company advises plans designs and manages projects for rail transit aviation highways bridges tunnels water maritime and urban infrastructure for public and private clients construction contractors and other partners. It also provides engineering and consultancy services such as decarbonization strategies digital building design building engineering design and advisory as well as project and construction management services. In addition the company works with and advises governments and private sector in earth sciences and environmental sustainability to conduct due diligence permit approvals regulatory compliance waste/hazardous materials management geotechnical and mining engineering water resource management environmental/social impact assessments feasibility and land remediation studies. Further it offers clients integrated solutions on all kinds of energy projects including large-scale power plants and smaller on-site power generation and efficiency programs; clean energy investment such as renewables; high-voltage direct current energy transmission; lower-carbon solutions such as nuclear; substation design; electrical studies; protection and controls; advanced distribution management systems; and storage and distribution from pre-feasibility studies and community engagement through operation and decommissioning. Additionally the company provides strategic advisory services comprising planning technical and strategic advisory; digital solutions; and sustainability services. WSP Global Inc. was formerly known as GENIVAR Inc. and changed its name to WSP Global Inc. in January 2014. The company was founded in 1993 and is headquartered in Montreal Canada.,11.45,13.18,14.96,9.58,8.02,6.9,5.73,5.08,3.06,3.1,2.83,2.28,2.34,1.89,Dec-25
RCIB,Rogers Communications Inc.,44.5,24128.68,United States and Canada,CA,-0.2092,0,0.0007,0.0012,0.0035,0.0013,0,0.0017,0.0011,-0.0005,0.0004,0,0.0037,-0.0005,-0.0086,-0.0299,22572.67,22869.98,23201.28,21712,20604,19308,15396,14655,13916,15073,15096,14369,13702,13414,Communication Services,Wireless Telecommunication Services,Rogers Communications Inc. operates as a communications sports and entertainment company in Canada. It operates through Wireless Cable and Media segments. The company offers mobile internet access wireless voice and enhanced voice device financing device protection global voice and data roaming wireless home phone bridging landline machine-to-machine and Internet of Things solutions and advanced wireless solutions for businesses as well as device shipping and pickup services; satellite-to-mobile service; and wireless solutions under the Rogers Fido and chatr brands. It also provides Internet access Internet protocol-based (IP) television applications online viewing phone home monitoring and advanced home WiFi services to consumer and businesses. In addition the company offers local and network TV; on-demand television; cloud-based digital video recorders; voice-activated remote controls restart and integrated apps; linear and time-shifted programming; digital specialty channels; and 4K television programming. Further it provides residential and small business local telephony services; voicemail call waiting and long distance; video and audio programming; voice data networking IP and Ethernet services; private networking Internet IP voice and cloud solutions; optical wave and multi-protocol label switching services; information technology and network technologies; cable access network services; telecommunications technical consulting services; and season games through television smartphones tablets personal computers and other streaming devices. Additionally the company owns Toronto Blue Jays and the Rogers Centre event venue; and operates Sportsnet ONE Sportsnet 360 Sportsnet World Citytv OMNI FX (Canada) FXX (Canada) and HGTV television networks as well as AM and FM radio stations. It also offers Rogers and the Rogers Red World Elite Mastercard. The company was founded in 1960 and is headquartered in Toronto Canada.,4.78,4.82,5.17,5.02,5.03,4.57,3.7,3.52,3.38,4.13,4.31,3.53,2.91,2.88,Dec-25
TOU,Tourmaline Oil Corp.,61.28,23813.51,United States and Canada,CA,-0.1316,0,-0.0036,-0.0729,-0.0239,-0.1901,0,-0.0016,-0.0234,0.0056,-0.1415,0,-0.0068,-0.0196,-0.0281,,6513.16,7373.09,7058.56,4590.22,4354.43,4839.99,7098.4,4765.48,2224.46,1836.15,1688.03,1616.29,1101.59,1056.27,Energy,Oil Gas and Consumable Fuels,Tourmaline Oil Corp. engages in the acquisition exploration development and production of petroleum and natural gas properties in the Western Canadian Sedimentary Basin. The company holds interests in properties located in the Alberta Deep Basin Northeast British Columbia Montney and the Peace River High Triassic oil complex. Tourmaline Oil Corp. was incorporated in 2008 and is headquartered in Calgary Canada.,3.86,4.54,5.41,0.98,3.44,4.28,13.51,4.92,0.67,1.29,1.31,1.23,-0.2,0.19,Dec-25
WCP,Whitecap Resources Inc.,18.38,22347.84,United States and Canada,CA,-0.0521,0,-0.0057,-0.0271,0.3163,0.1716,0,-0.0139,0.0066,0.2294,0.1324,0,-0.0482,-0.0333,0.1071,-0.0342,8622.13,8500.56,8229.72,5169.7,3337.8,3230,3918.6,2278.1,810.89,1200.48,1257.21,866.38,544.45,539.57,Energy,Oil Gas and Consumable Fuels,Whitecap Resources Inc. engages in the acquisition development and holding of interests in petroleum and natural gas properties and assets in Western Canada. Its primary areas of focus are development programs located in Northern Alberta British Columbia Central Alberta and Western and Eastern Saskatchewan. The company was founded in 2009 and is headquartered in Calgary Canada.,1.49,1.4,1.53,0.99,,1.6,,,0.14,-0.39,0.15,0.39,0.5,-1.7,Dec-25
GFL,GFL Environmental Inc.,59.45,21454.93,United States and Canada,CA,-0.1039,0,0.0702,0.0913,0.1428,0.1374,0,0.2137,0.2359,0.3085,0.2751,0,0.2302,0.2549,0.316,0.2623,8027.69,9826.87,10575.15,6615.9,6138.8,7515.5,6761.3,5136.6,4196.2,3346.9,1852.6,1333.07,933.66,,Industrials,Commercial Services and Supplies,GFL Environmental Inc. provides non-hazardous solid waste management services in Canada and the United States. It offers solid waste management services including collection transportation transfer recycling and disposal services for municipal residential commercial and industrial customers. The company was incorporated in 2007 and is headquartered in Miami Beach Florida.,0.87,1.47,1.79,0.75,0.84,0.94,0.48,0.43,0.17,,,,,,Dec-25
EMA,Emera Incorporated,67.19,20640.77,United States and Canada,CA,-0.1385,0,0,0.0093,0.064,0.0904,0,0,0.0023,0.0052,0.0388,0,0,-0.0082,0.0029,0.1608,9164.17,9196.34,9939.87,8776,7200,7563,7588,5765,5506,6111,6524,6226,4277,2789,Utilities,Electric Utilities,Emera Incorporated an energy and services company invests in generation transmission and distribution of electricity in the United States Canada Barbados and the Bahamas. The company operates through Florida Electric Utility Canadian Electric Utilities Gas Utilities and Infrastructure Other Electric Utilities and Other segments. It is involved in the purchase transmission distribution and sale of natural gas; and physical energy marketing trading and other energy asset management activities. The company was incorporated in 1998 and is headquartered in Halifax Canada.,3.72,3.64,3.95,3.49,2.94,2.97,3.2,2.82,2.68,2.6,2.87,2.46,4.04,2.47,Dec-25
GIBA,CGI Inc.,95.45,19515.29,United States and Canada,CA,-0.2767,0,0,0.0018,-0.0103,-0.0078,0,0,0.0017,-0.0166,-0.0201,0,0,0.0001,-0.0259,-0.0392,16557.08,16982.71,17440.01,15912.67,14676.15,14296.36,12867.2,12126.79,12164.11,12111.24,11506.83,10845.07,10683.26,10287.1,Information Technology,IT Services,CGI Inc. provides information technology and business process services in Western and Southern Europe the United States Canada Scandinavia Northwest and Central-East Europe the United Kingdom Australia Germany Finland Poland Baltics and the Asia Pacific. It offers end-to-end services and solutions including business and strategic IT consulting; systems integration such as data integration AI and automation integration cloud integration Internet of Things enterprise application integration application programming interface integration and legacy system modernization; managed IT and business process; and application services comprising application management DevSecOps application modernization and rationalization and quality engineering and assurance. The company also provides infrastructure services which include legacy infrastructure modernization cloud and hybrid infrastructure management IT service management FinOps-enabled cloud management cyber resilience and compliance site reliability engineering and AIOps and infrastructure-as-code; and intellectual property business solutions. It serves banking and capital markets communications and media energy and utilities government health insurance life sciences manufacturing retail and consumer services space transportation and logistics industries. The company was formerly known as CGI Group Inc. and changed its name to CGI Inc. in January 2019. CGI Inc. was founded in 1976 and is headquartered in Montreal Canada.,8.93,9.77,10.53,8.3,7.63,7.07,6.13,5.44,4.89,4.72,4.2,3.67,3.48,3.14,Sep-25
IGM,IGM Financial Inc.,83.34,19242.26,United States and Canada,CA,-0.0942,0,0,0.037,0.0445,0.0959,0,0,0.0503,0.0569,0.146,0,0,0.0546,0.0547,0.1378,4207.83,4489.97,4500,4314.69,3876.9,3702.28,3462.88,3895.36,3449.64,3393.33,3414.27,3292.01,3173.48,3160.04,Financials,Capital Markets,IGM Financial Inc. engages in the wealth and asset management business in Canada. The company provides investment management services to a suite of investment funds distributed through third party dealers and financial advisors; and administrative services. It also offers insurance and banking products and services. The company was incorporated in 1978 and is based in Winnipeg Canada. IGM Financial Inc. is a subsidiary of Power Financial Corporation.,5.49,6.08,6.24,4.61,3.95,3.45,3.63,4.05,3.21,3.2,3.29,3.02,3.06,3.22,Dec-25
MRU,Metro Inc.,90.45,18961.05,United States and Canada,CA,-0.1071,0,0,-0.0079,-0.0084,-0.0089,0,0,-0.0014,-0.0007,0.005,0,0,0.002,0.0067,0.0066,22541.49,23430.77,24422.5,22006.7,21219.9,20724.6,18888.9,18283,17997.5,16767.5,14383.4,13175.3,12787.9,12223.8,Consumer Staples,Consumer Staples Distribution and Retail,Metro Inc. through its subsidiaries operates as a retailer franchisor distributor and manufacturer in the food and pharmaceutical sectors in Canada. The company operates supermarkets discount stores neighbourhood stores specialized stores and pharmacies that provide fresh and grocery products baked goods prepared food products meats dairy products fruits and vegetables frozen food products bakery products prepared meals delicatessen items fruits and vegetables frozen products and pastries. It also manufactures ready-to-eat meals salads dips pastries pies breads and cakes; generic drugs under Pro Doc trademark; and provides online grocery shopping services. In addition the company offers its private label food products under Irresistibles Selection Harvest Best Lucky Koi Life Smart Adonis Phoenicia and Premiere Moisson brands; and private label drug products comprising beauty and cosmetic products over-the-counter medications health & beauty cosmetics and baby categories sold under the Personnelle brand name. It operates a network of food stores under various banners including Metro Metro Plus Adonis Super C Marché Richelieu Marché Ami Première Moisson Les 5 Saisons and Food Basics as well as pharmacies primarily under the PJC Jean Coutu PJC Santé PJC Santé Beauté Brunet Brunet Plus Brunet Clinique Clini Plus Metro Pharmacy and Food Basics Pharmacy banners. The company was founded in 1947 and is headquartered in Montreal Canada.,4.52,5.47,5.97,4.77,4.3,4.3,3.82,3.44,3.28,2.85,2.52,2.58,2.39,2.03,Sep-25
T,TELUS Corporation,11.84,18813.76,United States and Canada,CA,-0.464,0,-0.0014,-0.0326,-0.0436,-0.061,0,-0.0034,-0.0493,-0.0636,-0.0862,0,-0.0168,-0.0739,-0.0855,-0.1301,20105.47,20209.54,20292.06,20346,20139,20005,18292,16838,15341,14589,14095,13305,12725,12430,Communication Services,Diversified Telecommunication Services,TELUS Corporation together with its subsidiaries operates as a telecommunications company in Canada and internationally. It operates through TELUS Technology Solutions TELUS Health and TELUS Digital Experience segments. The company offer technology solutions comprising mobile and fixed voice and data telecommunications services and products; and agriculture and consumer goods services such as software data management and data analytics-driven smart-food chain and consumer goods technologies as well as sells mobile technologies equipment. It also provides data services consisting of internet protocol; television; hosting; managed information technology and cloud-based services; and home and business security and automation. In addition the company offers integrated health and well-being products solutions and services such as healthcare services; and software and technology solutions including employee and family assistance programs and benefits administration. Further it provides digitally enabled customer experience solutions including digital customer experience management and the digital transformation of IT and customer experience systems; digital trust safety and security; AI data services; and generative AI solutions in customer experience. The company was formerly known as TELUS Communications Inc. and changed its name to TELUS Corporation in February 2005. TELUS Corporation was incorporated in 1998 and is based in Vancouver Canada.,0.71,0.76,0.82,0.92,1.04,0.95,1.19,1.05,1.07,1.43,1.43,1.32,1.29,1.28,Dec-25
TIH,Toromont Industries Ltd.,225.11,18360.59,United States and Canada,CA,-0.0755,0,0,0.031,0.0635,0.0803,0,0,0.0544,0.1214,0.1599,0,0,0.0931,,,5948.49,6620.16,7144.43,5202.84,5021.16,4622.3,4230.74,3886.54,3478.9,3678.7,3504.24,2350.16,1912.04,1802.23,Industrials,Trading Companies and Distributors,Toromont Industries Ltd. provides specialized capital equipment in Canada the United States and internationally. It operates in two segments Equipment Group and CIMCO. The Equipment Group segment engages in the supply and rent business; providing product support services for specialized mobile equipment industrial engines material handling lift trucks and heavy equipment rentals; designing and fabricating power generation and storage enclosures; suppling control systems for specialized mobile equipment; and developing distributed generators and combined heat and power projects using Caterpillar engines. This segment serves road building mining aggregates public infrastructure residential construction power generation forestry on-highway truck engines industrial demolition and waste management markets. The CIMCO segment is involved in the design engineering fabrication installation and after-sale support of refrigeration systems in industrial and recreational markets as well as supplies thermal management solutions. This segment primarily serves beverage and food processing cold storage food distribution mining and recreational ice rink sectors. Toromont Industries Ltd. was founded in 1961 and is headquartered in Concord Canada.,7.44,9.32,10.35,6.07,6.14,6.39,5.48,3.99,3.09,3.41,3.08,2.19,1.94,1.86,Dec-25
ALA,AltaGas Ltd.,52.3,16317.89,United States and Canada,CA,-0.0908,0,0,0.0438,0.0019,0.0088,0,0,0.0366,0.0132,0.0314,0,0,0.0364,-0.0639,,14260.83,15276.15,15712.43,12705,12448,12997,14087,10573,5587,5495,4256.7,2556.2,2201.1,2183.4,Utilities,Gas Utilities,AltaGas Ltd. operates as an energy infrastructure company in North America. It operates through the Utilities and Midstream segments. The Utilities segment owns and operates franchised cost-of-service and rate-regulated natural gas distribution and storage utilities for residential and commercial customers. This segment also offers storage facilities and contracts for interstate natural gas transportation and storage services as well as natural gas and electricity directly to residential commercial and industrial customers in Virginia Maryland Delaware Pennsylvania Ohio New Jersey and the District of Columbia. The Midstream segment is involved in the operation of two liquified petroleum gas export terminals; natural gas gathering processing and extraction; and fractionation and liquids handling; and natural gas and natural gas liquids marketing business domestic logistics trucking and rail terminals and liquid and natural gas storage capability. In addition the company operates gas-fired power generation and distribution assets with a generating capacity of 508 megawatts of power in California. AltaGas Ltd. was founded in 1994 and is headquartered in Calgary Canada.,2.51,2.83,3.02,2.22,2.18,1.89,1.82,1.77,1.42,1.17,0.9,1.2,0.97,1.02,Dec-25
CCLB,CCL Industries Inc.,94.27,16087.48,United States and Canada,CA,-0.0438,0,0,0.0114,0.0237,0.0357,0,0,0.01,0.03,0.0177,,,,,,8169.69,8550.44,,7663.8,7245,6649.6,6382.2,5732.8,5242.3,5321.3,5161.5,4755.7,3974.7,3039.11,Materials,Containers and Packaging,CCL Industries Inc. manufactures and sells labels consumer printable media products technology-driven label solutions polymer banknote substrates and specialty films. It operates through four segments CCL Avery Checkpoint and Innovia. The CCL segment converts pressure sensitive and extruded film materials for a range of decorative instructional security and functional applications for government institutions and global customers in consumer packaging healthcare chemicals consumer durables electronic devices and automotive markets; and extruded and labeled plastic tubes aluminum aerosols and specialty bottles folded instructional leaflets specialty folded cartons precision engineered and die cut components electronic displays polymer banknote substrate and other complementary products and services. The Avery segment supplies labels specialty converted media and software solutions to enable short-run digital printing in businesses and homes alongside complementary products sold through distributors mass-market stores and e-commerce retailers; print media products; pressure sensitive tapes; and horticultural labels and tags. The Checkpoint segment engages in developing radio frequency and radio frequency identification-based solutions; electronic-article-surveillance systems including hardware software labels and tags for loss prevention and inventory control systems; apparel labels and tags; and hand-held pricing tools and labels and promotional in-store displays. The Innovia segment supplies specialty multi-layer surface-engineered films to customers in the pressure sensitive materials flexible packaging and consumer packaged goods industries. The company operates in Canada the United States Puerto Rico Mexico Brazil Chile Argentina Europe Asia Australia the Middle East Africa and New Zealand. CCL Industries Inc. was founded in 1951 and is headquartered in Toronto Canada.,5.09,5.46,6.46,4.61,4.3,3.75,3.55,3.33,3.08,2.77,2.72,2.68,2.2,1.71,Dec-25
CGG,China Gold International Resources Corp. Ltd.,38.87,15408.6,United States and Canada,CA,-0.2066,0,0,0.0782,0.2126,0.5416,0,0,0.0261,0.1254,0.4292,0,0,0.0364,,,2507.13,2585.89,2892.2,1798.24,1087.82,608.74,1496.05,1438.22,1099.41,853.7,778.82,517.81,454.68,471.67,Materials,Metals and Mining,China Gold International Resources Corp. Ltd. a gold and base metal mining company acquires explores develops and mines mineral resources in the People’s Republic of China and Canada. It holds 96.5% interest in the Chang Shan Hao gold mine (CSH mine) located in Inner Mongolia China; and holds 100% interest in the Jiama copper-gold polymetallic mine that hosts copper gold molybdenum silver lead and zinc metals located in Tibet China. The company also engages in logistics and transport-related businesses and investment holding activity as well as operates an issuer of bonds. The company was incorporated in 2000 and is headquartered in Vancouver Canada.,3.36,3.26,3.54,1.64,,,,,,,,,,,Dec-25
KEY,Keyera Corp.,51.94,15241.34,United States and Canada,CA,-0.1542,0,-0.0227,0.1038,0.0257,0.0984,0,-0.025,0.0654,0.0399,0.2761,0,-0.0062,0.1104,0.0654,0.2377,9154.42,11134.9,11972.35,6854.02,7138.44,7053.13,7060.22,4984.91,3012.51,3616.92,4465.21,3413.36,2500.06,2521.08,Energy,Oil Gas and Consumable Fuels,Keyera Corp. together with its subsidiaries engages in the gathering and processing of natural gas; and the transportation storage and marketing of natural gas liquids and iso-octane in Canada and the United States. It operates through three segments: Gathering and Processing Liquids Infrastructure and Marketing. The Gathering and Processing segment owns and operates raw gas gathering pipelines and processing plants which collects and process raw natural gas remove waste products and separate economic components primarily natural gas liquids; and provides gas handling services and other ancillary services such as NGL extraction NGL handling and loading services and condensate stabilization. The Liquids Infrastructure segment owns and operates a network of facilities including underground NGL storage caverns above-ground storage tanks NGL fractionation facilities NGL and condensate pipelines as well as rail and truck terminals for the processing fractionation storage and transportation of the by-products of natural gas processing including NGLs such as ethane propane butane and condensate; and engages in the liquids blending activities. The Marketing segment offers propane butane condensate and iso-octane as well as natural gas and crude oil. The company was formerly known as Keyera Facilities Income Fund and changed its name to Keyera Corp. in January 2011. Keyera Corp. was founded in 1998 and is headquartered in Calgary Canada.,1.84,2.91,3.33,1.87,2.3,2.35,2.29,1.78,1.59,2.31,1.91,1.38,1.49,1.48,Dec-25
X,TMX Group Limited,53.82,14821.63,United States and Canada,CA,-0.0602,0,0,0.0181,0.0515,0.0908,0,0,0.0309,0.1174,0.1624,0,0,,,,1952.86,2209.09,2614,1717.2,1460.1,2898.3,1864.4,1034.6,1025.7,1160.1,1029,747.3,745.4,763.2,Financials,Capital Markets,TMX Group Limited operates exchanges markets and clearinghouses primarily for capital markets in Canada the United States the United Kingdom Germany and internationally. It operates in four segments: Global Insights; Capital Formation; Derivatives Trading & Clearing; and Equities and Fixed Income Trading & Clearing. The company delivers equities and index data as well as integrated data sets for the proprietary and third-party analytics to help clients in making trading and investment decisions; and provides solutions to European and global wholesale energy markets for price discovery trade execution post-trade transparency and straight through processing. It also operates Toronto Stock Exchange a national stock exchange for the senior equities market; TSX Venture Exchange a national stock exchange for the public venture equity market; TSX Trust that provides corporate trust registrar transfer agency and foreign exchange services; and Newsfile a news dissemination and regulatory filing provider. In addition the company operates Montreal Exchange a national derivatives exchange; Canadian Derivatives Clearing Corporation a clearinghouse for options and futures contracts; BOX a US equity operations market; and various over-the-counter products and fixed income repurchase agreements. Further it engages in the trading operations of Toronto Stock Exchange TSX Venture Exchange and Alpha Exchange; CDS Clearing an automated facility for the clearing and settlement of equities and fixed income transactions and custody of securities; and provision of fixed income inter-dealer brokerage services as well as involved in trading operation of AlphaX U.S. a broker-dealer. The company was formerly known as Maple Group Acquisition Corporation and changed its name to TMX Group Limited in August 2012. TMX Group Limited was incorporated in 2011 and is headquartered in Toronto Canada.,2.46,2.72,3.24,2.13,1.7,1.47,1.42,1.42,1.18,1.06,1.03,0.9,0.9,0.71,Dec-25
QBRA,Quebecor Inc.,63.68,14195.42,United States and Canada,CA,-0.1142,0,0.0008,0.0084,0.0175,0.0324,0,0.0015,0.0139,0.0238,0.0449,0,-0.0005,0.0178,0.0351,0.0784,5849.4,5997.35,6183.28,5675.3,5638.4,5434.3,4531.9,4554.4,4317.8,4293.8,4181,4125.1,4016.6,3890.8,Communication Services,Diversified Telecommunication Services,Quebecor Inc. together with its subsidiaries engages in the telecommunications media and sports and entertainment businesses in Canada. The company offers internet access television distribution mobile and wireline telephony business solutions and over-the-top video services. It is also involved in the provision of an over-the-air television network and specialty television services; soundstage and equipment rental and postproduction services for the film and television industries; printing publishing and distribution of daily newspapers; operation of news and entertainment digital platforms; publishing and distribution of magazines; production and distribution of audiovisual content; and out-of-home advertising business. In addition the company engages in the operation and management of the Videotron center; concert production; show production sporting and cultural event management; publishing and distribution of books; production of music; and owns manages and operates Quebec Maritimes Junior Hockey League team. Further it provides business telecommunications solutions; and broadcasting services. The company was incorporated in 1965 and is headquartered in Montreal Canada. Quebecor Inc. is a subsidiary of Les Placements Peladeau Inc.,,,,,,,,2.56,2.36,2.28,1.96,1.37,1.09,0.97,Dec-25
CU,Canadian Utilities Limited,50.52,13758.14,United States and Canada,CA,-0.1121,0,0,0.0193,0.0209,0.0108,0,0,0.0178,0.0121,0.054,0,0,-0.1106,-0.1137,,4293.41,4675.25,4919.2,3690,3742,3796,4048,3515,3233,3905,4377,4085,3399,3264,Utilities,Multi-Utilities,Canadian Utilities Limited together with its subsidiaries engages in the electricity natural gas renewables pipelines and liquids businesses in Canada Australia and internationally. It operates through ATCO Energy Systems ATCO EnPower ATCO Australia and Financing & Other segments. The ATCO Energy Systems segment provides regulated electricity transmission and distribution services in northern and central east Alberta the Yukon the Northwest Territories and in the Lloydminster area of Saskatchewan; and international electricity services as well as offers integrated natural gas transmission and distribution services throughout Alberta and in the Lloydminster area of Saskatchewan. The ATCO EnPower segment provides electricity generation natural gas storage industrial water solutions and related infrastructure development throughout Alberta the Northwest Territories Ontario Mexico and Chile. The ATCO Australia segment offers regulated natural gas distribution services in Western Australia and electricity generation services. It also provides home maintenance solutions. It has a strategic alliance with AltaLink to complete central east transfer-out project. The company was incorporated in 1927 and is headquartered in Calgary Canada. Canadian Utilities Limited is a subsidiary of ATCO Ltd.,2.59,2.78,2.94,2.42,2.38,2.21,2.43,2.17,1.96,2.23,2.24,2.23,2.21,1.82,Dec-25
ATRL,AtkinsRéalis Group Inc.,85.61,13700.52,United States and Canada,CA,-0.1986,0,0,0.0118,0.0302,0.0467,0,0,0.0084,0.0274,0.0495,0,0,0.0041,0.0186,0.0248,12106.99,12883.41,13614.95,11002.6,9668.01,8634.31,7549.03,7371.25,7007.5,7629.83,10084.01,9334.72,8470.83,9586.95,Industrials,Construction and Engineering,AtkinsRéalis Group Inc. together with its subsidiaries provides professional services and project management and capital investment services in the United Kingdom Canada the United States Saudi Arabia and internationally. It operates through eight segments: Canada UKI USLA AMEA Nuclear Linxon LSTK Projects and Capital. The company provides consultancy strategy advisory engineering design project and program management and project delivery services for building and places defence industrial power and renewables and transportation and water markets; and operations maintenance and asset management solutions for various assets. It also offers services for clients across the nuclear life cycle from consultancy engineering procurement and construction management field technology decommissioning and waste management services as well as spare parts; and new-build and full refurbishment services for reactors. In addition the company is involved in installation of alternative current power substations including expansions and electrification notably through repetitive engineering procurement and construction offerings for utilities renewables and conventional generation transportation and data centers markets; and provision of lump-sum turnkey (LSTK) construction contracts for the mass transit projects. Further it engages in developing projects arranging financing investing in equity undertaking complex financial modeling and managing its infrastructure investments such as bridges and highways mass transit systems power facilities energy infrastructure water treatment plants and social infrastructure. Additionally it offers staff augmentation services. The company was formerly known as SNC-Lavalin Group Inc. and changed its name to AtkinsRéalis in September 2023. AtkinsRéalis Group Inc. was founded in 1911 and is headquartered in Montreal Canada.,4.01,4.91,5.87,3.51,2.22,1.9,0.96,1.34,-1.7,0.67,1.31,3.18,2.58,2.41,Dec-25
CAE,CAE Inc.,34.91,11187.13,United States and Canada,CA,-0.2674,0,0,0.0133,0.0216,-0.0301,0,0,0.0056,-0.0172,-0.0583,0,0,0.0032,0.0001,,5011.5,5103.71,5352.33,4914,4707.9,4282.8,4203.3,3371.3,2981.9,3623.2,3304.1,2823.5,2704.5,2512.6,Industrials,Aerospace and Defense,CAE Inc. together with its subsidiaries provides training simulation and critical operation solutions in Canada the United States the United Kingdom Europe Asia the Oceania Africa and rest of the Americas. The company operates through two segments Civil Aviation; and Defense and Security. The Civil Aviation segment offers training solutions for flight cabin maintenance ground personnel and air traffic controllers in commercial business and helicopter aviation; a range of flight simulation training devices; and ab initio pilot training and crew sourcing services as well as airline operations digital solutions for commercial airlines regional airlines business aircraft operators civil helicopter operators aircraft manufacturers third-party training centres flight training organizations air navigation service providers maintenance repair and overhaul organizations and aircraft finance leasing companies. The Defense and Security segment operates as a training and simulation provider that delivers scalable and platform-independent solutions to enable and enhance force readiness and security for defense forces original equipment manufacturers (OEMs) government agencies and public safety organizations. The company has a collaboration agreement with WB Electronics for strengthening defense cooperation between Canada and Poland while supporting the growing need for training and mission readiness in the unmanned and autonomous systems sector. CAE Inc. was formerly known as CAE Industries Ltd. and changed its name to CAE Inc. in 1993. CAE Inc. was incorporated in 1947 and is headquartered in Saint-Laurent Canada.,1.27,1.48,1.78,1.2,1.21,1.12,0.88,0.84,0.36,1.35,1.26,1.13,1.04,0.86,Mar-26
STN,Stantec Inc.,97.62,10972.46,United States and Canada,CA,-0.3901,0,0,-0.0016,-0.0066,-0.0172,0,0,-0.0027,-0.013,-0.03,0,0,-0.0081,,,7089.96,7505.59,7877,6494.8,5866.6,5066.2,4457.2,3636.1,3684.5,3711.3,3355.2,3173.8,3098.4,2373.68,Industrials,Construction and Engineering,Stantec Inc. provides professional services in the areas of infrastructure and facilities to private and public sectors in Canada the United States and internationally. The company offers evaluation planning and designing infrastructure solutions; various permitting conservation ecosystem restoration health sciences and environmental social and governance strategy services; solutions for sustainable water resources planning management and infrastructure; integrated architecture engineering interior design and planning solutions for buildings; and energy and resources solutions. It also provides consulting services in engineering architecture interior design landscape architecture surveying environmental sciences project management and project economics. In addition the company provides fire engineering electrical mechanical hydraulics buildings sustainability and civil expertise services; services in mission critical academic civic cultural aviation science and technology commercial industrial and workplace; and delivers services to local authorities government departments private clients and utility companies. Further the company is involved in the planning design construction administration commissioning maintenance decommissioning and remediation services. Additionally it offers infrastructure planning inspection project management and construction management services; transportation buildings and environmental services; and energy and sustainability fire safety civil and structural and mechanical electrical and plumbing (MEP) engineering transport environmental and geotechnical services. The company was formerly known as Stanley Technology Group Inc. and changed its name to Stantec Inc. in October 1998. Stantec Inc. was founded in 1954 and is headquartered in Edmonton Canada.,6.2,6.92,7.61,5.3,4.43,3.68,3.12,2.41,2.23,2.01,1.67,1.77,1.69,1.65,Dec-25
CHPUN,Choice Properties Real Estate Investment Trust,15,10857.16,United States and Canada,CA,-0.1108,0,0,0.006,0.0434,0.0454,0,0,0,0.1972,0.1993,0,0,0.0029,,,1642.66,1978.68,2077,1511.21,1470.07,1429.75,1336.37,1339.67,1319.92,1342.84,1187.5,832.15,784.39,743.1,Real Estate,Retail REITs,Choice Properties Real Estate Investment Trust is Canada’s largest real estate investment trust guided by a clear purpose: to create places where people thrive. This is how they build enduring value. As a national owner operator and developer of high-quality commercial and residential real estate the firm goes beyond managing assets. The firm creates places that strengthen how tenants and communities live work and connect. The firm’s platform is built on industry leadership in sustainability community engagement and social impact embedded across how they operate build and grow. As a trusted steward of capital they are committed to disciplined execution long-term value creation and responsible growth. Everything they do is guided by core values of Care Ownership Respect and Excellence. Choice Properties Real Estate Investment Trust was established on May 21 2013 incorporated in Ontario Canada.,0.38,1.04,1.1,0.58,,,,,,,,,,,Dec-25
EMPA,Empire Company Limited,48.25,10793.28,United States and Canada,CA,-0.0834,0,-0.0022,-0.0016,0.0015,-0.0025,0,-0.0041,-0.0037,-0.0013,,0,-0.0047,-0.0047,,,32897.2,33834.2,34687,32029,31360,30800,30581.9,30272.2,28335.6,26677.5,25249.3,24312.8,23908.9,24733.6,Consumer Staples,Consumer Staples Distribution and Retail,Empire Company Limited together with its subsidiaries engages in the food retail and related real estate businesses in Canada. It operates through two segments Food Retailing and Investments and Other Operations. The company owns affiliates and franchises retail stores under the Sobeys Safeway IGA Foodland FreshCo Thrifty Foods Farm Boy Longo’s and Lawtons Drugs brands; operates grocery e-commerce stores under the Voilà Voilà par IGA IGA.net and ThriftyFoods.com; and operates and/or supplies retail fuel locations. Empire Company Limited was founded in 1907 and is headquartered in Stellarton Canada.,3.58,3.86,4.17,3.24,2.99,2.74,2.8,2.81,2.53,2.2,1.5,1.27,0.7,1.49,May-26
CTCA,Canadian Tire Corporation Limited,189.75,9969.76,United States and Canada,CA,-0.0881,0,0,-0.0017,0.0055,0.0064,0,0,-0.0024,0.004,0.0147,0,0,-0.0153,0.0009,0.0193,16599.37,17025.9,17337.35,16315.5,15516,16656.5,17810.6,16292.1,14871,14534.4,14058.7,13276.7,12681,12279.6,Consumer Discretionary,Broadline Retail,Canadian Tire Corporation Limited provides a range of retail goods and services in Canada. It operates through three segments: Retail CT REIT and Financial Services. The Retail segment retails automotive maintenance products and accessories parts and tires as well as automotive services comprising oil changes tire installations and repairs; roadside assistance; electrical hardware paint plumbing and tool products; cleaning food and drink home décor home essentials home organization home environment kitchen and pet care products; camping exercise hockey hunting fishing seasonal recreation and team sports and golf products; and backyard living backyard fun cycling gardening outdoor tools seasonal and toy products. This segment offers its products under the Canadian Tire Canadian Tire Gas+ Pro Hockey Life Mark’s PartSource Helly Hansen Party City and SportChek brand names. This segment also participates in loyalty programs as well as sells its products through online. The CT REIT segment operates as a closed-end real estate investment trust that holds a portfolio of properties comprising Canadian Tire stores Canadian Tire anchored retail developments industrial properties mixed-use commercial property and development properties. The Financial Services segment provides consumer credit cards; in-store financing to consumers; insurance products and retail and broker deposits; and savings accounts and guaranteed investment certificates. Canadian Tire Corporation Limited was founded in 1922 and is headquartered in Toronto Canada.,14.25,15.56,16.64,13.77,12.6,10.42,18.85,19.04,12.95,13.08,12.23,10.74,9.26,8.66,Jan-26
DSV,Discovery Mining Ltd.,11.87,9663.57,United States and Canada,CA,-0.1162,0,0.0024,-0.0176,0.0194,0.7993,0,0.0086,-0.0228,0.0901,0.9365,0,-0.1056,-0.0581,0.0993,0.7111,1882.29,2029.61,2132.83,896.58,,,,,,,,,,,Materials,Metals and Mining,Discovery Mining Ltd. a precious metals company engages in gold production activities. It primarily explores for silver gold zinc and copper. The company was formerly known as Discovery Silver Corp. and changed its name to Discovery Mining Ltd. in June 2026. Discovery Mining Ltd. was incorporated in 1986 and is headquartered in Toronto Canada.,0.61,0.71,0.68,0.38,,-0.04,,,,,,,,,Dec-25
CPX,Capital Power Corporation,61.5,9660.42,United States and Canada,CA,-0.2015,0,-0.0044,0.0217,0.0431,-0.0675,0,-0.0053,0.0877,0.1547,0.0757,0,0,0.1247,0.211,,3941.96,4288.36,4737.76,3615,3677,4068,2712,1757,1791,1713,1272,1046,1199,1241,Utilities,Independent Power and Renewable Electricity Producers,Capital Power Corporation develops acquires owns and operates utility-scale renewable and flexible generation facilities in Canada and the United States. The company generates electricity from various energy sources including wind waste heat solar landfill gas gas and battery storage. It also manages its related electricity and natural gas portfolios by undertaking trading and marketing activities. In addition the company owns approximately 12 GW of gross power generation capacity in North America; 180 MW of renewable generation capacity in North Carolina; approximately 170 MW of new battery energy storage systems in Ontario. Capital Power Corporation was founded in 1891 and is headquartered in Edmonton Canada.,1.54,2.88,3.48,3.57,5.47,4.24,3.64,1.98,1.22,1.32,1.2,1.13,1.21,1.17,Dec-25
EFN,Element Fleet Management Corp.,22.85,8941.66,United States and Canada,CA,-0.4028,0,0,0.0121,0.0222,0.0193,0,0,0.011,0.0267,0.0959,0,0,0.0738,,,1817.85,1964.67,2097.7,3184.5,3170.17,2532.99,1959.82,,,,,1735.55,1729.06,810.42,Industrials,Commercial Services and Supplies,Element Fleet Management Corp. operates as a fleet management company primarily in Canada the United States Mexico Australia and New Zealand. The company offers end-to-end fleet solutions including cars trucks and material handling support equipment ordering support. It also provides fleet management solutions such as vehicle acquisition maintenance risk management route optimization electric vehicle integration and remarketing services. In addition it manages the rental process for extra equipment or other assets ranging from forklifts to storage trailers and coordinates delivery and pickup. Further the company offers other services including fleet vehicle remarketing an advance purchase program Element Energy Solutions and fleet financing services which comprise operating and capital leases sale and leaseback funding open-end terminal rental adjustment clause (TRAC) leases and a client-owned acquisition program. Additionally it provides title licensing and registration services; end-to-end telematics services; driver training programs and other safety services; and insurance coverage solutions including subrogation driver safety programs and telematics as well as accident management services including vehicle repair for cars light-duty vehicles and medium-duty trucks. It is involved in tolls and violations processing regulation compliance fuel services managed maintenance and personal usage and expense tracking. The company provides Autofleet a suite of software solutions for transportation services for fleets and mobility operators. Element Fleet Management Corp. is based in Toronto Canada.,1.97,2.22,2.42,1.7,1.56,1.32,1.1,0.84,0.87,0.88,0.7,0.87,1.16,1.01,Dec-25
SCR,Strathcona Resources Ltd.,39.72,8509.44,United States and Canada,CA,-0.2317,0,0,-0.1575,0.2981,0.1413,0,0,0.0138,0.3374,-0.1152,0,0,-0.0013,0.056,-0.2276,3527,4349.75,4112.5,3768,3881,4238.7,3746.6,337.88,284.23,386.96,619.49,489.28,462.1,418.6,Energy,Oil Gas and Consumable Fuels,Strathcona Resources Ltd. acquires explores develops and produces petroleum and natural gas reserves in Canada. It operates through three segments: Cold Lake Lloydminster Thermal and Lloydminster Conventional segments. The Cold Lake Thermal segment includes three producing assets in the Cold Lake region of Alberta; Lindbergh Orion and Tucker. The Lloydminster Thermal segment comprises thermal oil assets in the Lloydminster region consisting of multiple SAGD projects in southwestern Saskatchewan. The Lloydminster Conventional segment comprises conventional oil operations primarily located in southwestern Saskatchewan and extending into adjacent areas of southeast Alberta. The company was incorporated in 2009 and is headquartered in Calgary Canada.,3.98,4.61,4.91,1.71,4.06,,,,,,,,,,Dec-25
DFY,Definity Financial Corporation,70.3,8444.14,United States and Canada,CA,-0.1488,0,0,-0.013,-0.0301,0.1788,0,0,-0.0043,-0.0191,0.025,0,0,0.008,-0.0196,,6400.13,6892.14,7311.48,4709.9,4314.5,3862.2,3049.2,2962.5,2582.3,2498,2425.8,,,,Financials,Insurance,Definity Financial Corporation together with its subsidiaries offers property and casualty insurance products in Canada. It provides personal insurance products including auto property and pet insurance products to individuals under the Economical Sonnet Family and Petline brands; and commercial insurance products includes fleet commercial auto property liability and specialty insurance products to businesses. The company distributes its products on a primarily intermediated basis and through brokers as well as directly to customers. It markets its commercial insurance products to small businesses and mid-market companies. The company was formerly known as Economical Holdings Corporation and changed its name to Definity Financial Corporation in August 2021. Definity Financial Corporation was founded in 1871 and is headquartered in Waterloo Canada.,3.92,4.64,5.44,3.53,2.67,2.11,2.04,,,,,,,,Dec-25
ACOX,ATCO Ltd.,73.32,8250.52,United States and Canada,CA,-0.0994,0,0,0.0223,0.019,0.0781,0,0,0.0879,0.0204,0.1165,0,0,,-0.0348,,5858.55,6351.82,6670.46,5143,4942,4741,4978,4289,3944,4706,4888,4600,4045,4131,Utilities,Multi-Utilities,ATCO Ltd. together with its subsidiaries engages in the energy logistics and transportation shelter and real estate services in Canada Australia and internationally. The company engages in electricity and natural gas transmission and distribution and international electricity operations; energy storage electricity generation storage and industrial water solutions and clean fuels; and electricity and natural gas retail sales and home maintenance solutions. It also offers residential and workforce housing modular facilities construction site support workforce lodging facility operations and maintenance defense operations and disaster and emergency management services. In addition the company provides commercial real estate business that holds investments for sale lease and development; recycling and marketing of ash; and generates electricity through hydro solar wind and natural gas facilities; retail electricity and natural gas home products and home maintenance services; and retail food services under Blue Flame Kitchen brand name as well as professional home advices. Further the company provides ports and transportation logistics; natural gas liquids storage services; and integrated water services including pipeline transportation storage water treatment recycling and disposal to various industrial customers. ATCO Ltd. was founded in 1947 and is headquartered in Calgary Canada. ATCO Ltd. is a subsidiary of Sentgraf Enterprises Ltd.,4.84,5.19,5.47,4.6,4.29,3.82,3.71,3.35,3.08,3.18,3.09,2.92,3.14,2.55,Dec-25
MAU,Montage Gold Corp.,19.31,7806.1,United States and Canada,CA,-0.0861,0,0,42.1004,2.4963,,0.0088,0.0088,-0.0021,0.4449,1.7186,-0.0435,-0.0423,-0.1033,0.4699,0.4593,213.65,1965.08,1883.4,,,,,,,,,,,,Materials,Metals and Mining,Montage Gold Corp. engages in the acquisition exploration and development of mineral properties in Africa. It explores for gold nickel cobalt copper lithium tantalum niobium and beryllium deposits. The company’s flagship property is the 90% owned Koné Gold project located in the Côte d’Ivoire West Africa. Montage Gold Corp. was incorporated in 2019 and is headquartered in Vancouver Canada.,-0.03,2.04,2.15,-0.14,-0.25,-0.14,-0.09,-0.22,,,,,,,Dec-25
PSK,PrairieSky Royalty Ltd.,33.64,7819.38,United States and Canada,CA,-0.098,0,0,0.0136,0.2712,0.1517,0,0,0.0274,0.146,0.1891,0,0,0.0086,0.0388,0.1996,615.25,600.5,589,448.2,470.3,479.6,619.3,293.6,159.7,249.1,249.4,268,203.3,173.1,Energy,Oil Gas and Consumable Fuels,PrairieSky Royalty Ltd. holds crude oil and natural gas royalty interests in Canada. It holds an interest in approximately 9.9 million acres with petroleum and/or natural gas rights 8.7 million acres of gross overriding royalty interests and other acreage. The company was incorporated in 2013 and is based in Calgary Canada.,1.29,1.09,1.46,0.87,0.9,0.95,1.33,0.54,0.11,0.37,0.34,0.51,0.08,0.4,Dec-25
APTX,Apotex Health Corp.,32.3,7397.7,United States and Canada,CA,-0.1961,0,0.0002,,,,0,-0.0004,,,,0,-0.0002,,,,3397.53,3685.02,4063.91,3490.83,3349.65,2940.45,,,,,,,,,Health Care,Pharmaceuticals,Apotex Health Corp. operates as a pharmaceutical manufacturing company in Canada the United States Mexico and India. The company develops manufactures and distributes a broad portfolio of prescription and generic pharmaceuticals oncology biosimilar pharmaceuticals branded specialty pharmaceuticals and branded consumer health and wellness products. It operates through three business lines including conventional generic pharmaceuticals; specialty generic pharmaceuticals; and brands & biosimilars. The company has a a strategic partnership with Halo Pharmaceutical Inc. The company was formerly known as Artemis Parent Inc. and changed its name to Apotex Health Corp. in May 2026. Apotex Health Corp. was founded in 1974 and is headquartered in Toronto Canada. Apotex Health Corp. operates as a subsidiary of SK Artemis Holdings II LLC,2.14,2.35,2.81,,,,,,,,,,,,Mar-26
EIF,Exchange Income Corporation,123.83,6982.16,United States and Canada,CA,-0.0945,0,0,0.0297,0.0428,0.1414,0,0,0.0343,0.0469,0.1347,0,0,0.0428,0.0554,-0.0391,3907.67,4205.76,4529.64,3277.49,2659.89,2498.41,2059.37,1413.15,1149.63,1341.37,1203.39,1012.95,891.03,807.4,Industrials,Passenger Airlines,Exchange Income Corporation together with its subsidiaries engages in aerospace and aviation and manufacturing markets worldwide. The company operates in two segments Aerospace & Aviation and Manufacturing. The Aerospace & Aviation segment offers fixed wing and rotary wing; and medevac passenger charter freight services and auxiliary services; and operates flight schools. This segment also provides mission systems design and integration aircraft modifications intelligence surveillance reconnaissance operations software development logistics and in-service support; and aftermarket aircraft engine and parts sales aircraft and engine leasing and aircraft management services. The Manufacturing segment turnkey services such as planning consultation delivery and installation logistical support and removal and washing solutions; design manufacture and installation of the exteriors of residential and mixed-use high rise buildings which integrate residential retail and office spaces; and wireless and wireline construction and maintenance services; manufacture services of precision parts and components and portable hydronic climate control equipment as well as specialized heavy-duty pressure washing and steam systems commercial water recycling systems and custom tanks. Exchange Income Corporation is headquartered in Winnipeg Canada.,4.65,5.3,6.3,3.61,3.04,2.99,3.17,2.25,1.33,3.08,2.91,2.42,2.54,2.09,Dec-25
KNT,K92 Mining Inc.,27.86,6845.52,United States and Canada,CA,-0.1671,0,0.0209,-0.0889,-0.0648,0.3826,0.0148,-0.0013,-0.0328,0.0061,0.3547,0,-0.0124,0.0636,0.1258,0.6307,1257.34,1813.29,2411.2,817.02,504.09,265.33,254.79,195.15,202.47,132.05,72.56,,,,Materials,Metals and Mining,K92 Mining Inc. engages in the exploration and development of mineral deposits in Papua New Guinea. The company primarily produces gold copper and silver. The company’s mineral properties include the Kainantu gold mine project that covers an area of approximately 830 square kilometers located in the Eastern Highlands province of Papua New Guinea; the Blue Lake gold-copper porphyry deposit located in Papua New Guinea; and Arakompa. The company was formerly known as K92 Holdings International Limited and changed its name to K92 Mining Inc. in May 2016. K92 Mining Inc. is headquartered in Vancouver Canada.,2.3,3.38,4.54,1.54,0.69,0.19,0.21,0.15,0.25,0.24,,,,,Dec-25
CSHUN,Chartwell Retirement Residences,20.29,6690.07,United States and Canada,CA,-0.1322,0,0,-0.0093,0.0079,0.0511,0,0,0.0034,0.0297,0.0794,0,0,0.0016,,,1341.23,1467.57,1542.03,1110.09,861.61,736.74,704.68,669.36,924.77,917.77,868.14,805.01,766.08,685.68,Health Care,Health Care Providers and Services,Chartwell Retirement Residences is in the business of serving and caring for Canada’s seniors committed to its vision of Making People’s Lives BETTER and to providing a happier healthier and more fulfilling life experience for its residents. Chartwell is an unincorporated open ended real estate trust which indirectly owns and operates a complete range of seniors housing communities from independent living through to assisted living and long-term care. Chartwell is one of the largest operators in Canada serving approximately 25000 residents in four provinces across the country. Chartwell Retirement Residences was established on July 07 2003 and incorporated in Ontario Canada.,,,,,,,,,,,,,,,Dec-25
TVE,Tamarack Valley Energy Ltd.,13.29,6294.06,United States and Canada,CA,-0.0784,0,-0.0614,-0.1372,0.0738,-0.0404,0,0.2465,0.1255,0.1768,,0,0.4892,,,,1477,1937,2006,1347.51,1404.13,1406.47,1180.03,598.92,197.53,343.76,359.56,255.61,106.72,95.58,Energy,Oil Gas and Consumable Fuels,Tamarack Valley Energy Ltd. engages in the exploration development production and sale of oil natural gas and natural gas liquids in the Western Canadian sedimentary basin. The company's oil and natural gas properties are the Clearwater and Charlie Lake assets located in the province of Alberta Canada. The company was formerly known as Tango Energy Inc. and changed its name to Tamarack Valley Energy Ltd. in June 2010. The company was incorporated in 2002 and is headquartered in Calgary Canada.,,,,,,0.17,,,-0.01,0.05,0.18,0.01,-0.21,,Dec-25
REIUN,RioCan Real Estate Investment Trust,20.85,6069.79,United States and Canada,CA,-0.1032,0,0,-0.0152,0.0038,-0.025,0,0,-0.0123,0.0112,-0.0016,0,0,0.0158,,,1211.23,1254.01,1311.73,1228.78,1338.03,1175.89,1235.26,1210.66,1170.47,1361.02,1190.78,1235.54,1182.32,1116.27,Real Estate,Retail REITs,RioCan Real Estate Investment Trust meets the everyday shopping needs of Canadians through the ownership management and development of necessity-based retail properties in densely populated communities. As at June 30 2026 our portfolio is comprised of 164 properties with an aggregate net leasable area of approximately 31 million square feet. RioCan Real Estate Investment Trust was established on 30 November 1993 and was incorporated in Canada.,1.63,1.62,1.71,0.24,,,,,,,,,,,Dec-25
NPI,Northland Power Inc.,21.97,5745.2,United States and Canada,CA,-0.1547,0,-0.0024,-0.0089,0.0086,0.0045,0,0.0005,0.0208,0.0175,-0.0301,0,0,0.1694,0.1779,0.1082,2582.33,2661.51,3043.62,2444.85,2356.65,2243.68,2448.82,2093.26,2060.63,1658.98,1555.59,1376.26,1099,728.14,Utilities,Independent Power and Renewable Electricity Producers,Northland Power Inc. operates as a power producer in Canada the Netherlands Germany Colombia Spain the United States and internationally. The company produces electricity from renewable resources such as offshore and onshore wind; solar; natural gas; and battery energy storage for sale under power purchase agreements and other revenue arrangements. As of December 31 2025 it owned or had a net economic interest in 3014 MW of power-producing facilities with a total gross operating capacity of approximately 3498 MW and a regulated utility. The company was founded in 1987 and is headquartered in Toronto Canada.,1.29,1.83,2.58,1.43,0.69,1.29,2,0.89,1.76,2.12,1.41,0.78,0.98,0.32,Dec-25
LNR,Linamar Corporation,97.26,5736.77,United States and Canada,CA,-0.1205,0,0,0.011,0.0487,0.1357,0,0,0.0113,0.0525,0.1559,,,,,,11784.85,12246.38,,10231.76,10582.02,9733.53,7917.91,6536.57,5815.57,7416.62,7620.58,6546.46,6005.58,5162.45,Consumer Discretionary,Automobile Components,Linamar Corporation together with its subsidiaries manufactures and sells engineered products in Canada Europe the Asia Pacific and rest of North America. It operates through two segments Mobility and Industrial. The Mobility segment offers electrified products including 3P3200 e3P4100 and 3P5700 eAxle gearboxes; utility and medium duty platform eAxles; FlexForm conformable hydrogen storage tanks; light duty beam eAxle; structure and chassis including front and rear subframes semi-trailing arms front knuckles battery enclosures crossrails shock towers and cross car beams; driveline products such as differential assemblies power transfer and rear drive units and engineered gears; transmission products which comprises gears and shafts gearbox housings shaft and shell assemblies and clutch modules; and engines including cylinder blocks and heads connecting rods camshafts and balance shaft modules for battery hybrid and fuel-cell electric vehicles. This segment serves electrified and traditionally powered markets. The Industrial segment provides scissor boom and telehandler lifts for the aerial work platform industry; combine draper headers and self-propelled windrowers for the agricultural harvesting industry; farm tillage and crop fertilizer applicator equipment; and air seeders cultivators and planters for the seeding and farming industry. The company also provides medical devices and precision medical components. It offers its products under the Linamar Skyjack MacDon Salford Bourgault and McLaren Engineering brand names. Linamar Corporation was founded in 1964 and is headquartered in Guelph Canada.,11.73,13.14,,10.36,9.82,8.78,6.28,6.54,4.82,7.13,8.86,8.08,7.95,6.65,Dec-25
GRGD,Groupe Dynamite Inc.,52.57,5719.21,United States and Canada,CA,-0.4683,0,0.0207,0.0232,0.0832,0.2109,0,0.0273,0.0305,0.0888,0.2394,0,0.0215,0.0246,0.0294,0.2159,1649.38,1897.92,2154.6,1310.23,958.52,800.83,697.44,628.04,,,,,,,Consumer Discretionary,Specialty Retail,Groupe Dynamite Inc. designs distributes and sells women’s apparel under the Dynamite and Garage brand names in Canada the United Kingdom and the United States. The company offers a range of women's fashion apparel such as blouses tops tees and tanks sweaters and cardigans bodysuits dresses jeans and denim pants skirts and skorts shorts blazers and vets coats and jackets bottoms sweatsuits activewear swimwear as well as fleece and lounge and sleep products. It also offers accessories including jewelry earrings necklaces rings bracelets hair accessories belts sunglasses hats and caps socks and tights shoes and beauty and perfume products. The company offers its products through retail and corporate stores; and online e-commerce sites comprising Garageclothing.com and Dynamiteclothing.com. Groupe Dynamite Inc. was founded in 1975 and is based in Mount Royal Canada. Groupe Dynamite Inc. is a subsidiary of 4370368 Canada Inc.,3.28,3.86,4.42,2.25,,,,,,,,,,,Jan-26
EQB,EQB Inc.,127.02,5406.7,United States and Canada,CA,-0.155,0,-0.0043,0.0303,0.221,0.1538,0,-0.013,-0.0458,-0.0592,0.491,0,0.002,0.0302,0.0198,,1543.92,2161.76,2270.69,1124.37,1148.43,1124.17,744.93,650.58,514.55,484.42,373.96,347.85,303.37,255.42,Financials,Banks,EQB Inc. through its subsidiary Equitable Bank provides personal and commercial banking services to retail and commercial customers in Canada. It accepts term deposits guaranteed investment certificates high-interest savings accounts institutional deposit notes and covered bonds as well as specialized financing solutions. The company also offers single-family residential mortgages reverse mortgages and home equity lines of credit as well as insurance loans. In addition it provides business enterprise solutions commercial finance group services multi-unit insured financing specialized finance equipment leasing credit union services and Concentra Trust services as well as digital banking services. The company was formerly known as Equitable Group Inc. and changed its name to EQB Inc. in June 2022. EQB Inc. was founded in 1970 and is headquartered in Toronto Canada.,9.04,11.67,13.62,8.9,11.04,11.86,9.2,10.44,6.33,6.15,5.13,4.7,4.24,3.87,Oct-25
GEI,Gibson Energy Inc.,30.82,5319.53,United States and Canada,CA,-0.0658,0,0.0245,0.1744,0.2479,0.4603,0,0.0046,0.0015,0.025,0.3039,0,-0.0101,0.0006,0.0529,0.0475,13331.4,10954.2,10647.25,10689.25,11779.95,11014.69,11035.41,7211.15,4938.07,7336.32,6846.59,5659.65,4594.18,5405.31,Energy,Oil Gas and Consumable Fuels,Gibson Energy Inc. together with its subsidiaries engages in the gathering storing optimizing and processing of liquids and refined products in Canada and the United States. It operates through Infrastructure and Marketing segments. The company operates a network of infrastructure assets that include terminals rail loading and unloading facilities gathering pipelines diluent recovery unit and crude oil processing facility. It also purchases sells stores and optimizes hydrocarbon products including crude oil natural gas liquids road asphalt roofing flux frac oils light and heavy straight run distillate. The company was formerly known as Gibson Energy Holdings ULC and changed its name to Gibson Energy Inc. in April 2011. Gibson Energy Inc. was founded in 1953 and is headquartered in Calgary Canada.,1.19,1.52,1.68,1.25,0.94,1.41,1.5,0.97,0.82,1.2,0.65,0.28,-0.66,0.25,Dec-25
GRTUN,Granite Real Estate Investment Trust,85,5277.14,United States and Canada,CA,-0.1626,0,0,-0.0022,0.0195,0.0458,0,0,0.0067,0.0366,0.0425,0,0,-0.0262,,,666.9,706.78,751.86,617.89,568.64,521.25,455.58,393.49,340.2,272.82,246.49,243.08,223.4,216.3,Real Estate,Industrial REITs,Granite Real Estate Investment Trust is a Canadian-based REIT engaged in the acquisition development ownership and management of logistics warehouse and industrial properties in North America and Europe. Granite owns 145 investment properties representing approximately 61.5 million square feet of leasable area. Granite Real Estate Investment Trust was established in 2003 and was incorporated in Canada.,5.86,6.67,7.07,5.57,,,,,,,,,,,Dec-25
TA,TransAlta Corporation,16.51,5222.11,United States and Canada,CA,-0.3403,0,0,-0.0258,-0.0067,-0.0053,0,0,0.0144,0.0413,0.0248,0,0,0.0202,0.0249,,2111,2322.67,2653.5,2405,2845,3355,2976,2721,2101,2347,2249,2307,2397,2267,Utilities,Independent Power and Renewable Electricity Producers,TransAlta Corporation engages in the development production and sale of electric energy. It operates through Hydro Wind and Solar Gas Energy Transition and Energy Marketing segments. The Hydro segment holds interest of approximately 922 megawatts (MW) located in Alberta and Canada. The Wind and Solar segment has a net ownership interest of approximately 2587 MW located in Alberta Canada the Unites States and Western Australia as well as battery storage facilities. The Gas segment has a net ownership interest of approximately 4834 MW located in Alberta Canada the Unites States and Western Australia. The Energy Transition segment has a net ownership interest of approximately 671 MW located in the United States as well as operates the Skookumchuck hydro facility in Centralia. The Energy Marketing segment is involved in the trading of electricity natural gas and environmental products. TransAlta Corporation was founded in 1909 and is headquartered in Calgary Canada.,0.34,0.59,0.94,0.19,0.78,2.76,-0.64,0.14,-0.62,-0.36,-0.55,-0.26,0.12,-0.18,Dec-25
ATH,Athabasca Oil Corporation,10.47,5039.21,United States and Canada,CA,-0.1858,0,-0.0296,-0.0288,0.3724,0.1282,0,-0.0246,0.0526,0.21,,,,,,,1623.5,2063,,1310.27,1355.99,1195.08,1345.94,978.61,458.56,820.75,790.94,772.41,173.75,84.51,Energy,Oil Gas and Consumable Fuels,Athabasca Oil Corporation engages in the exploration development and production of thermal and light oil resource plays in the Western Canadian Sedimentary Basin in Alberta Canada. The company operates through the Athabasca (Thermal Oil) and Duvernay Energy segments. The Athabasca segment focuses on the exploration development and production of bitumen from sand and carbonate rock formations located in the Athabasca region of Northern Alberta. Its Duvernay Energy segment engages in the exploration development and production of light crude oil and medium crude oil tight oil conventional natural gas shale gas and NGLs located primarily in the Greater Kaybob area near the town of Fox Creek Alberta. The company was formerly known as Athabasca Oil Sands Corp. and changed its name to Athabasca Oil Corporation in May 2012. Athabasca Oil Corporation was incorporated in 2006 and is headquartered in Calgary Canada.,0.57,0.88,0.88,0.49,0.86,0.8,0.91,,,0.08,-1.01,0.02,-0.46,-0.37,Dec-25
FCRUN,First Capital Real Estate Investment Trust,22.77,4840.9,United States and Canada,CA,-0.0449,0,0,0.0015,0.0188,0.0252,0,0,-0.004,0.007,0.0146,,,,,,766.31,778.44,,714.05,712.59,752.07,712.2,683.81,676.22,777.05,784.44,764.78,707.23,683.07,Real Estate,Retail REITs,First Capital Real Estate Investment Trust is an unincorporated open-ended mutual fund trust. First Capital owns and operates acquires and develops open-air grocery-anchored shopping centres in neighborhoods with the strongest demographics in Canada. The Trust is listed on the Toronto Stock Exchange. On November 24 2025 the Trust’s unitholders approved an internal tax reorganization that was completed by way of a plan of arrangement (the Arrangement). The Arrangement simplified First Capital’s organizational structure by eliminating First Capital Realty Inc. as the Trust’s wholly owned corporate subsidiary that owned directly and indirectly all of First Capital’s real property portfolio. The Arrangement was completed and became effective on November 30 2025. Following the Arrangement First Capital now holds substantially all its real property portfolio through flow-through entities namely subsidiary partnerships and trusts. First Capital Real Estate Investment Trust is incorporated in Ontario Canada and its head office is located at 85 Hanna Avenue Suite 400 Toronto Ontario M6K 3S3. First Capital Real Estate Investment Trust was established on November 10 1993 and incorporated in Ontario Canada.,1.28,1.35,,4.96,,,,,,,,,,,Dec-25
CARUN,Canadian Apartment Properties Real Estate Investment Trust,31.42,4840.29,United States and Canada,CA,-0.2314,0,-0.0034,-0.0105,-0.0097,-0.0423,0,-0.0084,-0.0193,-0.0225,-0.0535,0,-0.0146,-0.0208,,-0.162,988.58,1002.28,1022.35,1003.36,1112.74,1065.32,1007.27,933.14,882.64,780.78,688.59,638.84,596.83,533.8,Real Estate,Residential REITs,Canadian Apartment Properties Real Estate Investment Trust is Canada's largest publicly traded provider of quality rental housing. As at June 30 2026 CAPREIT owns approximately 45400 residential apartment suites and townhomes (excluding approximately 100 suites classified as assets held for sale) that are well-located across Canada and to a lesser extent the Netherlands with a total fair value of approximately 14.4 billion dollars (excluding approximately 21.6 million dollars of assets held for sale). Canadian Apartment Properties Real Estate Investment Trust was established on February 03 1997 and incorporated in Ontario Canada.,,,,,,,,,,,,,,,Dec-25
PEY,Peyto Exploration & Development Corp.,23.46,4825.23,United States and Canada,CA,-0.1971,0,0,0.007,0.009,-0.0048,0,0,0.0233,-0.0155,0.0264,0,0,0.0138,-0.1662,-0.0516,1492,1481.67,1545,1071.32,857.09,945.51,1473.94,840.43,378.24,456.03,475.52,668.91,531.58,582.25,Energy,Oil Gas and Consumable Fuels,Peyto Exploration & Development Corp. together with its subsidiaries engages in the exploration development and production of natural gas and oil and natural gas liquids in Alberta’s deep basin. The company was formerly known as Peyto Energy Trust and changed its name to Peyto Exploration & Development Corp. in January 2011. Peyto Exploration & Development Corp. was incorporated in 1997 and is headquartered in Calgary Canada.,2.4,2.16,2.39,2.06,1.42,1.63,2.22,0.9,-0.22,0.8,0.78,1.07,0.66,0.87,Dec-25
RUS,Russel Metals Inc.,85.07,4670.92,United States and Canada,CA,-0.0152,0,0,0.0921,0.1155,0.2707,0,0,0.1109,0.1668,,,,,,,6118.77,6323.62,,4641.5,4261.2,4505.1,5070.6,4208.5,2688.3,3675.9,4165,3296,2578.6,3111.6,Industrials,Trading Companies and Distributors,Russel Metals Inc. engages in the distribution of steel and other metal products in Canada and the United States. The company operates through Metals Service Centers Energy Field Stores and Steel Distribution segments. The Metal Service Centers segment operates a network of metals service centers which provide metal products in various sizes shapes and specifications including carbon hot rolled and cold finished steel pipe and tubular stainless steel aluminum and other non-ferrous specialty metal products. The Energy Field Stores segment offers specialized products such as flanges valves fittings and other products to energy industry. The Steel Distributors segment sells steel products comprising carbon steel plate flat rolled products beams channels and pipes to other steel service centers and equipment manufacturers. Russel Metals Inc. was incorporated in 1929 and is headquartered in Mississauga Canada.,4.81,4.64,,3.01,2.72,4.33,5.9,6.92,0.75,1.66,3.55,2,0.79,0.94,Dec-25
SRUUN,SmartCentres Real Estate Investment Trust,26.72,4605.6,United States and Canada,CA,-0.1353,0,0,-0.0095,-0.0159,-0.0067,0,0,-0.014,-0.016,-0.0022,0,0,0.0246,,,949.16,980.19,1007.51,935,953.05,929.4,826.83,1004.56,858.47,824.72,811.1,754.17,762.04,691.25,Real Estate,Retail REITs,SmartCentres Real Estate Investment Trust is one of Canada’s largest fully integrated REITs with a best-in-class and growing mixed-use portfolio featuring 201 strategically located properties in communities across the country. SmartCentres has approximately 12.1 billion dollar in assets consisting of income producing value-oriented retail purpose-built rental first-class office and self-storage properties. SmartCentres owns 35.5 million square feet of leasable space with 98.1 percent in place and committed occupancy on 3500 acres of owned land across Canada. SmartCentres Real Estate Investment Trust was established in 2001 and was incorporated in Canada.,0.85,1.98,2.06,1.71,,,,,,,,,,,Dec-25
BTE,Baytex Energy Corp.,6.49,4537.81,United States and Canada,CA,-0.1194,0,0.0033,-0.0208,0.4604,-0.4127,0,0.0039,0.0131,0.1778,-0.4777,,,,,,1804.33,1599.9,,1480.82,1612.84,2712.83,2326.08,1529.04,811.74,1485.68,1115.12,857.98,601.98,880,Energy,Oil Gas and Consumable Fuels,Baytex Energy Corp. an energy company engages in the acquisition development and production of crude oil and natural gas in the Western Canadian Sedimentary Basin. It offers light oil and condensate heavy oil natural gas liquids and natural gas. The company also holds 100% interest in Duvernay and Peace River properties in Alberta; and Lloydminster property in Alberta and Saskatchewan. Baytex Energy Corp. was incorporated in 1993 and is headquartered in Calgary Canada.,0.32,0.4,,0.07,-0.04,0.33,1.53,0.94,0,-0.02,-0.44,-0.02,-0.89,-1.95,Dec-25
SII,Sprott Inc.,170.66,4391.54,United States and Canada,CA,-0.2594,0,0,-0.0697,0.0448,0.6586,0,0,-0.0818,-0.1062,0.2969,0,0,0.0026,,,489.54,457.12,568.66,391.3,256.85,200.56,196.57,208.2,154.95,95.42,101.58,118.27,168.9,109.01,Financials,Capital Markets,Sprott Inc. is a publicly owned asset management holding company. Through its subsidiaries the firm provides asset management portfolio management wealth management fund management and administrative and consulting services to its clients. It offers mutual funds hedge funds and offshore funds along with managed accounts. Further the firm also provides broker-dealer activities. Sprott Inc. was formed on February 13 2008 and is based in Toronto Canada.,6.47,6.65,8.38,3.14,2.64,1.89,1.59,2.05,1.61,0.91,1.41,1.54,0.82,0.22,Dec-25
POU,Paramount Resources Ltd.,30.04,4387.64,United States and Canada,CA,-0.1017,0,0,-0.0091,0.2821,0.1732,0,0,0.02,0.1304,0.1667,0,0,0.0133,-0.0363,,1018.67,1187.75,1754,965.7,1854.7,1799.3,2189.1,1332.1,594.7,851.56,896.29,466.77,246.62,366.41,Energy,Oil Gas and Consumable Fuels,Paramount Resources Ltd. an energy company explores for and develops conventional and unconventional petroleum and natural gas reserves and resources in Canada. It holds interests in the Willesden Green Duvernay development covering an area of 320000 net acres of contiguous Duvernay rights located near Rocky Mountain House Alberta; Sinclair development covering over 140000 net acres of Montney rights located in the west of Grand Prairie Alberta; and Kaybob properties that include approximately 110000 net acres of Duvernay rights and approximately 180000 net acres of Montney rights. The company was founded in 1976 and is based in Calgary Canada.,1.52,1.62,1.1,,,3.4,5.21,,0.94,-1.16,-2.75,-2.06,-0.21,-4.94,Dec-25
EFX,Enerflex Ltd.,34.1,4163.71,United States and Canada,CA,-0.1464,0,-0.0007,-0.0072,-0.0077,0.0597,0,0.0054,0.0122,0.0368,0.1566,0,0.0024,0.0196,0.1092,0.2198,3458.28,3833.58,4080.72,3528.88,3470.58,3162.09,1777.8,960.16,1217.05,2045.42,1703.27,1553.36,1130.6,1629.03,Energy,Energy Equipment and Services,Enerflex Ltd. offers modular natural gas power technology and treated water solutions in North America Latin America and the Eastern Hemisphere. The company’s portfolio includes compression processing cryogenic treated water solutions and energy infrastructure portfolio includes energy infrastructure solutions under contract for natural gas processing compression and treated water equipment. It also provides contract operations services that includes trained personnel equipment tools materials and supplies to meet natural gas needs electric power and produced water needs as well as designing sourcing installing operating servicing repairing and maintaining equipment. In addition the company offers after-market services products such as delivers comprehensive mechanical services to client partners including parts distribution; operations and maintenance solutions; equipment optimization and maintenance programs; manufacturer warranties; exchange components; long-term service agreements; and technical services as well as provides contract operations and maintenance services for natural gas facilities. Further the company involves in the sale of modular natural gas-handling and low-carbon solutions that are engineered designed fabricated and assembled for gas processing including cryogenic solutions; gas compression systems; CCUS; water treatment; and electric power generation systems as well as engineers designs fabricates constructs commissions operates and services hydrocarbon processing equipment. Additionally it provides field construction installation and commissioning for an integrated electric power solution as well as re-engineering and refurbishment services. The company was formerly known as Enerflex Systems Income Fund and changed its name to Enerflex Ltd. in January 2010. Enerflex Ltd. was founded in 1980 and is headquartered in Calgary Canada.,1.9,2.64,2.97,1,0.97,0.65,-0.26,-0.21,0.86,1.87,1.09,1.07,0.69,0.86,Dec-25
CRTUN,CT Real Estate Investment Trust,16.99,4061.51,United States and Canada,CA,-0.1034,0,0,-0.0036,0.0005,-0.0046,0,0,-0.0052,-0.0029,-0.012,0,0,,,,632.15,653.66,675.43,604.25,578.69,552.77,532.79,514.54,502.35,489.01,472.48,443.3,407.17,378.18,Real Estate,Retail REITs,CT Real Estate Investment Trust is an unincorporated closed-end real estate investment trust formed to own income producing commercial properties located primarily in Canada. Its portfolio is comprised of 380 properties totaling 32 million square feet of GLA consisting primarily of net lease single-tenant retail properties located across Canada. Canadian Tire Corporation Limited is CT REIT's most significant tenant. CT Real Estate Investment Trust was established on October 22 2013 and incorporated in Ontario Canada.,1.51,1.33,1.38,1.79,,,,,,,,,,,Dec-25
EFR,Energy Fuels Inc.,15.63,3906.95,United States and Canada,CA,-0.5927,0,0,-0.145,-0.2721,-0.2393,0,0,0.0286,0.1007,0.0085,0,0,0.0416,0.4745,-0.4788,180.87,358.92,611.56,90.48,112.3,50.25,16.94,4.03,2.11,7.62,43.3,39.03,73.25,85.12,Energy,Oil Gas and Consumable Fuels,Energy Fuels Inc. together with its subsidiaries engages in the exploration recovery recycling exploration operation development permitting evaluation and sale of uranium mineral properties in the United States. It operates through three segments: Uranium REE and HMS. It produces and sells vanadium pentoxide rare earth elements carbonate and heavy mineral sands such as ilmenite rutile zircon and monazite. The company was formerly known as Volcanic Metals Exploration Inc. and changed its name to Energy Fuels Inc. in May 2006. Energy Fuels Inc. was incorporated in 1987 and is headquartered in Lakewood Colorado.,-0.39,0.68,1.28,-0.55,,,,-0.28,-0.33,-0.54,,-0.44,-0.6,,Dec-25
CEU,CES Energy Solutions Corp.,18.38,3854.95,United States and Canada,CA,-0.0981,0,0.0018,0.0537,0.0808,0.1547,0,0.0111,0.0493,0.0988,0.2089,0,0.0186,0.0107,0.0263,0.2396,2900.66,3137.85,3361.89,2494.15,2353.68,2163.51,1922.32,1196.42,888.05,1277.26,1271.05,1029.64,567.73,749.61,Energy,Energy Equipment and Services,CES Energy Solutions Corp. together with its subsidiaries engages in the design implementation and manufacture of advanced consumable fluids and specialty chemicals in the United States and Canada. The company provides solutions for drill-bit point of completion and stimulation wellhead and pump-jack and pipeline and midstream markets. Its solutions include corrosion inhibitors demulsifiers H2S scavengers paraffin control products surfactants scale inhibitors biocides and other specialty products. The company also designs and implements drilling fluid systems and completion solutions for oil and natural gas producers; designs and manufactures production and specialty chemicals for use in the oil and natural gas production; and operates trucks and trailers designed to transport products in the oil and gas industry. In addition it provides environmental consulting water management and transfer and drilling fluids waste disposal services; and laboratory services. CES Energy Solutions Corp. was formerly known as Canadian Energy Services & Technology Corp. and changed its name to CES Energy Solutions Corp. in June 2017. The company was incorporated in 1986 and is headquartered in Calgary Canada.,1.03,1.32,1.53,0.92,0.81,0.61,0.36,0.21,0.05,0.11,0.19,0.17,-0.28,0.04,Dec-25
ALS,Altius Minerals Corporation,65.58,3852.71,United States and Canada,CA,-0.0571,0,0.0222,0.0358,0.2399,0.6134,0,0.0381,0.0673,0.1986,0.7839,0,0,0.0656,0.2441,,108.83,133.53,155.47,53.75,58.17,68.96,102.05,81.68,60.06,61.23,49.23,45.39,25.2,11.2,Materials,Metals and Mining,Altius Minerals Corporation engages in the mineral and renewable royalties and project generation businesses in Canada Brazil and the United States. The company operates in three segments: Mineral Royalties Renewable Royalties and Project Generation. It owns royalty and streaming interests in 11 operating mines covering copper nickel cobalt lithium potash and iron ore. The company is also involved in the acquisition and management of renewable energy investments and royalties as well as early-stage royalties and minority equity or project interests. Altius Minerals Corporation was incorporated in 1997 and is headquartered in St. John's Canada.,0.73,1.08,1.45,0.49,0.36,0.24,0.74,0.78,0.39,0.53,0.14,-0.03,-0.97,0.29,Dec-25
SJ,Stella-Jones Inc.,69.16,3773.9,United States and Canada,CA,-0.3173,0,0,-0.0093,-0.0244,-0.0134,0,0,-0.0158,-0.0308,,0,0,-0.0042,-0.0278,,3604.7,3726,4002.13,3492,3469,3319,3065,2750,2551,2189,2123.89,1886.14,1838.35,1559.33,Materials,Paper and Forest Products,Stella-Jones Inc. together with its subsidiaries manufactures and sells industrial pressure-treated wood products in Canada and the United States. It operates through two segments Pressure-Treated Wood; and Logs and Lumber. The company offers wood utility poles railway ties residential lumber; and industrial products such as timbers for railway bridges crossings and construction marine and foundation pilings and coal tar-based products. It also sells logs as well as excess lumber to local home-building markets. In addition the company offers treated wood poles and crossarms steel lattice towers and steel transmission poles to electrical utilities companies; treated wood railway ties and timber for short line and commercial railroad operators; and manufactures and distributes treated residential lumber and accessories to retailers for outdoor applications. Stella-Jones Inc. was incorporated in 1992 and is headquartered in Saint-Laurent Canada.,5.32,6.11,6.7,5.75,5.65,5.65,3.92,3.47,3.12,2.38,1.98,1.99,2.23,2.04,Dec-25
PBH,Premium Brands Holdings Corporation,71.73,3741.27,United States and Canada,CA,-0.3283,0,0,-0.0143,-0.0217,0.1473,0,0,-0.019,-0.0221,0.1203,0,0,-0.039,-0.0421,,9166.64,9853.74,10265.32,7477.2,6470.5,6261,6029.8,4931.7,4068.9,3649.4,3025.8,2198.3,1857.5,1484.5,Consumer Staples,Food Products,Premium Brands Holdings Corporation manufactures and distributes food products under various brands Canada. The company operates in two segments Specialty Foods and Premium Food Distribution. It provides processed meat deli products meat snacks meatballs beef jerky and halal sandwiches specialty and gourmet products entrees panini wraps subs hamburgers burgers salads and kettle products breads pastas pizza and baking products. The company is also involved in the distribution of food products including meat and seafood products; operation of retail/convenience store and concessionary; and provision of seafood processing services. Premium Brands Holdings Corporation was founded in 1917 and is headquartered in Richmond Canada.,5.48,7.16,8.51,4.57,3.98,4.03,4.82,4.47,3.03,3.29,3.37,2.87,2.48,1.63,Dec-25
DIRUN,Dream Industrial Real Estate Investment Trust,12.86,3699.9,United States and Canada,CA,-0.134,0,0,-0.0026,0.0126,-0.029,0,0,-0.0079,0.0204,-0.0361,0,0,-0.0288,,,535.55,586.64,641.65,524.99,514.56,443.11,408.72,331.67,236.84,197.24,161.1,173.35,174.76,177.01,Real Estate,Industrial REITs,Dream Industrial Real Estate Investment Trust is the owner manager and operator of a global portfolio of well-located diversified industrial properties. As at June 30 2026 Dream Industrial REIT has an interest in and manages a portfolio which comprises 348 industrial assets (565 buildings) totaling approximately 75.7 million square feet of gross leasable area in key markets across Canada Europe and the U.S. Dream Industrial REIT’s objective is to deliver strong total returns to its unitholders through secure distributions as well as growth in net asset value and cash flow per unit underpinned by its high-quality portfolio and an investment grade balance sheet. Dream Industrial REIT is an unincorporated open-ended real estate investment trust. Dream Industrial Real Estate Investment Trust 2012 and was incorporated in Canada.,0.86,1.13,1.21,0.58,,,,,,,,,,,Dec-25
DML,Denison Mines Corp.,3.64,3294.99,United States and Canada,CA,-0.3974,0,-0.0906,-0.0214,-0.1117,0.1389,0,-0.0199,0.0527,0.1179,0.4557,0,0.037,-0.3627,14.6341,14.6289,20.73,28.67,284.4,4.92,4.02,1.85,16.94,20,14.42,15.55,15.55,16.07,18.58,17.58,Energy,Oil Gas and Consumable Fuels,Denison Mines Corp. engages in the acquisition exploration and development of uranium bearing properties in Canada. It holds 95% interest in its flagship project Wheeler River uranium project located in the Athabasca Basin region in northern Saskatchewan. The company was formerly known as International Uranium Corporation and changed its name to Denison Mines Corp. in December 2006. The company was founded in 1954 and is headquartered in Toronto Canada.,-0.11,-0.06,0.18,-0.08,-0.1,-0.05,-0.05,0.02,-0.03,-0.03,-0.05,-0.04,-0.03,-0.08,Dec-25
HWX,Headwater Exploration Inc.,13.53,3216.93,United States and Canada,CA,-0.0799,0,0.0006,-0.048,0.4248,0.3944,0,0.122,0.1422,0.2924,0.5151,,,,,,783,803,,514.29,511.5,425.55,373.22,165,8.84,9.1,16.44,7.28,13.26,15.51,Energy,Oil Gas and Consumable Fuels,Headwater Exploration Inc. engages in the exploration development and production of petroleum and natural gas resources in Canada. It holds interest in the Marten Hills area located in Alberta; and the McCully Field area located in New Brunswick. The company was formerly known as Corridor Resources Inc. and changed its name to Headwater Exploration Inc. in March 2020. The company was incorporated in 1996 and is based in Calgary Canada.,,,,0.64,0.79,0.66,,,0.02,,,0.02,0.02,-0.07,Dec-25
MFI,Maple Leaf Foods Inc.,25.59,3186.31,United States and Canada,CA,-0.2952,0,-0.0017,-0.0129,-0.0131,-0.247,0,-0.0029,-0.0147,-0.0153,-0.239,0,0,-0.0214,-0.0201,,4069.79,4251.82,4445.2,3912.66,3633.4,4841.21,4739.06,4521.08,4303.72,3941.55,3495.52,3522.23,3331.81,3292.93,Consumer Staples,Food Products,Maple Leaf Foods Inc. together with its subsidiaries operates as a protein-focused consumer packaged goods company in Canada the United States Japan Korea the Philippines China and internationally. It offers fresh and frozen poultry bacon hams wieners meat snacks a variety of delicatessen products specialty sausages a line of cooked meats sliced meats cooked sausage products lunch kits and canned meats; processed chicken products comprising fully cooked chicken breasts and wings; and a range of plant-based products including tempeh and plant-based chicken sausages wieners bacon grounds burgers deli meat cheeses and frozen appetizers under the Maple Leaf Maple Leaf Prime Schneiders Mina Greenfield Natural Meat Co. Fantino & Mondello Grab’N Snack Lunch Mate LightLife Field Roast Chao Swift Premium Hygrade Mitchell’s Gourmet Larsen and Shopsy’s brands as well as private label brands. The company was founded in 1836 and is headquartered in Mississauga Canada.,1.57,1.8,2.02,1.09,0.78,0.09,-0.26,0.99,1.03,0.67,1.21,1.54,1.23,0.59,Dec-25
BEIUN,Boardwalk Real Estate Investment Trust,61.6,3098.51,United States and Canada,CA,-0.1215,0,0,-0.0123,-0.0381,-0.0266,0,0,-0.0161,-0.0485,-0.0557,0,0,-0.0196,,,645.53,655.89,674,635.95,616.52,544.54,496.11,470.53,465.57,455.31,434.62,422.93,438.85,476.15,Real Estate,Residential REITs,Boardwalk Real Estate Investment Trust strives to be Canada's friendliest community provider and the first choice in multi-family communities to work invest and call home with our Boardwalk Family Forever. Providing homes in more than 200 communities with approximately 34000 residential suites totaling 30 million net rentable square feet Boardwalk has a proven long-term track record of building better communities where love always lives. Our three-tiered and distinct brands: Boardwalk Living Boardwalk Communities and Boardwalk Lifestyle cater to a large diverse demographic and have evolved to capture the life cycle of all Resident Family Members. Boardwalk's disciplined approach to capital allocation acquisition development purposeful re-positioning and management of apartment communities allows the Trust to provide its brand of community across Canada creating exceptional Resident Family Member experiences. Differentiated by its peak performance culture Boardwalk is committed to delivering exceptional service product quality and experience to our Resident Family Members who reward us with high retention and market leading operating results which in turn lead to higher free cash flow and investment returns stable monthly distributions and value creation for all our stakeholders. Boardwalk Real Estate Investment Trust was incorporated in 1983 in Alberta Canada.,1.98,4.66,4.93,3.84,,,,,,,,,,,Dec-25
BDGI,Badger Infrastructure Solutions Ltd.,90.96,3061.67,United States and Canada,CA,-0.0855,0,0,0.0495,0.095,0.139,0,0,0.0586,0.1074,0.1865,0,0,0.0579,,,1384.04,1543.65,1670.4,1141.57,1071.01,906.01,772.85,573.98,558.63,654.28,615.44,496.81,404.2,404.62,Industrials,Construction and Engineering,Badger Infrastructure Solutions Ltd. provides non-destructive excavating and related services to utilities industrial construction transportation and other industries in Canada and the United States. It offers Badger Hydrovac for use in safe excavations around critical infrastructure and in congested underground conditions. The company also provides hydrovac services such as anode installations daylighting debris removal pipelines potholing power distribution service pits shoring installations tank cleanouts trenching and utility pole holes; and electromagnetic locating GPS data collection infrastructure mapping depth of cover surveys 4-way sweeps and passive scans daylight reports CAD drawings and GIS exports and watch and protect inspections services. In addition it offers sewer services including air testing CCTV inspections flushing and cleaning laser profiling mainline to lateral inspections Mandrel testing reaming and concrete removal sewer and main line locating and smoke testing; and disaster response services related to large scale natural disasters comprising hurricanes floods and large-scale fires. The company was formerly known as Badger Daylighting Ltd. and changed its name to Badger Infrastructure Solutions Ltd. in May 2021. Badger Infrastructure Solutions Ltd. was founded in 1992 and is headquartered in Calgary Canada.,3.49,4.06,4.66,2.8,2.36,1.46,0.92,-0.05,0.71,1.67,1.86,1.78,0.82,1.15,Dec-25
EXE,Extendicare Inc.,31.55,2998.71,United States and Canada,CA,-0.1939,0,0,0.0259,0.05,0.3499,0,0,0.0304,0.0629,0.4434,0,0,0.0293,0.052,0.4967,2307.73,2541.85,2628.17,1660.41,1466.2,1304.96,1221.58,1166.99,1103.54,1131.95,1120.01,1097.33,1060.76,943.28,Health Care,Health Care Providers and Services,Extendicare Inc. through its subsidiaries provides care and services for seniors in Canada. It operates through the Long-term Care Home Health Care and Managed Services segments. The company offers long-term care services such as accommodation and meals and assistance with activities of daily living and continuing care to residents; and home health care services such as nursing care occupational physical and speech therapy and assistance with daily activities as well as management consulting and other services to third parties and joint ventures. It provides its services under the Extendicare ParaMed Extendicare Assist and SGP Purchasing Network brands. The company was incorporated in 1968 and is based in Markham Canada.,1.45,1.62,1.86,1.11,0.32,,,,,,,,,,Dec-25
FRU,Freehold Royalties Ltd.,16.89,2769.29,United States and Canada,CA,-0.073,0,0,-0.0409,0.2096,0.0086,0,0,0.0229,0.1345,0.1369,0,0,0,0.0299,0.1058,352,357,345,313.46,309.48,314.57,393.02,208.99,89.96,140.84,144.54,150.72,128.65,133.37,Energy,Oil Gas and Consumable Fuels,Freehold Royalties Ltd. acquires and manages royalty interests in the crude oil natural gas natural gas liquids and potash properties in Canada and the United States. The company was founded in 1996 and is headquartered in Calgary Canada.,0.76,0.74,,0.56,,,0.72,,,0.12,0.21,0.17,-0.11,0.32,Dec-25
SDE,Spartan Delta Corp.,13.08,2683.72,United States and Canada,CA,-0.0917,0,0,-0.0161,0.1962,0.162,0,0,0.0727,0.1882,,,,,,,731.5,988,,369.97,275.06,592.79,1315.26,552.2,90.84,1.65,2.03,2.07,0.54,0.04,Energy,Oil Gas and Consumable Fuels,Spartan Delta Corp. engages in the exploration development and production of crude oil and natural gas properties in Western Canada. Its assets are in Duvernay and Deep Basin in Canada. The company was formerly known as Return Energy Inc. and changed its name to Spartan Delta Corp. in May 2020. Spartan Delta Corp. was incorporated in 2006 and is headquartered in Calgary Canada.,0.51,1.03,1.57,0.35,0.2,2.03,3.9,1.67,0.21,,,,,,Dec-25
HRUN,H&R Real Estate Investment Trust,9.51,2662.88,United States and Canada,CA,-0.2068,0,0,-0.0764,-0.0782,-0.2926,0,0,-0.0031,-0.0144,-0.2658,,,,,,689.67,749.61,,879.51,876.36,903.63,886.42,1097.43,1138.81,1194.2,1212.47,1221.54,1252.36,1352.18,Real Estate,Diversified REITs,H&R Real Estate Investment Trust is one of Canada's largest real estate investment trusts. H&R REIT has ownership interests in a Canadian and U.S. portfolio primarily comprised of high-quality residential (operating as Lantower Residential) industrial and office properties comprising approximately 20.3 million square feet. H&R Real Estate Investment Trust was incorporated in 1996 in Ontario Canada.,,,,,,,,,,,,,,,Dec-25
WTE,Westshore Terminals Investment Corporation,42.8,2643.75,United States and Canada,CA,-0.0243,0,0,0.0363,0.0398,-0.0218,0,0,0.0396,0.0912,,,,,,,368.2,407,,323,404.73,380.99,296.96,340.47,368.41,395.42,363.37,330.03,324.46,365.82,Industrials,Transportation Infrastructure,Westshore Terminals Investment Corporation operates a coal storage and unloading/loading terminal at Roberts Bank British Columbia. It has contracts to ship coal from mines in British Columbia Alberta and the United States. The company was founded in 1970 and is headquartered in Vancouver Canada.,1.39,1.82,,1.47,1.86,1.87,1.06,1.71,1.96,2.1,1.8,1.51,1.62,2.06,Dec-25
PXT,Parex Resources Inc.,27.36,2631.49,United States and Canada,CA,-0.094,0,0,-0.1173,0.4192,0.8473,0,0,0.0671,0.357,1.2747,0,0,0.1451,,1.3699,2377.86,3037.21,3108.76,1218.15,1560.77,1550.01,1774.61,1138.33,676.76,1269.34,1137.01,646.48,552.12,669.76,Energy,Oil Gas and Consumable Fuels,Parex Resources Inc. engages in the exploration development production and marketing of oil and natural gas in Colombia. Its principal land holdings and exploration blocks are located in the Llanos Basin Magdalena Basin and Putumayo Basin. The company was incorporated in 2009 and is headquartered in Calgary Canada.,9.25,5.89,6.27,3.58,0.74,5.84,7.16,3.02,0.92,3.49,,1.41,0.29,-0.39,Dec-25
ATS,ATS Corporation,26.54,2574.8,United States and Canada,CA,-0.4636,0,0,-0.0542,-0.0762,-0.0802,0,0,-0.0584,-0.0893,-0.0984,0,0,-0.0096,,,2857.84,2990.58,3141.34,2972.93,2533.29,3032.88,2577.38,2182.72,1430.05,1429.73,1253.62,1114.93,1010.9,1039.64,Industrials,Machinery,ATS Corporation together with its subsidiaries engages in the planning designing building commissioning and servicing of automated manufacturing and assembly systems worldwide. The company offers pre-automation services comprising discovery and analysis concept development simulation and total cost of ownership modeling; post-automation services including training process optimization preventive maintenance emergency and on-call support spare parts retooling retrofits and equipment relocation; and contract manufacturing services as well as after-sales services. It also provides engineering design prototyping process verification specification writing software and manufacturing process controls development standard automation products and platforms equipment design and build third-party equipment qualification procurement and integration automation system installation product line commissioning validation and documentation services. In addition the company offers value engineering supply chain management and integration and manufacturing capabilities as well as other automation products and solutions; and software and digital solutions comprising connected factory floor management systems to capture analyze and use real-time machine performance data to troubleshoot issues deliver process and product solutions prevent equipment downtime drive operational efficiency and unlock performance for sustainable production improvements. It serves the life sciences transportation and mobility consumer products food and beverage electronics nuclear packaging warehousing and distribution and energy markets. The company was formerly known as ATS Automation Tooling Systems Inc. and changed its name to ATS Corporation in November 2022. ATS Corporation was founded in 1978 and is headquartered in Cambridge Canada.,1.52,1.93,2.34,1.69,1.48,2.61,2.39,2.17,1.07,1.06,0.98,0.74,0.57,0.72,Mar-26
NWC,The North West Company Inc.,53.89,2549.51,United States and Canada,CA,-0.0507,0,0.013,0.0175,-0.0123,-0.0513,0,0.0154,0.026,0.0044,-0.0424,0,0.0073,0.0177,,,2679.89,2797.27,2912.55,2598.21,2576.34,2471.68,2352.76,2248.8,2359.24,2094.39,2013.49,1985.12,1844.09,1796.04,Consumer Staples,Consumer Staples Distribution and Retail,The North West Company Inc. through its subsidiaries engages in the retail of food and everyday products and services in northern Canada rural Alaska the South Pacific and the Caribbean. The company operates Northern stores which offers food general merchandise and financial services that include cheque cashing ATMs and prepaid card products; NorthMart stores that provides fresh food apparel and health products and services; and Quickstop convenience stores that provides ready-to-eat food products fuel and related services. It also operates Giant Tiger junior discount stores which offers family fashion household products and food products; Valu Lots discount center and direct-to-customer food distribution outlets for remote communities; solo market a full service grocery; Pharmacy and Convenience stores; and NWC Motorsports a dealership that offers sales service parts and accessories for Ski-doo Honda Can-am and other premier brands. In addition the company also engages in distribution of produces and fresh meats; provides contract tele-pharmacist services; and engages in shipping services. Further it operates Alaska Commercial Company stores that provides food and general merchandise to remote and rural regions; Pacific Alaska wholesale a distributor to independent grocery stores commercial accounts and individual households; Riteway food markets; and Cost-U-Less mid-size warehouse stores. Additionally the company also offers gasoline. The North West Company Inc. was formerly known as North West Company Fund and changed its name to The North West Company Inc. in January 2011. The North West Company Inc. was founded in 1668 and is headquartered in Winnipeg Canada.,3.18,3.76,4.12,3.29,3.19,3.03,2.78,3.1,2.59,1.68,1.5,1.65,1.57,1.43,Jan-26
MTL,Mullen Group Ltd.,26.49,2549.43,United States and Canada,CA,-0.0796,0,0.0002,0.0195,0.0368,-0.024,0,0.0032,0.0436,0.0633,-0.0096,0,0.0067,0.08,0.1224,-0.0458,2356.71,2465.89,2550.7,2133.64,1989.25,1994.72,1999.45,1477.43,1164.33,1278.5,1260.8,1138.49,1035.06,1214.37,Industrials,Ground Transportation,Mullen Group Ltd. provides a range of trucking and logistics services in Canada and the United States. It operates through four segments: Less-Than-Truckload Logistics & Warehousing Specialized & Industrial Services and U.S. & International Logistics. The Less-Than-Truckload segment delivers general freight such as smaller shipments packages and parcels; and pharmaceutical and package products. The Logistics & Warehousing segment offers full truckload specialized transportation warehousing and fulfillment centers that handle e-commerce transactions and transload facilities for intermodal and bulk shipments; technology solutions including transportation inventory and warehouse management systems; and warehousing and distribution services. The Specialized & Industrial Services segment provides specialized equipment and services to oil and gas environmental construction pipeline utility telecom and civil industries; and specialized services comprising water management environmental pipeline and civil construction industrial cleaning and turnaround fluid management and municipal development and emergency support services as well as drilling and drilling related services. The U.S. & International Logistics segment offers logistics services through professional representatives and station agents. This segment also owns SilverExpress a proprietary integrated transportation management platform. Mullen Group Ltd. was founded in 1949 and is headquartered in Okotoks Canada.,1.34,1.52,1.67,0.94,1.36,1.49,1.77,0.74,0.63,0.46,0.51,0.41,0.46,0.8,Dec-25
VET,Vermilion Energy Inc.,16.63,2541.06,United States and Canada,CA,-0.1812,0,-0.0214,-0.0748,0.0682,-0.0248,0,0.0074,0.0324,0.1366,0.0624,0,0,-0.0034,0.1245,0.0564,2091.33,2259,2340,1701.63,1453.58,1830.86,3170.38,1893.64,1012.99,1526.2,1525.95,1024.36,828.51,873.67,Energy,Oil Gas and Consumable Fuels,Vermilion Energy Inc. engages in petroleum and natural gas focuses on the acquisition exploration development and optimization of producing properties in North America Europe and Australia. Its properties are located in the West Pembina region of West Central Alberta Canada; southwest Bordeaux and Paris Basin in France; the Netherlands; Germany; Ireland; Croatia; Slovakia; Hungary; and Australia. The company was founded in 1994 and is headquartered in Calgary Canada.,0.49,1.08,,-2.37,,5.83,6.97,2.3,-0.98,0.24,1.24,0.52,-1.39,-1.4,Dec-25
TVK,TerraVest Industries Inc.,113.61,2434.17,United States and Canada,CA,-0.3515,0,0,0.004,-0.0217,-0.0262,0,0,-0.004,-0.0192,-0.0378,0,0,0.0067,,,1791.1,2002.55,2082.77,1371.15,911.82,678.35,576.7,307.46,304.25,306.29,269.93,192.53,178.51,195.04,Energy,Energy Equipment and Services,TerraVest Industries Inc. together with its subsidiaries manufactures and sells goods and services in Canada the United States and internationally. The company operates in four segments: HVAC and Containment Equipment Compressed Gas Equipment Processing Equipment and Service. It offers commercial and residential refined fuel tanks furnaces boilers air conditioning equipment and controls fuel supply systems load banks chemical storage tanks wastewater treatment systems grease removal systems and other custom built steel storage products; and engineered products for the storage distribution and dispensing of crude oil refined fuel dry bulk chemicals other liquids and compressed gases including liquid propane gas natural gas liquids liquified natural gas anhydrous ammonia carbon dioxide and other gases as well as storage vessels transport trailers delivery units dispensers commercial and residential storage tanks and other custom vessels. The company also provides wellhead processing equipment and tanks desanding equipment biogas production equipment water treatment equipment and other custom process equipment; and services comprising water management environmental solutions heating rentals and well servicing. It serves agriculture mining energy production and distribution chemical utilities transportation and construction and other industries. The company is headquartered in Vegreville Canada.,3.64,5.39,7.62,3.03,1.67,,0.81,,,,,,,,Sep-25
SIA,Sienna Senior Living Inc.,20.49,2271.89,United States and Canada,CA,-0.1487,0,0,-0.0064,-0.0011,0.0289,0,0,0.0072,0.0501,0.1061,0,0,,,,1147.39,1247.14,1230.9,1004.94,893.16,785.37,718.59,668.49,664.23,669.73,641.98,557.69,497.89,452.62,Health Care,Health Care Providers and Services,Sienna Senior Living Inc. provides senior living services in Canada. It operates through Retirement and Long-Term Care (LTC) segments. The company offers independent living independent supportive and assisted living memory care and long-term and continuing care services. It also provides management services to senior living residences; consulting services for quality and process improvement executive leadership risk management policy and procedure evaluation financial management and budget preparation improving NOI and reducing expenditure and competitive analysis and benchmarking; and education and training services through in-person online and video training. The company was formerly known as Leisureworld Senior Care Corporation and changed its name to Sienna Senior Living Inc. in May 2015. Sienna Senior Living Inc. was founded in 1972 and is headquartered in Markham Canada.,0.54,0.63,0.7,0.49,,,,,,,,,,,Dec-25
URC,Uranium Royalty Corp.,3.89,2231.49,United States and Canada,CA,-0.4813,0,0,0,126.1429,88,,,,,,,,,,,89,,,253.95,15.54,42.97,13.85,,,,,,,,Materials,Metals and Mining,Uranium Royalty Corp. operates as a uranium and land royalty company in Canada. It engages in acquiring and assembling a portfolio of royalties; investing in companies with exposure to uranium and physical uranium; and the purchase and sale of physical uranium. The company was incorporated in 2017 and is based in Lakewood Colorado.,0.01,0.04,,0.43,,,,,,,,,,,Apr-26
CCA,Cogeco Communications Inc.,52.68,2213.33,United States and Canada,CA,-0.3194,0,-0.0004,-0.0043,-0.012,-0.0221,0,-0.0024,-0.0072,-0.0164,-0.0344,0,-0.0014,-0.0248,-0.0263,-0.0471,2788.36,2726.42,2680.05,2910.49,2976.52,2984.13,2900.65,2510.45,2384.28,2331.82,2147.4,2226.85,2176.15,2043.32,Communication Services,Diversified Telecommunication Services,Cogeco Communications Inc. operates as a telecommunications corporation in Canada and the United States. The company operates in two segments Canadian Telecommunications and American Telecommunications. It offers Internet video wireless and wireline phone services to residential and small business customers through its two-way broadband cable networks. The company also provides Internet packages comprising best-in-class managed Wi-Fi and with home Wi-Fi solutions; video services; and voice services and other advanced network connectivity services such as dedicated fibre session initiation protocol (SIP) or primary rate interface (PRI) trunking solutions hosted private branch exchange (HPBX) solutions and managed business Wi-Fi (MBW) through its long-distance fibre optic systems advanced hybrid fibre-coaxial (HFC) telecommunications distribution networks point-to-point fibre networks and fibre-to-the-home (FTTH) network technologies. In addition it provides cable operator services under the Cogeco Connexion name in Québec and Ontario Canada; and in the United States under the Breezeline brand. The company was formerly known as Cogeco Cable Inc. and changed its name to Cogeco Communications Inc. in January 2016. Cogeco Communications Inc. was founded in 1957 and is headquartered in Montreal Canada.,8.76,8.53,8.57,7.94,9.35,9.34,9.74,8.64,7.9,6.93,5.6,6.11,5.71,5.43,Aug-25
KEL,Kelt Exploration Ltd.,10.72,2175.83,United States and Canada,CA,-0.0555,0,0,-0.0189,0.1825,0.0572,0,0,0.0157,0.0788,0.2199,,,,,,804.5,885.67,,466.99,413.69,436.41,547.79,289.35,196.8,375.06,358.58,234,168.7,160.29,Energy,Oil Gas and Consumable Fuels,Kelt Exploration Ltd. an oil and gas company engages in the exploration development and production of crude oil and natural gas resources natural gas primarily in Northwestern Alberta and Northeastern British Columbia. Kelt Exploration Ltd. was incorporated in 2012 and is headquartered in Calgary Canada.,0.58,0.84,1.2,0.31,0.22,0.43,0.81,0.33,-1.35,0.03,0.05,-0.13,-0.3,,Dec-25
TNZ,Tenaz Energy Corp.,64.98,2149.71,United States and Canada,CA,-0.145,0,0,0.021,0.1503,0.826,0,0,0.0109,0.1604,1.7929,0,0,0.0254,0.5219,2.8261,815.77,1156.27,1496,284.13,57.73,60,28.14,15.75,7.96,23.11,15.17,16.4,7.78,5.34,Energy,Oil Gas and Consumable Fuels,Tenaz Energy Corp. an energy company engages in the acquisition and development of oil and gas assets in Canada and the Netherlands. The company operates natural gas assets in the Dutch sector of the North Sea. It also develops crude oil and natural gas at the Leduc-Woodbend area in central Alberta Canada. The company was formerly known as Altura Energy Inc. Tenaz Energy Corp. is headquartered in Calgary Canada.,1.21,4.72,,,,,,0.51,-3.19,0.2,0.03,0.03,-0.2,,Dec-25
CJ,Cardinal Energy Ltd.,12.18,2140.63,United States and Canada,CA,-0.0897,0,-0.122,-0.1824,0.1718,0.2208,0,-0.067,-0.0615,0.0444,0.0861,,,,,,594,558,,439.43,497.38,481.12,591.84,368.7,193.21,325.84,318.87,271.45,171.3,155.67,Energy,Oil Gas and Consumable Fuels,Cardinal Energy Ltd. engages in the acquisition exploration development optimization and production of petroleum and natural gas in the provinces of Alberta British Columbia and Saskatchewan in Canada. The company was incorporated in 2010 and is headquartered in Calgary Canada.,0.86,0.86,,0.36,0.67,0.6,2,1.73,-3.23,-0.3,0.52,-0.13,-0.74,-0.29,Dec-25
KMPUN,Killam Apartment REIT,17.26,2117.77,United States and Canada,CA,-0.1015,0,0,-0.0016,-0.0011,-0.0087,0,0,-0.0071,-0.0174,-0.0217,0,0,-0.0032,,,394.76,404.13,417.97,385.63,367.04,349.96,330.64,291.98,262.33,243.2,216.92,188.22,176.5,168.11,Real Estate,Residential REITs,Killam Apartment Real Estate Investment Trust (Killam or the Trust) is an unincorporated open-ended mutual fund trust created pursuant to the amended and restated Declaration of Trust (DOT) under the laws of the Province of Ontario. Killam specializes in the acquisition management and development of multi-residential apartment buildings manufactured home communities (MHCs) and commercial properties in Canada. The condensed consolidated interim financial statements comprise the financial statements of Killam and its subsidiaries as at and for the three and six months ended June 30 2026. Killam's head office operations are located at 3700 Kempt Road Halifax Nova Scotia B3K 4X8. Killam Apartment REIT was incorporated in 2000 in Ontario Canada.,1.61,1.29,1.37,0.24,,,,,,,,,,0.86,Dec-25
RCH,Richelieu Hardware Ltd.,36.21,1985.71,United States and Canada,CA,-0.1959,0,0.0056,-0.0041,-0.0029,0.034,0,0.0134,0.0067,0.0144,,0,,,,,2077.85,2188.87,2332,1964.03,1832.22,1787.75,1802.79,1440.42,1127.84,1041.65,1004.4,942.54,844.47,749.65,Industrials,Trading Companies and Distributors,Richelieu Hardware Ltd. manufactures imports and distributes specialty hardware and complementary products in Canada and the United States. The company offers furniture glass and building decorative and functional hardware; fasteners and fittings; lighting solutions and accessories; finishing and decoration products; office accessories; kitchen and closet storage solutions; sliding systems solutions; decorative and functional panels; surfaces and quartz; baluster and railings; floor protection products; and power tools accessories. It also manufactures veneer sheets and edge banding products decorative moldings and components for the window and door industry as well as custom products. The company serves kitchen and bathroom cabinet storage and closet home furnishing and office furniture manufacturers; door and window manufacturers; residential and commercial woodworkers; and hardware retailers such as renovation superstores. The company was incorporated in 1968 and is headquartered in Montreal Canada.,1.66,1.91,2.15,1.55,1.54,1.99,2.98,2.51,1.5,1.19,,1.15,1.07,0.99,Nov-25
MAL,Magellan Aerospace Corporation,34.53,1970.94,United States and Canada,CA,-0.2444,0,0,0.0314,0.0686,0.0996,0,0,0.0292,0.0475,0.1258,0,0,0.0301,,,1177.52,1253.92,1325.28,1044.68,942.37,879.62,764.58,688.36,744.41,1016.22,966.75,955.46,1003.84,951.47,Industrials,Aerospace and Defense,Magellan Aerospace Corporation engineers and manufactures aeroengine and aerostructure components for aerospace markets in Canada the United States and Europe. The company offers aero engine products such as laser welded honeycomb and filament wound tubes frames compressor components bypass ducts hot section components and aeroengine and helicopter drive shafts as well as other flight safety critical machined components including discs seals and spacers; and aerostructures comprising landing gear systems wing ribs spars and skins bulkheads and fuselage components tailcone assemblies composite wing and fairing structures horizontal and vertical stabilizers plug and nozzle exhaust systems crown modules and vane boxes and transition ducts. It also designs engineers and manufactures assemblies and components for aerospace markets governments space markets and specialty products; wire strike protection systems for helicopter safety; space solutions including small satellite bus platforms and satellite subsystem equipment as well as offers services for satellite assembly integration and testing; and aluminum and magnesium alloy sand castings such as engine mounted accessory gearbox housings helicopter power transmission housings auxiliary power unit inlet and gearbox housings engine front inlet and intermediate cases engine front frames and fan cases pump and accessory drive housings and environmental control housings. The company was incorporated in 1996 and is based in Mississauga Canada.,1.38,1.68,1.87,0.7,0.62,0.18,-0.31,0.01,1.03,1.15,1.53,1.61,1.51,1.37,Dec-25
TSU,Trisura Group Ltd.,41,1935.79,United States and Canada,CA,-0.1961,0,0,-0.0412,-0.0536,-0.0512,0,0,-0.0401,-0.0528,-0.081,0,0,,,,3323.35,3623.44,3954.54,3200.34,3196.67,2803.38,2056.14,348.6,220.75,136.7,103.99,88.24,88.07,,Financials,Insurance,Trisura Group Ltd. a specialty insurance company operates in the surety warranty corporate insurance and program and fronting businesses in Canada and the United States. The company operates in two segments: Trisura Specialty and Trisura US Programs. It offers contract surety bonds such as performance and labour and material payment bonds for construction industry; commercial surety bonds including license and permit tax and excise and fiduciary bonds; Developer surety bonds comprising bonds to secure real estate developers; and new home warranty insurance for residential homes. The company also provides directors’ and officers’ insurance for private and non-profit and public enterprises; professional liability insurance for both enterprises and professionals; technology and cyber liability insurance for enterprises; commercial package insurance for both enterprises and professionals; and fidelity insurance for both commercial enterprises and financial institutions. Trisura Group Ltd. was founded in 2006 and is headquartered in Toronto Canada.,3.08,3.52,4.05,2.85,2.8,2.38,1.87,1.47,0.55,-0.08,,,,,Dec-25
HMMC,Hemlo Mining Corp.,6.46,1914.55,United States and Canada,CA,-0.2373,0,-0.0203,-0.142,-0.046,,0,-0.1792,-0.1182,-0.0866,,0,-0.146,0.0055,0.0932,,931.81,1093.56,1226.45,,,,,,7.46,15.11,28.03,16.49,10.72,2.75,Materials,Metals and Mining,Hemlo Mining Corp. engages in the production and operation of gold mining assets in Canada. Its flagship asset is the 100% owned Hemlo gold mine covering approximately 45000 hectares located at Marathon in northwestern Ontario Canada. The company was formerly known as Carcetti Capital Corp. and changed its name to Hemlo Mining Corp. in November 2025. The company was incorporated in 2025 and is headquartered in Toronto Canada.,0.56,0.88,1.1,-0.79,,,,,,,,,,,Dec-25
CFP,Canfor Corporation,16.05,1883.32,United States and Canada,CA,-0.0325,0,0,0.0163,0.0332,0.0447,0,0,-0.0324,-0.0368,-0.057,0,0,-0.0357,-0.0356,-0.0211,5659.74,5560.22,6198.5,5339,5252.8,5426.6,7426.7,7684.9,5454.4,4658.3,5044.4,4563.3,4234.9,3925.3,Materials,Paper and Forest Products,Canfor Corporation operates as an integrated forest products company in the United States Asia Canada Europe and internationally. It operates through Lumber and Pulp and Paper segments. The company manufactures and sells softwood lumber pulp and paper products remanufactured lumber products engineered wood and other lumber-related products wood pellets and energy. The company was founded in 1930 and is headquartered in Vancouver Canada.,-1.35,-0.4,0.43,-2.48,-4.24,-2.78,7.08,12.16,4.59,-0.8,3.79,2.77,1.04,0.43,Dec-25
JWEL,Jamieson Wellness Inc.,45.44,1885.35,United States and Canada,CA,-0.0096,0,0,0.0066,0.0094,0.0283,0,0,0.006,0.0143,0.0455,0,0,0.0069,0.0672,,925.04,1016.99,1092.1,822.06,733.78,676.17,547.37,451.03,403.66,344.98,319.78,300.62,248.33,230.87,Consumer Staples,Personal Care Products,Jamieson Wellness Inc. together with its subsidiaries develops manufactures distributes markets and sells the natural health products for human in Canada the United States China and internationally. The company operates in two segments Jamieson Brands and Strategic Partners. The Jamieson Brands segment manufactures distributes and markets branded natural health products including vitamins minerals and supplements as well as sports nutrition products. The Strategic Partners segment provides contract manufacturing services to consumer health companies and retailers. It offers health and wellness supplements under the Jamieson brand; health beauty and wellness supplements under the Youtheory brand; and foundational formulas including probiotics multivitamins fish oils vitamin D and solution-focused products for better sleep or digestion under the Progressive brand. The company also provides plant-based products under the Iron Vegan brand; natural health products for health concerns among women comprising hormone imbalances nutrient deficiencies sleep and stress management and others under the Smart Solutions brand; and sports nutrition supplements under the Precision brand. It sells its products to distributors retail and wholesale customers. The company was formerly known as Jamieson Intermediate Holdings Ltd. and changed its name to Jamieson Wellness Inc. in May 2017. Jamieson Wellness Inc. was founded in 1922 and is headquartered in Toronto Canada.,2.15,2.47,2.83,1.85,1.61,1.55,1.54,1.34,1.15,0.96,0.85,,,,Dec-25
CAS,Cascades Inc.,18.34,1860.04,United States and Canada,CA,-0.0134,0,0,0.0245,0.0253,0.0439,0,0,0.0445,0.0772,0.0839,0,0,,,,4930.47,5229.71,5261,4776,4701,4638,4466,3956,4105,4996,4649,4321,4001,3861,Materials,Containers and Packaging,Cascades Inc. together with its subsidiaries produces converts and markets packaging and tissue products in Canada and the United States. The company operates through two segments Packaging Products and Tissue Papers. It offers food packaging solutions such as trays and accessories produce baskets boxes and trays egg packaging bulk bins and cup carriers; protective packaging including regular boxes protection and handling die-cut boxes shipping trays and large format boxes; e-commerce packaging solutions comprising adjustable cardboard boxes compact mailer boxes die-cut mailer boxes and quick assembly boxes; and retail and customer packaging die-cut mailer boxes and POS and displays. The company also provides hygiene and tissue paper products; and fiber based materials which includes tissue paper jumbo rolls containerboard specialty papers technological barrier solutions and uncoated recycled paperboard. In addition it offers transportation specialized warehousing and inventory management services; and recycling solutions consisting of recycling services brokering and trading materials secure shredding recycling equipment industrial and commercial retailers and grocers municipal sector and graphic design and printing. The company provides its products and services under the Cascades Fresh Cascades Protect Cascades IMGN Cascades Fluff & Tuff and Cascades PRO brand names. Cascades Inc. was incorporated in 1964 and is headquartered in Kingsey Falls Canada.,1.33,1.98,2.67,1.1,0.6,1.08,0.37,0.26,1.95,1.02,0.83,0.72,1.2,1.18,Dec-25
GGD,GoGold Resources Inc.,4.2,1820.77,United States and Canada,CA,-0.0909,0,0,-0.07,-0.1878,0.8545,0,0,-0.0625,-0.1775,1.2545,0,0,-0.1873,-0.2118,,158.14,160.15,385.86,100.88,49.36,41.1,49.8,67.43,52.66,35.73,27.15,21.27,21.34,16.77,Materials,Metals and Mining,GoGold Resources Inc. engages in the exploration development and production of silver gold and copper primarily in Mexico It owns the Los Ricos property which includes Los Ricos South and Los Ricos North projects that covers 45 concessions with an area of approximately 24000 hectares situated in the Jalisco State Mexico; and the Parral Tailings project located in the city of Parral. The company was formerly known as Absolute Gold Holdings Incorporated. GoGold Resources Inc. was incorporated in 2008 and is headquartered in Halifax Canada.,0.15,0.14,0.4,0.07,,-0.02,0,0.05,,,,,,,Sep-25
LB,Laurentian Bank of Canada,40.67,1824.5,United States and Canada,CA,-0.0027,0,-0.0015,-0.0043,-0.02,-0.0419,0,0.0023,0.0163,-0.0316,-0.0349,0,,,,,975,1005,1022.2,922.64,956.66,963.9,977.36,952.96,854.71,924.11,999.41,959.41,879,862.23,Financials,Banks,Laurentian Bank of Canada together with its subsidiaries provides various financial services to personal commercial and institutional customers in Canada and the United States. It operates through Personal and Commercial Banking and the Capital Markets segments. The company offers chequing current business savings day by day US dollar youth and senior accounts; personal and student line of credit; personal student RRSP and term loans; fixed and variable rate mortgage; equity line of credit; commercial lending; revolving credit; financing solutions; and mortgage and loan insurance. It also provides international services; and guaranteed investment certificates term deposits mutual funds and other registered plans. In addition the company offers government tax returns and remittance banking transactions ATMs and operations managements solutions; and payment services such as interac e-transfer wire transfers electronic funds transfers and deposit box. The company was founded in 1846 and is headquartered in Montreal Canada.,2.44,2.83,2.62,3,3.58,4.53,5.2,4.57,2.92,4.26,5.52,6.08,5.69,5.62,Oct-25
RIO,Rio2 Limited,3.32,1821.36,United States and Canada,CA,-0.1883,0,0.0012,-0.0534,0.0316,1.2258,0,0.0009,0.0597,0.2781,1.1007,0,0,0.0811,,,634.23,979.22,967.95,,,,,,,,,,,,Materials,Metals and Mining,Rio2 Limited engages in the exploration development and mining of mineral properties in Canada Peru Bahamas and Chile. The company explores for copper gold and silver deposits. Its principal project holds 100% interests in the Fenix Gold Project covering an area of approximately 16050 hectares located in Chile. The company also holds 99.1% interest in the Condestable Mine located in Peru. Rio2 Limited was incorporated in 1990 and is headquartered in Vancouver Canada.,0.32,0.7,0.8,-0.03,0.01,-0.05,-0.05,,,,,,,,Dec-25
BIR,Birchcliff Energy Ltd.,6.33,1737.29,United States and Canada,CA,-0.2271,0,0,-0.0006,0.0057,-0.0555,0,0,0.0072,0.0571,0.2138,,,,,,817,880,,695.67,601.44,699.93,1197.76,877.34,523.99,606.24,583.12,528.22,316.68,305.76,Energy,Oil Gas and Consumable Fuels,Birchcliff Energy Ltd. an intermediate oil and natural gas company engages in the exploration development and production of natural gas light oil condensate and other natural gas liquids in Western Canada. The company holds 91% working interest in the Pouce Coupe area is located northwest of Grande Prairie Alberta; and 75% working interest in the Gordondale area is located northwest of Grande Prairie Alberta. It also holds interest in Elmworth area located in west of Grande Prairie Alberta. Birchcliff Energy Ltd. was founded in 2004 and is headquartered in Calgary Canada.,0.46,0.63,0.71,0.2,-0.14,,2.38,1.14,-0.24,0.01,0.39,0.36,-0.1,0.01,Dec-25
LNF,Leon's Furniture Limited,24.35,1674.1,United States and Canada,CA,-0.1942,0,0,-0.0135,-0.0246,-0.0399,0,0,-0.0135,-0.0239,-0.0446,0,0,-0.0026,-0.0162,,2551.48,2618.75,2686.2,2573.72,2498.55,2454.79,2517.66,2512.67,2220.18,2283.41,2241.44,2215.38,2143.74,2031.72,Consumer Discretionary,Specialty Retail,Leon's Furniture Limited together with its subsidiaries operates as a retailer of home furnishings mattresses appliances and electronics in Canada. The company provides repair services for household furniture electronics and mechanical; warranties; and credit insurance products including life dismemberment disability critical illness and involuntary unemployment. The company is also involved in franchise operations. The company sells its products through a network of retail stores under the Leon’s The Brick Brick Outlet and The Brick Mattress Store banners; and the Brick’s Midnorthern Appliance and Appliance Canada banners as well as through its websites. The company was formerly known as Ablan Leon Distributors Limited and changed its name to Leon's Furniture Limited in June 1969. Leon's Furniture Limited was founded in 1909 and is headquartered in Toronto Canada.,2.14,2.28,2.37,2.31,2.2,2.07,2.62,2.6,2.07,1.43,1.31,1.23,1.09,0.97,Dec-25
AAV,Advantage Energy Ltd.,9.91,1657.94,United States and Canada,CA,-0.2492,0,0,-0.0464,-0.053,-0.1135,0,0,-0.0582,-0.049,0.0087,,,,,,817.5,930.5,,645.83,497.63,509.42,858.11,464.5,234.61,247.47,225.02,225.7,157.03,126.47,Energy,Oil Gas and Consumable Fuels,Advantage Energy Ltd. together with its subsidiaries engages in the acquisition exploitation development and production natural gas crude oil and natural gas liquids (NGLs) in the Province of Alberta Canada. Advantage Energy Ltd. was formerly known as Advantage Oil & Gas Ltd. and changed its name to Advantage Energy Ltd. in May 2021. The company was founded in 2001 and is headquartered in Calgary Canada.,0.77,0.9,,0.31,0.13,0.6,1.77,0.36,-0.03,-0.13,0.18,0.5,-0.09,0.12,Dec-25
CHEUN,Chemtrade Logistics Income Fund,14.4,1615.12,United States and Canada,CA,-0.2187,0,0,0.0464,0.0575,0.0909,0,0,0.0336,0.0497,0.074,0,0,,,,2270.64,2330.02,2384.3,1997.78,1787.03,1846.77,1813.38,1368.48,1379.64,1532.86,1595.75,1469.14,1067.26,1127.47,Materials,Chemicals,Chemtrade Logistics Income Fund offers industrial chemicals and services in Canada the United States and Brazil. It operates through the Sulphur and Water Chemicals (SWC) and Electrochemicals (EC) segments. The company offers sulphuric acid products including merchant regen and ultrapure acid; emulsified molten and prilled sulphur; ammonium sulphate carbon disulphide hydrogen sulphide liquid sulphur dioxide sodium bisulphite sodium hydrosulphite and zinc oxide; coagulants comprising aluminum chloride and chlorohydrate aluminum and ferric sulphate polyaluminum chloride and chlorosulphate polyaluminum silicate sulphate and sodium aluminate; poultry litter amendment; and water treatment products such as liquid ammonium sulphate calcium hydroxide slurry and copper sulphate. It also provides specialty chemicals comprising phosphorus pentasulphide and sodium nitrite; chlor-alkali products such as caustic soda chlorine and hydrochloric acid; and sodium chlorate. In addition the company offers spent acid processing services; and industrial services such as processing by-products and waste streams. Its products are used in chemical pulp and paper semiconductors metal food and beverage textile poultry agriculture water treatment battery oil and gas and mining industries. Chemtrade Logistics Income Fund was incorporated in 2001 and is headquartered in Toronto Canada.,1.33,1.56,,1.22,1.04,1.52,0.81,-2.31,-1.45,-0.12,0.45,0.6,-0.18,0.58,Dec-25
LASA,Lassonde Industries Inc.,237.08,1617.27,United States and Canada,CA,-0.0661,0,0,-0.026,-0.0451,-0.0455,0,0,-0.0396,-0.0634,-0.041,,,,,,2897.48,2974.07,,2934.02,2600.89,2314.95,2150.97,1892.86,1980.93,1678.3,1594,1526.15,1509.51,1449.29,Consumer Staples,Food Products,Lassonde Industries Inc. together with its subsidiaries develops manufactures and markets a range of ready-to-drink beverages fruit-based snacks frozen juice concentrates and specialty food products in Canada the United States and internationally. The company offers fruit beverages under the Allen’s Apple & Eve Del Monte Fairlee Fruité Hydra+ Kiju biologique Northland Oasis Old Orchard Rougemont Ruby Kist SunRype and The Switch brands; sauces soups and broths under the Antico Canton G Hughes GIA RUSSA Little Italy in the BRONX and Mon Butcher brand names; fruit snacks under the fruit to go fruitsource Good Bites and SunRype brands; and alcoholic drinks under the Aroma Mi Amore Arte Nova Au Quotidien Double Vie Dublin’s Pub and Stefano brands as well as private brands. It serves supermarket chains independent grocers superstores warehouse clubs convenience stores pharmacy chains restaurants hotels hospitals schools and wholesalers. The company was founded in 1918 and is headquartered in Rougemont Canada. Lassonde Industries Inc. operates as a subsidiary of 3346625 Canada Inc.,26.04,26.63,,22.82,19.07,13.18,,11.24,14.2,8.38,9.5,11.35,10.78,6.94,Dec-25
CNL,Collective Mining Ltd.,17.44,1617.43,United States and Canada,CA,-0.421,0,,,,1.1755,,,,,,,,,,,1.5,-0.5,-10,,,,,,,,,,,,Materials,Metals and Mining,Collective Mining Ltd. engages in the acquisition exploration and development of mineral properties located in Colombia. The company explores gold silver copper and tungsten deposits. It holds 100% interest in its flagship project The Guayabales project consisting of exploration titles exploration applications and mining concession option agreements and a number of surface rights option agreements. The Guayabales Project is located in the Middle Cauca belt in the Department of Caldas Colombia. The company is headquartered in Miami Florida.,-0.95,-0.64,-0.48,-0.81,,,,,,,,,,,Dec-25
PNG,Kraken Robotics Inc.,4.32,1604.5,United States and Canada,CA,-0.597,0,-0.0067,-0.0368,-0.0552,0.7309,0,-0.0132,-0.016,-0.0147,1.1463,0,-0.0373,-0.0605,-0.0511,1.6712,305.09,557.8,663,102.21,91.29,69.58,40.91,25.63,12.27,15.15,6.71,3.53,2.27,1.89,Information Technology,Electronic Equipment Instruments and Components,Kraken Robotics Inc. a marine technology company engages in the design manufacture and sale of sonar and optical sensors batteries and underwater robotic equipment for military and commercial applications. The company operates in two segments Products and Services. The company offers Synthetic Aperture Sonar (SAS) a technology to perform imaging and bathymetric mapping; KATFISH Towed SAS a synthetic aperture sonar towfish operates at speeds up to 10 knots providing increased area coverage rates; and SeaPower a pressure tolerant deep-sea battery. It also offers LiDAR Solutions that delivers precision inspection and monitoring of underwater assets and environments; Sub-Bottom Imaging services that deliver 3D data of subsea stratigraphy and hazards; Acoustic Core that provides a 3D image of stratigraphy layers and anomalies across the entire foundation footprint; and Towed SAS Survey services. The company’s products are used in military and commercial applications in Canada the Asia Pacific Europe the Middle East Africa North America and internationally. The company was formerly known as Kraken Sonar Inc. and changed its name to Kraken Robotics Inc. in September 2017. Kraken Robotics Inc. is headquartered in Mount Pearl Canada.,0.07,0.17,0.23,0.02,0.07,,,,,,,,,,Dec-25
LIF,Labrador Iron Ore Royalty Corporation,24.3,1555.2,United States and Canada,CA,-0.2399,0,0,-0.0094,-0.0625,-0.1102,0,0,-0.0503,-0.0503,-0.086,0,0,,,-0.0867,157.5,170,179,165.88,207.51,200.17,232.32,279.47,201.93,177.14,130.29,158.25,114.87,101.45,Materials,Metals and Mining,Labrador Iron Ore Royalty Corporation through its subsidiary Hollinger-Hanna Limited holds a 15.10% equity interest in Iron Ore Company of Canada that produces and processes iron ores in Canada. The company offers standard and low silica acid low silica fluxed and direct reduction pellets; iron ore concentrates; and seaborne iron ore pellets. It also operates an iron mine concentrator and pellet plant at Labrador City Newfoundland and Labrador. The company was formerly known as Labrador Iron Ore Royalty Income Fund. Labrador Iron Ore Royalty Corporation was incorporated in 2010 and is based in Toronto Canada.,1.21,1.87,1.95,1.57,2.75,2.9,4.16,5.93,3.55,3.2,2.01,2.46,1.22,0.86,Dec-25
SVI,StorageVault Canada Inc.,4.19,1532.5,United States and Canada,CA,-0.2226,0,0,0.0064,0.014,0.0102,0,0,0.005,0.0023,0.0214,0,0,,,,360.43,381.15,396.4,335.06,304.71,288.72,261.83,208.66,155.46,134.96,96.38,61.89,27.82,11.14,Real Estate,Real Estate Management and Development,StorageVault Canada Inc. owns manages and rents self-storage and portable storage space to individual and commercial customers in Canada. It operates through three segments: Self Storage Portable Storage and Management Division. The company manages various stores owned by third parties; and stores shreds and manages documents and records for customers. It operates its stores under the Access Storage Depotium Mini-Entrepots and Sentinel Storage brands; portable storage under the Cubeit and PUPS brands; commercial and warehouse storage business under the FlexSpace logistics brand; and record management under the RecordXpress brand. StorageVault Canada Inc. was incorporated in 2007 and is headquartered in Toronto Canada.,-0.09,-0.06,-0.03,,,,,,,,,,,,Dec-25
SPB,Superior Plus Corp.,7.13,1529.88,United States and Canada,CA,-0.1953,0,0.0007,0.0116,-0.0088,-0.1037,0,-0.0019,0.0129,0.0124,-0.0628,0,-0.005,-0.0033,0.0388,-0.0424,3390.48,3589.46,3701.5,3377.35,3425.01,3289.24,3379.8,2392.6,1806.9,2852.9,2737.7,2385,2023.7,2253.1,Utilities,Gas Utilities,Superior Plus Corp. distributes propane compressed natural gas renewable energy and related products and services in the United States and Canada. It operates in three segments: U.S. Propane Distribution (U.S. Propane) Canadian Propane Distribution (Canadian Propane) and Compressed Natural Gas Distribution (CNG). The company distributes propane gas and liquid fuels; and transports and sells compressed natural gas renewable natural gas and hydrogen. It serves the commercial residential and industrial markets. Superior Plus Corp. was incorporated in 1989 and is based in Toronto Canada.,0.38,0.69,,0.42,-0.14,0.15,0.42,0.81,0.31,0.76,0.45,-0.25,0.41,0.49,Dec-25
MEQ,Mainstreet Equity Corp.,164.09,1519.84,United States and Canada,CA,-0.1844,0,0,-0.0054,-0.0045,-0.0286,-0.0001,-0.0001,0.0017,0.0126,,0,0,-0.0063,,,291.05,312.1,329.41,276.29,249.8,210.03,180.57,159.93,149.77,137.61,115.67,104.66,100.29,100.39,Real Estate,Real Estate Management and Development,Mainstreet Equity Corp. engages in the acquisition redevelopment repositioning and management of mid-market residential rental apartment buildings in Western Canada. The company owns a portfolio of multi-family residential properties. It invests in residential units consisting of townhouses garden-style apartments concrete mid-rise and high-rise apartments and condo suites; and freestanding commercial houses. The company is headquartered in Calgary Canada.,8.92,10.28,,9.58,4.35,5.78,4.75,4.27,3.77,4.58,,,,,Sep-25
AIF,Altus Group Limited,44.4,1519.42,United States and Canada,CA,-0.296,0,0,0.0141,-0.1239,-0.2206,0,0,0.0262,-0.1068,,,,,,,458.4,500.58,,502.89,484.07,509.73,735.45,625.39,561.16,525.72,510.43,476.56,442.89,416.41,Real Estate,Real Estate Management and Development,Altus Group Limited provides commercial real estate (CRE) intelligence in Canada the United States the United Kingdom France rest of EMEA Australia and rest of the Asia Pacific. It operates through Analytics; and Appraisals and Development Advisory segments. The Analytics segment portfolio includes software VMS data and services. The Appraisals and Development Advisory comprise services in the areas of commercial property valuation appraisals and commercial development advisory; and offers services in the areas of construction feasibility studies budgeting cost and loan monitoring and construction project management. It also provides ARGUS Intelligence a software product for cash flow and valuation modeling performance monitoring analysis and management; Forbury for valuation use cases; Fairways Debt for CRE treasury and investment management; ARGUS Taliance for fund management; and ARGUS Developer and ARGUS EstateMaster for development management and modeling. In addition the company offers VMS a software-enabled third-party service for recurring appraisals on CRE investment portfolios; Altus Data Studio and Reonomy for market data and analytics tools to support acquisition investment and development decisions; implementation training and education for its software products; and strategic advisory on end-to-end CRE technology and operations. It also develops a platform that automates the production of property valuation reports and surveys for the commercial property market. Altus Group Limited was incorporated in 2005 and is headquartered in Toronto Canada.,2.48,3.27,,1.78,1.82,1.65,1.9,1.9,1.66,1.48,1.05,1.12,1.16,0.98,Dec-25
PD,Precision Drilling Corporation,116.89,1489.93,United States and Canada,CA,-0.1872,0,0.0013,0.0243,0.0782,0.0965,0,0.0023,0.0335,0.1014,0.1389,0,0.0031,0.0386,0.1027,0.1327,2038.42,2144.83,2205.34,1843.7,1902.33,1937.85,1617.19,986.85,935.75,1541.32,1541.19,1321.22,1003.23,1555.62,Energy,Energy Equipment and Services,Precision Drilling Corporation a drilling company provides onshore drilling services to exploration and production companies in the oil and natural gas and geothermal industries in the United States Canada and internationally. It operates through Contract Drilling Services; and Completion and Production Services segments. The Contract Drilling Services segment offers onshore well drilling services to exploration and production companies in the oil natural gas and geothermal industry. This segment also offers services including turnkey drilling contracts; and procurement and distribution of oilfield supplies as well as manufacture sale and repair of drilling and service rig equipment. In addition the company offers automation solutions for drilling operations comprising AlphaAutomation AlphaTM AlphaApps AlphaAnalytics and AlphaARMS; and EverGreen suite of environmental solutions. The Completion and Production Services segment provide service rigs for well completion workover abandonment maintenance and re-entry preparation services; equipment rentals; and camp and catering services to oil and natural gas exploration and production companies. This segment also operates well completion and workover services. Precision Drilling Corporation was founded in 1951 and is headquartered in Calgary Canada.,6.77,12.3,14.6,5.17,7.34,18.46,-2.76,-13.32,-7.69,1.14,-6.36,-7.4,-11,5.3,Dec-25
MDI,Major Drilling Group International Inc.,16.98,1396.37,United States and Canada,CA,-0.092,0,0.0186,0.0183,0.0641,0.1736,0,0.0969,0.0957,0.0795,0.3933,0,0.2394,0.2394,0.1731,0.3595,1037.35,1240.03,1456.6,889.08,727.58,706.69,735.74,650.42,432.08,409.14,384.82,342.33,300.59,304.62,Materials,Metals and Mining,Major Drilling Group International Inc. provides contract drilling services to mining and mineral exploration companies in the United States Canada North America South and Central America Australasia and Africa. The company offers various drilling services including reverse circulation surface and underground coring directional sonic geotechnical environmental water-well coal-bed methane shallow gas underground percussive and longhole and surface drill and blast services. Major Drilling Group International Inc. was founded in 1980 and is headquartered in Moncton Canada.,0.64,1.07,0.85,0.26,0.31,0.64,0.9,0.64,0.13,0.03,-0.13,-0.3,-0.52,-0.46,Apr-26
ASM,Avino Silver & Gold Mines Ltd.,8.02,1362.13,United States and Canada,CA,-0.5022,0,0.0127,-0.0821,-0.005,0.4075,0,0.0472,0.069,0.0458,0.8943,0,0,0.0346,-0.2102,1.5183,199.77,278.56,281.19,126.59,95.14,58.15,59.83,14.2,20.39,41.22,46.57,41.94,46.59,20.65,Materials,Metals and Mining,Avino Silver & Gold Mines Ltd. together with its subsidiaries engages in the acquisition exploration and advancement of mineral properties in Mexico. It explores for silver gold copper and base metal deposits. The company holds 100% interest in the Avino Mine area property covering an area of approximately 4086.93 hectares comprising 42 mineral claims and leases 4 mineral claims which is located in the state of Durango Mexico. It also has an option to acquire 100% interest in the Ana Maria and El Laberinto properties located in Mexico. The company was formerly known as International Avino Mines Ltd. and changed its name to Avino Silver & Gold Mines Ltd. in August 1997. Avino Silver & Gold Mines Ltd. was incorporated in 1968 and is headquartered in Vancouver Canada.,0.67,1.14,,0.39,,0.05,0.04,,-0.07,-0.03,0.05,0.06,0.05,0.01,Dec-25
BDI,Black Diamond Group Limited,19.44,1340.03,United States and Canada,CA,-0.0508,0,0,-0.0143,-0.0479,-0.0245,0,0,-0.0291,-0.0235,0.058,0,0,0.0643,0.1283,,558.84,634.07,690.34,456.92,403,393.5,324.54,339.55,179.86,185.94,165.93,153.38,152.59,282.19,Industrials,Commercial Services and Supplies,Black Diamond Group Limited provides specialty rentals and industrial services in Canada the United States and Australia. It operates through two segments Modular Space Solutions and Workforce Solutions. The Modular Space Solutions segment provides modular space rentals to customers in the construction real estate development education manufacturing health care financial government and defense industries. Its products include mobile office units large multi-unit office complexes classroom facilities lavatories storage units health care facilities high security modular buildings custom manufactured modular facilities and blast resistant structures. This segment also sells new and used space rentals units; and provides delivery installation project management and ancillary products and services. The Workforce Solutions segment provides workforce housing solutions including rental of accommodations and surface equipment; and turnkey lodging and travel management logistics services through online digital marketplace. It offers asset rental catering and hospitality services. This segment also provides associated services such as installation transportation dismantlement and sale of used fleet assets. Black Diamond Group Limited was founded in 2003 and is headquartered in Calgary Canada.,0.35,0.75,1.16,0.54,0.46,0.52,0.37,0.34,-0.04,-0.12,-0.21,-0.41,-0.37,0.16,Dec-25
CJT,Cargojet Inc.,88.01,1302.54,United States and Canada,CA,-0.1275,0,0.0004,0.0337,0.0914,0.0067,0,0.0021,0.0212,0.0596,-0.0043,0,0.007,0.017,0.0185,,1096.08,1115.48,1127.57,992.7,1000.8,877.5,979.9,757.8,668.5,486.6,454.9,382.9,331,289,Industrials,Air Freight and Logistics,Cargojet Inc. provides time-sensitive overnight air cargo services and carries in Canada. It operates domestic air cargo network services between Canadian cities; and provides aircraft to customers on an aircraft crew maintenance and insurance basis operating between points in Canada North America South America and Europe. The company also operates scheduled and ad hoc international routes for a range of cargo customers between the United States and Bermuda; Canada and Europe Asia and Mexico the United Kingdom and other international destinations. In addition it offers domestic air cargo services for various international airlines between points in Canada that connect airlines’ gateways to Canada; aircraft to customers on an ad hoc and scheduled basis; cargo and passenger charters in weekends; operates ad hoc charter business for cargo targets including livestock shipments military equipment emergency relief supplies and virtually any large shipments in North America the Caribbean and Europe. Further the company is involved in aircraft operation and maintenance flight planning and dispatch crew planning and training ground handling and commercial airline cargo management businesses. It operates a fleet of 41 aircraft. Cargojet Inc. was founded in 2001 and is headquartered in Mississauga Canada.,3.51,4.52,5.22,4.45,5,2.04,4.52,6.65,-5.66,0.85,1.5,2.06,1.07,-1.86,Dec-25
VITLUN,Vital Infrastructure Property Trust,5.26,1315.1,United States and Canada,CA,-0.1334,0,0,0.0052,-0.0828,-0.2165,0,0,0.031,-0.0537,-0.1928,0,0,,,,305.87,307.55,325.28,458.16,465.67,522.68,490.09,503.24,439.52,366.85,367.3,369.92,290.98,202.02,Real Estate,Health Care REITs,Vital Infrastructure Property Trust provides investors with access to a portfolio of high-quality international healthcare real estate infrastructure. As at March 31 2026 the REIT held interests in a diversified portfolio of 134 income-producing properties totaling 13.1 million square feet of gross leasable area located throughout major markets in North America Brazil Europe and Australia. The REIT's portfolio of outpatient inpatient and other health research facilities is characterized by long-term indexed leases and stable occupancies. Vital Infrastructure leverages its global workforce in six countries to serve as a long-term real estate partner to leading healthcare operators. Vital Infrastructure Property Trust was established on January 1 2010 and incorporated in 2010 in Ontario Canada.,,,,,,,,,,,,,,,Dec-25
TCW,Trican Well Service Ltd.,6.26,1310.43,United States and Canada,CA,-0.2548,0,-0.0122,-0.0197,-0.0493,-0.0586,0,-0.0108,-0.0285,-0.0331,-0.0263,0,-0.0131,-0.0272,0.0226,0.1585,1239,1310.25,1334.64,1096.19,980.84,972.68,866.29,562.48,397.02,636.07,864.48,929.91,325.18,649.74,Energy,Energy Equipment and Services,Trican Well Service Ltd. an equipment services company provides various products equipment services and technology for use in the drilling completion stimulation and reworking of oil and gas wells in Canada. The company offers hydraulic fracturing solutions including slick water and high-viscosity friction reducer and guar alternatives fluid systems other systems dissolvable ball sealers and diverting agents logistical and laboratory solutions fracture design and minifrac test and analysis as well as sand resin coated sand and ceramic proppants. It also provides cementing solutions such as pre-flushes and spacers cement plugs lost circulation cement design and laboratory solutions as well as surface intermediate production liner horizontal and remedial/squeeze cementing; and acidizing solutions comprising fracture acidizing and production enhancement formation damage scales emulsions and organic deposits. In addition the company offers coiled tubing solutions which include coiled tubing fracturing e-coil in-house engineering and acidizing and production enhancement as well as milling such as fracturing plugs and ports stage tool/debris sub cement milling and confirmation runs; technical solutions comprising lab services; and iron horse energy services. Further it provides nitrogen services; and sells chemicals. The company was formerly known as Trican Oilwell Service Co. Ltd. and changed its name to Trican Well Service Ltd. in June 1997. Trican Well Service Ltd. was incorporated in 1979 and is headquartered in Calgary Canada.,0.53,0.65,0.68,0.57,0.53,0.55,0.32,0.06,-0.37,-0.25,-0.11,0.06,-0.2,-1.7,Dec-25
AGTF,AGT Food and Ingredients Inc.,19.29,1303.96,United States and Canada,CA,-0.1311,0,0.0008,0.0306,,,0,0.0044,0.0419,,,0,0.0075,0.0601,,,2665.81,2779.83,2917.13,2962.28,3206.76,2974.98,1551.94,1735.29,1973.2,1704.48,1356.82,1138.77,855.33,759.97,Consumer Staples,Food Products,AGT Food and Ingredients Inc. operates as a processor manufacturer and supplier of plant-based ingredients pulses grains and staple foods offering value-added food products and ingredients for retail and food industry customers. The company provides plant-based ingredients such as flours proteins fibres starches and deflavoured flours which can be sold individually or blended for specific food applications. It offers extruded products including texturized plant protein gluten-free pasta and plant-based meal kits under various brands and supplies cleaned and packaged pulses grains specialty crops cereals canned pulses rice milled wheat bulgur wheat and international food staples. The company operates retail brands that offer pasta dairy products dried fruit nuts confectionery oils vinegars frozen vegetables ready-to-eat meals gourmet specialties canned foods and popcorn. Additional services include co-packing custom product mixes private label production mixed container shipments bulk grain handling transloading facilities and a short track railway network for crop transportation. The company serves food markets food companies retail stores hospitality markets bakery sectors producers and bulk grain handlers in agricultural regions. The company was founded in 2001 and is based in Regina Canada. AGT Food and Ingredients Inc. operates as a subsidiary of Fairfax Financial Holdings Limited.,0.93,1.24,1.54,,,,,,,,,,,,Dec-25
MATR,Mattr Corp.,20.66,1266.71,United States and Canada,CA,-0.0571,0,0,0.096,0.1385,0.0906,0,0,0.1285,0.1573,0.0938,0,0,0.0544,0.106,0.086,1434.3,1541.17,1626.87,1268.45,885.32,880.53,861.79,1143,1178.48,1489.49,1408.87,1565.5,1209.26,1810.65,Industrials,Electrical Equipment,Mattr Corp. operates as a materials technology company that serves the infrastructure markets including electrification transportation mining energy communication and water management markets in Canada the United States Europe the Middle East Africa and the Asia Pacific. It operates in two segments: Composite Technologies and Connection Technologies. The Composite Technologies segment manufactures flexible composite pipes used for oil and gas gathering lines and other applications under the Flexpipe brand; and fiberglass reinforced plastic fuel and water underground storage tanks as well as HydroChain stormwater management products including infiltration chambers for the retail fuel water stormwater and wastewater and oil and gas markets under the Xerxes brand. The Connection Technologies segment manufactures heat-shrinkable products including thin medium and heavy-walled tubing; sleeves and molded products as well as heat-shrink accessories and equipment; manufacturers of engineered; and low-voltage wires cables connectors and harness solutions for control instrumentation thermocouple power and industrial automation applications. The company was formerly known as Shawcor Ltd. and changed its name to Mattr Corp. in January 2024. Mattr Corp. was incorporated in 1968 and is headquartered in Vaughan Canada.,1.02,1.44,1.59,0.55,0.68,1.17,0.15,-0.05,-0.81,0.35,0.43,1.14,-0.74,1.53,Dec-25
MRC,Morguard Corporation,114.25,1219.99,United States and Canada,CA,-0.1032,0,0,-0.0135,-0.0126,-0.024,0,0,-0.0259,-0.0242,-0.0225,0,0,,,,1100,1128,1161,1124.55,1126.37,1228.35,1137.88,1001,1032.33,1238.14,1188.49,1112.42,891.64,885.58,Real Estate,Real Estate Management and Development,Morguard Corporation a real estate investment and management company engages in property ownership development and investment advisory services in Canada and the United States. It operates in four segments: Multi-Suite Residential Retail Office and Hotel. The company offers real estate management and advisory services including acquisitions development dispositions leasing performance measurement and asset and property management; and investment products across equity fixed income and balanced portfolios to institutional clients and private investors. It also acquires develops and owns a portfolio of multi-suite residential commercial retail office industrial and hotel properties. The company was formerly known as Acktion Corporation and changed its name to Morguard Corporation in June 2002. Morguard Corporation was incorporated in 2024 and is headquartered in Mississauga Canada. Morguard Corporation operates as a subsidiary of PAROS HOLDINGS CORPORATION.,21.29,14.44,15.69,16.24,,,,16.36,14.64,,,,,,Dec-25
PET,Pet Valu Holdings Ltd.,17.62,1184.35,United States and Canada,CA,-0.5211,0,0,0.0003,-0.0034,-0.0532,0,0,-0.0003,-0.0078,-0.0754,0,0,-0.0132,-0.0103,,1190.64,1248.46,1341.13,1175.56,1097.19,1055.87,951.7,776.01,648.46,573.54,529.49,,,,Consumer Discretionary,Specialty Retail,Pet Valu Holdings Ltd. engages in the retail and wholesale of pet food and pet-related supplies for dogs cats fish birds reptiles and small animals in Canada. The company offers food and treats for dogs and cats cat litter health and wellness solutions dog and cat toys collars and leashes waste management solutions pet cages and carriers flea and tick products and pet apparel and other related accessories. It also provides in-store services including self-serve dog washes and grooming salons; sells live animals such as fish birds reptiles and other small animals; and facilitates the adoption of cats dogs and other small animals on behalf of local animal welfare organizations. The company sells its products through corporate-owned and franchise stores as well as online. It offers its products under the Acana Orijen Purina ProPlan Hill’s Science Diet Big Country Raw Open Farm Go! Solutions Now Fresh Weruva and Kong brands. The company was formerly known as Pet Retail Brands Ltd and changed its name to Pet Valu Holdings Ltd. in April 2021. Pet Valu Holdings Ltd. was founded in 1976 and is headquartered in Markham Canada.,1.58,1.75,2.12,1.61,1.57,1.61,1.6,,,,,,,,Jan-26
SGY,Surge Energy Inc.,11.49,1139.67,United States and Canada,CA,-0.0953,0,0,-0.0154,0.3928,0.2459,0,0,0.0109,0.2127,0.2965,,,,,,703.5,648,,480.72,545.38,558.64,606.92,356.17,191.32,346.81,264.16,213.31,146.37,199.81,Energy,Oil Gas and Consumable Fuels,Surge Energy Inc. engages in the exploration development and production of oil and gas properties in Western Canada. It holds interests in the oil and natural gas producing properties located in Sparky Alberta and Southeast Saskatchewan as well as in Greater Sawn and Nevis and Manitoba properties. The company was formerly known as Zapata Energy Corporation and changed its name to Surge Energy Inc. in June 2010. Surge Energy Inc. was incorporated in 1998 and is headquartered in Calgary Canada.,,,,,,0.82,,,-2.53,-3.9,-0.46,-0.3,-1.27,-8.25,Dec-25
WELL,WELL Health Technologies Corp.,4.42,1131.29,United States and Canada,CA,-0.273,0,-0.0001,0.0115,0.0233,0.0232,0,-0.0002,0.018,0.0316,0.0204,0,0,0.024,0.0366,0.0088,1601.94,1723.45,1831.6,1400.18,919.69,776.05,569.14,302.32,50.24,32.81,9.05,5.9,,0.24,Health Care,Health Care Providers and Services,WELL Health Technologies Corp. operates as a practitioner-focused digital healthcare company in Canada the United States and internationally. The company offers omni-channel patient services and solutions to specific markets such as medical recruitment and staffing anesthesia gastrointestinal health women’s health primary care and behavioural health. It also develops integrates and sells its own suite of technology software and technology solutions to medical clinics and healthcare practitioners. In addition the company operates practitioner enablement platform including Electronic Medical Records (EMR); telehealth platforms; practice management; AI-powered virtual assistant (WELL AI Voice); billing and revenue cycle management solutions such as DoctorCare ClinicAid and PatientServ; OceanMD an EMR-integrated patient engagement solutions; and cybersecurity protection and patient data privacy solutions as well as OSCAR Pro AwareMD and Healthquest EMR systems. WELL Health Technologies Corp. was founded in 2010 and is headquartered in Vancouver Canada.,0.25,0.37,0.49,0.49,0.11,0.22,0.24,-0.02,-0.04,-0.07,,,,,Dec-25
TLG,Troilus Mining Corp.,2.05,1137.24,United States and Canada,CA,-0.17,0,-0.3704,,-0.9329,,,-1,-1,-1,-1,,,,-1,-1,0.34,0,0,,,,,,,,,,,,Materials,Metals and Mining,Troilus Mining Corp. engages in exploration and development of mineral properties in Canada. The company explores for gold silver and copper deposits. Its flagship property is the 100% owned Troilus Gold project that covers an area of approximately 435 square kilometers located northeast of the Val-d’Or mining district within the Frotêt-Evans Greenstone Belt in Quebec Canada. The company was formerly known as Troilus Gold Corp. and change its name to Troilus Mining Corp. in December 2025. The company is headquartered in Montreal Canada.,-0.13,-0.1,-0.12,-0.11,,,,,,,,,,,Jul-25
PSI,Pason Systems Inc.,14.24,1105.6,United States and Canada,CA,-0.0795,0,0,0.0256,0.0431,-0.009,0,0,0.0228,0.0504,0.0311,0,0,,,,431.7,463.9,492.5,419.27,414.13,369.31,335,206.69,156.64,295.64,306.39,245.64,160.45,285.15,Energy,Energy Equipment and Services,Pason Systems Inc. together with its subsidiaries provides instrumentation and data management systems for oil and gas drilling in Canada the United States and internationally. The company offers AutoDriller which delivers smooth payout to maximized rate of penetration and bit life; Communications a suite of IT solutions that ensures effective collaboration between rig and office; DAS an automation software delivering faster drilling and reduced wear; DataHub with Pason Live a cloud service hosting customer well information along with a suite of real-time viewing applications; and DataLink which connects the drilling data to the real time centres and third party. It also offers Electronic Choke Actuator which remotely controls the choke valve from the doghouse rig floor or other locations on site; Electronic Drilling Recorder a network of sensors software and displays providing real-time drilling data to rig site personnel; Gas Analyzer which detects changes in relative volume of gases; Hazardous Gas Alarm System a system that detects the presence of hazardous gases providing visible and audible alerts; Mud Analyzer an automated rheology measurement in real-time; Pit Volume Totalizer which measures tank volumes and flow rates from the mud system; and Toolface Control a directional automation software. In addition the company provides phone chat field proactive monitoring and drilling optimization support services as well as office support services for data integration. It serves drilling contractors and other oilfield service companies as well as solar power and energy storage industry. Pason Systems Inc. was founded in 1978 and is headquartered in Calgary Canada.,0.84,1.11,1.24,0.68,1.52,1.22,1.3,0.41,-0.01,0.67,0.76,0.33,-0.25,0.12,Dec-25
GOOS,Canada Goose Holdings Inc.,10.81,1055.71,United States and Canada,CA,-0.4724,0,0,0.0029,0.0187,0.054,0,0,-0.0007,0.0151,0.0711,0,0,-0.0433,,,1578.05,1641.99,1632.42,1528.2,1348.4,1333.8,1217,1098.4,903.7,958.1,830.5,591.2,403.8,290.83,Consumer Discretionary,Textiles Apparel and Luxury Goods,Canada Goose Holdings Inc. together with its subsidiaries designs manufactures and sells performance luxury outerwear apparel footwear and accessories for men women youth children and babies. It operates through three segments: Direct-to-Consumer Wholesale and Other. The company offers leisure wear including knitwear sweats and t-shirts; outerwear products including rain and everyday collections jackets for everyday occasions fleece and vests; footwear and accessories products such as sneakers boots hats scarves gloves hood trims socks bags and eyewear; and lightweight and heavyweight down jackets for the fall winter and spring seasons. It sells its products through e-commerce channels and directly operated retail stores. The company offers its products under Canada Goose Snow Goose and Baffin brands in Canada the United States North America Greater China rest of the Asia Pacific Europe the Middle East and Africa. Canada Goose Holdings Inc. was founded in 1957 and is headquartered in Toronto Canada.,1.04,1.15,1.22,0.78,1.1,1.02,1.07,1.13,0.77,1.32,1.35,0.83,,,Mar-26
ADUN,Alaris Equity Partners Income Trust,23.09,1053.86,United States and Canada,CA,-0.1224,0,0.0015,0.1203,0.0758,0.221,0,-0.01,-0.0045,-0.0068,0.0821,,,,,,223.16,224.54,,176.7,154.99,241.25,198.08,210.86,68.08,115.38,119.76,115.65,120.31,85.64,Financials,Capital Markets,"Alaris Equity Partners Income Trust is a private equity firm specializing in management buyouts growth capital lower & middle market later stage industry consolidation growth capital and mature investments. The firm does not invest in turnarounds and start-ups. It prefers to invest in the companies based in all industries except for those with a declining asset base such as oil and gas resource companies or any industry that carry the risk of obsolescence such as high tech and focuses on business services professional services information services healthcare services distribution & logistics industrials consulting services consumer products and construction related services. The firm seeks to invest in companies raising capital for a partial liquidity generational transfer recapitalization and growth and who do not want to give up control or chance the added risk that comes with high leverage levels. It prefers to invest in companies that are mostly individual or family controlled. The firm typically provides alternative financing for a diversified group of private businesses (Private Company Partners"") in exchange for royalties or distributions from the Private Company Partners with the principal objective of generating stable and predictable cash flows for dividend payments to its shareholders. It seeks to invest in the companies based in Canada and The United States. It typically invests between $30 million and $150 million in companies with an enterprise values between $10 million and $400 million and EBITDA between $5 million and $50 million historical EBITDA in excess of $10 million and Low levels of debt and capital expenditure. The firm also makes small cap investments up to $20 million in private companies that have historical EBITDA in excess of $2 million. However for larger companies transactions can be structured to include additional investments. The firm seeks to invest in industries that do not experience large cyclical swings. It does not own any shares and does not require board representation. The firm invests through balance sheet and seeks equity dividend distribution from portfolios. It prefers to make non control equity minority and majority investments in its portfolio companies. Alaris Equity Partners Income Trust was founded in 2004 and is based in Calgary Canada.""",2.19,2.35,,2.63,3.73,2.89,2.79,2.12,1.89,2.43,1.78,,1.7,1.93,Dec-25
VBNK,VersaBank,32.31,1047.46,United States and Canada,CA,-0.0497,0,-0.0211,-0.0207,0.0079,-0.0251,0,0.0376,0.0379,0.085,0.0326,0,,,,,155.89,214.78,257.64,120.23,111.9,108.03,81.94,65.8,54.53,54.22,51.35,43.97,38.81,33.82,Financials,Banks,VersaBank provides various banking products and services in Canada and the United States. The company operates through four segments: Digital Banking Canada Digital Banking USA DRTC (Cybersecurity) and Digital Meteor. It offers deposit products such as guaranteed investment certificates registered retirement savings plans and tax-free savings accounts as well as deposit insurance products. The company also provides lending services including point of sale financing that covers purchasing loan and lease receivables from finance companies operating in various industries; commercial real estate mortgages and loans public sector leases and other financing. In addition it provides cybersecurity services. The company was formerly known as Pacific & Western Bank of Canada and changed its name to VersaBank in May 2016. VersaBank was incorporated in 1979 and is headquartered in London Canada.,1.63,2.73,3.5,1.17,1.49,1.57,0.79,0.96,,0.75,,,,,Oct-25
OBE,Obsidian Energy Ltd.,15.57,1038.92,United States and Canada,CA,-0.2148,0,-0.059,,0.3631,-0.1744,0,0.0025,,0.2296,,,,,,,702,798,,540.8,731.2,653.3,771.7,448.9,272.8,389.3,408,420,586,1059,Energy,Oil Gas and Consumable Fuels,Obsidian Energy Ltd. engages in the exploration development and production of oil and natural gas in Western Canada. Its portfolio of properties includes unitized and non-unitized light oil heavy oil and natural gas production. The company was formerly known as Penn West Petroleum Ltd. and changed its name to Obsidian Energy Ltd. in June 2017. Obsidian Energy Ltd. is headquartered in Calgary Canada.,1.17,1.73,,0.56,,1.29,9.74,4.85,,,-4,-1.03,-6.76,,Dec-25
RAY,Stingray Group Inc.,15.29,1024.41,United States and Canada,CA,-0.1506,0,0,0.0081,0.0063,0.4367,0,0,0.0129,0.0401,0.6128,0,0,0.0627,,,653.7,696.73,697,457.77,386.89,345.43,323.94,282.63,247.86,306.72,212.65,130.21,101.5,89.94,Communication Services,Media,Stingray Group Inc. operates as a music media and technology company in Canada the United States and internationally. It operates through Broadcasting and Commercial Music and Radio segments. The company offers music digital advertising services to enterprise brands including audio and video channels radio stations premium television channels digital TV IPTV subscription video-on-demand content free and ad-supported TV (FAST) channels karaoke products and music apps and in-car and on-board infotainment content. It also provides commercial solutions in music in-store advertising solutions digital signage AI-driven consumer insights and feedback delivers digital audio messaging and audio advertising; content distributors including television operators streaming platforms and automotive original equipment manufacturers. In addition the company offers subscription video on demand such as Qello Concerts by Stingray Stingray Classica Stingray DJAZZ Stingray Karaoke Stingray Naturescape ZenLIFE by Stingray and The Coda Collection. It also offers FAST channels including Stingray Music Qello Concerts by Stingray Stingray Classica Stingray DJAZZ Stingray CMusic Stingray Karaoke Stingray Naturescape Stingray Holidayscapes ZenLIFE by Stingray Ultimate Trivia by Stingray Stingray Cozy Café Stingray Stargaze Stingray Cityscapes Movie Music by Stingray Loupe Art and EarthDay 365. The company distributes its products through various platforms including digital cable TV satellite TV IPTV OTT the internet mobile devices game consoles and connected cars. It serves cable and telecom companies retailers and small and medium businesses as well as direct consumers. The company was formerly known as Stingray Digital Group Inc. and changed its name to Stingray Group Inc. in December 2018. Stingray Group Inc. was founded in 2007 and is headquartered in Montreal Canada.,2.01,2.28,1.87,1.33,1.05,0.87,0.79,0.8,0.85,0.72,0.58,0.49,0.52,0.5,Mar-26
GUD,Knight Therapeutics Inc.,10.23,1004.91,United States and Canada,CA,-0.0135,0,0,0.0611,0.1098,0.2111,0,0,0.0406,0.0602,0.1533,0,0,0.0276,0.0323,0.0704,552.38,549.1,562.87,450.09,371.3,328.2,293.56,243.48,199.52,47.46,12.5,8.63,5.94,1.04,Health Care,Pharmaceuticals,Knight Therapeutics Inc. focuses on acquiring in-licensing out-licensing marketing and commercializing prescription pharmaceutical products in Canada and Latin America. The company offers Minjuvi for relapsed or refractory diffuse large B-cell lymphoma; Pemazyre for metastatic cholangiocarcinoma; Akynzeo for prevention of chemotherapy-induced acute and delayed nausea and vomiting; Aloxi for prevention of acute nausea and vomiting associated with emetogenic cancer chemotherapy; Tavalisse for the treatment of chronic immune thrombocytopenia; Trelstar for advanced prostate cancer; Vidaza for myelodysplastic syndrome; Abraxane for metastatic pancreatic cancer; Halaven for metastatic breast cancer and soft tissue sarcoma; Lenvima for advanced renal cell cancer; Zyvalix for metastatic prostate cancer; Karfib for relapsed or refractory multiple myeloma; Leprid for advanced prostate cancer; Bapoci for brest cancer; Xetrane for multiple myeloma; Rembre for chronic myeloid leukemia; Imvexxy for moderate to severe dyspareunia; Bijuva for moderate to severe vasomotor symptoms; IPX203 for Parkinson’s disease; Qelbree for attention-deficit hyperactivity disorder; Jornay PM for attention-deficit hyperactivity disorder; and Crexon for Parkinson’s disease. In addition it offers Salofalk for ulcerative colitis; Ursofalk for biliary cirrhosis; Fibridoner for idiopathic pulmonary fibrosis; Ibsrela for IBS-C; and Exelon for symptomatic treatment of mild to moderately severe dementia in people with Alzheimer's and Parkinson's disease. Further it offers Niktimvo; Zynyz; Gemtesa; Orgovyx; Myfembree; Onicit; Jornay PM and Crexont capsules; and Palbocil and Bapocil for treatment of patients with hormone receptor positive. Additionally it provides finances to other life science companies; and invests in life sciences venture capital funds. The company was incorporated in 2013 and is based in Montreal Canada.,0.14,0.26,0.31,0.02,-0.09,-0.08,,,,0.19,0.13,0.16,0.14,0.11,Dec-25
IFP,Interfor Corporation,14.88,978.61,United States and Canada,CA,-0.0546,0,0.0009,0.047,0.0235,-0.1088,0,0.0035,0.0266,-0.0293,-0.0639,0,0,,,,2965.86,3144.63,3103,2805.9,3023.6,3315.7,4584.05,3289.15,2183.61,1875.82,2186.57,1990.11,1792.71,1687.38,Materials,Paper and Forest Products,Interfor Corporation together with its subsidiaries produces and sells wood products in Canada the United States Japan China Taiwan and internationally. It offers decking fascia and board v-joint paneling fineline paneling siding products and structural lumber products. The company also provides stock for windows and doors; supplies specialty materials; and logs and wood chips. Its products are used for residential commercial and industrial applications. The company was formerly known as International Forest Products Limited and changed its name to Interfor Corporation in May 2014. Interfor Corporation was incorporated in 1963 and is headquartered in Burnaby Canada.,-0.37,1.27,1.86,-5.46,-4.12,-3.26,10.75,12.81,4.72,-0.86,1.61,1.66,0.92,-0.29,Dec-25
DBM,Doman Building Materials Group Ltd.,11.1,975.63,United States and Canada,CA,-0.0742,0,0,0.0076,0.0003,-0.0679,0,0,0.0003,-0.0097,-0.1031,0,0,,,,3215.75,3394.03,3885.4,3119.29,2663.24,2491.16,3039.02,2543.67,1613.8,1334.2,1291.3,1135.95,978.3,824.73,Industrials,Trading Companies and Distributors,Doman Building Materials Group Ltd. through its subsidiaries engages in the wholesale distribution of building materials and home renovation products in the United States and Canada. The company offers treated wood; siding and trim; decking and railing; engineered wood products; underlayment; caulking adhesive & fasteners; Interior Finishing; Specialty Industrial Products; roofing products; insulation and wrap products; and lumber and plywood products. It is also involved in pressure treating activities as well as timber ownership and management of private timberlands and forest licenses; and provides other value-add services. In addition the company distributes lumber products. It sells its products to small independent lumber yards regional building material dealers home improvement chains and retailers. The company serves its products to new home construction home renovation and industrial markets. The company was formerly known as CanWel Building Materials Group Ltd. and changed its name to Doman Building Materials Group Ltd. in May 2021. Doman Building Materials Group Ltd. was founded in 1989 and is headquartered in Vancouver Canada.,0.96,0.99,1.18,0.92,0.64,0.87,0.9,1.3,0.77,0.23,0.39,0.45,0.4,0.37,Dec-25
CGY,Calian Group Ltd.,82.37,948.26,United States and Canada,CA,-0.1375,0,0.0063,0.0076,0.0363,0.0654,0,0.0006,-0.0758,-0.027,0.0251,0,-0.0052,-0.0755,-0.0248,,884.4,884.03,947.61,774.11,746.61,658.58,582.17,518.4,432.32,343.04,305.07,275.42,274.59,242.25,Industrials,Commercial Services and Supplies,Calian Group Ltd. provides business services and solutions in Canada and internationally. It operates through four segments: Advanced Technologies Health Learning and IT and Cyber Solutions. The company offers communication and connectivity products such as antennas RF solutions software solutions GNSS satellite flight operations and carrier and spectrum monitoring; and cybersecurity solutions including risk assessment and compliance penetration testing IT infrastructure protection penetration testing cybersecurity training and awareness RF emissions security cyberattack simulations incident response services and cloud security services. It also provides enterprise IT solutions comprising managed IT services 24/7 help desk outsourcing managed XDR security hardware asset management and NOC services; healthcare pharmaceutical solutions and digital health solutions; and corporate training immersive and blended learning and instructor-led learning solutions. In addition the company offers composites manufacturing circuit card assembly wiring harnesses and cables fibreglass canopies and product assembly services; custom software integration and embedded design operational management and lifecycle support modelling and simulation-enabled design composites engineering and technology research and development qualification testing and asset management services; and emergency response and emergency resilience hazard-informed risk assessment emergency response plans and after-action review solutions. It serves defense health transportation agriculture government and public service public safety and security energy resources and environment space retail and hospitality manufacturing and network and communication infrastructure industries. The company was formerly known as Calian Technologies Ltd. and changed its name to Calian Group Ltd. in April 2016. The company was incorporated in 1982 and is based in Ottawa Canada.,4.24,4.82,5.83,3.28,3.72,3.43,3.86,3.51,2.59,2.19,2.07,2.01,1.92,1.45,Sep-25
ET,Evertz Technologies Limited,12.05,912.4,United States and Canada,CA,-0.4395,0,-0.0178,-0.0178,-0.0213,-0.0184,0,-0.0183,-0.0183,-0.0094,-0.0442,,,,,,528.76,554.94,,515.78,501.62,514.62,454.58,441.02,342.89,436.59,443.56,402.83,384.43,381.55,Information Technology,Communications Equipment,Evertz Technologies Limited engages in the design manufacture and distribution of video and audio infrastructure solutions for the production post-production broadcast and telecommunications markets in Canada the United States and internationally. The company offers contribution and distribution encoder decoder receiver and processing products; and control panels intelligent operations and controls big data analytics and network management systems as well as orchestration monitoring and analytics solutions. It also provides video encoders and decoders and multiplexing products comprising encoders/transcoders decoders multiplexers monitoring and auto-changeover products and enterprise products; optical media transport products; and audio consoles and processing products such as mixing consoles routing and I/O products summing and processing products and IP audio gateways. In addition the company offers asset management and playout products consisting of asset management ingest playout and branding transcoding/conforming and framerate conversion products; live media production products; routers; flexible media edge products; and IP audio/video processing media gateway switch routing timing and software defined network orchestration products. Further it provides multiviewers solutions comprising IP multiviewers SDI multiviewers MVP and accessories; radio frequency (RF) products; router control panels; timing and synchronization products; and infrastructure and conversion products. The company serves content creators broadcasters specialty channels and television service providers. Evertz Technologies Limited was founded in 1966 and is headquartered in Burlington Canada.,0.72,0.85,,0.83,0.78,0.91,0.84,0.94,0.55,0.9,1.02,0.7,0.92,0.94,Apr-26
NFGC,New Found Gold Corp.,2.34,901.43,United States and Canada,CA,-0.5215,0,-0.0009,-0.1456,-0.2495,,0,-0.082,-0.2876,-0.5325,0.0532,0,-0.0222,0.081,-0.1061,0.5334,63.57,209.8,596.03,5.81,,,,,,,,,,,Materials,Metals and Mining,New Found Gold Corp. a mineral exploration company engages in the identification evaluation acquisition and exploration of mineral properties in the Provinces of Newfoundland and Labrador Canada. The company primarily explores for gold deposit. It holds 100% interests in the Queensway project that includes 103 mineral licenses and 7018 claims covering an area of 175600 hectares located near Gander Newfoundland; and the Kingsway project located in Gander Newfoundland. The company was formerly known as Palisade Resources Corp. and changed its name to New Found Gold Corp. in June 2017. New Found Gold Corp. was incorporated in 2016 and is headquartered in Vancouver Canada.,-0.13,0.08,0.47,-0.18,-0.25,-0.42,-0.42,,,,,,,,Dec-25
ENGH,Enghouse Systems Limited,16.57,893.14,United States and Canada,CA,-0.2403,0,-0.0009,-0.0019,-0.0424,-0.0848,0,-0.0282,-0.0291,-0.0943,-0.1875,0,-0.0231,-0.0231,-0.0817,,470.45,468.15,514.2,498.88,502.51,454.02,427.58,467.18,503.78,385.85,342.85,325.37,307.98,279.31,Information Technology,Software,Enghouse Systems Limited together with its subsidiaries develops enterprise software solutions worldwide. It operates through Interactive Management Group and Asset Management Group segments. The Interactive Management Group segment provides contact center and interaction management software and services to facilitate remote work enhance customer service increase efficiency and manage customer communications across various interactions including voice email social channels web chats text and video. This segment offers contact center video collaboration video health monitoring video capture technology video room systems interactive voice response artificial intelligence tools outbound dialers attendant console agent performance optimization customer survey and business intelligence and analytics. It serves financial services media businesses education telecoms and business process service providers as well as technology and health care companies. The Asset Management Group segment offers a portfolio of software and services to cable operators network telecommunication providers media transit defense utilities and public safety companies as well as government. This segment’s products include network infrastructure operations support systems and business support systems as well as video streaming and cloud IPTV solutions. This segment also provides fleet routing dispatch scheduling transit e-ticketing and automated fare collection communications and emergency control center solutions for the transportation government first responders and security sectors; and SaaS based enterprise mobility management solutions. Enghouse Systems Limited was incorporated in 1984 and is headquartered in Markham Canada.,1.34,1.36,1.52,1.41,1.49,1.35,1.72,1.67,2.32,1.31,1.05,0.95,0.89,0.77,Oct-25
AW,A & W Food Services of Canada Inc.,36.32,869.97,United States and Canada,CA,-0.0687,0,0,0.0055,0.0244,0.0169,0,0,0.0026,-0.0055,,,,,,,309.3,310.1,,294.1,292.3,299.31,299.36,244.98,201.89,246.31,206,185.72,133.17,117.63,Consumer Discretionary,Hotels Restaurants and Leisure,A & W Food Services of Canada Inc. together with its subsidiaries engages in the development and franchise of quick service restaurants in Canada. The company operates quick service restaurants that serve burgers and sandwiches under the A&W and Pret A Manger brands. A & W Food Services of Canada Inc. was founded in 1956 and is headquartered in North Vancouver Canada.,2.37,2.64,,2.31,,,,,,,,,,,Dec-25
RSI,Rogers Sugar Inc.,6.75,867.67,United States and Canada,CA,-0.0573,0,0,-0.0003,-0.0329,-0.079,0,0,0.0063,-0.0161,-0.0789,0,0,0.0149,-0.0023,,1187.17,1229.72,1290,1312.63,1231.76,1104.71,1006.13,893.93,860.8,794.29,805.2,682.52,564.41,541.54,Consumer Staples,Food Products,Rogers Sugar Inc. engages in refining packaging marketing and distribution of sugar maple syrup and related products in Canada the United States Europe and internationally. It operates through two segments: Sugar and Maple. The company offers white white specialties icing yellow liquid nature raw and brown sugar; and fine white granulated and table syrup. It also provides maple products such as candies spread sugar and flakes. It markets its products to industrial consumer liquid and export product markets under the Lantic name in Eastern Canada and Rogers name in Western Canada. Rogers Sugar Inc. was founded in 1888 and is headquartered in Vancouver Canada.,0.61,0.55,0.58,0.57,0.54,0.4,0.38,0.32,0.33,0.34,0.4,0.4,0.45,0.34,Sep-25
MKP,MCAN Mortgage Corporation,21.2,867.38,United States and Canada,CA,-0.2054,0,0,-0.0176,0.015,0.019,0,0,-0.0691,-0.0582,-0.0449,,,,,,155.9,161.7,,133.8,130.59,123.94,94.33,100.21,71.09,75.33,61.28,64.88,63.28,52.56,Financials,Financial Services,MCAN Mortgage Corporation operates as a loan and mortgage investment corporation in Canada. The company engages in real estate lending and investing including residential mortgage and construction lending non-residential construction and commercial lending as well as portfolio of securities loans real estate investments and private investment activities. It also provides term deposits through a network of independent financial agents as well as through a direct-to-consumer channel. The company was formerly known as MCAP Inc. and changed its name to MCAN Mortgage Corporation in September 2006. MCAN Mortgage Corporation was founded in 1991 and is headquartered in Toronto Canada.,,,,,,,,,,1.64,1.72,1.75,1.51,1.23,Dec-25
LCFS,Tidewater Renewables Ltd.,23.09,843.62,United States and Canada,CA,-0.0363,0,0,0.2096,0.1163,0.0829,0,0,0.152,-0.0523,-0.1409,0,0,0.1455,-0.1494,,441.83,417.5,370,248,426.5,97.68,76.1,34.58,4.17,4.46,5.9,,,,Energy,Oil Gas and Consumable Fuels,Tidewater Renewables Ltd. engages in production of renewable fuel in North America. Its flagship asset is the renewable diesel & renewable hydrogen complex that is located adjacent to the Prince George Refinery. It intends to focus on the production of low carbon fuels including renewable diesel renewable hydrogen and renewable natural gas. Tidewater Renewables Ltd. was incorporated in 2021 and is headquartered in Calgary Canada. Tidewater Renewables Ltd. operates as a subsidiary of Tidewater Midstream and Infrastructure Ltd.,,,,,0.06,-0.18,0.55,,,,,,,,Dec-25
CGX,Cineplex Inc.,13.02,820.3,United States and Canada,CA,-0.0269,0,0.0106,0.0324,0.0423,-0.0338,0,0.0053,0.0121,0.0206,-0.0477,0,-0.0111,0.0076,0.045,,1458.74,1473.63,1518,1284.77,1330.44,1388.89,1102.88,656.67,418.26,1665.15,1612.44,1555.07,1478.33,1370.94,Communication Services,Entertainment,Cineplex Inc. together with its subsidiaries operates as an entertainment and media company in Canada and internationally. It operates through three segments: Film Entertainment and Content Media and Location-Based Entertainment. The company engages in theatre exhibitions; provision of food service; and alternative programming service comprising international film programming as well as content offered under the Event Cinema brand including The Metropolitan Opera sporting events concerts and dedicated event screens. It also operates cineplex.com a website and the Cineplex mobile app that offers movie information showtimes and ability to buy tickets online entertainment news and box office reports as well as advertising and digital commerce solutions; movie-related entertainment content; mobile food; and beverage ordering services. In addition it incorporates advertising mediums related to theatre exhibition; and offers digital signage solutions. Further the company operates location-based entertainment establishments including The Rec Room a social entertainment destination that offers a range of entertainment options such as simulation redemption video recreational gaming attractions and a live entertainment venue for watching entertainment programming; Playdium a complex designed for families and teens; and Cineplex Junxion an entertainment concept for movies amusement gaming dining and live performances as well as in-theatre gaming centers. Additionally it offers Scene+ a customer loyalty program designed to offer members discounts and the opportunity to earn and redeem points. Cineplex Inc. was founded in 1912 and is headquartered in Toronto Canada.,0.41,0.62,0.92,-0.57,-0.64,-0.44,-1,-4.03,-6.19,0.51,1.19,1.15,1.22,1.57,Dec-25
LGN,Logan Energy Corp.,1.175,812.65,United States and Canada,CA,-0.0369,0,0,0.0484,0.2806,0.0639,0,0,0.0952,0.2395,,,,,,,303.5,414,,163.73,104.24,72.72,110.83,,,,,,,,Energy,Oil Gas and Consumable Fuels,Logan Energy Corp. engages in the exploration development and production of crude oil and natural gas properties. The company holds interest in the Simonette and Pouce Coupe properties in northwest Alberta; and the Flatrock property in northeastern British Columbia. Logan Energy Corp. was formerly known as 2499938 Alberta Ltd. and changed its name to Logan Energy Corp. in March 2023. The company was incorporated in 2023 and is headquartered in Calgary Canada.,,,,0.05,0.01,,,,,,,,,,Dec-25
THX,Thor Explorations Ltd.,1.17,779.89,United States and Canada,CA,-0.3938,0,-0.0001,-0.0215,0.0988,0.8134,0,-0.0001,0.1371,0.1214,0.9565,0,-0.0001,0.0068,0.2731,,514.81,353.7,477.89,446.74,277.66,187.15,223.64,7.65,,,,,,,Materials,Metals and Mining,Thor Explorations Ltd. together with its subsidiaries engages in the production development and exploration of gold. The company also explores for silver and lithium deposits. Its flagship property is the Segilola Gold Project in Nigeria. Thor Explorations Ltd. was incorporated in 1968 and is based in Vancouver Canada.,0.48,0.26,0.37,0.42,,,,,,,,,,,Dec-25
NICU,Magna Mining Inc.,2.47,773.97,United States and Canada,CA,-0.3731,0,-0.05,0.0408,0.0175,-0.2401,0,-0.1005,0.0645,-0.1304,-0.4343,0,-0.0476,-0.0046,-0.2009,0.3638,119.93,216.56,575.18,58.83,,,,,,,,,,,Materials,Metals and Mining,Magna Mining Inc. engages in the acquisition exploration and development of mineral properties in Canada. The company explores for nickel copper cobalt platinum palladium gold and silver deposits. Its primary assets include the McCreedy West copper underground mine located on the north range of the Sudbury Igneous Complex; the Levack mine; the Podolsky mine; the 84%-owned Shakespeare mine which comprises 29 patented claims 3 leased claims and 787 mining claims covering an area of 18074.94 hectares located within the Dunlop Porter Shakespeare Hyman and Baldwin Townships in Sudbury Canada; and the 100%-owned Crean Hill mine located in Sudbury Canada. Magna Mining Inc. was founded in 2016 and is headquartered in Sudbury Canada.,-0.07,0.05,0.25,-0.13,,,,,,,,,,,Dec-25
DIV,Diversified Royalty Corp.,4.09,772.01,United States and Canada,CA,-0.1787,0,0,0.0246,0.2931,0.3172,0,0,0.0311,0.5734,0.6492,0,0,-0.037,,,109.41,142.33,161.35,70.79,64.99,56.49,45.18,37.28,30.5,30.46,26.71,20.92,28.17,19.59,Consumer Discretionary,Specialty Retail,Diversified Royalty Corp. a multi-royalty corporation engages in the acquisition of royalties from multi-location businesses and franchisors in North America. The company owns the Sutton Mr. Lube + Tires Loyalty Inc. Mr. Mikes Nurse Next Door Oxford Stratus Cheba Hut Inc. and BarBurrito trademarks. The company was formerly known as BENEV Capital Inc. and changed its name to Diversified Royalty Corp. in September 2014. Diversified Royalty Corp. was incorporated in 1992 and is headquartered in Vancouver Canada.,0.19,0.24,0.28,0.21,0.19,0.24,0.2,0.15,0.13,,,,,0.12,Dec-25
MRGUN,Morguard North American Residential Real Estate Investment Trust,14.84,774.35,United States and Canada,CA,-0.221,0,0,0.0032,-0.003,-0.0319,0,0,0.0084,0.0396,0.0106,0,0,,,,354.94,381.9,392.47,360.42,349.15,336.76,284.34,248.26,238.81,245.69,242.42,226.5,218.47,198.44,Real Estate,Residential REITs,Morguard North American Residential Real Estate Investment Trust is an unincorporated open-ended real estate investment trust which owns through a limited partnership interests in Canadian residential apartment communities located in Alberta and Ontario and U.S. residential apartment communities located in Colorado Texas Louisiana Illinois Georgia Florida North Carolina Virginia and Maryland. Morguard North American Residential Real Estate Investment Trust was established in 2012 and was incorporated in Canada.,,,,,,,,,,,,,,,Dec-25
WJX,Wajax Corporation,34.28,746.62,United States and Canada,CA,-0.0234,0,0,-0.0067,-0.0306,-0.0463,0,0,-0.0129,-0.0332,-0.046,0,0,-0.0124,,,2075.53,2130.76,2187,2145.3,2097.59,2154.68,1962.82,1637.28,1422.65,1553.05,1481.6,1318.73,1221.91,1273.31,Industrials,Trading Companies and Distributors,Wajax Corporation provides industrial products and services in Canada. The company offers compact excavators dump trucks excavators and wheel loaders; combination sweeper scrubbers container handlers electric ride scrubbers end rider trucks forklifts goosenecks and ballast weights order pickers outdoor cleaning machines pallet stackers and trucks reach stackers rider and walk behind sweepers side loaders utility vehicles tow terminal and RoRo tractors; cages and partitions guarding and barriers lockers cabinets workstations rack accessories and protections racking shelving and storage platforms; storage system design installation and inspection services; and power generation solutions. It also provides aerial devices boom lifts cranes digger derricks drills lifts and material and scissor lifts; feller bunchers felling heads flail debarkers forwarders grinders harvesting heads log loaders mulchers skidders track and wheel harvesters and woodchippers; equipment transport filtration fluid handling mining excavators rigid frame trucks rope shovel and underground battery powered and drill jumbos haul trucks loaders roof bolters and utility trucks; and marine off and on highway engines and transmissions as well as equipment rentals. In addition the company offers bearings bulk material handling electric motors and variable frequency drives filtration fluid handling hydraulics instrumentation pneumatics power transmissions and PPE and safety supplies; sealing belting lubricants and hydraulic hoses; equipment parts and support; and engineered repair services. It serves construction forestry mining industrial and commercial oil sands transportation metal processing government utilities and oil and gas sectors. The company was formerly known as Wajax Income Fund and changed its name to Wajax Corporation in January 2011. Wajax Corporation was founded in 1858 and is headquartered in Toronto Canada.,3.1,3.47,3.48,2.84,2.38,3.78,3.26,2.35,1.72,2.06,2.11,1.66,0.99,1.5,Dec-25
MTY,MTY Food Group Inc.,31.83,727.04,United States and Canada,CA,-0.3065,0,0,-0.0315,-0.0428,-0.0523,0,0,-0.0499,-0.0637,-0.0901,0,-0.0001,-0.0674,-0.1075,,1091.88,1076.62,1099.5,1190.17,1159.6,1169.33,716.52,551.9,511.12,550.94,412.35,276.08,191.28,145.2,Consumer Discretionary,Hotels Restaurants and Leisure,MTY Food Group Inc. together with its subsidiaries franchises and operates quick-service fast-casual and casual dining restaurants in Canada the United States and internationally. It sells retail products under various brand names; and engages in the operation of distribution centers and food processing plants. The company was formerly known as iNsu Innovations Group Inc. and changed its name to MTY Food Group Inc. in July 2003. MTY Food Group Inc. was founded in 1979 and is headquartered in Saint-Laurent Canada.,4.16,4.5,4.74,5.86,4.2,4.55,3.53,3.5,2.01,3.22,4.35,2.37,2.22,1.65,Nov-25
CHR,Chorus Aviation Inc.,30.54,725.23,United States and Canada,CA,-0.0212,0,0,0.0272,0.0422,0.0056,0,0,0.0273,0.0314,0.0995,0,0,0.0409,-0.0009,,1337.09,1339.39,1320.94,1316.5,1404.95,1681.08,1595.8,1023.27,948.72,1366.45,1353.29,1352.2,1276.85,1544.68,Industrials,Passenger Airlines,Chorus Aviation Inc. through its subsidiaries provides aviation services in Canada and internationally. It offers contract flying services charter services and specialized contracts ACMI (aircraft crew maintenance and insurance) flying such as medical logistical and humanitarian flights; aircraft leasing and acquisition; and maintenance repair and overhaul services and technical and pilot training services. The company also provides aircraft modifications and refurbishment in-service support services parts provisioning and disassembly aerospace engineering repurposing and transition and certification services. The company was formerly known as Jazz Air Income Fund. Chorus Aviation Inc. was founded in 2005 and is based in Dartmouth Canada.,2.51,2.44,2.53,2.27,1.3,2.1,3.52,2.66,2.84,4.55,6.23,6.51,5.91,6.65,Dec-25
NXRUN,Nexus Industrial REIT,7.3,714.55,United States and Canada,CA,-0.1371,0,0,0.0081,-0.0114,-0.0152,0,0,0.003,-0.0074,-0.0022,0,0,,,,187.96,196.68,206.62,172.63,177.57,157.72,138.92,84.48,62.25,62.15,53.33,37.22,15.41,11.99,Real Estate,Industrial REITs,Nexus Industrial REIT is a growth-oriented real estate investment trust focused on increasing unitholder value through the acquisition of industrial properties located in primary and secondary markets in Canada and the ownership and management of its portfolio of properties. The REIT currently owns a portfolio of 88 properties (including one property held for development in which the REIT has an 80% interest) comprising approximately 12.3 million square feet of gross leasable area. The REIT has approximately 97089000 voting units issued and outstanding including approximately 73037000 REIT Units and approximately 24052000 Class B LP Units of subsidiary limited partnerships of Nexus which are convertible to REIT Units on a one-to-one basis. Nexus Industrial REIT was incorporated in 2012 in Ontario Canada.,0.49,0.59,0.62,0.62,,,,,,,,,,,Dec-25
MRE,Martinrea International Inc.,10.25,711.83,United States and Canada,CA,-0.1254,0,0,-0.0044,-0.0179,-0.0625,0,0,-0.0031,-0.0174,-0.0205,0,0,0,0,,4673.87,4842.6,5560.25,4821.85,5014.13,5340,4757.59,3783.95,3375.29,3863.66,3662.9,3690.5,3968.41,3866.77,Consumer Discretionary,Automobile Components,Martinrea International Inc. engages in the design development manufacture and sale of engineered value-added lightweight structures and propulsion systems for the automotive sector in North America Europe and internationally. The company offers lightweight structure products including complex assemblies body structures exterior trims trailer hitches and chassis. It also provides graphene and nylon-coated brake lines fluid and thermal products powertrain solutions and e-mobility solutions. In addition the company offers flexible manufacturing products comprising assembly modules complex metal fabrications and exterior trim solutions. The company was formerly known as Royal Laser Tech Corporation and changed its name to Martinrea International Inc. in June 2002. Martinrea International Inc. was incorporated in 1987 and is headquartered in Vaughan Canada.,2.14,2.48,,2.25,1.19,2.21,1.77,0.42,0.59,2.28,2.23,1.92,1.52,1.39,Dec-25
CVVY,Cavvy Energy Ltd.,2.3,711.53,United States and Canada,CA,-0.0612,0,0,-0.0182,0.0715,,0,0,0.0964,0.2585,,,,,,,377.8,444.5,,217.91,201.1,368.14,443.58,321.81,257.17,110.65,2.73,0.09,,,Energy,Oil Gas and Consumable Fuels,Cavvy Energy Ltd. operates as a midstream and upstream energy company in Canada. It produces and processes natural gas natural gas liquids condensate and sulphur in Alberta and northeast British Columbia. The company was formerly known as Pieridae Energy Limited and changed its name to Cavvy Energy Ltd. in May 2025. Cavvy Energy Ltd. was founded in 2012 and is headquartered in Calgary Canada.,,,,,,,,,,,,,,,Dec-25
DRM,Dream Unlimited Corp.,16.71,700.89,United States and Canada,CA,-0.2626,0,-0.0247,-0.0285,-0.0737,-0.026,0,0.1077,0.0341,0.01,0.0724,0,0.0541,,,,408.3,469.82,505.27,462.95,624.51,386.95,343.77,325.92,347.62,580.43,339.87,356.96,340.17,333.37,Real Estate,Real Estate Management and Development,Dream Unlimited Corp. formerly known as Dundee Realty Corporation is a real estate investment firm. The firm provides real estate asset management and advisory services including sourcing acquiring managing and developing commercial and residential real estate primarily in Western Canada. It invests in the real estate markets across the globe. The firm also seeks to invest in renewable energy infrastructure and power projects with a focus on wind hydro and solar in North American. Dream Unlimited Corp. was founded in 1996 and is based in Toronto Canada.,1.31,1.6,1.71,1.74,4.37,-0.22,4.14,1.56,3.31,1.5,1.48,1.58,1.66,1.04,Dec-25
DLCG,Dominion Lending Centres Inc.,9,693.24,United States and Canada,CA,-0.1964,0,0,0.0471,0.0339,0.0393,0,0,0.191,0.1956,0.218,,,,,,114.6,144.15,,96.27,76.75,62.52,70.72,78.82,52.41,44.84,79.82,82.91,18.35,13.66,Financials,Financial Services,Dominion Lending Centres Inc. provides mortgage brokerage franchising and mortgage broker data connectivity services in Canada. The company provides end-to-end services to automate the mortgage application approval underwriting and funding process; and additional services providing management of daily operations and data resources access. It offers its software and services through various lender and broker facing products under Velocity Link LinkLender and Connect brand names as well as Dominion Lending Centres Mortgage Architects and The Mortgage Centre brands. It also develops and operates a platform that connects brokers and lenders in the mortgage industry. The company was formerly known as Founders Advantage Capital Corp. Dominion Lending Centres Inc. was incorporated in 1998 and is headquartered in Port Coquitlam Canada.,0.47,0.68,,0.41,0.22,0.16,,,,-0.03,-0.04,-0.03,,,Dec-25
CFW,Calfrac Well Services Ltd.,6.88,694.49,United States and Canada,CA,-0.0639,0,-0.012,0.0925,0.1277,0.0216,0,-0.0092,0.0673,0.1131,0.0353,0,-0.0074,0.1025,0.1536,,1496.75,1562.85,1625.17,1387.93,1567.48,1864.28,1499.22,880.25,705.44,1620.95,2256.43,1527.71,734.51,1495.2,Energy,Energy Equipment and Services,Calfrac Well Services Ltd. together with its subsidiaries provides specialized oilfield services in Canada the United States and Argentina. The company offers hydraulic fracturing coiled tubing cementing and wireline services for the oil and natural gas industries. Calfrac Well Services Ltd. was founded in 1999 and is headquartered in Calgary Canada.,1.02,1.05,1.28,0.6,0.24,1.64,0.64,-2.24,-84.97,-45.15,8.07,-7.29,-78.68,-71.84,Dec-25
GSY,goeasy Ltd.,42.46,680.81,United States and Canada,CA,-0.762,0,0,-0.0257,-0.1034,-0.2004,0,0,-0.0439,-0.1148,-0.2874,0,0,-0.0846,,,1550.21,1540.95,1588.82,506.32,788.47,746.36,636.92,566.75,462.42,394.08,339.92,305.26,273.79,247.01,Financials,Consumer Finance,goeasy Ltd. provides non-prime leasing and lending services under the easyhome easyfinancial and LendCare brands to consumers in Canada. It operates through two segments Easyfinancial and Easyhome. The company offers unsecured and secured installment loans; home equity and improvement secured instalment loans and automotive vehicle financing; and loans to finance the purchase of retail goods powersports and recreational vehicles home improvement projects and healthcare related products and services. It also leases household furniture appliances electronics and unsecured lending products to retail consumers. The company was formerly known as easyhome Ltd. and changed its name to goeasy Ltd. in September 2015. goeasy Ltd. was incorporated in 1990 and is headquartered in Mississauga Canada.,-1.06,4.54,7.23,3.03,16.7,14.2,11.55,9.16,7.53,5.17,3.59,2.97,2.1,1.7,Dec-25
ESI,Ensign Energy Services Inc.,3.55,654.36,United States and Canada,CA,-0.2857,0,0,0.033,0.0629,0.0841,0,0,0.0775,0.157,0.196,0,0,-0.0269,0.1094,,1766.05,1965.85,2003.62,1638.89,1684.23,1791.77,1577.33,995.59,936.82,1591.34,1156.36,1000.65,859.7,1390.98,Energy,Energy Equipment and Services,Ensign Energy Services Inc. together with its subsidiaries provides oilfield services to the oil and natural gas industries in Canada the United States and internationally. It offers shallow intermediate and deep well drilling as well as specialized drilling services including directional underbalanced and managed pressure drilling; and equipment and services. The company also provides coring and oil sands drilling services to the mining and oil and natural gas industries; directional drilling services; equipment rental services; and interactive pressure drilling services. Further the company offers transportation and well servicing services. The company was incorporated in 1987 and is headquartered in Calgary Canada.,-0.08,0.1,0.22,-0.15,-0.16,0.19,-0.15,-1.07,-1.14,-0.7,-0.96,-0.79,-0.95,-0.23,Dec-25
APRUN,Automotive Properties Real Estate Investment Trust,11.69,645.2,United States and Canada,CA,-0.0663,0,0,-0.0038,0.0283,0.1029,0,0,-0.0031,0.0226,0.1013,0,0,,,,118.94,122.9,132.3,101.83,93.88,92.48,82.86,78.22,75.12,67.58,48.25,41.8,34.27,22.8,Real Estate,Specialized REITs,Automotive Properties Real Estate Investment Trust is an unincorporated open-ended real estate investment trust focused on owning and acquiring primarily income-producing automotive and other OEM dealership and service properties located in Canada and the United States. The REIT's portfolio currently consists of 95 income-producing commercial properties representing approximately 3.5 million square feet of gross leasable area in metropolitan markets across British Columbia Alberta Saskatchewan Manitoba Ontario and Québec in Canada and California Florida and Ohio in the United States. Automotive Properties REIT is the only public vehicle in Canada focused on consolidating automotive and OEM dealership and service real estate properties. Automotive Properties Real Estate Investment Trust was established in 2015 and was incorporated in Canada.,1.03,1.1,1.14,0.86,,,,,,,,,,,Dec-25
GORO,Goldgroup Mining Inc.,4.74,642.96,United States and Canada,CA,-0.4514,0,0,,,,0,0,,,,0,0,,,,375.61,764.63,844.89,31.54,29.28,12.98,0.75,23.32,25.29,25.15,28.79,23.57,20.94,,Materials,Metals and Mining,Goldgroup Mining Inc. operates as a mining and metals company that focuses on gold production and exploration in Mexico. The company holds a 100% interest in the San Francisco project located in the State of Sonora. It also has a 100% interest in producing Cerro Prieto heap leach gold mine located in the State of Sonora. The company is based in Vancouver Canada.,0.47,1.46,1.63,,,-3.23,,,,,,,,,Dec-25
HSTR,Heliostar Metals Ltd.,2.3,642.86,United States and Canada,CA,-0.3372,0,-0.0007,-0.0599,-0.1212,,0,-0.0006,-0.0606,-0.0744,,0,-0.0014,-0.1121,-0.0902,,329.02,405.37,505.55,168.05,52.62,,,,,,,,,,Materials,Metals and Mining,Heliostar Metals Ltd. together with its subsidiaries engages in gold and silver exploration and mining activities in the United States and Mexico. Its flagship property is the 100%-owned Ana Paula gold project which covers an area of 56334 hectares located in the state of Guerrero Mexico. The company was formerly known as Redstar Gold Corp. and changed its name to Heliostar Metals Ltd. in October 2020. Heliostar Metals Ltd. was incorporated in 1983 and is headquartered in Vancouver Canada.,0.23,0.36,0.43,0.05,-0.13,,,,,,,,,,Dec-25
ABXX,Abaxx Technologies Inc.,16.25,634.44,United States and Canada,CA,-0.7752,0,0,-0.9545,-0.9245,-0.9258,0,0,-0.6934,-0.6301,-0.0593,0,0,-0.6448,-0.5847,-0.1336,0.77,26.33,52.3,1.04,0.97,0.22,,,,,,,,,Financials,Capital Markets,Abaxx Technologies Inc. engages in developing software tools which enable commodity traders and finance professionals to communicate trade and transact in Canada. The company offers Abaxx Spot a smarter markets for physical gold trading; Adaptive Infrastructure a smarter market infrastructure to provide a unified custodial foundation across regulated and privately negotiated markets; MarketOS an integrated console suite that helps to identity communication documentation and agreement workflows for institutional markets; and Abaxx Digital Title a re-engineering tokenization. It also provides Abaxx Exchange a global commodity futures exchange and clearinghouse licensed by the Monetary Authority of Singapore (MAS) as a recognised market operator and approved clearinghouse; and financing solutions to voluntary carbon markets. Abaxx Technologies Inc. was founded in 2018 and is headquartered in Toronto Canada.,-2.47,-1.55,1.16,-1.81,,,,,,,,,,,Dec-25
FTG,Firan Technology Group Corporation,24.81,624.55,United States and Canada,CA,-0.0683,0,0.0029,-0.0049,0.0061,-0.0027,0,-0.0005,-0.0015,0.0231,,0,0,-0.0238,,,210.53,235.22,256.65,191,162.1,135.2,89.62,79.36,102.44,112.65,109.42,94.69,87.11,72.05,Information Technology,Electronic Equipment Instruments and Components,Firan Technology Group Corporation manufactures and sells aerospace and defense electronic products and subsystems in Canada the United States Asia Europe China internationally. The company operates in two segments FTG Circuits and FTG Aerospace. It offers semi additive process technologies high density interconnect products high temperature rigid flex printed RF boards thermal management and rigid flex and assembly products. The company also provides aerospace chassis and assembly backlit control panels and assemblies cockpit lighting power supply cursor-controlled device integrated switch panel/keyboards/bezels and line replaceable unit/cockpit assemblies. The company was formerly known as Circuit World Corporation and changed its name to Firan Technology Group Corporation in May 2004. Firan Technology Group Corporation was founded in 1983 and is headquartered in Toronto Canada.,,,,,,,,,,,0.13,0.06,0.14,0.01,Nov-25
ACT,Aduro Clean Technologies Inc.,17.49,624.48,United States and Canada,CA,-0.299,0,-0.9297,-0.951,-0.9616,-0.9733,0,0,1.3011,-0.5564,,0,-0.1067,0.7358,-0.4173,,0.22,6.24,37.23,0.17,0.23,0.34,0.11,,0.04,0.04,0.23,0.19,,,Industrials,Machinery,Aduro Clean Technologies Inc. engages in developing water-based chemical recycling technologies in Canada and Netherlands. The company’s platform converts end-of-life plastics and tire rubber to chemicals and fuels; upgrades heavy crude oils; and transforms renewable oils into renewable fuels and chemicals. Its water based chemical recycling platform features applications in hydrochemolytic plastics upcycling hydrochemolytic renewables upgrading and hydrochemolytic bitumen upgrading sectors. The company was formerly known as Dimension Five Technologies Inc. and changed its name to Aduro Clean Technologies Inc. in 2021. Aduro Clean Technologies Inc. is headquartered in London Canada.,,,,,,,,,,,,,,,May-26
PLZUN,Plaza Retail REIT,5.28,589.38,United States and Canada,CA,-0.0168,0,0,0.0078,0,-0.0077,0,0,0.0153,0,0,0,0,,,,129,133,138,130.86,124.54,117.35,114.94,114.61,105.59,113.69,102.53,103.47,105.4,98.47,Real Estate,Retail REITs,Plaza Retail REIT is an unincorporated open-ended real estate investment trust established pursuant to a declaration of trust dated as of November 1 2013 amended as of March 26 2020. Plaza is the successor to Plazacorp Retail Properties Ltd. which commenced operations in February 1999. Plaza Retail REIT was established in February 1999 and was incorporated in Canada.,0.46,0.4,0.42,0.37,,,,,,,,,,,Dec-25
QNC,Quantum eMotion Corp.,2.64,579.27,United States and Canada,CA,-0.5769,0,0,-0.4673,,,0,0,-0.3545,,,,,,,,0.59,3.55,,0.01,,,,,,,,,,,Information Technology,Semiconductors and Semiconductor Equipment,Quantum eMotion Corp. engages in the development of quantum-based cryptographic solutions in Canada. It offers hardware and software products. The company provides Sentry-Q a next generation quantum safe encryption platform secures sensitive data across networks and applications; eFlux-Q a cloud based entropy distribution system delivers quantum generated entropy on demand; eCrypto-Q builds quantum resilient; eHot-Q enables encryption and secure key generation for real-time digital asset protection; eShield-Q a security layer designed for modern AI and cloud environments safeguarding cryptographic operations; eCore-Q an electron based QRNG provides entropy source. It serves cybersecurity internet of things datacenters blockchain and cryptocurrencies; as well as healthcare medical device and pharma manufacturing finance and government and military sectors. In addition the company develops and commercializes healthcare applications; and US cybersecurity spaces. It has a strategic alliance with Jmem Technology for the development of quantum-resilient System-on-Chip. The company was formerly known as Quantum Numbers Corp. and changed its name to Quantum eMotion Corp. in June 2021. Quantum eMotion Corp. was incorporated in 2007 and is headquartered in Montreal Canada.,-0.06,-0.06,,,,,,,,,,,,,Dec-25
TRX,TRX Gold Corporation,1.75,573.08,United States and Canada,CA,-0.5333,0,-0.0404,-0.0143,-0.0323,0.7964,0,-0.1407,-0.122,0.0212,,0,0,0.0318,,,177.72,236.45,599.34,79.12,55.47,51.79,19.82,,,,,,,,Materials,Metals and Mining,TRX Gold Corporation engages in the exploration development and production of mineral property in Tanzania. Its flagship project is the Buckreef Gold Project in Tanzania. The company was formerly known as Tanzanian Gold Corporation and changed its name to TRX Gold Corporation in May 2022. The company was incorporated in 1990 and is based in Oakville Canada.,0.09,0.14,,0.03,0,0.03,-0.02,-0.02,,,-0.02,-0.03,-0.09,-0.11,Aug-25
BTQ,BTQ Technologies Corp.,3.87,569.2,United States and Canada,CA,-0.8241,0,0,-0.455,-0.455,-0.7328,0,0,,,,,,,,,2.73,7.5,,0.32,0.67,,2.23,0.2,,,,,,,Information Technology,Software,"BTQ Technologies Corp. engages in the development of computer-based technology related to post-quantum cryptography for applications in blockchain and related technologies in Canada Taiwan Australia and the United States. The company's flagship hardware product is Quantum Compute-In-Memory a quantum-secure compute-in-memory chip designed to implement fast crypto-agile energy-efficient post-quantum cryptography directly in silicon; Bitcoin Quantum a permissionless quantum-safe fork of Bitcoin that replaces Bitcoin's quantumvulnerable Elliptic Curve Digital Signature Algorithm (ECDSA"") with Module-Lattice Digital Signature Algorithm (“ML-DSA”); and QSSN a quantum-secure validation and wallet infrastructure product designed to enable banks payment providers and digital asset platforms to issue and manage stablecoins with built-in protection against quantum-era cybersecurity threats. It has a strategic collaboration with Industrial Technology Research Institute to validate BTQ’s Quantum Compute In Memory (QCIM) chip which is designed to enable secure scalable cryptographic computation for the post-quantum era. BTQ Technologies Corp. has a strategic collaboration with TIDAL PWR to develop a trusted quantum data center reference architecture that can be applied across future large-scale facilities. The company was incorporated in 1983 and is headquartered in Vancouver Canada.""",,,,,,,,,,,,,,,Dec-25
ZDC,Zedcor Inc.,5,563.95,United States and Canada,CA,-0.2857,0,0,-0.0003,-0.0949,-0.1017,0,0,-0.0324,-0.0901,-0.0478,0,0,-0.0021,-0.1796,-0.0147,97,155.99,221.17,58.91,32.99,24.89,22.1,13.55,7,16.96,17.45,14.64,10.6,17.44,Industrials,Trading Companies and Distributors,Zedcor Inc. provides turnkey and customized mobile surveillance and live monitoring solutions in Canada and the United States. It engages in the provision of rental maintenance remote video monitoring data streaming and any related software or hardware upgrade services of its MobileyeZ security towers; surveillance and live monitoring of fixed site locations; ancillary services related to fixed site security camera installations; and security guard and personnel services. The company serves customers in the commercial industrial and residential construction; energy; retail; pipeline construction; utilities; and infrastructure construction sectors. Zedcor Inc. was founded in 2011 and is headquartered in Calgary Canada.,0,0.08,0.15,0.03,0.01,,,-0.13,,,-0.14,0.23,0.23,,Dec-25
AI,Atrium Mortgage Investment Corporation,11.55,559,United States and Canada,CA,-0.0655,0,0,-0.0324,-0.0917,-0.0702,0,0,0.0109,-0.0543,,,,,,,77.56,80.45,,60.62,58.21,61.75,58.32,50.76,47.94,47.75,41.42,35.78,32,28.7,Financials,Financial Services,Atrium Mortgage Investment Corporation provides financing solutions to the residential multi-residential and commercial real estate businesses in Canada. It offers various types of mortgage loans such as land and development financing construction and mezzanine financing commercial term and bridge financing services and residential mortgages products. Atrium Mortgage Investment Corporation was incorporated in 2001 and is headquartered in Toronto Canada.,0.98,1,,1.03,1.05,1.14,1.07,0.98,0.92,0.96,0.95,0.93,0.96,0.94,Dec-25
WEED,Canopy Growth Corporation,1.32,558.41,United States and Canada,CA,-0.5976,0,0,-0.0077,-0.0658,0.0857,0,0,-0.0077,-0.0459,0.107,0,0,-0.0067,-0.0413,0.118,345.48,374.27,403.05,284.6,269,297.15,402.9,510.32,546.65,398.77,226.34,77.95,39.9,12.7,Health Care,Pharmaceuticals,Canopy Growth Corporation together with its subsidiaries engages in the production distribution and sale of cannabis and cannabis-related products for medical and adult use in Canada Germany the United States and internationally. The company operates through two segments Cannabis and Storz & Bickel. It also provides vaporizers and accessories; dried flower and pre-rolled joints oil and vapes and beverages; extracts and concentrates such as softgel capsules; and cannabis edibles including gummies. In addition the company operates e-commerce shop; medical cannabis online distribution platform; and an online medical cannabis clinic. It sells its products under the Tweed 7ACRES Deep Space HiWay Maitri Twd. Spectrum Therapeutics Canopy Medical Abba Medix Storz & Bickel Wana and Claybourne Apollo Canada House R’belle LowKey MTL Cannabis DeeLish DOJA brands. The company was formerly known as Tweed Marijuana Inc. and changed its name to Canopy Growth Corporation in September 2015. Canopy Growth Corporation is headquartered in Smiths Falls Canada.,-0.07,-0.17,-0.11,-0.54,-5.11,-4.89,-19.95,5.08,-28.49,-37.27,-29.88,-6.63,-2.11,-2.05,Mar-26
PHX,PHX Energy Services Corp.,12.2,558.29,United States and Canada,CA,-0.139,0,0,0.0325,0.0314,0.0482,0,0,0.028,0.0888,0.1263,0,0,0.0105,0.0632,,759.6,827.23,843.73,709.6,659.66,656.34,535.74,339.95,246.4,349.72,317.14,241,148.4,286.78,Energy,Energy Equipment and Services,PHX Energy Services Corp. provides horizontal and directional drilling services rents performance drilling motors and sells motor equipment and parts to oil and natural gas exploration and development companies in Canada the United States the Middle East regions and internationally. It offers Atlas motors; Velocity Real-Time Systems that provide downhole guidance systems; Echo system; PowerDrive Orbit RSS a rotary steerable system; performance drilling motors; P-360 Positive Pulse MWD System a measurement while drilling (MWD) tool; and E-360 EM MWD System a MWD tool that transmits electric signals through geological formations. The company provides 360 CV MWD System a clear vision tool which surveys inclination and gamma in real-time closer to the bit; 360 RWD System a resistivity while drilling sub; and North Seeking Gyro that offers real-time QA/QC checks downhole. In addition it offers survey management and gyro surveying services. The company was formerly known as Phoenix Technology Income Fund and changed its name to PHX Energy Services Corp. PHX Energy Services Corp. was founded in 1995 and is headquartered in Calgary Canada.,0.96,1.36,1.53,1.13,1.15,1.95,1,0.49,0.07,-0.04,0.05,-0.37,-0.85,-0.52,Dec-25
PRVUN,Pro Real Estate Investment Trust,6.6,554.06,United States and Canada,CA,-0.1069,0,0,0.0201,0.0638,0.0613,0,0,0.0566,0.1602,0.1567,0,0,,,,117.22,136.95,139.69,104.1,99.21,99.89,97.21,77.67,69.81,57.63,40.89,29.64,22.96,18.19,Real Estate,Industrial REITs,PRO Real Estate Investment Trust is a Canadian industrial real estate investment trust that owns and operates a portfolio of high-quality properties. With a presence in strong primary and secondary Canadian markets PROREIT is committed to delivering stable cash flow disciplined growth and long-term value for its unitholders. PRO Real Estate Investment Trust was founded and incorporated in 2013 in Ontario Canada.,,,,,,,,,,,,,,,Dec-25
TCS,Tecsys Inc.,38,547.84,United States and Canada,CA,0,0,0.0282,-0.0169,-0.0223,-0.0343,0.0003,0.0287,-0.014,-0.0021,-0.0408,0.0029,-0.0131,,,,206.2,222.43,245.9,193.14,176.45,171.24,152.42,137.2,123.1,102.94,74.39,68.57,65.97,65.52,Information Technology,Software,Tecsys Inc. engages in the development marketing and sale of enterprise-wide supply chain management software and related services in Canada the United States Europe and internationally. The company offers warehouse management healthcare supply chain management hospital point of use pharmacy inventory management and retail order management. It also provides implementation system enhancement cloud advisory consulting education and support services as well as engages in sale of hardware. It primarily serves the healthcare systems services parts third-party logistics retail and general wholesale distribution industries. The company was incorporated in 1983 and is headquartered in Montreal Canada.,0.83,1.24,1.91,0.55,0.56,0.42,0.2,0.28,0.48,0.28,0.06,0.33,0.19,0.39,Apr-26
ACQ,AutoCanada Inc.,23.71,546.46,United States and Canada,CA,-0.2837,0,0,0.0258,0.0418,-0.0663,0,0,0.0191,0.0138,-0.0693,0,0,0,,-0.1687,5027.15,5155.92,5105,4896.32,5271.55,5607.19,6040.62,4653.41,3329.49,3476.11,3150.78,3101.56,2891.58,2903.8,Consumer Discretionary,Specialty Retail,AutoCanada Inc. through its subsidiaries operates franchised automobile dealerships and related business. The company offers various automotive products and services including new and used vehicles vehicle leasing vehicle parts vehicle maintenance and collision repair services and extended service contracts; vehicle protection after-market products and auction services. It also arranges financing and insurance for vehicle purchases by its customers through third-party finance and insurance sources. In addition it operates franchised dealerships in British Columbia Alberta Saskatchewan Manitoba Ontario Quebec Nova Scotia and New Brunswick of Canada as well as the State of Illinois in the United States. The company also offers used vehicles online. AutoCanada Inc. was incorporated in 2009 and is headquartered in Edmonton Canada.,1.5,2.79,,1.68,-0.83,2.04,4.46,4.96,0.61,0.79,0.37,1.57,1.45,1.63,Dec-25
KBL,K-Bro Linen Inc.,42.15,542.29,United States and Canada,CA,-0.1343,0,0,-0.0055,0.0057,0.0353,0,0,-0.003,0.0031,0.0512,0,0,-0.011,0.0009,,598.68,619.22,633.08,506.78,373.61,320.88,276.62,223.99,196.59,252.41,239.53,170.56,159.09,144.54,Industrials,Commercial Services and Supplies,K-Bro Linen Inc. together with its subsidiaries provides laundry and linen services to healthcare organizations hotels and other commercial accounts in Canada and the United Kingdom. The company engages in the processing management and distribution of general and operating room linens such as sheets blankets towels tablecloths surgical gowns drapes and other linens. It also provides textile services; and linen rental workwear hire and cleanroom garment services to the hospitality healthcare manufacturing and pharmaceutical sectors. K-Bro Linen Inc. was founded in 1954 and is headquartered in Edmonton Canada.,2.37,2.6,3.14,2.55,1.88,1.57,0.36,0.81,0.88,1.03,0.59,0.63,1.44,1.52,Dec-25
KITS,Kits Eyecare Ltd.,15.77,536.28,United States and Canada,CA,-0.301,0,0,-0.0008,-0.0245,-0.0106,0,0,0.0009,-0.0308,-0.1864,0,0,0.1467,-0.0499,,244.12,290.13,325.79,202.46,159.34,120.51,91.64,82.4,75.22,36.9,,,,,Consumer Discretionary,Specialty Retail,Kits Eyecare Ltd. operates a digital eyecare platform in the United States and Canada. It offers progressive polarized and contact lenses eyeglasses and frames under the KITS brand as well as distributes eyewear products of various brands. The company operates a network of optical e-commerce websites including KITS.com KITS.ca OptiContacts.com and ContactsExpress.ca. Kits Eyecare Ltd. was founded in 2002 and is headquartered in Vancouver Canada.,0.17,0.34,,0.12,0.03,-0.04,-0.24,,,,,,,,Dec-25
TWM,Tidewater Midstream and Infrastructure Ltd.,24.47,537.88,United States and Canada,CA,-0.032,0,0,0.0677,0.1522,0.0897,0,0,0.0425,0.0743,-0.0241,0,0,0.0145,0.0452,,1908,1865,1825,1318.5,1640.5,2208.3,2875.2,1698.4,979.41,692.27,324.29,221.39,109.94,23.52,Energy,Oil Gas and Consumable Fuels,Tidewater Midstream and Infrastructure Ltd. operates as a downstream midstream and infrastructure company in Western Canada and the United States. It primarily focuses on processing natural gas natural gas liquids (NGLs) crude oil refined products and renewable products and services as well as refining of light oil. The company also engages in the sale of refined products including low sulfur diesel renewable diesel and gasoline; natural gas NGL extraction as well as renewable fuels and emissions credits; and purchases transports sells stores and blends both NGLs and crude oil. The company was incorporated in 2015 and is headquartered in Calgary Canada.,-1.93,2.28,1.7,-4.81,-2.2,1.16,1.85,-0.67,-1.68,-0.8,1.35,0.71,0.73,,Dec-25
SICO,Silverco Mining Ltd.,9.59,533.32,United States and Canada,CA,-0.4247,0,0,0.0769,,,0,0,-0.1407,,,,,,,,85.4,254.6,,,,,,,,,,,,,Materials,Metals and Mining,Silverco Mining Ltd. acquires explores and develops mineral properties in Canada and Mexico. It primarily explores silver lead copper zinc and gold deposits. The company owns a 100% interest in the 95 mineral concessions covering an area of approximately 11665 hectares Cusi Mine Complex located in Chihuahua State Mexico; and La Negra Mine project located in Querétaro State central Mexico. The company was formerly known as Quetzal Copper Corp. Silverco Mining Ltd. is headquartered in Vancouver Canada.,0.55,1.63,2.19,,,,,,,,,,,,Dec-25
MRTUN,Morguard Real Estate Investment Trust,7.11,480.61,United States and Canada,CA,-0.0353,0,0,0.0408,-0.0039,0.0408,0,0,0.0426,0.0113,0.0591,0,0,,,,255,269,276,241.47,260.95,256.84,244.73,243.52,257,276.36,279.71,281.92,283.82,294.21,Real Estate,Diversified REITs,Morguard Real Estate Investment Trust is a closed-end real estate investment trust which owns a diversified portfolio of 45 high quality retail office and industrial income producing properties in Canada consisting of approximately 8.0 million square feet of leasable space. Morguard Real Estate Investment Trust was established in 1997 and was incorporated in Canada.,,,,,,,,,,,,,,,Dec-25
BPFUN,Boston Pizza Royalties Income Fund,19.5,478.54,United States and Canada,CA,-0.2442,0,0,0,0.0038,0.0115,0,0,0,0.0037,,,,,,,53,54,,51.89,49.51,49.19,45.47,35.15,32.64,45.4,45.61,44.68,43.84,40.73,Consumer Discretionary,Hotels Restaurants and Leisure,Boston Pizza Royalties Income Fund operates as an open-ended limited purpose trust company in Canada. The company acquires trademarks and trade names owned by Boston Pizza International Inc. It also operates and franchises restaurants under the Boston Pizza brand name. The company was incorporated in 2002 and is headquartered in Richmond Canada. Boston Pizza Royalties Income Fund operates as a subsidiary of James Treliving Holdings Ltd.,1.61,1.9,,1.98,1.42,1.3,1.53,,1.06,,0.49,,,,Dec-25
CGO,Cogeco Inc.,50.05,473.99,United States and Canada,CA,-0.3503,0,0,0.0154,-0.0096,-0.0239,0,0,0.0058,-0.0124,-0.0389,0,0,,,,2884.3,2803,2729.8,3008.1,3073.99,3081.14,2995.01,2603.84,2479.47,2444.06,2262.03,2347.68,2307.4,2187.16,Communication Services,Diversified Telecommunication Services,Cogeco Inc. operates in the communications and media sectors in Canada and the United States. The company operates in two segments Canadian Telecommunications and American Telecommunications. It provides a range of Internet video and phone services through advanced fibre optic and two-way telecommunications distribution networks primarily to residential customers as well as business services under the Cogeco Connexion name in Quebec and Ontario; and Breezeline brand in the United States. The company provides advanced network connectivity services such as dedicated fibre session initiation protocol primary rate interface trunking solutions and hosted private branch exchange solutions as well as managed business Wi-Fi. In addition it owns and operates 21 radio stations with complementary radio formats and coverage serving a range of audiences primarily across the province of Québec; and Cogeco News a news agency. It serves primary service units including Internet video and telephony service customers. The company was incorporated in 1957 and is headquartered in Montreal Canada. Cogeco Inc. operates as a subsidiary of Gestion Audem Inc.,5.59,1.41,1.49,9.46,14.44,10.28,11.19,9.1,6.88,,,,,4.71,Aug-25
VHI,Vitalhub Corp.,7.41,469.34,United States and Canada,CA,-0.372,0,0,0.0036,0.0092,0.0497,0,0,0.0159,0.0132,0.037,0,0,-0.0486,0.0092,-0.152,131.25,144.26,155.61,108.97,68.59,52.51,39.97,24.66,13.79,10.23,9.11,1.15,0.49,0.55,Health Care,Health Care Technology,Vitalhub Corp. together with its subsidiaries provides technology and software solutions for health and human service providers in Canada the United States the United Kingdom Australia Western Asia and internationally. The company offers patient flow operational visibility and patient journey optimization solutions for hospital and integrated health environments including SHREWD Intouch with Health Strata Health MedCurrent Beautiful Information My Pathway BookWise Solutions Jayex Acute MCAP and Oculys. It also provides electronic healthcare record case management care coordination and optimization solutions to inpatient/outpatient care providers long-term care and community and social services focused organizations such as TREAT CaseWORKS clarity Community Data Solutions S12 B Care DOCit hicom Clarity Healthcare Solutions and Pirouette. In addition the company offers a workforce automation and compliance suite that integrates and centralizes workforce and compliance data which includes Hicom Premier IT and BookWise. Vitalhub Corp. was founded in 2010 and is headquartered in Toronto Canada.,0.2,0.33,0.36,0.3,0.16,0.13,0.08,-0.04,,,,,,,Dec-25
NOA,North American Construction Group Ltd.,17.37,467.49,United States and Canada,CA,-0.2604,0,0,0.0844,0.1175,0.1266,0,0,0.1191,0.1567,0.2172,0,0,,,,1519.11,1673.6,1669,1284.29,1165.79,964.68,769.54,654.14,498.47,719.07,410.06,292.56,213.18,281.28,Energy,Energy Equipment and Services,North American Construction Group Ltd. provides mining and heavy civil construction services to customers in the resource development and industrial construction sectors in Australia Canada and the United States. It operates through Heavy Equipment - Canada Heavy Equipment - Australia and Other segments. The company offers mine management services for a thermal coal mine; and construction and operations support services in Canadian oil sands region. It also provides fully maintained heavy equipment rentals at metallurgical and thermal coal mines; heavy equipment rentals to iron ore gold and lithium producers; and heavy equipment maintenance component remanufacturing and full equipment rebuild services to mining companies and other heavy equipment operators as well as supplies production-critical components to the mining and construction industry. The company was formerly known as North American Energy Partners Inc. and changed its name to North American Construction Group Ltd. in April 2018. North American Construction Group Ltd. was incorporated in 1953 and is headquartered in Acheson Canada.,1.82,2.46,2.3,1.06,3.73,2.84,2.34,1.96,1.77,1.74,0.57,0.35,-0.03,-0.19,Dec-25
IPO,InPlay Oil Corp.,16.82,467.96,United States and Canada,CA,-0.1129,0,0,0.0596,0.3034,0.2043,0,0.1198,0.1481,0.2424,0.2873,,,,,,430.82,431,,251.82,133.75,156.85,200.2,102.26,39.01,69.2,68.41,55.97,25.38,29.57,Energy,Oil Gas and Consumable Fuels,InPlay Oil Corp. engages in the acquisition exploration development and production of petroleum and natural gas properties in Canada. The company produces and sells crude oil natural gas and natural gas liquids. It focuses on light oil asset base located in West Central Alberta. The company is headquartered in Calgary Canada.,,,,0.12,0.6,2.16,5.57,,-1.47,-2.28,-0.6,-0.74,,,Dec-25
GAL,Galantas Gold Corporation,0.54,451.92,United States and Canada,CA,-0.2394,0,0,0,,,0,0,-0.278,,,0,0,-0.1621,,,41,342.95,521.19,,,,,,,0.01,0.07,0.04,0.07,0.08,Materials,Metals and Mining,Galantas Gold Corporation engages in the acquisition exploration and development of mineral properties. It explores gold silver zinc copper and lead deposits. The company owns and operates the Omagh Gold Project which covers an area of 189 square kilometers located in Northern Ireland. It also acquires a 100% interest in the Gairloch Project covering 217 square kilometers mineral license area located in Scotland; and Andacollo Oro Gold Project located in the Coquimbo Region of central Chile. The company was formerly known as European Gold Resources Inc. and changed its name to Galantas Gold Corporation in May 2004. Galantas Gold Corporation was founded in 1996 and is based in Toronto Canada.,0.02,0.2,0.24,,,,,,,,,,,,Dec-25
TCLA,Transcontinental Inc.,5.26,450.66,United States and Canada,CA,-0.7949,0,0.0153,0.0193,0.0115,-0.5814,0,0.0133,0.0205,0.0249,-0.5798,0,-0.0095,-0.0052,-0.0269,,1162.3,1156.47,1127.3,2743.9,2812.9,2940.6,2956.1,2643.4,2574,3038.8,2623.5,2007.2,2019.5,2002.2,Materials,Containers and Packaging,Transcontinental Inc. engages in the flexible packaging business in Canada the United States Latin America the United Kingdom and internationally. It operates through Packaging Retail Services and Printing and Media segments. The Packaging sector engages in the extrusion lamination printing and converting packaging solutions; and manufacturing and recycling flexible plastic including rollstock labels die cut lids shrink films bags and pouches and advanced coatings. This sector serves dairy coffee meat and poultry pet food agriculture beverage home and personal care products industrial consumer and medical products. The Retail Services and Printing sector provides content marketing and media solutions including flyer retail printing digital flyer retail analytics and in-store marketing solutions. It also offers print solutions for newspapers magazines and 4-color books. The Media sector is involved in printing and digital publishing of educational supplemental educational and specialized publications for professionals in French and English. The company was formerly known as GTC Transcontinental Group Ltd CL A. Transcontinental Inc. was founded in 1976 and is headquartered in Montreal Canada.,1.02,1.1,1.01,2.59,2.34,2.03,2.19,2.37,2.3,2.2,2.64,2.61,2.53,2.36,Oct-25
CPKR,Canada Packers Inc.,15.12,449.88,United States and Canada,CA,-0.37,0,0,-0.0217,-0.0359,,0,0,-0.0179,-0.0337,,,,,,,1760.62,1810.43,,1836.4,,1649.03,1639.17,,,,,,,,Consumer Staples,Food Products,Canada Packers Inc. engages in the production of raised without antibiotic (RWA) pork. The company’s integrated operations cover hog production processing and value-added innovation. It delivers a mix of products to various customers in North America; and internationally through representative offices in Mexico China South Korea Japan and the Philippines. The company was founded in 1927 and is headquartered in Mississauga Canada.,1.78,2.37,,3.55,,,,,,,,,,,Dec-25
PBL,Pollard Banknote Limited,16.6,449.26,United States and Canada,CA,-0.2924,0,0.0021,0.0114,-0.0092,0.0121,0,-0.0013,0.008,-0.0056,,,,,,,627.88,659.37,,596.02,557.1,520.44,483.72,459.01,414.13,397.84,331.87,285.65,246.41,221.03,Consumer Discretionary,Hotels Restaurants and Leisure,Pollard Banknote Limited together with its subsidiaries engages in the manufacture and sale of lottery and charitable gaming products and solutions in the United States Canada and internationally. It produces and provides a range of instant tickets and lottery services including licensed products; distribution; interactive digital internet games such as eInstants; iLottery services comprising platform and player account management software through Catalyst brand; loyalty and engagement programs; marketing; and instant ticket vending machines. The company also provides easyVEND brand in-lane ticket vending solutions and scanACTIV brand retail solutions for in-lane retail distribution of instant tickets; charitable gaming products such as pull-tab tickets bingo paper bingo daubers and pull-tab vending machines as well as ancillary products including pull-tab counting machines; promotional scratch and win transit tickets and parking passes; lottery management services; eTab systems including electronic pull tabs on cabinet devices handled tablets and self-service terminals; and ticket merchandising services under the Schafer brand. In addition it designs produces and services games gaming systems and tickets for various gaming markets such as lottery and charity gaming. The company sells its products under the American Games International Gamco Diamond Game and Compliant brands. The company was formerly known as 7510101 Canada Limited. Pollard Banknote Limited was founded in 1907 and is headquartered in Winnipeg Canada.,1.69,2.19,,,1.79,1.09,1.25,0.93,,,,,,,Dec-25
FSZ,Fiera Capital Corporation,4.18,442.79,United States and Canada,CA,-0.3798,0,0,-0.0173,-0.068,-0.0804,0,0,-0.0182,-0.0632,-0.0838,0,0,-0.0676,,,655.97,683.21,679.8,673,688.62,686.65,681.44,749.87,695.14,654.95,545.58,456.69,342.7,258.42,Financials,Capital Markets,Fiera Capital Corporation is an publicly owned investment manager. The firm primarily provides its services to institutional investors financial intermediaries high net worth individuals family offices foundations and endowments. The firm manages separate client-focused mutual funds pooled funds and alternative investment vehicles. The firm invests in equities fixed income balanced alternative investments and private markets. The firm employs fundamental and quantitative analysis to make its investments. The firm uses both in-house and external research to complement its investment process. It was founded in 2003 and is based in Montreal Quebec.,0.93,0.98,0.96,0.87,0.93,1.06,1.17,1.6,1.4,1.32,1.06,1.13,1.23,1.01,Dec-25
CEI,Coelacanth Energy Inc.,0.69,437.37,United States and Canada,CA,-0.2813,0,,,-0.4266,-0.4288,0,,,,,0,,,,,90.77,119.86,159.89,25.23,11.04,5.17,5.6,5.6,,,,,,,Energy,Oil Gas and Consumable Fuels,Coelacanth Energy Inc. an oil and natural gas company engages in the acquisition development exploration and production of oil and natural gas reserves in northeastern British Columbia Canada. It also offers natural gas liquids. The company owns approximately 160700 net acres of land located in the Two Rivers area of northeastern British Columbia. Coelacanth Energy Inc. was incorporated in 2022 and is headquartered in Calgary Canada.,0.01,0,0.05,-0.02,-0.01,,,,,,,,,,Dec-25
TF,Timbercreek Financial Corp.,5.26,435.28,United States and Canada,CA,-0.3097,0,0,-0.0342,-0.0785,-0.1011,0,0,-0.0296,-0.0509,,,,,,,101.98,107.18,,55.39,75.53,87.54,72.83,61.78,48.5,70.27,67.39,65.66,51.18,38.01,Financials,Financial Services,Timbercreek Financial Corp. provides shorter-duration structured financing solutions to commercial real estate investors in Canada. The company focuses on lending against income-producing real estate properties including multi-residential retail and office properties for urban markets. Timbercreek Financial Corp. was founded in 2016 and is headquartered in Toronto Canada.,0.49,0.59,,0.47,0.56,0.78,0.69,0.68,0.63,0.66,0.65,0.7,,,Dec-25
CSWA,Corby Spirit and Wine Limited,15.3,434.44,United States and Canada,CA,-0.0909,0,0.0008,-0.0622,,,0,-0.0033,-0.0728,,,,,,,,257.6,270.2,,271.65,246.79,229.66,162.96,159.39,159.78,153.36,149.94,145.72,143.87,140,Consumer Staples,Beverages,Corby Spirit and Wine Limited together with its subsidiaries manufactures markets and imports spirits wines whiskies vodkas rums liquors gins tequilas bourbons champagnes and ready-to-drink cocktails in Canada the United States the United Kingdom and internationally. It operates in two segments Case Goods and Commissions. The company offers its products under the J.P. Wiser’s Lamb’s Polar Ice McGuinness Cottage Springs Nude Ungava Chic Choc Cabot Trail The Foreign Affair Winery Absolut Chivas Regal The Glenlivet Ballantine’s Jameson Beefeater Malibu Bumbu Olmeca Altos Jefferson’s Rabbit Hole Kahlúa Mumm Mott’s Clamato Snapple Tahiti Treat Hires Lot No. 40 Pike Creek Gooderham & Worts Royal Reserve Skrewball Codigo 1530 Martell Havana Club Ricard Lillet Brancott Estate G.H. Mumm Kenwood Vineyards Perrier-Jouët Aberlour Royal Salute Pernod Soho Redbreast Spot Whiskeys Ramazzotti Midleton Meaghers Kayak Quartz Malfy Gin Slow Press Stave & Steel Mumm Napa and Wyndham Estate brands. It also provides logistics and bulk whisky services. The company was formerly known as Corby Distilleries Limited and changed its name to Corby Spirit and Wine Limited in November 2013. The company was founded in 1859 and is based in Toronto Canada. Corby Spirit and Wine Limited operates as a subsidiary of Hiram Walker & Sons Limited.,,,,,,0.9,0.91,0.9,0.96,,,0.97,0.89,1.02,Jun-26
ANRG,Anaergia Inc.,2.46,424.23,United States and Canada,CA,-0.2991,0,0,0.0372,0.0841,0.3853,0,0,0.0319,0.0729,,0,0,,,,270.14,310.98,338.6,180.19,111.65,147.22,162.85,129.87,110.53,89.68,63.54,,,,Industrials,Commercial Services and Supplies,Anaergia Inc. together with its subsidiaries provides solutions for the generation of renewable energy and conversion of waste to resources in Italy North America Europe the Middle East and Africa and the Asia Pacific. It operates through three segments: Capital Sales; Operation & Maintenance Services; and Build Own and Operate. The company offers OREX a waste processing solution that capture and process organic waste contained within mixed municipal solid wastes; Omnivore anaerobic digestion to produce valuable biogas and a nutrient rich soil amendment byproduct; membrane-based system to upgrade biogas and create pipeline; liquid treatment for water re-use and nutrient recovery; and residue treatment solutions. It provides wastewater resource recovery municipal solid waste and agricultural waste solutions. Anaergia Inc. was founded in 2007 and is headquartered in Burlington Canada.,0.04,0.1,0.1,0.04,,,-0.44,,,,,,,,Dec-25
FC,Firm Capital Mortgage Investment Corporation,11.42,419.57,United States and Canada,CA,-0.0835,0,0,0.0319,0.016,-0.0232,0,0,0.22,0.2147,0.1814,0,0,,,,57.5,68.69,56.74,42.56,45.21,46.49,42.24,37.96,32.24,32.92,30.74,26.35,25.18,23.78,Financials,Financial Services,Firm Capital Mortgage Investment Corporation through its mortgage banker Firm Capital Corporation provides residential home and commercial short-term bridge and conventional real estate financing services in Canada and the United States. The company’s products include construction financing mezzanine debt and equity investments. It also invests in short-term residential and commercial real estate mortgage loans and real estate-related debt investments. The company was formerly known as Firm Capital Mortgage Investment Trust and changed its name to Firm Capital Mortgage Investment Corporation in 2011. Firm Capital Mortgage Investment Corporation was founded in 1988 and is based in Toronto Canada.,0.98,1.01,1.03,1.01,0.99,0.97,0.94,0.94,0.94,0.97,0.96,0.99,0.95,0.97,Dec-25
RBY,Rubellite Energy Corp.,4.21,395.32,United States and Canada,CA,-0.1284,0,-0.0034,-0.1131,0.2728,0.1006,0,-0.1019,-0.0613,0.8006,,,,,,,290,291,,210.07,148.29,80.45,48.78,13.3,,,,,,,Energy,Oil Gas and Consumable Fuels,Rubellite Energy Corp. together with its subsidiaries operates as an energy company in Canada. It engages in the exploration development production and marketing of heavy crude oil natural gas and bitumen assets. The company was incorporated in 2021 and is headquartered in Calgary Canada.,,,,,,,0.61,,,,,,,,Dec-25
TI,Titan Mining Corporation,3.9,386.02,United States and Canada,CA,-0.4968,0,0,0.1648,0.1613,,0,0,0.0491,0.0494,,0,0,,,,123.57,111.94,108.32,101.89,92.44,69.01,84.03,70.3,41.53,1.39,,,,,Materials,Metals and Mining,Titan Mining Corporation a natural resource company acquires explores develops produces and extracts mineral properties. The company explores for zinc and graphite as well as iron-oxide copper gold deposits. Its principal asset is the Empire State Mine project covering an area of approximately 80000 acres located in the Balmat– Edwards mining district in northern New York. The company was formerly known as Triton Mining Corporation and changed its name to Titan Mining Corporation in November 2016. Titan Mining Corporation was incorporated in 2012 and is headquartered in Vancouver Canada.,-0.13,-0.1,-0.14,0.09,,,,,,-0.21,-0.24,,,,Dec-25
DRX,ADF Group Inc.,13.6,388.32,United States and Canada,CA,-0.2625,0,0.0133,0.0133,-0.1665,0.1513,0,-0.0027,0.0211,,,,,,,,366,451.1,,258.74,339.63,331.02,250.89,280.74,172.59,179.71,135.07,180.47,102.85,98.09,Materials,Metals and Mining,ADF Group Inc. engages in the design and engineering of connections including industrial coatings in Canada and the United States. It also fabricates and installs complex steel structures; heavy steel built up components; and miscellaneous and architectural metalwork services. In addition the company offers products and services for various segments of the non-residential construction industry such as office towers and high-rises commercial and recreational buildings airport facilities industrial complexes and transport infrastructures and energy. Further it operates in the field of machining welding and industrial mechanics and offers design fabrication and installation of welded steel structures; and customized overhead crane solutions for heavy industry. It serves general contractors project owners engineering firms and project architects structural steel erectors and other steel structure fabricators. The company was formerly known as Les Entreprises El Drago Ltée and changed its name to ADF Group Inc. in August 1998. ADF Group Inc. was founded in 1956 and is headquartered in Terrebonne Canada.,,,,,,,,,,-0.05,0.23,-0.06,0.05,0.11,Jan-26
ALV,Alvopetro Energy Ltd.,10.02,373.82,United States and Canada,CA,-0.1249,0,0.0523,0.0272,0.0619,0.0584,0,0.1608,0.1159,0.0966,-0.024,0,0.1452,0.099,0.1732,0.1442,107.93,114.71,142.55,73.91,63.56,76.88,80.06,40.35,13.51,0.52,0.84,0.7,0.82,0.82,Energy,Oil Gas and Consumable Fuels,Alvopetro Energy Ltd. engages in the acquisition exploration development and production of hydrocarbons in Brazil and Canada. The company holds interests in the Caburé and Murucututu natural gas assets; Block 183 exploration block; and Bom Lugar and Mãe-da-lua oil fields comprising approximately 2671 acres located in the Recôncavo basin onshore Brazil. Alvopetro Energy Ltd. was incorporated in 2013 and is headquartered in Calgary Canada.,,,,,,0.97,,0.3,0.27,-0.16,-0.15,-0.2,,,Dec-25
SM,Sierra Madre Gold and Silver Ltd.,1.42,370.98,United States and Canada,CA,-0.5631,0,0.0428,-0.2806,-0.4187,0.337,0,-0.0521,-0.0597,-0.2069,0.589,0,0.0061,0.0063,-0.1554,0.6107,69.68,113.69,140.06,34.25,9.46,,,,,,,,,,Materials,Metals and Mining,Sierra Madre Gold and Silver Ltd. operates as a precious metal development extraction and exploration company in Mexico. It holds a 100% interest in the Guitarra silver-gold mine that consists of three underground operation centers and a flotation mill located in the Temascaltepec Mining District in the State of Mexico; and a 100% interest in the Tepic silver-gold property which comprises five mining concessions covering an area of 2612.5 hectares located in the State of Nayarit Mexico. Sierra Madre Gold and Silver Ltd. is based in Vancouver Canada.,0.11,0.21,0.22,0.07,,,,,,,,,,,Dec-25
ACB,Aurora Cannabis Inc.,5.68,368.42,United States and Canada,CA,-0.3912,0,0,0.0188,-0.1104,-0.2208,0,0,0.0065,-0.1324,-0.2141,0,0,-0.0282,0.0085,-0.2103,298.55,320.62,354.4,320.59,288.91,269.64,223.8,221.34,245.25,268.7,245.54,55.2,18.07,1.44,Health Care,Pharmaceuticals,Aurora Cannabis Inc. together with its subsidiaries engages in the production distribution and sale of cannabis products in Canada and internationally. The company offers pharmaceutical-grade cannabis products; and medical and consumer cannabis products. It also provides harvested cannabis trim cannabis oils capsules edibles vaporizers dried and fresh cannabis cannabis plants cannabis seeds edible cannabis cannabis extracts flowers vapes / inhalable extracts edibles / pastilles concentrates and cannabis topicals; and patient counseling and outreach services. Its brand portfolio includes Aurora Being CanniMed CraftPlant Daily Special Drift Greybeard IndiMed MedReleaf Pedanios San Raf Tasty’s Whistler and WMMC. The company also engages in pharmacy activities. Aurora Cannabis Inc. was founded in 2013 and is headquartered in Edmonton Canada.,,,,,,-0.88,-4.7,-9.19,-14.93,-39.73,-39.49,-17.19,,,Mar-26
PZA,Pizza Pizza Royalty Corp.,10.64,359.68,United States and Canada,CA,-0.364,0,0,-0.0032,-0.0313,-0.0622,0,0,-0.0016,-0.0242,-0.0543,0,0,-0.0015,,,618,644,666,40.79,39.81,40.22,36.43,31.92,31.79,35.95,35.41,35.61,35.33,34.81,Consumer Discretionary,Hotels Restaurants and Leisure,Pizza Pizza Royalty Corp. through its subsidiary Pizza Pizza Royalty Limited Partnership franchises and operates quick-service restaurants under the Pizza Pizza and Pizza 73 brands in Canada. The company was incorporated in 1967 and is headquartered in Toronto Canada.,0.91,0.95,0.98,0.95,0.95,0.98,0.88,0.77,0.77,0.88,0.87,0.89,0.9,0.9,Dec-25
HITI,High Tide Inc.,3.95,352.11,United States and Canada,CA,-0.2685,0,0.0206,0.034,0.0409,-0.0018,0,0.0214,0.0248,0.0199,-0.0134,0,0.0187,0.0054,-0.0154,-0.0615,757.45,837.13,891.59,593.99,522.31,487.67,356.85,181.12,83.27,31.29,8.51,9.83,8.34,,Health Care,Pharmaceuticals,High Tide Inc. engages in the cannabis retail business in Canada the United States and internationally. The company operates through Bricks and Mortar E-commerce and Medical Cannabis Distribution segments. It manufactures and distributes consumption accessories; cannabis; and hemp derived products. The company also engages in data analytics; advertising; product sourcing and imports; event-based cannabis retail; medical cannabis distribution; accessories retail; and other related services. It provides its products under the Daily High Club DankStop FAB CBD GC Nuleaf Naturals Smoke Cartel Blessed CBD Fastendr Famous Brandz Queen of Bud Canna Cabana Grasscity Daily High Club and Valiant Distribution brands. The company sells its products through a network of retail stores e-commerce platforms and the wholesale distribution arm. The company was formerly known as High Tide Ventures Inc. and changed its name to High Tide Inc. in October 2018. The company was founded in 2009 and is headquartered in Calgary Canada.,0.12,0.18,0.3,-0.04,,-0.11,-0.44,-0.44,-1.3,,,,,,Oct-25
CPH,Cipher Pharmaceuticals Inc.,13.64,346.66,United States and Canada,CA,-0.3366,0,-0.0004,-0.032,-0.0311,-0.097,0,-0.0162,-0.0388,-0.1145,-0.0195,0,-0.0237,-0.0434,-0.1029,0.0586,70.85,81.35,85.63,69.25,47.97,28.04,27.99,27.75,27.49,29.15,31.05,50.47,39.82,47.74,Health Care,Pharmaceuticals,Cipher Pharmaceuticals Inc. operates as a specialty pharmaceutical company in Canada. It offers Epuris (isotretinoin) an oral retinoid for the treatment of severe nodular and/or inflammatory acne acne conglobate and recalcitrant acne; Actikerall a topical solution for the treatment of slightly palpable and/or moderately thick hyperkeratotic actinic keratosis (Grade I/II) of the face forehead and balding scalp; Vaniqa a topical cream for the slowing of the growth of unwanted facial hair in women; Durela an opioid analgesic for the management of moderate to moderately severe pain in adults; Brinavess for the rapid conversion of onset atrial fibrillation to sinus rhythm in adults; Aggrastat a reversible GP IIb/IIIa inhibitor for use in patients with acute coronary syndrome; and Natroba for the topical treatment of head lice and scabies infestations in adult and pediatric patients. The company’s licensed products comprise Absorica an oral retinoid for the treatment of severe nodular and/or inflammatory acne acne conglobate and recalcitrant acne; Conzip an opioid agonist for the management of moderate to moderately severe chronic pain in adults; and Lipofen an adjunctive therapy to diet to reduce elevated LDL-C total-C triglycerides and Apo B as well as to increase HDL-C. Its pipeline products include piclidenoson CF-101 a novel chemical entity for moderate to severe plaque psoriasis and rheumatoid arthritis; MOB-015 a topical formulation of terbinafine which is in phase 3 clinical trial for treatment of onychomycosis; and DTR-001 a tattoo removal cream. The company was founded in 2000 and is headquartered in Mississauga Canada.,,,,,,,,,,,0.1,0.73,-0.53,0.21,Dec-25
EDT,Spectral Medical Inc.,1.14,335.08,United States and Canada,CA,-0.3091,0,0,0.0061,0.0577,-0.6132,0,0,0.6177,0.7638,0.939,0,0,0.6783,0.2758,0.029,2.82,30.25,108.05,2.44,2.29,1.6,1.67,2,2.1,2.87,3.84,3.67,3.54,3.09,Health Care,Biotechnology,Spectral Medical Inc. focuses on the development and commercialization of products for the treatment of septic shock in the United States Italy Ireland Russia and internationally. The company markets Endotoxin Activity Assay a rapid in-vitro diagnostic test for the detection of components of gram negative; and Polymyxin B-Hemoperfusion a therapeutic hemoperfusion device that removes endotoxin from the bloodstream. It also develops manufactures and markets monoclonal and polyclonal antibodies recombinant cardiac proteins antibodies and calibrators for use in the research and development as well as products that are manufactured by other diagnostic companies. The company was formerly known as Spectral Diagnostics Inc. and changed its name to Spectral Medical Inc. in December 2014. Spectral Medical Inc. was incorporated in 1991 and is headquartered in Toronto Canada.,-0.03,0.02,0.14,,,,,,,,,-0.06,-0.04,-0.06,Dec-25
EU,enCore Energy Corp.,1.73,336.11,United States and Canada,CA,-0.7058,0,0.0104,-0.0421,-0.3131,-0.3044,0,0.0341,-0.071,-0.268,-0.2974,0,0.0205,-0.0427,,-0.0586,96.33,119.33,206.5,59.23,83.87,29.35,5.75,,,,,,,,Energy,Oil Gas and Consumable Fuels,enCore Energy Corp. together with its subsidiaries engages in the acquisition exploration development and extraction of uranium resource properties in the United States. The company is headquartered in Dallas Texas.,-0.58,-0.23,0.1,,-0.34,,,,,,,,,,Dec-25
ADN,Acadian Timber Corp.,17.75,333.35,United States and Canada,CA,-0.0242,0,0,0.0337,0.0427,-0.0587,0,0,-0.0088,0,-0.0959,0,0,,,,107.4,100.9,106.1,86.96,116.18,93.48,90.47,95.73,91.03,100.05,99.85,95.38,77.17,84.42,Materials,Paper and Forest Products,Acadian Timber Corp. together with its subsidiaries provides forest products in Eastern Canada and the Northeastern United States. The company operates through New Brunswick Timberlands Maine Timberlands and Environmental Solutions segments. It offers timber products such as softwood and hardwood sawlogs pulpwood and biomass by-products. The company also owns and manages freehold timberlands in New Brunswick and Maine; and provides timber services relating to Crown licensed timberlands in New Brunswick. In addition it provides forest management and environmental solutions; and engages in real estate activities. Acadian Timber Corp. was founded in 2006 and is headquartered in Edmundston Canada.,0.98,0.63,0.85,0.39,0.85,0.72,0.61,0.95,1.13,1.12,0.77,0.97,0.97,1.1,Dec-25
DUN,Dream Office Real Estate Investment Trust,17.21,327.94,United States and Canada,CA,-0.2029,0,0,-0.0036,0.0709,-0.0091,0,0,-0.0189,0.0391,-0.0104,0,0,0.0136,,,183.59,187.28,195.77,154.41,208.44,161.85,258.17,287.84,245.68,286.51,287.23,485.33,521.33,753.22,Real Estate,Office REITs,Dream Office Real Estate Investment Trust is an unincorporated open-ended real estate investment trust. Dream Office REIT is a premier office landlord in downtown Toronto with over 4 million square feet owned and managed. We have carefully curated an investment portfolio of high-quality assets that are well located in the central financial district with convenient access to public transportation and amenities. Dream Office Real Estate Investment Trust was established on June 30 2003 and incorporated in Ontario Canada.,0.63,1.42,1.54,-8.16,-1.21,,,,,,,,,,Dec-25
KEI,Kolibri Global Energy Inc.,9.21,330.22,United States and Canada,CA,-0.0505,0,0.0393,-0.0617,0.1324,0.0057,0,0.006,0.0426,0.2,,,,,,,116.91,129.74,,78.81,84.32,67.04,50.92,18.94,12.19,22.61,32.56,15.85,11.5,19.03,Energy,Oil Gas and Consumable Fuels,Kolibri Global Energy Inc. an energy company engages in finding and exploiting energy projects in oil and gas in the United States. It develops its Caney Shale oil acreage in the Tishomingo field in the Ardmore Basin Oklahoma which produces oil gas and natural gas liquids. The company was formerly known as BNK Petroleum Inc. and changed its name to Kolibri Global Energy Inc. in November 2020. Kolibri Global Energy Inc. was incorporated in 2008 and is headquartered in Thousand Oaks California.,1.04,1.14,,0.59,0.72,0.34,,,,,,,-0.86,-0.91,Dec-25
BTBUN,BTB Real Estate Investment Trust,3.67,327.2,United States and Canada,CA,-0.1524,0,0,-0.0191,-0.0173,-0.0533,0,0,-0.009,-0.0002,-0.0364,0,0,,,,128.16,134.91,141,130.14,130.03,127.83,119.5,100.34,92.97,93.6,87.42,76.04,73.38,72.89,Real Estate,Diversified REITs,BTB Real Estate Investment Trust is a real estate investment trust listed on the Toronto Stock Exchange. The strategy stock Exchange. BTB's investment strategy focuses on acquiring industrial properties in major Canadian markets. To date BTB owns and self-manages a portfolio of 72 properties including industrial essential retail and commercial properties suburban offices representing a total leasable area of approximately 5.9 million square feet. BTB Real Estate Investment Trust was established on 8 September 2005 and was incorporated in Canada.,0.35,0.37,0.38,0.33,,,,,,,,,,,Dec-25
MMY,Monument Mining Limited,0.94,325.45,United States and Canada,CA,-0.3935,0,0,0,0.0188,1.0031,0,0,0,-0.0878,,,,,,,242.37,205.43,,134.36,70.35,16.41,18.59,28.81,40.69,27.49,25.31,20.38,30.63,55.95,Materials,Metals and Mining,Monument Mining Limited engages in the production exploration and development of precious metals in Canada Australia and Malaysia. The company primarily explores for gold assets. It holds 100% interest in the Selinsing gold mine which covers an area of 150.3 square kilometers in the Pahang State Malaysia and the Murchison gold that covers 232.6 square kilometers in the Murchison area Western Australia. The company is headquartered in Vancouver Canada.,0.3,0.23,,0.15,,,,,,,,,,,Jun-25
MAXQ,Maritime Launch Services Inc.,0.425,324.66,United States and Canada,CA,-0.3929,0,0.1914,-0.0697,-0.423,,0,0.002,0.1301,0.5185,,0,0.0004,-0.0062,-0.019,,26.42,75.5,134.5,0.01,,,,,,,,,,,Industrials,Aerospace and Defense,Maritime Launch Services Inc. through its subsidiary engages in the construction and operation of commercial spaceport for launching satellites through small and medium sized launch vehicles into low earth orbit in Canada. The company has a strategic collaboration with T‑Minus Engineering B.V. for the development of suborbital launch operations. Maritime Launch Services Inc. is headquartered in Toronto Canada.,0.01,0.03,0.08,,,,,,,,,,,,Dec-25
WRLG,West Red Lake Gold Mines Ltd.,0.77,319.16,United States and Canada,CA,-0.4832,0,0.0472,0.0145,-0.373,-0.1539,0,0,-0.0089,-0.27,0.0752,,,,,,209.45,294.13,,103.44,,,,,,,,,,,Materials,Metals and Mining,West Red Lake Gold Mines Ltd. a mineral exploration company acquires explores evaluates and develops gold properties in Canada. Its flagship property is the Madsen gold mine project which comprises 241 mining leases mining patents and unpatented mining claims covering an aggregate area of 4648 hectares located in the Red Lake Gold District of Northwestern Ontario. West Red Lake Gold Mines Ltd. is headquartered in Vancouver Canada.,0.05,0.25,,0,,,,,,,,,,,Dec-25
RIC,Richards Group Inc.,29.58,314.97,United States and Canada,CA,-0.1522,0,0,0.0137,-0.0038,-0.0435,0,0,0.0136,0.0015,-0.0211,,,,,,447.65,463.98,,430.18,407.78,425.93,446.9,451.44,489.24,334.15,318.06,296.58,286.96,249.43,Materials,Containers and Packaging,Richards Group Inc. together with its subsidiaries designs manufactures and distributes packaging containers and healthcare supplies and products in North America. It operates through two segments: Packaging and Healthcare. It offers glass and plastic containers and closures. The Packaging segment distributes glass and plastic packaging products for food and beverage as well as cosmetics industries. The Healthcare segment provides medical devices consumables and equipment for aesthetics pharmacy vision care and other healthcare markets. Richards Group Inc. was formerly known as Richards Packaging Income Fund and changed its name to Richards Group Inc. in December 2025. The company was founded in 1912 and is headquartered in Mississauga Canada.,2.98,3.37,,2.71,3.43,2.85,2.96,3.81,4.58,,,,,,Dec-25
CMG,Computer Modelling Group Ltd.,3.98,310.42,United States and Canada,CA,-0.3762,0,0.0002,-0.0088,-0.0728,-0.0267,0,-0.0062,-0.0184,,,,,,,,125.92,131.34,,126.19,129.45,108.68,73.85,66.2,67.36,75.79,74.86,74.68,75.1,80.8,Information Technology,Software,Computer Modelling Group Ltd. a software and consulting technology company engages in the development and licensing of reservoir simulation and seismic interpretation software and related services. The company offers CMOST an optimization and analysis tool that offers solution for reservoir by combining statistical analysis machine learning and impartial data interpretation; IMEX a black oil reservoir simulator that is used to model primary secondary and tertiary oil recovery processes in conventional and unconventional reservoirs; and GEM an equation of state reservoir simulator software for compositional chemical and unconventional reservoir modelling. It also provides CoFlow a integrated production system modelling software that allows reservoir and production engineers; STARS a thermal and advanced processes simulator in thermal chemical enhanced oil recovery and other advanced processes; and Builder a pre-processor for simulation model building. In addition the company offers Results a post-processor which delivers visualization and analysis capabilities to provide insight into reservoir characteristics recovery processes and reservoir performance; Focus CCS a validate asset viability in minutes; WinProp a fluid property characterization tool and CO2LINK a dynamic link between CCS simulator and the Transient wellbore simulator for the modelling of complex CO₂ phase transition systems; as well as ShaleSim a platform that provides fracture-to-production optimization. Further it provides professional services comprising specialized support consulting training and contract research services. It operates Canada the United States South America the Eastern Hemisphere Europe Australia and Asia. Computer Modelling Group Ltd. was founded in 1978 and is headquartered in Calgary Canada.,0.24,0.31,,0.22,0.29,0.32,0.24,0.23,0.24,0.29,0.28,0.26,0.31,0.32,Mar-26
XTC,Exco Technologies Limited,8.15,305.31,United States and Canada,CA,-0.0643,0,0,0.0014,-0.0075,-0.0574,0,0,0,0,,,,,,,634.4,680,,615.26,637.79,619.3,489.94,461.17,412.31,507.35,575.55,584.21,588.99,498.29,Consumer Discretionary,Automobile Components,Exco Technologies Limited together with its subsidiaries designs develops manufactures and sells dies molds components and assemblies and consumable equipment for the die-cast extrusion and automotive industries. It operates through two segments Casting and Extrusion and Automotive Solutions. The Casting and Extrusion segment designs develops and manufactures tooling and consumable parts for both die-casting and aluminum extrusion machines for industrial applications. The Automotive Solutions segment produces automotive interior components and assemblies primarily for seating cargo storage and restraint for sale to automotive manufacturers and Tier 1 suppliers. It has operations in Canada the United States Mexico Colombia Brazil Thailand Germany Italy and Morocco. Exco Technologies Limited was founded in 1952 and is headquartered in Markham Canada.,0.59,1.11,,0.63,0.77,0.68,0.48,0.98,0.69,0.81,1,1.01,1.12,0.96,Sep-25
GSVR,Guanajuato Silver Company Ltd.,0.405,307.53,United States and Canada,CA,-0.6478,0,-0.207,-0.207,-0.2724,0.9574,0,0.2104,0.2104,,,,,,,,258.58,329.85,,108.14,108.78,87.67,49.93,5.21,,,,,,,Materials,Metals and Mining,Guanajuato Silver Company Ltd. a precious metals producer engages in reactivating past producing mines in Mexico. It produces silver gold zinc and lead deposits at the Topia mine. The company was formerly known as Vangold Mining Corp. and changed its name to Guanajuato Silver Company Ltd. in June 2021. Guanajuato Silver Company Ltd. was incorporated in 1978 and is headquartered in Vancouver Canada.,,,,-0.02,-0.07,-0.15,-0.13,,,,,,,,Dec-25
DPRO,Draganfly Inc.,8.13,302.02,United States and Canada,CA,-0.5993,0,0.0202,-0.1012,-0.1398,-0.2491,0,-0.0491,-0.1571,-0.0927,,0,0.0726,0.2547,0.2798,,15.88,34.85,63.99,7.73,6.56,6.55,7.61,7.05,4.36,1.38,1.39,0.83,,,Industrials,Aerospace and Defense,Draganfly Inc. develops manufactures and sells unmanned and remote data collection and analysis platforms and systems in the United States and Canada. The company offers quadcopters fixed-wing aircraft ground-based robots handheld controllers and flight training as well as software used for tracking live streaming and data collection. It also provides custom engineering training flight geographic information systems (GIS) data and Airwash services. The company manufactures multirotor drones including the Commander 3 XL Heavy Lift Commander 2 Apex Flex FPV and long-range LiDAR drones. It serves public safety civil military agriculture industrial inspection and mapping and surveying markets. Draganfly Inc. was founded in 1998 and is headquartered in Saskatoon Canada.,-1.08,-0.97,,,,-20.85,,,,,,,,,Dec-25
AUMB,1911 Gold Corporation,0.76,271.98,United States and Canada,CA,-0.5065,0,-0.6667,,-0.9916,-0.9875,0,0,-0.0552,-0.0279,,0,0.0008,-0.0397,-0.0397,,0.63,173.03,266,,,0.73,5.88,9.67,10.77,12.28,17.99,42.17,,,Materials,Metals and Mining,1911 Gold Corporation together with its subsidiaries engages in the exploration and extraction of precious metals. It primarily explores gold. The company’s main asset is the Rice Lake property in Manitoba which covers 61647 hectares covering the Archean Rice Lake greenstone belt in Manitoba. It also owns interests in the True North mine and mill complex located in Bissett Manitoba; and the Apex property located near Snow Lake Manitoba. In addition the company holds a 100% interest in the Denton-Keefer project located in the Timmins-Porcupine Gold Camp of the Abitibi greenstone belt. The company was formerly known as Havilah Mining Corporation and changed its name to 1911 Gold Corporation in June 2019. 1911 Gold Corporation was incorporated in 2018 and is based in Vancouver Canada.,-0.05,0.35,,-0.11,,,,,,,,,,,Dec-25
PRN,Profound Medical Corp.,8.12,296.64,United States and Canada,CA,-0.3452,0,0,0.0128,-0.1331,-0.2795,0,0,-0.0201,-0.1099,-0.2204,0,0,-0.1317,-0.1335,-0.4955,36.22,59.46,86.42,22.1,15.35,9.54,9.05,8.69,9.29,5.42,2.6,4.9,,,Health Care,Health Care Equipment and Supplies,Profound Medical Corp. operates as a commercial-stage medical device company that develops and markets AI-powered MRI-guided incision-free therapeutic systems for the image guided ablation of diseased tissue. The company’s lead product TULSA-PRO system combines magnetic resonance imaging (MRI) robotically driven transurethral sweeping action/thermal ultrasound and closed-loop temperature feedback control to ablate whole gland or physician defined region of malignant or benign prostate tissue. It also provides Sonalleve which combines real-time MRI and thermometry for the treatment of uterine fibroids adenomyotic tissue palliative pain treatment of bone metastases osteoid osteoma and management of benign tumors. It operates in Canada Germany the United States China and Finland. Profound Medical Corp. is headquartered in Mississauga Canada.,-1.2,-0.82,-0.1,-1.93,-1.55,-1.82,-1.67,-1.87,-1.62,-1.8,-2,-3,-3.9,,Dec-25
AMAP,Amapá Minerals Holdings Inc.,0.9,313.96,United States and Canada,CA,-0.28,0,0,,,,0,-0.0157,,,,0,-0.0309,,,,100.23,430.02,583.53,,,,,,,,,,,,Materials,Metals and Mining,Amapá Minerals Holdings Inc. focuses on the exploration development and production of gold and other precious metal deposits in Brazil. The company owns and operates the Amapá Project consisting of 34 mineral tenure areas covering a total area of approximately 158751.55 hectares located in the southeastern portion of Amapá State northern Brazil. The company was formerly known as Amapá Precious Metals Inc. and changed its name to Amapá Minerals Holdings Inc. in June 2026. Amapá Minerals Holdings Inc. was incorporated in 2025 and is based in Pedra Branca do Amapari Brazil.,-0.15,0.24,0.39,,,,,,,,,,,,Dec-25
MKA,Mkango Magnetic Materials Limited,0.76,295.6,United States and Canada,CA,-0.7475,0,0,0,,,0,0,0,,,0,0,0,,,15.44,62.6,112.17,,,,,,,,,,,,Materials,Metals and Mining,Mkango Magnetic Materials Limited together with its subsidiaries engages in exploration and development of rare earth elements and associated minerals in Malawi United Kingdom and Poland. The company also explores for uranium tantalum niobium rutile nickel cobalt corundum zircon ilmenite gold graphite base metals platinum group metals vanadium chromium neodymium praseodymium dysprosium terbium monazite and niobium deposits. Its flagship project is the Songwe Hill property which consist of one of a block of eleven retention licences located in southeast Malawi. Mkango Magnetic Materials Limited was formerly known as Mkango Resources Ltd. and changed its name to Mkango Magnetic Materials Limited in September 2026. The company is based in Vancouver Canada.,,,,,,,,,,,,,,,Dec-25
ACX,ACT Energy Technologies Ltd.,7.6,293.63,United States and Canada,CA,-0.0582,0,0.0031,0.0627,0.0694,0.4251,0,0.006,0.0636,0.0555,0.5014,0,-0.0004,0.0438,0.0245,0.483,700.32,747.2,748.92,474.93,571.78,545.3,298.4,62.52,40.57,120.28,160.83,147.09,80.87,106.24,Energy,Energy Equipment and Services,ACT Energy Technologies Ltd. together with its subsidiaries provides directional drilling services and related downhole technologies to oil and natural gas companies in Canada and the United States. It offers measurement-while-drilling (MWD) automated gamma drilling optimization and well planning and rotary steerable services. The company also provides mud motors MWD technology solutions rotary steerable systems drilling motors and components and downhole technology products. It is also involved in the operation of real-time operations centers and remote operations that offers continuous monitoring collaboration and optimization services and provision of equipment rental training maintenance and repair services. ACT Energy Technologies Ltd. was founded in 1998 and is based in Calgary Canada.,,,,,,0.41,-1.29,,,,-1.89,0.1,-2.35,-4.27,Dec-25
AMT,AmeriTrust Financial Technologies Inc.,0.215,281.68,United States and Canada,CA,-0.2321,0,0,-0.0222,-0.4118,,0,0,0,-0.4749,,0,0,0.152,-0.3553,,4.4,16.5,53.8,1.64,2.16,2.87,12.26,23.94,3.03,2,0.28,0.17,0.11,0.13,Financials,Consumer Finance,AmeriTrust Financial Technologies Inc. together with its subsidiaries provides auto finance and leasing solutions in Canada and the United States. The company develops markets and sells access to cloud-based transaction platforms to finance and lease new and used vehicles. It serves vehicle owners dealers and lenders. The company is headquartered in Burlington Canada.,-0.01,-0.01,0,-0.02,,,,,,,,,,,Dec-25
STCK,Stack Capital Group Inc.,17.35,272.08,United States and Canada,CA,-0.5519,0,0,-0.3859,0.6055,5.725,0,0,-0.0789,-0.0217,,,,,,,102.91,33.75,,56.71,11.6,0.69,-1.12,1.52,,,,,,,Financials,Capital Markets,Stack Capital Group Inc. is public investment firm engaged in private Equity and venture capital specializing in Pre-IPO early stage mid stage late stage and growth stages of a company. The firm is seeking to investing USA and Canada. Stack Capital Group was formed in 2021 and is based in Toronto Canada.,3.41,1.39,,3.22,,,,,,,,,,,Dec-25
GRA,NanoXplore Inc.,1.45,263.16,United States and Canada,CA,-0.5246,0,-0.0745,-0.0745,-0.1233,-0.2969,0,-0.1062,-0.1062,-0.1341,-0.4046,0,-0.2264,-0.2264,-0.2285,-0.2915,137.57,179.2,212.55,117.28,128.92,129.99,123.86,95.15,67.62,63.17,69.52,8.66,2.88,0.39,Materials,Chemicals,NanoXplore Inc. a graphene company manufactures and supplies graphene powder for use in industrial markets in the United States Canada France Switzerland and internationally. It operates through two segments Advanced Materials Plastics and Composite Products; and Battery Cells and Materials. The company offers graphene-based solutions including GrapheneBlack powder and graphene-enhanced masterbatch pellets. It also provides silicon-graphene-enhanced Li-ion battery for the energy storage industrial and defence markets. In addition the company offers standard and custom graphene-enhanced plastic and composite products to customers in recreational vehicles transportation packaging electronics and other industrial sectors. NanoXplore Inc. was founded in 2011 and is headquartered in Montreal Canada.,-0.04,0.04,0.09,-0.07,-0.07,-0.07,-0.07,-0.11,-0.08,-0.07,-0.11,-0.06,,,Jun-26
RVG,Revival Gold Inc.,0.82,261.94,United States and Canada,CA,-0.2807,0,0,0,-0.5,2,0,0,0,0.625,,,,,,,0.15,0.65,,,,,,,,,,,,,Materials,Metals and Mining,Revival Gold Inc. operates as a gold exploration and development company in the United States. It also explores for phosphate deposit. The company holds interests in the Mercur Gold Project located in Utah the United States; and the Beartrack-Arnett Gold Project situated in Lemhi County Idaho. It also has 51% interest in the Diamond Mountain Phosphate Project located in Uintah County Utah as well as holds a 100% interest in the 16 unpatented mining claims such as the Hai and Gold Bug claims; 68 unpatented mining claims including Ace claims; and 10 additional unpatented mining claims comprising the Mapatsie and Poco claims located in Lemhi County Idaho the United States. The company was formerly known as Strata Minerals Inc. and changed its name to Revival Gold Inc. in July 2017. Revival Gold Inc. is headquartered in Toronto Canada.,-0.03,-0.02,,-0.04,,,-0.11,-0.15,-0.12,-0.15,,,,,Jun-25
FAR,Foraco International SA,2.62,256.37,United States and Canada,CA,-0.2599,0,0,0.0536,0.0656,0.0226,0,0,0.0401,0.0614,,,,,,,434.76,478.28,,354.39,421.89,490.36,447.55,341.03,263.55,266.77,245.76,170.65,154.64,191.03,Materials,Metals and Mining,Foraco International SA together with its subsidiaries provides drilling services in North America South America the Asia Pacific the Middle East Africa and Europe. It operates through two segments: Mining and Water. The company offers exploration development and production drilling services to the mining industry for energy transition and gold as well as for mineral exploitation of precious and base metals coking coal iron ore lithium and diamonds; underground drilling services; and various geological sampling and testing techniques including chips and cores stabilized holes for blasting logging boreholes to be used for injection of water or acid cold water injection production boreholes large diameter core and dual tube rotary bulk samples. It also installs production pumps for dewatering purposes. In addition the company drills wells for drinking irrigation and industrial water; undertakes a range of projects including village water drilling programs specialized drilling projects to access mineral water using sanitary protection methods for the bottled water industry and large diameter well fields for residential supply in urban environments; and offers inspection servicing and rehabilitation services for existing wells. Further it supplies drinking water; collects mineral water; controls maintains and renovates existing installations and dewatering for mining; and offers drilling services for the environmental and construction industry such as geological exploration and geotechnical drilling. The company was founded in 1961 and is headquartered in Lunel France.,0.24,0.31,,,0.41,-0.01,,,,-0.16,-0.14,-0.2,-0.05,0.19,Dec-25
HBFG,Happy Belly Food Group Inc.,1.47,244.61,United States and Canada,CA,-0.3745,0,0.0199,-0.019,-0.1917,0.019,0,0.0127,-0.0681,-0.1281,,0,-0.0361,-0.0436,-0.1813,,30.8,47.86,61.4,22.09,8.01,5.41,2.73,1.25,0.1,0.09,0.13,,0.14,0.01,Health Care,Health Care Technology,Happy Belly Food Group Inc. operates as a multi-branded restaurant company that engages in acquiring and scaling emerging food brands across Canada. It operates through Consumer Product Goods Quick Service Restaurants and Corporate segments. The company produces and sells breakfast cereal and related food products under the Holy Crap brand; and snack food products under the Lumber Heads brand through retailers as well as online retailers and its website. It also operates various corporate quick service restaurants under the Lettuce Love Joey Turks IQ Foods Pirho Fresh Greek Grill Salus Smile Tiger and Rosie’s Burgers names in Ontario and Vancouver; and franchisee restaurant under the Heal Wellness brand as well as Yolks Breakfast Via Cibo Italian Street Food and other brand names. The company was formerly known as Plant & Co. Brands Ltd. and changed its name to Happy Belly Food Group Inc. in September 2022. Happy Belly Food Group Inc. was incorporated in 2014 and is based in Vancouver Canada.,0,0.04,0.06,-0.02,,,,,,,,,,,Dec-25
TSK,Talisker Resources Ltd.,1.17,246.32,United States and Canada,CA,-0.5021,0,0,-0.118,-0.0256,,0,0,-0.0327,-0.013,,0,0,0.0269,0.0809,,91.2,204.3,419.6,,,,,,,,,1.66,1.27,1.51,Materials,Metals and Mining,Talisker Resources Ltd. a junior resource company engages in the exploration evaluation and development of mineral properties in British Columbia Canada. The company primarily explores for gold and silver deposits. Its flagship project is the Bralorne Gold project comprising 14404 hectares over 69 claims three leases and 197 Crown Grant claims in British Columbia. The company is headquartered in Toronto Canada.,-0.01,0.33,0.87,0.16,,,,,,,,,,,Dec-24
AIM,Aimia Inc.,2.71,239.57,United States and Canada,CA,-0.2122,0,0,-0.7371,-0.7371,-0.7399,0,0,-0.7385,-0.7385,-0.7413,0,0,,,,143.3,151.2,162.1,511.6,487.1,207.7,476.5,12.6,14.3,127.3,167.1,232.1,1759.3,2460.6,Materials,Chemicals,Aimia Inc. operates as a diversified conglomerate in Europe Asia Oceania the Americas Africa and the Middle East. It operates in three segments: Bozzetto Cortland International and Holdings. The company provides specialty chemicals textiles and water and dispersion chemical solutions in various applications including textile home and personal care plasterboard and agrochemical markets; designs manufactures and supplies synthetic fiber ropes as well as offers netting solutions slings and tethers for the fishing and aquaculture industrial and safety marine and shipping and offshore energy as well as other diversified industrial end markets. It also engages in the manufacture of auxiliary chemical solutions; and outdoor advertising activities. The company was formerly known as Groupe Aeroplan Inc. and changed its name to Aimia Inc. in October 2011. The company was founded in 2005 and is headquartered in Toronto Canada.,,,,,,,,-0.33,0.19,0.49,-0.73,0.42,0.95,1,Dec-25
STLR,STLLR Gold Inc.,1.56,237.8,United States and Canada,CA,-0.3128,0,0,-0.3333,-0.3333,1.6667,0,0,-0.3333,,,0,0,,,,0.27,0.07,20,,,,,,,,,,,,Materials,Metals and Mining,STLLR Gold Inc. operates as a mineral resource exploration and development company in Canada. The company primarily explores gold deposits. Its flagship projects are the Tower gold project covering an area of 78 square kilometers located in the Timmins Mining Camp in Ontario; and the Colomac gold project covering an area of 947 square kilometers situated in the Northwest Territories. The company was formerly known as Moneta Gold Inc. and changed its name to STLLR Gold Inc. in February 2024. STLLR Gold Inc. was incorporated in 1910 and is headquartered in Toronto Canada.,-0.16,-0.16,-0.11,-0.2,,,,,,,,,,,Dec-25
LCX,Lycos Energy Inc.,1.82,239.97,United States and Canada,CA,-0.3132,0,0,0.2266,0.878,-0.2326,0,0,0.6512,2.1106,0.2747,,,,,,78.5,142,,70.63,135.8,85.42,35.92,12.2,4.48,9.6,,,,,Energy,Oil Gas and Consumable Fuels,Lycos Energy Inc. a resource company engages in the exploration development and production of petroleum and natural gas in Western Canada. It develops heavy oil assets targeting the Mannville stack in Central Alberta. Lycos Energy Inc. is headquartered in Calgary Canada.,,,,0.12,-0.07,,,,,,,,,,Dec-25
GCU,Gunnison Copper Corp.,0.46,232.54,United States and Canada,CA,-0.3429,0,0,0.2164,2.7996,,0,0,-0.0077,1.0998,,0,0,-0.0077,0.1315,,105.42,116.51,124.84,14.95,2,3.87,5.66,6.36,,,,,,,Materials,Metals and Mining,Gunnison Copper Corp. engages in the acquisition exploration and development of copper mineral properties in the United States. The company also explores zinc copper and silver deposits. Its flagship property is the Gunnison copper project consists of unpatented mining claims private land exploration permits mineral leases and direct ownership of mineral rights covering an area of approximately 10 square miles located in Cochise County Arizona. In addition the company engages in the construction and operation of copper mines. The company was formerly known as Excelsior Mining Corp. and changed its name to Gunnison Copper Corp. in November 2024. Gunnison Copper Corp. is headquartered in Phoenix Arizona.,-0.01,-0.03,0,-0.14,,-0.27,,-0.05,-0.1,-0.06,,-0.07,-0.09,,Dec-25
OGI,Organigram Global Inc.,1.54,217.15,United States and Canada,CA,-0.5016,0,0,0.03,-0.0006,0.2051,0,0,0.0391,-0.1177,0.4032,0,0,0.1024,0.0246,0.4224,349.76,458.07,486.6,259.18,159.84,149.21,145.81,79.16,86.8,80.41,12.43,5.39,6.13,0.99,Health Care,Pharmaceuticals,Organigram Global Inc. engages in the production and sale of cannabis and cannabis-derived products in Canada. It offers medical cannabis products including whole flower milled flower pre-rolls infused pre-rolls vapes beverages gummies and concentrates; and adult use recreational cannabis under the SHRED Big Bag O’ Buds Monjour Trailblazer SHRED'ems Edison Cannabis Co. Boxhot Edison JOLTS Wola Rizzlers DEBUNK Tremblant and Laurentian brands. The company also engages in the wholesale shipping of cannabis plant cuttings and dried flowers to other licensed producers. It sells cannabis products to wholesale and retail channels in the recreational and medical cannabis regimes as well as through online. Organigram Global Inc. was formerly known as Organigram Holdings Inc. and changed its name to Organigram Global Inc. in March 2025. The company is headquartered in Toronto Canada.,0.61,0.03,,-0.14,-0.94,-0.75,-0.5,-1.09,-1.53,-0.3,-0.46,-0.39,,,Sep-25
BNE,Bonterra Energy Corp.,6.03,216.63,United States and Canada,CA,-0.2107,0,0,0,0.0011,0.0786,0,0,0,-0.0102,0.0624,,,,,,263.4,262.2,,216.61,240.57,273.43,322.83,226.35,114.03,188.62,199.74,188.66,160.3,183.96,Energy,Oil Gas and Consumable Fuels,Bonterra Energy Corp. a conventional oil and gas company engages in the development and production of oil and natural gas in Canada. Its principal asset is the Pembina Cardium a conventional oil field at the Pembina and Willesden green fields located in central Alberta. Bonterra Energy Corp. was incorporated in 2013 and is headquartered in Calgary Canada.,,,,,,1.2,,0.66,-0.89,0.65,0.22,0.08,-0.43,,Dec-25
LOVE,Cannara Biotech Inc.,2.18,215.35,United States and Canada,CA,-0.0802,0,0,0.0045,-0.0358,0.0171,0,0,0.0502,0.0277,0.0639,0,0,0.1873,0.149,,123.32,145.97,198.4,107.2,81.75,57.26,35.84,17.02,2.55,2.1,0.87,,,,Consumer Staples,Personal Care Products,Cannara Biotech Inc. together with its subsidiaries engages in the indoor cultivation processing and sale of cannabis and cannabis-derivative products in Canada. The company operates in two segment Cannabis operations and Real estate operations. It offers  its products under TRIBAL nugz and ORCHID CBD brand name. The company sells its products through wholesalers and online merchandisers. In addition it engages in the real estate operations. Cannara Biotech Inc. was incorporated in 2017 and is headquartered in Saint-Laurent Canada.,0.12,0.2,0.31,0.14,,,,,,,,,,,Aug-25
AKT,AKITA Drilling Ltd.,3.67,211.01,United States and Canada,CA,-0.4938,0,0,0.0251,0.1124,0.0163,0,0,0.0065,0.2648,0.2494,0,0,0.0191,0.2831,,246.95,308.6,323.35,200.9,193.32,225.48,201,110.09,119.66,175.89,118.36,71.2,61.06,112.49,Energy,Energy Equipment and Services,AKITA Drilling Ltd. provides contract drilling services to the oil and gas industry in Canada and the United States. It is also involved in the drilling related to potash mining and the development of storage caverns. The company was Incorporated in 1992 and is headquartered in Calgary Canada. AKITA Drilling Ltd. operates as a subsidiary of Sentgraf Enterprises Ltd.,0.01,0.35,0.39,,0.33,0.46,0.15,-0.64,-0.54,-0.5,-1.06,-1.33,0.29,-0.18,Dec-25
CRRX,CareRx Corporation,3.2,203.1,United States and Canada,CA,-0.2,0,0,-0.0067,-0.0293,-0.0372,0,0,-0.0062,-0.0242,-0.0336,0,0,0.0134,-0.0081,,382.14,403.81,420.15,370.24,366.71,370.75,381.73,262.63,162.2,124.63,118.92,122.01,167.36,160.75,Consumer Staples,Consumer Staples Distribution and Retail,CareRx Corporation together with its subsidiaries provides pharmacy services to senior homes and other congregate care settings in Canada. The company also offers medication management services. It serves long-term care homes retirement homes assisted living facilities and group homes. The company was formerly known as Centric Health Corporation and changed its name to CareRx Corporation in June 2020. CareRx Corporation was incorporated in 2001 and is based in Toronto Canada.,0.2,0.3,0.45,0.04,,-0.06,-0.21,-0.67,-1.24,,,0.01,-3.74,,Dec-25
GLO,Global Atomic Corporation,0.405,200.99,United States and Canada,CA,-0.6068,0,,,,,0,,,,-0.9878,0,,,,-0.78,0.45,0.5,82.95,1.09,0.86,0.69,1.15,0.96,0.71,0.24,0.85,0.89,0.5,,Materials,Metals and Mining,Global Atomic Corporation engages in the acquisition exploration and development of uranium properties in Africa. The company operates through the Uranium Business and Electric Arc Furnace Dust (EAFD) Business segments. It also explores zinc deposits. In addition the company holds 80% interest in the Dasa project a sandstone-hosted uranium deposit located in the Republic of Niger. Further it operates a zinc recycling plant located in Iskenderun Turkey that processes electric arc furnace dust into zinc oxide concentrates which is sold to zinc smelters. Global Atomic Corporation is headquartered in Toronto Canada.,-0.01,-0.03,0.01,-0.07,,,,,,,,,,,Dec-25
ARE,Aecon Group Inc.,51.34,3518.31,United States and Canada,CA,-0.1105,0,0,0.0652,0.0819,0.1758,0,-0.0001,0.0843,0.1026,0.2103,0,0,0.0833,,,6353.76,6765.98,7099,5434.68,4242.73,4643.84,4696.45,3977.32,3643.62,3460.42,3266.29,2805.73,3213.13,2918.08,Industrials,Construction and Engineering,Aecon Group Inc. together with its subsidiaries provide construction and infrastructure development services to private and public sector clients in Canada the United States and internationally. It operates through two segments Construction and Concessions. The Construction segment focuses on civil infrastructure urban transportation solutions nuclear power infrastructure utility infrastructure and industrial infrastructure market sectors. The Concessions segment engages in the development financing building and operation of construction projects by way of public-private partnership contract structures. This segment also provides development of domestic international public-private partnership; private finance solution; developing strategic partnerships; leading and/or participating in development teams; and operations and maintenance of infrastructure assets services. Aecon Group Inc. was formerly known as Prefac Concrete Co. Ltd. and changed its name to Aecon Group Inc. in June 2001. The company was founded in 1867 and is headquartered in Toronto Canada.,1.55,2.13,2.44,0.4,-0.98,2.01,0.32,0.71,1.16,1.15,0.82,0.39,0.68,0.9,Dec-25
MDA,MDA Space Ltd.,44.38,7192.37,United States and Canada,CA,-0.3464,0,-0.0001,0.0265,0.0378,0.016,0,-0.003,0.2512,0.4169,0.3668,0,-0.009,0.2891,0.4436,,1876.86,2837.85,3149.43,1633.2,1080.1,807.6,641.2,476.9,394.13,,,,,,Industrials,Aerospace and Defense,MDA Space Ltd. provides space technology solutions and services in Canada the United States Europe Asia the Middle East and internationally. It offers satellite communications solutions such as space-based broadband Internet direct-to-device satellite communication and IoT connectivity; MDA AURORA a software-defined digital satellite product line; and autonomous robotics systems and services used to operate in space and on the surfaces of the Moon and Mars. The company also provides robotic systems robotic interfaces tooling robotic ground control stations and operations services; electro-optic and light detection and ranging sensors vision and targeting systems guidance navigation and control subsystems and planetary rover locomotion subsystems; MDA SKYMAKER a suite of scalable and modular space robotics; and Canadarm3 a robotics system. In addition it offers satellite-generated imagery and data to deliver critical and value-added insights for end users such as national security climate change monitoring and maritime surveillance; collection processing and dissemination of Earth imagery data from space; defense command control communications computers intelligence surveillance and reconnaissance solutions including command and control systems and airborne surveillance solutions; aeronautical navigation information solutions; and long endurance uncrewed aerial vehicle surveillance services. Further operates as an owner and operator of the RADARSAT-2 Earth observation satellite; and is involved in the operation of MDA CHORUS an Earth observation mission. It serves governments and space agencies commercial space companies and defense and aerospace prime contractors in the space industry. The company was formerly known as MDA Ltd. and changed its name to MDA Space Ltd. in May 2024. MDA Space Ltd. was incorporated in 1969 and is headquartered in Brampton Canada.,1.34,1.83,2.12,1.46,0.9,0.59,0.3,0.15,,,,,,,Dec-25
FLT,Volatus Aerospace Inc.,0.58,426.53,United States and Canada,CA,-0.3483,-0.0004,-0.0004,-0.1522,-0.2499,-0.4025,0.007,0.007,-0.1104,-0.1418,-0.2392,-0.0089,-0.0089,-0.0975,-0.0906,-0.1471,40.33,63.52,85.88,34.2,27.15,34.87,29.77,9.91,0.06,,,,,,Industrials,Aerospace and Defense,Volatus Aerospace Inc. provides integrated drone solutions in Canada the United States the United Kingdom and Norway. The company offers UAV drone services; surveillance as a service which utilizes an integrated array of aerial and ground-based technologies to gather intelligence data; pipeline integrity monitoring; specialized geomatic services comprising lidar surveys and custom GIS services including map generation and integrated geographical information consulting services; drone lidar scanning data acquisition and reality capture services; and drone inspection and delivery services. It also provides wildfire services; geomatics that include lidar photogrammetry aerial imagery precision agriculture change detection photointerpretation and gas detection and thermography inspection services; crewed aerial services. In addition the company offers drone platforms comprising V100 V200 and V300 as wep as Condor XL and Canary Remotely Piloted Aircraft; drone nesting station; DroneSpot an infrastructure solution to facilitate drone delivery operations; AIRS 3 a software platform for data gathering analysis and reporting of oil and gas client infrastructures; and SKYDRA a Software-as-a-Service platform to support counter-unmanned aircraft system operational planning simulation and threat response readiness. It serves the oil and gas energy and utilities construction and engineering defense forestry and conservation government and public agencies infrastructure and transportation mining and aggregates precision agriculture property development and maintenance and public safety industries. Volatus Aerospace Inc. was founded in 1987 and is based in Vaughan Canada.,-0.03,-0.02,-0.01,-0.04,,,,,,,,,,,Dec-25
ATZ,Aritzia Inc.,117.96,13515.9,United States and Canada,CA,-0.3241,-0.0005,-0.0005,0.0351,0.1185,0.2782,-0.0008,-0.0008,0.0402,0.1273,0.3043,0.0061,0.0061,0.0568,,0.3077,4708.27,5419.98,6223.96,3702.15,2738.11,2332.35,2195.63,1494.63,857.32,980.59,874.3,743.27,667.18,542.46,Consumer Discretionary,Specialty Retail,Aritzia Inc. together with its subsidiaries designs develops and sells apparels and accessories for women in the United States and Canada. The company offers activewear blazers and vests dresses intimates and shapewear jackets and coats jeans lounge wears pants bodysuits tanks shirts and blouses shorts skirts sweaters and cardigans sweatpants sweatshirts and hoodies denim and sweat suits as well as t-shirts and tops. It also provides accessories such as bags belts hats scarves and ties and socks; and sweat fleece and shorts; graphics; leggings; and bra tops. The company offers its products under the Aritzia Fred Segal Babaton Wilfred free Reigning Champ The Super Puff Denim Forum The Group Golden Little Moon Sunday Best Ten Tna Wilfred Contour Crepette Sweatfleece The Effortless Pant The Limitless Pant The Lodge Pant Everyday Luxury and HomeStretch brands. It sells its products through digital channels and boutiques. The company was formerly known as Aritzia Capital Corporation and changed its name to Aritzia Inc. in August 2016. Aritzia Inc. was founded in 1984 and is headquartered in Vancouver Canada.,4.93,6.03,7.27,3.25,1.97,0.94,1.86,1.53,0.23,0.88,0.81,0.65,,,Mar-26
TECKB,Teck Resources Limited,91.1,44679.36,United States and Canada,CA,-0.0882,-0.0006,-0.0006,0.0432,0.1688,0.3293,-0.0011,-0.0011,0.0477,0.1025,0.2957,0.003,0.003,0.0552,0.0871,0.1369,15008.81,14924.41,12881.24,10756,9065,6476,17316,12766,8948,11934,12564,11910,9300,8259,Materials,Metals and Mining,Teck Resources Limited engages in research exploration development processing smelting refining and reclamation of mineral properties in Asia the Americas and Europe. It operates through Copper and Zinc segments. The company offers copper zinc and lead concentrates as well as refined zinc lead and silver. It also produces lead precious metals molybdenum fertilizers and other metals; and sells refined metals or concentrates. In addition it explores for gold. The company was formerly known as Teck Cominco Limited and changed its name to Teck Resources Limited in April 2009. Teck Resources Limited was founded in 1913 and is based in Vancouver Canada.,5.94,5.03,3.74,3.09,2.59,5.16,9.02,5.66,1.04,2.74,4.09,4.45,1.91,0.33,Dec-25
DOL,Dollarama Inc.,185.53,49790.6,United States and Canada,CA,-0.1164,-0.0007,0.0006,0.0016,0.004,0.0075,-0.0001,0.0022,0.0037,0.0039,0.0148,0.0012,-0.0016,-0.0067,0.0001,-0.0074,8130.89,8680.86,9342.54,7255.75,6413.15,5867.35,5052.74,4330.76,4026.26,3787.29,3548.5,3266.09,2963.22,2650.33,Consumer Discretionary,Broadline Retail,Dollarama Inc. operates a chain of stores and provides related logistical and administrative support activities. Its stores offer general merchandise consumables and seasonal products. The company operates in Canada Latin America Colombia Peru Australia and Mexico. It also sells its products through online store. The company was formerly known as Dollarama Capital Corporation and changed its name to Dollarama Inc. in September 2009. Dollarama Inc. was founded in 1992 and is headquartered in Mount Royal Canada.,5.16,5.85,6.66,4.7,4.17,3.56,2.76,2.2,1.82,1.77,1.69,1.52,1.24,1.01,Feb-26
CF,Canaccord Genuity Group Inc.,14.02,1430.08,United States and Canada,CA,-0.0984,-0.0017,-0.0017,0.019,0.024,0.123,-0.0028,-0.0028,0.009,-0.0151,,,,,,,2266.63,2346.37,,2091.34,1637.07,1386.13,1455.86,2022.4,1979.32,1190.19,1165.11,1004.44,865.61,777.58,Financials,Capital Markets,Canaccord Genuity Group Inc. operates as a full-service investment dealer in Canada the United States the United Kingdom Europe Crown Dependencies and Australia. It operates through two segments: Canaccord Genuity Capital Markets and Canaccord Genuity Wealth Management. The Canaccord Genuity Capital Markets segment offers investment banking advisory research and trading services for corporate institutional and government clients. Its Canaccord Genuity Wealth Management segment provides brokerage services and investment advice to retail and institutional clients. It also provides interest and foreign exchange revenue and expenses. Canaccord Genuity Group Inc. was founded in 1950 and is headquartered in Vancouver Canada.,1.35,1.42,,1.26,0.62,0.42,0.59,2.52,2.35,0.81,0.82,0.59,0.32,-0.22,Mar-26
CCO,Cameco Corporation,122.78,53474.74,United States and Canada,CA,-0.328,-0.0018,-0.0041,0.0128,0.0043,-0.0512,-0.0042,0.0066,0.0033,-0.022,0.0259,-0.0057,0.0085,0.0075,0.0024,0.0719,3481.62,3951.84,4345.22,3481.93,3135.77,2587.76,1868,1474.98,1800.07,1862.92,2091.66,2156.85,2431.4,2754.38,Energy,Oil Gas and Consumable Fuels,Cameco Corporation provides uranium for the generation of electricity in the Americas Europe and Asia. It operates in three segments: Uranium Fuel Services and Westinghouse. The Uranium segment engages in the exploration for mining milling purchase and sale of uranium concentrate. Its Fuel Services segment is involved in the refining conversion and fabrication of uranium concentrate as well as purchase and sale of conversion services. The Westinghouse segment operates as a nuclear reactor technology original equipment manufacturer and a provider of products and services to commercial utilities and government agencies. It also provides outage and maintenance engineering support instrumentation and controls equipment and plant modification services as well as components and parts to nuclear reactors. The company sells its uranium and fuel products and services to nuclear utilities. Cameco Corporation was incorporated in 1987 and is headquartered in Saskatoon Canada.,1.45,2.58,3.3,1.44,0.62,0.79,0.34,-0.25,-0.17,0.11,0.54,0.15,0.37,0.88,Dec-25
ELD,Eldorado Gold Corporation,56.07,14623.64,United States and Canada,CA,-0.1928,-0.0021,-0.0146,-0.1704,-0.1352,0.0246,0.0098,0.023,-0.0596,0.0348,0.341,0.013,0.0484,-0.0172,-0.028,,3574.98,5826.86,6104.68,2496.51,1901.46,1336.23,1180.62,1189.81,1306.37,802.24,626.55,492.07,581.07,664.71,Materials,Metals and Mining,Eldorado Gold Corporation together with its subsidiaries engages in the mining exploration development and sale of mineral products primarily in Turkey Canada and Greece. It primarily produces gold as well as silver lead and zinc. The company holds a 100% interest in the Kisladag and Efemçukuru mines located in Turkey; Lamaque complex located in Quebec Canada; Olympias located in northern Greece; and Stratoni Skouries Perama Hill and Sapes gold mines located in Greece. The company was formerly known as Eldorado Corporation Ltd. and changed its name to Eldorado Gold Corporation in April 1996. Eldorado Gold Corporation was incorporated in 1996 and is headquartered in Vancouver Canada.,4.88,7.5,7.74,2.4,2.25,0.81,0.11,0.81,1.27,0.08,-0.14,0.13,0.47,0.14,Dec-25
SAP,Saputo Inc.,40.76,16085.34,United States and Canada,CA,-0.096,-0.0025,-0.0025,-0.0141,-0.0957,-0.1071,-0.0004,-0.0004,-0.0232,-0.1077,-0.1239,-0.0015,-0.0015,-0.0243,-0.134,-0.1448,17669.02,17947.46,18240.5,17551,17812,17342,17843,15035,14294,14943.5,13501.9,11542.5,11162.6,10991.5,Consumer Staples,Food Products,Saputo Inc. produces markets and distributes dairy products in Canada the United States Australia and the United Kingdom. The company offers mozzarella and cheddar; specialty cheeses such as ricotta provolone parmesan goat cheese feta havarti snacking romano string blue and soft and processed cheeses; and brie camembert brick colby farmer munster monterey jack and fresh curd. It also provides fluid milk cream yogurt sour cream cottage cheese and ice cream mixes; and butter and butter blends flavored cream dips half and half whipping cream value-added beverages creamers coffee beverages aerosol whipped toppings almond and oat milk and aseptic food products and beverages. In addition the company offers dairy ingredients including milk powder whey powder lactose and whey protein concentrates as well as lactoferrin and infant formula; spreads and oils; demineralized whey lactose casein galacto-oligosaccharides dairy ingredient blends and nutritional products; and distributes fine imported cheese to specialty stores and dairy and non-dairy products manufactured by third parties as well as dairy alternative products. It serves customers in the retail foodservice and industrial markets. The company sells its products under the Saputo Armstrong Alexis de Portneuf Bari Cogruet DuVillage 1860 Kingsey Shepherd Gourmet Dairy Stella Woolwich Goat Dairy Dairyland Neilson Nutrilait Baxter Scotsburn Trutaste Milk2Go/Lait’s Go Baileys Heluva Good Black Creek Frigo Frigo Cheese Heads Lugano Montchevre Mozzeria Saputo Gold Treasure Cave DairyStar Friendship Dairies Caboolture CHEER Cracker Barrel Devondale Great Ocean Road Liddells Mersey Valley Mil Lel Murray Goulburn Ingredients Sungold Tasmanian Heritage Cathedral City Clover Country Life Davidstow Frylight Wensleydale Creamery Vitalite and Sheese brands. Saputo Inc. was founded in 1954 and is headquartered in Montreal Canada.,2.08,2.35,2.59,1.82,1.45,1.54,1.81,1.16,1.55,1.63,1.59,1.8,1.83,1.57,Mar-26
HPSA,Hammond Power Solutions Inc.,279.78,3330.76,United States and Canada,CA,-0.2337,-0.003,-0.003,0.0737,0.129,0.486,-0.0041,-0.0041,0.0744,0.1468,0.7373,0.0056,0.0056,0.0723,0.2004,0.8367,1409.05,1707.58,1905.77,898.25,788.34,710.06,558.46,380.2,322.1,358.78,314.08,284.64,274.79,274.64,Industrials,Electrical Equipment,Hammond Power Solutions Inc. together with its subsidiaries engages in the design manufacture and sale of various transformers in Canada the United States Mexico and India. It offers buck-boost control distribution drive isolation encapsulated furnace multi-pulse pad mounted and regulating transformers; and active harmonic filters autotransformers dV/dT filters and reactors as well as medium voltage distribution and unitized substations products. The company also offers DC power supplies. It serves renewable energy commercial infrastructure industrial off-shore drilling mining and construction petro-chemical power grid infrastructure and EV charging industries. Hammond Power Solutions Inc. was founded in 1917 and is headquartered in Guelph Canada.,10.73,11.76,14.87,6.81,6.01,5.33,3.77,,,,,,,,Dec-25
TKO,Trekor Metals Limited,12.28,4494.77,United States and Canada,CA,-0.0971,-0.0035,-0.0035,0.0847,0.1041,0.2895,-0.007,-0.007,0.061,0.0696,0.2968,0.0042,0.0042,0.0809,0.1185,0.3138,1231.29,1531.13,1593.63,672.9,608.09,524.97,391.61,433.28,343.27,329.16,343.87,378.3,263.87,289.3,Materials,Metals and Mining,Trekor Metals Limited a mining company acquires and develops mineral properties. It explores for copper molybdenum gold niobium and silver deposits. The company’s principal assets consist of 100% owned the Gibraltar mine located in south-central British Columbia; and the Florence Copper project in Arizona. The company was formerly known as Taseko Mines Limited and changed its name Trekor Metals Limited in June 2026. Trekor Metals Limited was incorporated in 1966 and is headquartered in Vancouver Canada.,0.57,1.12,1.27,0.07,0.2,0.15,0,0.17,-0.11,-0.28,-0.04,0.18,-0.15,-0.07,Dec-25
AAUC,Allied Gold Corporation,30,4180.44,United States and Canada,CA,-0.3146,-0.0046,0.0053,-0.1745,-0.1906,0.131,0.0048,0.0148,-0.097,-0.0151,0.4147,0.0123,0.0223,-0.096,,0.4434,2622.94,3871.91,4559.97,1828.02,1050.06,868.77,906.54,618.78,238.42,,,,,,Materials,Metals and Mining,Allied Gold Corporation together with its subsidiaries operates as gold mining company in Africa. It primarily explores gold and silver deposits. The company’s flagship project is the Sadiola gold project comprising of 2 mining licenses located in the Republic of Mali. The company was formerly known as Allied Gold Corp Limited & Allied Merger Corporation and changed its name to Allied Gold Corporation in September 2023. Allied Gold Corporation is based in Toronto Canada.,4.67,10.1,11.52,1.95,1.18,,,,,,,,,,Dec-25
CRRUN,Crombie Real Estate Investment Trust,15.77,2967.01,United States and Canada,CA,-0.12,-0.0052,-0.0052,-0.0127,-0.0059,0.0128,-0.0028,-0.0028,-0.0197,-0.0132,0.0083,-0.0054,-0.0054,,,,515,532.42,553,498.18,474.39,455.26,426.06,421.48,388.66,399.07,414.9,411.87,400,369.87,Real Estate,Retail REITs,Crombie Real Estate Investment Trust invests in real estate with a vision of enriching communities together by building spaces and value today that leaves a positive impact on tomorrow. As one of the country’s leading owners operators and developers of quality real estate assets Crombie’s portfolio primarily includes grocery-anchored retail retail-related industrial and mixed-use residential properties. As of June 30 2026 our portfolio contained 311 properties comprising approximately 19.5 million square feet inclusive of joint ventures at Crombie’s share and a significant pipeline of future development projects. Crombie Real Estate Investment Trust was established on January 01 2006 and incorporated in March 23 2006 in Ontario Canada.,0.63,0.69,0.73,0.63,,,,,,,,,,,Dec-25
XLY,Auxly Cannabis Group Inc.,3.67,378.87,United States and Canada,CA,-0.0187,-0.0082,-0.0082,0.0912,0.1036,,0.0067,0.0067,0.1331,0.1459,,,,,,,179.49,197.58,222.2,151.48,122.33,101.08,94.47,83.83,46.72,8.35,0.75,1.54,0.23,0.26,Health Care,Pharmaceuticals,Auxly Cannabis Group Inc. operates as a consumer-packaged goods company in the cannabis products market in Canada. The company offers dried and fresh cannabis plants seeds and oils; and edibles extracts and topicals under the KOLAB PROJECT Dosecann BACK FORTY Foray and Parcel brand names. It sells its products through supply arrangements with provincial control boards and distributors medical cannabis sales channels and retailers as well as to authorized wholesalers. The company was formerly known as Cannabis Wheaton Income Corp. and changed its name to Auxly Cannabis Group Inc. in June 2018. Auxly Cannabis Group Inc. was incorporated in 1987 and is headquartered in Toronto Canada.,0.21,0.23,,,,,-0.95,-0.97,,,,,,,Dec-25
EDR,Endeavour Silver Corp.,12.7,3761.03,United States and Canada,CA,-0.3865,-0.0111,-0.0102,0.0395,0.0158,0.3256,0.0449,0.0042,0.0553,0.1268,0.4829,0.003,0.0052,0.0749,0.0033,,1190.24,1477.45,1328.83,641.68,312.84,272.23,284.55,209.05,176.18,152.47,205.44,189.21,210.51,254.68,Materials,Metals and Mining,Endeavour Silver Corp. a silver mining company engages in the acquisition exploration development extraction processing refining and reclamation of mineral properties in Mexico Chile Peru and the United States. It primarily explores for gold and silver deposits and precious metals as well as polymetals. The company was formerly known as Endeavour Gold Corp. and changed its name to Endeavour Silver Corp. in September 2004. Endeavour Silver Corp. was incorporated in 1981 and is headquartered in Vancouver Canada.,1.04,1.71,1.47,-0.03,0.04,0.05,0.09,-0.06,-0.02,-0.43,-0.12,0.11,0.04,-0.15,Dec-25
TLO,Talon Metals Corp.,9.2,1490.09,United States and Canada,CA,-0.1808,-0.0156,-0.0224,0.0334,0.44,,0.0037,0.0041,0.0331,0.171,,0.0254,0.0468,0.0879,,0.6971,283.43,223,230.34,,,,,,,,,,,,Materials,Metals and Mining,Talon Metals Corp. a mineral exploration company explores for and develops mineral properties in the United States. It explores for nickel copper and cobalt deposits. The company holds 51% interests in Tamarack project located in Minnesota the United States; and acquires Eagle Mine and associated Humboldt Mill located in Michigan USA. It also holds an option to acquire 80% interests in the mineral rights over a land package covering an area of approximately 400000 acres located in the Upper Peninsula of the State of Michigan. Talon Metals Corp. was founded in 2005 and is headquartered in Road Town the British Virgin Islands.,0.18,0.17,,,,,0,-0.03,,,,,-0.09,,Dec-25
AGI,Alamos Gold Inc.,46.34,19398.13,United States and Canada,CA,-0.3885,-0.018,-0.0127,-0.1034,-0.161,0.0803,-0.0328,-0.0181,-0.0985,-0.1103,0.2956,0.011,0.0175,-0.0427,-0.0224,0.4996,3307.93,4138.77,4970.9,2482.7,1936.42,1355.84,1111.86,1041.47,951.9,887,889.69,682.4,647.51,492.69,Materials,Metals and Mining,Alamos Gold Inc. operates as a gold producer in Canada and Mexico. It primarily explores for gold deposits. The company was founded in 2003 and is based in Toronto Canada.,3.19,4.27,5.23,1.92,1.16,0.69,0.38,0.53,0.52,0.29,0.07,0.14,-0.11,,Dec-25
WILD,WildBrain Ltd.,1.15,243.85,United States and Canada,CA,-0.4843,-0.0217,-0.0217,-0.0205,-0.0444,-0.5257,0.0176,0.0712,0.0767,0.0036,,,,,,,281.09,310.1,352.5,245.71,523.36,461.82,532.87,507.22,452.53,425.63,439.8,434.42,298.71,304.82,Communication Services,Entertainment,WildBrain Ltd. together with its subsidiaries develops produces and distributes films and television programs in Canada the United States the United Kingdom and internationally. It operates through three segments: Franchise & Global Licensing Content and WildBrain Network. The company operates entertainment sport and brand licensing agencies under Strawberry Shortcake Teletubbies Yo Gabba Gabba! In the Night Garden Inspector Gadget and Degrassi brands; and personality AI. It also engages in the content production business which includes series specials and feature digital theatrical in animation for children and families; distributes kids’ and family content to streaming services broadcasters and on-demand services; and business licenses rights in new series re-licenses existing library titles as well as third-party produced titles and generates passive consumer products. In addition the company owns and operates digital channels including YouTube AVOD and FAST platforms; and sales direct advertising. The company was formerly known as DHX Media Ltd. and changed its name to WildBrain Ltd. in December 2019. WildBrain Ltd. was incorporated in 2004 and is headquartered in Toronto Canada.,-0.09,0.13,0.14,-0.27,-0.05,0.06,0.03,0.04,-0.06,-0.31,-0.76,,,,Jun-26
K,Kinross Gold Corporation,33.87,40177.98,United States and Canada,CA,-0.3677,-0.0232,-0.0133,-0.115,-0.0932,0.3017,-0.0384,-0.0239,-0.101,-0.082,0.4001,0.0019,0.0305,-0.0376,0.0639,0.3251,12527.05,12927.99,13503.95,9678.13,7402.38,5617.48,4678.03,3287.27,5361.21,4541.21,4385.13,4152.5,4662.27,4234.87,Materials,Metals and Mining,Kinross Gold Corporation together with its subsidiaries engages in the acquisition exploration and development of gold properties principally in the United States Brazil Chile Canada and Mauritania. It is also involved in the extraction and processing of gold-containing ores; reclamation of gold mining properties; and production and sale of silver. The company was founded in 1993 and is headquartered in Toronto Canada.,3.66,3.96,4.36,2.53,0.96,0.58,0.31,0.49,0.98,0.44,0.14,0.18,0.07,-0.11,Dec-25
DEFI,DeFi Technologies Inc.,0.73,283.31,United States and Canada,CA,-0.7719,-0.0233,0.0161,-0.4107,-0.6967,-0.843,-0.1893,-0.1893,-0.3594,-0.5742,-0.8048,,,,,,46.39,64.98,,136.07,45.18,10.36,-14.23,15.08,-0.05,-0.83,-6.19,3.99,-0.19,0,Financials,Capital Markets,DeFi Technologies Inc. a technology company develops exchange traded products that synthetically track the value of a single DeFi protocol or a basket of protocols in Canada. It provides asset management services such as indirect exposure to underlying digital assets digital asset indexes or other decentralized finance instruments. The company is also involved in early-stage investments in companies banks and foundations in the digital asset space; operation of specialized trading desk that focuses on opportunistic trading and arbitrage across the digital asset ecosystem; private research that produces research reports on digital assets; and provision of OTC desk and digital asset liquidity. The company was formerly known as Valour Inc. and changed its name to DeFi Technologies Inc. in July 2023. DeFi Technologies Inc. was incorporated in 1986 and is headquartered in Toronto Canada.,-0.08,-0.01,,0.04,0.23,-0.1,,,,,,,,,Dec-25
AGFB,AGF Management Limited,15.58,994.69,United States and Canada,CA,-0.3562,-0.0309,-0.0362,-0.0362,-0.0304,0.0173,-0.0527,-0.0629,-0.0629,-0.0254,0.0248,-0.0145,-0.0215,-0.0215,0.0526,0.1085,612.47,639.92,665.35,588.67,548.19,471.82,469,461.68,439.52,436.69,448.7,445.44,428.67,449.6,Financials,Capital Markets,AGF Management Limited is one of Canada’s premier investment management companies with offices across Canada and subsidiaries around the world. 2007 marks AGF’s 50th anniversary ofproviding Canadians with innovative investment solutions across the wealth continuum. AGF’s products and services include a diversified family of more than 50 mutual funds the evolutionary AGF Elements portfolios the Harmony asset management program AGF Private Investment Management Institutional Account Services and AGF Trust GICs loans and mortgages. With approximately $53 billion in total assets under management AGF serves more than one million investors. AGF Management Limited was formed on 1957 and is based in Canada.,2.06,2.18,2.31,1.93,1.68,1.33,0.96,0.55,0.58,0.7,0.65,0.53,0.52,0.57,Nov-25
VMET,Versamet Royalties Corporation,12.57,1367.99,United States and Canada,CA,-0.3405,-0.0478,-0.0384,-0.1141,-0.1348,0.2282,-0.0908,-0.0818,-0.2061,-0.04,0.4037,-0.1022,-0.0933,-0.1827,0.3582,0.8415,125.63,154.24,215.57,47.71,17.29,4.16,,,,,,,,,Materials,Metals and Mining,Versamet Royalties Corporation operates as metals royalty and streaming company engages in the acquiring and managing royalties streams and other similar interests on metals and mining operations and projects in Peru the United States Africa and Canada. It explores for silver gold copper graphite lead uranium zinc and molybdenum metals. Versamet Royalties Corporation was formerly known as Sandbox Royalties Corp. and changed its name to Versamet Royalties Corporation in June 2024. The company was incorporated in 2011 and is based in Vancouver Canada.,0.43,0.53,0.8,0.05,,,,,,,,,,,Dec-25
AGMR,Silver Mountain Resources Inc.,3.69,238.54,United States and Canada,CA,-0.401,-0.2043,-0.1964,-0.2007,0.3196,0.375,0.0123,0.0223,0.0187,0.2508,0.3287,0.0123,0.0223,0.0046,0.1486,0.3859,74.93,123.32,145.82,,,,,,,,,,,,Materials,Metals and Mining,Silver Mountain Resources Inc. engages in the acquisition exploration evaluation and development of precious metal resource properties in Peru. The company primarily explores for silver and base metals. Its flagship project is the Reliquias covering an area of 20000 hectares located in the Huancavelica Peru. Silver Mountain Resources Inc. is based in Toronto Canada.,,,,,,-0.23,,,,,,,,,Dec-25
LGD,Liberty Gold Corp.,2.09,1151.36,United States and Canada,CA,-0.0913,-0.4962,,,0.0182,,-0.4961,,,-0.4906,,-0.4962,,,,,1.4,2.8,6.31,,,,,,,,,,,,Materials,Metals and Mining,Liberty Gold Corp. engages in the acquisition exploration and development of mineral properties primarily in the United States and Türkiye. The company primarily explores for gold as well as silver lead zinc copper and other precious and base metals. Its flagship property include the Black Pine property located in southern Idaho. The company was formerly known as Pilot Gold Inc. and changed its name to Liberty Gold Corp. in May 2017. The company was incorporated in 2010 and is based in Vancouver Canada.,0.01,-0.04,-0.06,-0.07,-0.07,-0.1,,,,,-0.1,-0.11,-0.07,-0.09,Dec-25
QSPUN,Restaurant Brands International Limited Partnership,103.46,34721.57,United States and Canada,CA,-0.0602,,,,,,,,,,,,,,,,,,,12948.83,12085.22,9303.94,8807.44,7257.14,6321.38,7275.44,7312.2,5752.9,5567.33,5622.35,Consumer Discretionary,Hotels Restaurants and Leisure,Restaurant Brands International Limited Partnership operates and franchises quick service restaurants in the United States and internationally. The company operates through six segments: Tim Hortons Burger King Popeyes Louisiana Kitchen Firehouse Subs International and Restaurant Holdings. Its restaurants offers coffee and other beverages baked goods and food products under the Tim Hortons brand name; hamburgers chicken and other specialty sandwiches under the Burger King brand name; fried bone-in chicken chicken sandwiches chicken tenders wings fried shrimp and regional items under the Popeyes brand name; and sandwiches subs piled with meats and cheese chili soups and other sides under the Firehouse Sub brand name. Restaurant Brands International Inc. serves as the general partner of the company. The company was formerly known as New Red Canada Limited Partnership and changed its name to Restaurant Brands International Limited Partnership in December 2014. The company was founded in 1954 and is headquartered in Toronto Canada. Restaurant Brands International Limited Partnership operates as a subsidiary of Restaurant Brands International Inc.,,,,,,,,,,,,,,,Dec-25
IAG,iA Financial Corporation Inc.,209.44,18349.62,United States and Canada,CA,-0.0638,,,,,,,,,,,,,,,,,,,9192,7992,6826,6738,15499,17669,15302,9937,11296,9364,8238,Financials,Insurance,iA Financial Corporation Inc. provides insurance and wealth management services for individual and group basis in Canada and the United States. It operates through Insurance Canada; Wealth Management; US Operations; and Investment segments. The company offers life health auto home and creditor insurance products; replacement insurance products and warranties; extended warranties and other ancillary products for dealer services; and specialized products for special markets; and life insurance products and extended warranties relating to dealer services. It also provides savings plans retirement and segregated funds securities brokerage trust operations and mutual funds. In addition the company offers car RV mortgage disability travel medical and paramedical care homecare vision and dental care accidental death and dismemberment disability management transit and critical illness insurance products. Further the company provides investment funds; registered retirement savings plan (RRSP) tax-free savings account tax-free first home savings account individual pension plan locked-in retirement account and non-registered savings plan; registered retirement income fund life income fund and annuities; registered education savings plans (RESP); and RRSP RESP and investment loans. Additionally it owns and manages real estate portfolio of commercial space for lease for offices businesses etc.; manufactures and distributes automobile protection products; provides vehicle warranty and related software and services; digital property and casualty insurance distribution services; life insurance mutual fund securities and cross border securities brokerage services; trust service; auto finance; ancillary automotive products; and automobile warranty services as well as operates as an independent warranty providers and administrators in the used vehicle market. The company was founded in 1892 and is headquartered in Quebec City Canada.,14.3,15.8,17.33,12.96,11.16,9.31,8.85,8.1,6.41,6.28,5.55,4.88,5.19,4.63,Dec-25
PVFUN,Partners Value Investments LP,15.56,10898.19,United States and Canada,CA,-0.2224,,,,,,,,,,,,,,,,,,,182.92,163.44,128.41,1526.36,155.52,98.08,100.02,109.33,112.91,90.2,76.51,Financials,Capital Markets,Partners Value Investments LP an investment holding company engages in asset management wealth solutions and operating businesses. The company was incorporated in 2016 and is based in Hamilton Bermuda.,,,,,,,,,,,,,,,Dec-25
NXE,NexGen Energy Ltd.,12.78,8569.07,United States and Canada,CA,-0.3242,,,,,,,,,,,,,,,,0,0,0,,,,,,,,,,,,Energy,Oil Gas and Consumable Fuels,NexGen Energy Ltd. an exploration and development stage company engages in the acquisition exploration evaluation and development of uranium properties in Canada. The company holds a 100% interest in the Rook I project that consists of 32 contiguous mineral claims totaling an area of approximately 35065 hectares located in the southwestern Athabasca Basin of Saskatchewan. NexGen Energy Ltd. was founded in 2011 and is headquartered in Vancouver Canada.,-0.18,-0.22,-0.27,-0.23,-0.19,-0.14,-0.11,-0.1,-0.5,-0.14,-0.09,-0.09,-0.07,-0.03,Dec-25
ONEX,Onex Corporation,106.93,8146.62,United States and Canada,CA,-0.1861,,,,,,,,,,,,,,,,,,,1192.76,878.43,1434.94,551.06,2518.94,1434.02,1403.67,32466.05,28622.44,23908.91,27306.99,Financials,Capital Markets,Onex Corporation is a private equity firm specializing in acquisitions and platform acquisitions. The firm makes investments in buyouts turnaround upper-middle market large-cap mid-cap and small-cap market and distressed companies. It also invests in recapitalization growth capital Industry consolidation corporate carve-outs of subsidiaries and mission-critical supply divisions from multinational corporations operational restructurings of undervalued businesses and builds up. The firm seeks to invest in industrials Health and Wellness financial services consumer and business services & software. It invests in global businesses headquartered in North America including United States Canada and Europe. The firm seeks to invest between $125 million and $1000 million in companies that have minimum revenues of $300 million. It does not consider size if the company is in an industry in which the firm already has presence. The firm seeks to make direct as well as co-investments through managed private equity real estate and credit funds. It seeks to acquire a control position in its portfolio companies. Onex Corporation was founded in 1984 and is based in Toronto Canada with additional offices in New York New York; Englewood Cliffs New Jersey; Boston Massachusetts and London United Kingdom.,4.82,,,,,19.62,26.22,-0.91,,,,,,,Dec-25
ELF,E-L Financial Corporation Limited,17.64,6097.14,United States and Canada,CA,-0.0701,,,,,,,,,,,,,,,,,,,3387.76,3662.07,2752.73,726.96,2482.48,2536.04,2930.09,1076.69,2372.58,1659.8,1989.76,Financials,Insurance,E-L Financial Corporation Limited operates as an investment and insurance holding company in Canada. It operates in two segments E-L Corporate and Empire Life. The company owns investments in equities and fixed income securities directly and indirectly through common shares investment funds closed-end investment companies limited partnerships and other private and investment companies. It underwrites life and health insurance policies wealth management products employee benefit plans and financial services as well as segregated funds mutual funds and annuity products to individuals professionals and businesses through a network of independent financial advisors managing general agents national account firms and group solutions brokers and representatives. The company was incorporated in 1968 and is headquartered in Toronto Canada.,,,,1.27,0.19,0.05,,,,,,,,,Dec-25
SKE,Skeena Resources Limited,42.83,5373.57,United States and Canada,CA,-0.1919,,,,,,0,-0.1817,-0.3304,-0.5086,0.5618,0,0.021,0.021,0.1207,,0,795.33,2640.13,,,,,,,,,,,,Materials,Metals and Mining,Skeena Resources Limited engages in the exploration and development of mineral properties in Canada. It explores for gold silver and copper deposits. Its flagship property is the Eskay Creek project which consists of 51 mineral claims and eight mineral leases covering an area of approximately 7666.02 hectares located in the Golden Triangle region of British Columbia. The company was formerly known as Prolific Resources Ltd. and changed its name to Skeena Resources Limited in June 1990. Skeena Resources Limited was incorporated in 1979 and is based in Vancouver Canada.,-1.08,4.48,12,-0.3,-1.15,-1.28,-1.26,-2.16,,,,,,,Dec-25
NGEX,NGEx Minerals Ltd.,24.13,5232.8,United States and Canada,CA,-0.2555,,,,,,,,,,,,,,,,0,0,0,,,,,,,,,,,,Materials,Metals and Mining,NGEx Minerals Ltd. engages in the acquisition exploration and development of mineral properties in South America. The company’s flagship project includes Vicuña Project consists of the Los Helados deposit located in Chile and the Lunahuasi deposit in San Juan Argentina. The company was formerly known as 11264796 Canada Inc. and changed its name to NGEx Minerals Ltd. in June 2019. NGEx Minerals Ltd. was incorporated in 2019 and is headquartered in Vancouver Canada.,-0.54,-0.52,-0.41,-0.62,-0.14,-0.22,,,,,,,,,Dec-25
FVI,Fortuna Mining Corp.,15.88,4699.8,United States and Canada,CA,-0.1638,,,,,,,,,,,,,,,,,,,1299.9,973.67,1116.19,922.7,758.53,354.96,333.95,359.39,337.07,282.33,214.68,Materials,Metals and Mining,Fortuna Mining Corp. engages in the precious and base metal mining and related activities in Argentina Côte d’Ivoire Mexico Peru and Senegal. The company operates through Mansfield Sango and Bateas segments. It operates the Lindero gold mine and the Séguéla gold mine as well as the Caylloma silver lead and zinc mine. The company also holds Bambadji advanced gold exploration project located in Senegal. The company was formerly known as Fortuna Silver Mines Inc. and changed its name to Fortuna Mining Corp. in June 2024. Fortuna Mining Corp. was incorporated in 1990 and is based in Vancouver Canada.,1.96,2.49,2.93,0.91,0.69,0.31,0.2,0.57,0.2,0.14,0.28,0.4,0.2,0.16,Dec-25
SEA,Seabridge Gold Inc.,40.89,4410.85,United States and Canada,CA,-0.2468,,,,,,,,,,,,,,,,0,0,0,,,,,,,,,,,,Materials,Metals and Mining,Seabridge Gold Inc. together with its subsidiaries engages in the acquisition and exploration of gold properties in North America. It explores for gold silver copper and molybdenum deposits. The company was formerly known as Seabridge Resources Inc. and changed its name to Seabridge Gold Inc. in June 2002. Seabridge Gold Inc. was incorporated in 1979 and is based in Toronto Canada.,-0.19,-0.32,-0.89,-0.53,,,-0.09,0.01,-0.24,-0.18,,,-0.14,,Dec-25
NG,NovaGold Resources Inc.,9.49,4164.03,United States and Canada,CA,-0.518,,,,,,,,,,,,,,,,0,0,0,,,,,,,,,,,,Materials,Metals and Mining,NovaGold Resources Inc. operates in the gold mining industry focusing on the exploration and development of gold mineral properties in the United States. The company’s principal asset owns 60% interest in the Donlin Gold project consisting of 493 mining claims covering an area of approximately 29008 hectares located in the Kuskokwim and Mt. McKinley Recording Districts. The company was formerly known as NovaCan Mining Resources (1985) Limited and changed its name to NovaGold Resources Inc. in March 1987. NovaGold Resources Inc. was incorporated in 1984 and is based in Vancouver Canada.,-0.24,-0.28,-0.14,-0.35,,,-0.21,-0.15,-0.13,-0.12,-0.13,-0.15,-0.14,-0.13,Nov-25
PPTA,Perpetua Resources Corp.,31.8,3978.05,United States and Canada,CA,-0.3777,,,,,,,,,,,0.0123,-0.1967,-0.2152,,,0,0,234.27,,,,,,,,,,,,Materials,Metals and Mining,Perpetua Resources Corp. a development-stage company engages in the acquisition of mining properties in the United States. The company explores gold silver and antimony deposits. Its principal mineral project is the 100% owned Stibnite Gold project which includes 1674 unpatented lode claims mill sites and patented land holdings covering an area of approximately 11526 hectares located in Valley County Idaho. The company was formerly known as Midas Gold Corp. and changed its name to Perpetua Resources Corp. in February 2021. Perpetua Resources Corp. was founded in 2009 and is headquartered in Boise Idaho.,-3.84,-0.87,-0.77,-1.48,-0.32,-0.38,-0.62,-1.17,,,-1.91,-1.85,-1.13,-0.12,Dec-25
FIHU,Fairfax India Holdings Corporation,17.09,3244.51,United States and Canada,CA,-0.1548,,,,,,,,,,,,,,,,,,,874.07,161.98,795.74,385.71,884.03,1.55,943.35,274.87,784.42,181.74,81.42,Financials,Capital Markets,Fairfax India Holdings Corporation together with its subsidiaries operates as an investment holding company in India. It invests in public and private equity securities and debt instruments as well as Indian businesses or other businesses with customers suppliers or business. The company was incorporated in 2014 and is headquartered in Toronto Canada.,,,,1.81,3.93,-0.32,3.27,-0.3,1.56,,-0.3,1.56,,,Dec-25
SGD,Snowline Gold Corp.,17.18,3237.26,United States and Canada,CA,-0.1968,,,,,,,,,,,,,,,,0,0,0,,,,,,,0.02,0.03,0.04,,,Materials,Metals and Mining,Snowline Gold Corp. operates as a gold exploration and development company in Canada. The company explores for silver zinc nickel vanadium copper and molybdenum deposits. Its flagship project is the Rogue gold project which consists of 5380 mineral claims covering an area of approximately 110189 hectares located in the Selwyn Basin Yukon Territory. The company was formerly known as Skyledger Tech Corp. and changed its name to Snowline Gold Corp. in February 2021. Snowline Gold Corp. was incorporated in 2017 and is headquartered in Vancouver Canada.,-0.37,-0.29,-0.26,-0.33,-0.2,,,,,,,,,,Dec-25
SXGC,Southern Cross Gold Consolidated Ltd.,11.61,3130.68,United States and Canada,CA,-0.1463,,,,,,,,,,,0.1326,0.1328,0.1542,-0.1731,0.1359,0,0,82.43,,,,,,,,,,,,Materials,Metals and Mining,Southern Cross Gold Consolidated Ltd. engages in the acquisition and exploration of mineral properties in Australia. The company explores for gold antimony iron oxide and copper deposits. Its flagship property is the 100% owned Sunday Creek project covering an area of 19365 hectares of granted exploration tenements located 60 km north of Melbourne. The company is based in Melbourne Australia.,-0.01,-0.03,-0.04,-0.02,,,,,,,,,,,May-26
ABRA,AbraSilver Resource Corp.,11.79,1951.16,United States and Canada,CA,-0.4072,,,,,,,,,,,,,,,,0,0,0,,,,,,,,,,,,Materials,Metals and Mining,AbraSilver Resource Corp. operates as an exploration company in Argentina the United States and Canada. It primarily explores for silver gold copper and other metals. The company holds interest in its flagship property the Diablillos property covering an area of 79 kilometer square located in the Puna region of Argentina. The company was formerly known as AbraPlata Resource Corp. and changed its name to AbraSilver Resource Corp. in March 2021. AbraSilver Resource Corp. was incorporated in 1993 and is headquartered in Toronto Canada.,-0.35,-0.11,0.11,-0.38,,,,,,,,,,,Dec-25
BZ,Benz Mining Corp.,5.12,1945,United States and Canada,CA,-0.0536,,,,,,,,,,,,,,,,0,-1.8,,,,,,,,,,,,,Materials,Metals and Mining,Benz Mining Corp. engages in the acquisition exploration and exploitation of gold properties in Canada and Australia. The company's flagship project is the 100% owned Glenburgh Gold Project covering an area of 786 square kilometers located in Western Australia. The company was formerly known as Benz Capital Corp. and changed its name to Benz Mining Corp. in January 2015. The company was incorporated in 2011 and is headquartered in Vancouver Canada. Benz Mining Corp. is a subsidiary of Chess Depositary Nominees Pty Limited.,-0.52,-0.21,,-0.14,,,,,,,,,,,Apr-26
VZLA,Vizsla Silver Corp.,5.44,1931.51,United States and Canada,CA,-0.446,,,,,-1,,,-1,-1,-1,0,0,,,0.3409,0,0,1525.54,,,,,,,,,,,,Materials,Metals and Mining,Vizsla Silver Corp. engages in the acquisition exploration and development of mineral properties in Canada and Mexico. The company explores for silver and gold deposits. It owns Panuco West project located in the municipality of Concordia southern Sinaloa state and Sierra Madre Occidental physiographic province in western Mexico. The company was formerly known as Vizsla Resources Corp. and changed its name to Vizsla Silver Corp. in February 2021. Vizsla Silver Corp. was incorporated in 2017 and is headquartered in Vancouver Canada.,-0.1,1.66,1.51,-0.16,-0.07,-0.08,-0.08,,,,,,,,Apr-26
CADY,Cadillac Mines Corporation,6.46,1836.11,United States and Canada,CA,-0.3546,,,,,,,,,,,,,,,,0,0,0,,,,,,,,,,,,Materials,Metals and Mining,Cadillac Mines Corporation engages in the acquisition exploration and development of mineral properties in Canada. It primarily explores gold sulfide copper nickel and cobalt. The company's flagship project is the Kerr-Addison Project located in McGarry Township Ontario. The company was formerly known as Gold Candle Ltd. and changed its name to Cadillac Mines Corporation in May 2026. Cadillac Mines Corporation was incorporated in 2014 and is headquartered in Toronto Canada.,-0.27,-0.31,-0.29,,,,,,,,,,,,Dec-25
SLS,Solaris Resources Inc.,9.82,1640.64,United States and Canada,CA,-0.3749,,,,,,,,,,,,,,,,0,0,0,,,,,,,,,,,,Materials,Metals and Mining,Solaris Resources Inc. engages in the acquisition exploration and development of mineral properties. It focuses on exploring copper molybdenum molybdenum gold lead zinc and silver. It owns interests in Warintza project located in southeastern Ecuador in the province of Morona Santiago Canton Limon Indanza; and the Tamarugo project located in northern Chile. The company also holds interests in the La Verde project located in the Sierra Madre del Sur west of Mexico City in Michoacán State Mexico; and the Capricho and Paco Orco projects in Peru. In addition it has an option agreement to acquire up to a 100% interest in 10 new explorations concessions; and has an option to acquire up to a 100% interest in a new portfolio of exploration areas (“Solaris 2”) located immediately adjacent to the Warintza Project in southeastern Ecuador. The company was formerly known as Solaris Copper Inc. and changed its name to Solaris Resources Inc. in December 2019. Solaris Resources Inc. was incorporated in 2018 and is headquartered in Baar Switzerland.,-0.22,-0.41,-0.53,-0.36,-0.69,-0.39,-0.7,-0.64,,,,,,,Dec-25
NUAG,New Pacific Metals Corp.,8.98,1666.62,United States and Canada,CA,-0.1431,,,,,,,,,,,,,,,,0,0,,,,,,,,,1.53,-1.54,3.03,3.1,Materials,Metals and Mining,New Pacific Metals Corp. together with its subsidiaries engages in the exploration and development of mineral properties in Bolivia. The company primarily explores silver and gold deposits. Its flagship property is the 100% owned Silver Sand property which covers an area of 5.42 square kilometers located in the Potosí Department in Southwestern Bolivia. The company was formerly known as New Pacific Holdings Corp. and changed its name to New Pacific Metals Corp. in July 2017. New Pacific Metals Corp. is headquartered in Vancouver Canada.,-0.04,-0.04,-0.04,-0.03,-0.03,-0.05,-0.05,-0.04,-0.04,-0.03,,,,,Jun-26
HG,HydroGraph Clean Power Inc.,4.59,1662.91,United States and Canada,CA,-0.5952,,,,,,,,,,,,,,,,,,,0.06,0.01,0.01,0.01,0.01,,,,,,,Materials,Chemicals,HydroGraph Clean Power Inc. engages in the acquisition and development of graphene and hydrogen related products and services. The company is involved in the research development marketing and commercialization of patented technology to produce pristine graphene graphene derivatives and services as well as hydrogen syngas and other products. HydroGraph Clean Power Inc. was incorporated in 2017 and is headquartered in Vancouver Canada.,,,,,,,,,,,,,,,Sep-25
FDY,Faraday Copper Corp.,5.43,1598.18,United States and Canada,CA,-0.1883,,,,,,,,,,,0.5,0.5,,0.0568,,0,0,46.5,,,,,,,,,,,,Materials,Metals and Mining,Faraday Copper Corp. a resource exploration stage company engages in the acquisition exploration and development of mineral properties in the United States. The company holds 100% interest in the Copper Creek project consisting of 81 square kilometers of private land patented and un-patented mining claims and state prospecting permits located in Pinal County Arizona. It also holds 100% interest in the Contact Copper Project comprising 155 patented claims covering an area of approximately 11 square kilometers and 294 unpatented claims that cover an area of approximately 19 square kilometers situated in Elko County Nevada. The company was formerly known as CopperBank Resources Corp. and changed its name to Faraday Copper Corp. in April 2022. Faraday Copper Corp. was incorporated in 2014 and is headquartered in Vancouver Canada.,-0.16,-0.11,-0.1,-0.12,,,,,,,,,,,Dec-25
III,Imperial Metals Corporation,8.52,1518.08,United States and Canada,CA,-0.3919,,,,,,,,,,,,,,,,,,,691.78,494.37,344.45,172.8,133.59,148.1,71.82,104.44,453.11,428.22,128.7,Materials,Metals and Mining,Imperial Metals Corporation together with its subsidiaries engages in the exploration development and production of base and precious metals in the United States Switzerland China the Philippines Singapore and Canada. It explores for copper gold silver and other precious metals. The company holds 100% interests in the Mount Polley open-pit copper-gold mine located in central British Columbia; and the Huckleberry copper mine located in west-central British Columbia. It also holds a 30% interest in the Red Chris copper-gold mine located in northwest British Columbia. Imperial Metals Corporation was incorporated in 1959 and is based in Vancouver Canada.,,,,,,,-0.13,-0.71,-0.67,-0.69,-0.63,0.18,0.54,0.5,Dec-25
OMG,Omai Gold Mines Corp.,2.345,1586.79,United States and Canada,CA,-0.2579,,,,,,,,,,,,,,,,0,0,0,,,,,,,,,,,,Materials,Metals and Mining,Omai Gold Mines Corp. engages in the acquisition exploration evaluation and development of mineral properties. The company explores for gold and precious mineral deposits. It holds a 100% interests in the Omai prospecting license that covers an area of 4590 acres located in the Potaro mining district of Guyana. The company is based in Toronto Canada.,-0.06,-0.03,-0.01,-0.03,,,,,,,,,,,Dec-25
OM,Osisko Metals Incorporated,1.72,1539.62,United States and Canada,CA,-0.1357,,,,,-1,0,0.0625,-0.2194,,,,,,,,0,1.27,0,,,,,,,,,,,,Materials,Metals and Mining,Osisko Metals Incorporated together with its subsidiaries engages in acquiring exploring and developing base metals deposits in Canada. The company explores for copper zinc lead and molybdenum deposits. Its flagship project is the Gaspé project located near Murdochville in the Gaspé peninsula of Eastern Québec. The company was formerly known as Bowmore Exploration Ltd. and changed its name to Osisko Metals Incorporated in June 2017. Osisko Metals Incorporated is headquartered in Toronto Canada.,-0.13,-0.02,-0.01,-0.08,,,-0.11,,,,-0.04,,,,Dec-25
LAC,Lithium Americas Corp.,3.8,1379.56,United States and Canada,CA,-0.7424,,,,,,,,,-1,-1,0.0123,0.0223,-0.073,-0.3472,0.0846,0,0,498.7,,,,,,,,,,,,Materials,Metals and Mining,Lithium Americas Corp. a resource and materials company focuses on developing building and operating of lithium deposits and chemical processing facilities in the United States and Canada. The company’s flagship asset is the Thacker Pass project located in the McDermitt Caldera in Humboldt County northern Nevada as well as invests in exploration properties in the United States and Canada. Lithium Americas Corp. was incorporated in 2023 and is headquartered in Vancouver Canada.,-0.09,-0.2,0.1,-0.45,-0.1,,,,,,,,,,Dec-25
NCX,NorthIsle Copper and Gold Inc.,4.09,1362.97,United States and Canada,CA,-0.1371,,,,,,,,,,,,,,,,0,0,0,,,,,,,0.04,0.1,,,,Materials,Metals and Mining,NorthIsle Copper and Gold Inc. a junior resources company engages in the acquisition exploration and development of mineral properties in Canada. The company explores for copper gold molybdenum rhenium and other metal deposits. It holds a 100% interest in the North Island copper and gold project which consists of 218 mixed legacy and cell mineral claims including the Hushamu Red Dog Northwest Expo Pemberton Hills West Goodspeed and Goodspeed deposits covering an area of 34523 hectares located on northern Vancouver Island British Columbia. NorthIsle Copper and Gold Inc. was incorporated in 2011 and is headquartered in Vancouver Canada.,-0.11,-0.07,-0.06,-0.05,,,,,,,,,,,Dec-25
TALA,Talamore Mining Corp.,8.28,1325.98,United States and Canada,CA,-0.3196,,,,,,,,,,,,,,,,0,0,0,,,,,,,,,,,,Materials,Metals and Mining,Talamore Mining Corp. primarily engages in the identification exploration and evaluation of mineral properties in Canada Chile Mexico and the United States. It explores gold silver and copper deposits. The company’s flagship project is the Coffee Gold Project located in the Yukon Canada. The company was formerly known as Fuerte Metals Corp. and changed its name to Talamore Mining Corp. in June 2026. Talamore Mining Corp. is headquartered in Vancouver Canada.,-0.47,-0.12,-0.15,-0.23,,,,,,,,,,,Dec-25
LAR,Lithium Argentina AG,7.64,1253.91,United States and Canada,CA,-0.5358,,,,,,,,,,,,,,,,0,0,0,,,,,,,,,5.39,1.24,0.81,Materials,Metals and Mining,Lithium Argentina AG a resource company engages in the operation and development of lithium projects in Argentina. It owns interests in the Cauchari-Olaroz project located in Jujuy province; and the Pastos Grandes project located in Salta Province of Argentina. The company was formerly known as Lithium Americas (Argentina) Corp. and changed its name to Lithium Argentina AG in January 2025. Lithium Argentina AG was incorporated in 2007 is headquartered in Zug Switzerland.,,,,-0.65,,-0.13,-2.06,-0.59,-0.45,-0.3,-0.28,,,,Dec-25
SOIL,Saturn Oil & Gas Inc.,7.01,1247.9,United States and Canada,CA,-0.0884,,,,,,,,,,,,,,,,,,,881.65,806.72,624.83,337.19,98.42,7.16,17.49,4.06,0.17,,,Energy,Oil Gas and Consumable Fuels,Saturn Oil & Gas Inc. engages in the acquisition exploration and development of petroleum and natural gas resource deposits in Canada. The company is involved in the exploration and development of light oil assets in the Oxbow area of Southeast Saskatchewan; Viking light oil assets in West-Central Saskatchewan; and Cardium light oil assets in Central Alberta. Saturn Oil & Gas Inc. was incorporated in 2001 and is headquartered in Calgary Canada.,,,,,,,,,,,,,,,Dec-25
MKO,Mako Mining Corp.,13.48,1180.93,United States and Canada,CA,-0.1224,,,,,,,,,,,,,,,,,,,203.79,132.38,87.38,85.81,44.89,1.78,16.72,10.63,,,,Materials,Metals and Mining,Mako Mining Corp. engages in mineral exploration and exploitation activities in Nicaragua the United States and Guyana. The company explores for gold and silver deposits. Its primary asset is its 100%-owned San Albino mine comprising the San Albino and the Las Conchitas gold deposits which consist of five mineral concessions covering an area of approximately 22422 hectares located within the San Albino-Murra Property in Nueva Segovia Nicaragua. The company was formerly known as Golden Reign Resources Ltd. and changed its name to Mako Mining Corp. in November 2018. Mako Mining Corp. was incorporated in 2004 and is headquartered in Vancouver Canada.,1.08,0.97,1.14,,,,,,,,,,,,Dec-25
RFA,RFA Financial Inc.,25.6,1171.43,United States and Canada,CA,-0.2578,,,,,,,,,,,,,,,,,,,234.92,206.47,268.64,416.8,425.8,465.51,526.8,518.5,524.55,557.17,542.15,Financials,Financial Services,RFA Financial Inc. is a diversified commercial real estate investment trust and is an unincorporated closed-end real estate investment trust created under and governed by the laws of the Province of Manitoba. The REIT was created pursuant to the Declaration of Trust dated November 8 2004 as most recently amended and restated on December 19 2021. Certain of the REIT's securities are listed on the Toronto Stock Exchange. The REIT's common units trade under the symbol AX.UN and the REIT's preferred units trade under the symbols AX.PR.E and AX.PR.I. The REIT's common units also trade in the United States on the OTCQX Best Market under the symbol ARESF. As at November 14 2025 there were 95966473 common units 7108165 preferred units 736465 restricted units and 591279 deferred units of Artis outstanding. RFA Financial Inc. was founded in 2004 and is based in Winnipeg Canada.,,,,,,,,,,,,,,,Dec-25
SFC,Sagicor Financial Company Ltd.,8.5,1154.72,United States and Canada,CA,-0.1928,,,,,,,,,,,,,,,,,,,1972.89,2093.68,1740.19,1107.54,2964.1,2353.36,2422.7,2013.57,1510.38,1480.03,1498.59,Financials,Insurance,Sagicor Financial Company Ltd. together with its subsidiaries provides various financial services to individuals and corporations in Canada the United States Jamaica and the rest of the Caribbean. It operates through Sagicor Canada Sagicor Life USA Sagicor Jamaica Sagicor Life and Head Office and Other segments. The company offers life health general property casualty accident and sickness insurance; annuities and pension administration; investment asset and pension fund management; insurance brokerage; captive insurance management; investment retail and commercial banking; and microfinance. It also provides real estate investment development and management; cambo and remittance services; loan and lease financing; deposit-taking; farming; mutual fund holding; reinsurance; corporate management; and retirement community services. The company distributes its products and services through insurance advisors agents and brokers. Sagicor Financial Company Ltd. was founded in 1840 and is headquartered in St Michael Barbados.,1.3,1.5,1.59,0.65,0.96,0.63,1.05,1.13,,,,,,,Dec-25
FF,First Mining Gold Corp.,0.8,1137.36,United States and Canada,CA,-0.1837,,,,,,,,,,,,,,,,0,0,0,,,,,,,,,,,,Materials,Metals and Mining,First Mining Gold Corp. acquires develops and explores mineral properties in Canada. It primarily explores gold and silver deposits. The company holds interests in the Springpole Gold Project covering an area of approximately 800 hectares located in northwestern Ontario; and Duparquet Gold Project located on the destor-porcupine fault zone in the Abitibi region of Quebec Canada. First Mining Gold Corp. was founded in 2015 and is based in Vancouver Canada.,-0.02,-0.03,-0.02,-0.07,,,,,,0,-0.02,,,,Dec-25
NDM,Northern Dynasty Minerals Ltd.,1.99,1118.62,United States and Canada,CA,-0.5251,,,,,,,,,,,,,,,,0,0,0,,,,,,,,,,,,Materials,Metals and Mining,Northern Dynasty Minerals Ltd. engages in the acquisition exploration and development of mineral properties in the United States. It primarily explores copper gold molybdenum silver and rhenium deposits. The company holds 100% interest in the Pebble Copper-Gold-Molybdenum-Silver-Rhenium project comprising 1840 mineral claims that covers an area of approximately 274 square miles located in southwest Alaska the United States. The company was formerly known as Northern Dynasty Explorations Ltd. and changed its name to Northern Dynasty Minerals Ltd. in October 1997. Northern Dynasty Minerals Ltd. was incorporated in 1983 and is based in Vancouver Canada.,-0.01,-0.01,-0.03,-0.04,,-0.04,0.02,-0.07,-0.12,-0.19,-0.21,-0.21,,,Dec-25
MARI,Marimaca Copper Corp.,8.2,1108.29,United States and Canada,CA,-0.3921,,,,,,,,,,,0.0123,0.0223,-0.0012,,,0,0,692.6,,,,,,,,,,,,Materials,Metals and Mining,Marimaca Copper Corp. engages in the exploration and development of base metal projects in Chile. It explores for copper gold and other mineral deposits. The company’s flagship project is the 100% owned Marimaca copper project located in the northern Chile near Antofagasta. The company was formerly known as Coro Mining Corp. and changed its name to Marimaca Copper Corp. in May 2020. Marimaca Copper Corp. was incorporated in 2004 and is based in Vancouver Canada.,-0.16,-0.06,0.9,-0.34,-0.16,-0.1,-0.76,,,,,,,,Dec-25
MNO,Meridian Mining Plc,2.27,1105.76,United States and Canada,CA,-0.0658,,,,,-1,,,,,-1,0.0163,0.0163,-0.3593,-0.7393,-0.6534,0,0,124.51,,,,,,0.31,8.13,13.95,13.15,7.99,0.46,Materials,Metals and Mining,Meridian Mining Plc together with its subsidiaries engages in the acquisition exploration and development of mineral properties in Brazil. The company explores manganese gold copper and silver deposits. It’s flagship property is the Cabaçal copper-gold project located in the state of Mato Grosso Brazil. The company was formerly known as Meridian Mining UK Societas and changed its name to Meridian Mining Plc. Meridian Mining Plc was founded in 2013 and is headquartered in London United Kingdom.,-0.05,-0.04,0.06,-0.07,-0.07,-0.06,0.01,,,,,,,,Dec-25
CVG,Clairvest Group Inc.,80,1070.32,United States and Canada,CA,-0.0805,,,,,,,,,,,,,,,,,,,198.14,176.48,36.65,130.18,421.06,177.72,129.3,204.21,208.19,131.47,75.92,Financials,Capital Markets,Clairvest Group Inc. is a private equity firm specializing in mid-market growth equity investments buyouts industry consolidation and acquisitions. It seeks to invest in small and mid-sized gaming (land and online) and casinos restaurants healthcare experience economy equipment rental medical practice management waste management aerospace architecture and engineering & consulting (AEC) agriculture oil and gas field services dental life science and services renewable energy co-packing / private label manufacturing defense building products environmental services healthcare IT interactive home entertainment distribution extermination and pest control sanitary services airfreight and logistics document management software systems software; metal glass and plastic containers; paper and plastic packaging products and materials; metals and mining; water utilities specialty educational services specialized consumer services human resources and employment services research and consulting services linens and bedding insurance services education government services industrial services energy services & renewables food & beverage technology services industrial distribution and services information technology and information services media and marketing services and renewable energy sectors. The firm seeks to invest in Canada and the US. It seeks to make equity investments between C$25 million ($18.23 million) and C$100 million ($72.92 million) in its portfolio company with EBITDA between C$10 million ($7.29 million) and C$50 million ($36.46 million). The firm prefers majority and minority investments. It invests its own capital by co-investing alongside institutional investors in owner-led businesses. Clairvest Group Inc. was founded in 1987 and is based in Toronto Canada.,,,,,,,,,,,,,,,Mar-26
SEC,Senvest Capital Inc.,440,1063.36,United States and Canada,CA,0,,,,,,,,,,,,,,,,,,,585.44,969.27,427.13,-739.73,2471.45,736.71,436.91,-337.57,507.31,342.17,-200.21,Financials,Capital Markets,Senvest Capital Inc. is a privately owned hedge fund sponsor. It was founded in 1968 and is headquartered in Montreal Quebec Canada.,,,,,,,,,,,,,,,Dec-25
TAU,Thesis Gold & Silver Inc.,3.49,1029.18,United States and Canada,CA,-0.1231,,,,,,,,,,,,,,,,0,0,0,,,,,,,,,,,,Materials,Metals and Mining,Thesis Gold & Silver Inc. a resource development company engages in the identification evaluation acquisition and exploration of mineral properties in Canada. The company explores for gold silver and precious metals deposits. It holds 100% interest in the Lawyers-Ranch project covering an area of 495 square kilometers located in the Toodoggone mining district of northern central British Columbia. The company was formerly known as Thesis Gold Inc. and changed its name to Thesis Gold & Silver Inc. in February 2026. Thesis Gold & Silver Inc. was incorporated in 2010 and is based in Vancouver Canada.,-0.08,-0.07,-0.06,-0.05,0.01,,,,,,,,,,Feb-26
LMCU,Lumina Metals Corp.,9.43,1028.06,United States and Canada,CA,-0.2656,,,,,,,,,,,,,,,,0,0,0,,,,,,,,,,,,Materials,Metals and Mining,Lumina Metals Corp. engages in the exploration and development of mineral properties in Canada and Poland. It primarily explores copper and silver deposits. Its flagship project is the Nowa Sól project covering an area of 120 square kilometers located in Lubuskie Province Poland. The company was formerly known as Miedzi Copper Corp and changed its name to Lumina Metals Corp. in December 2024. Lumina Metals Corp. was incorporated in 2010 and is headquartered in Vancouver Canada.,-0.39,-0.39,-0.36,,,,,,,,,,,,Dec-25
FDR,Founders Metals Inc.,6.98,1004.44,United States and Canada,CA,-0.0464,,,,-1,,,,,,,,,,,,0,0,0,,,,,,,,,,,,Materials,Metals and Mining,Founders Metals Inc. is involved in the exploration and development of mineral properties in Canada. It primarily explores for gold. The company’s flagship project is the 100% owned Antino Gold Project covering an area of 102360 hectares located in southeastern Suriname. Founders Metals Inc. is headquartered in Vancouver Canada.,-0.07,-0.06,-0.04,-0.11,,,,,,,,,,,Aug-25
ITH,International Tower Hill Mines Ltd.,3.69,965.44,United States and Canada,CA,-0.253,,,,,,,,,,,,,,,,,,,,,,,,,,,,,,Materials,Metals and Mining,International Tower Hill Mines Ltd. a development stage company engages in the acquisition exploration and development of mineral properties. It holds 100% interest in the Livengood Gold Project covering an area of approximately 19546 hectares located in the northwest of Fairbanks Alaska. The company was formerly known as Tower Hill Mines Ltd. and changed its name to International Tower Hill Mines Ltd. in March 1991. International Tower Hill Mines Ltd. was incorporated in 1978 and is headquartered in Vancouver Canada.,,,,-0.03,-0.07,-0.11,,-0.27,-0.12,-0.28,,,,,Dec-25
ALC,Algoma Central Corporation,22.38,907.91,United States and Canada,CA,-0.1224,,,,,,,,,,,,,,,,,,,761.06,703.44,721.22,677.94,598.87,545.66,567.91,508.2,452.95,391.41,413.49,Industrials,Marine Transportation,Algoma Central Corporation owns and operates a fleet of dry and liquid bulk carriers activities in Canada. It operates through five segments: Domestic Dry-Bulk Product Tankers Ocean Self-Unloaders Global Short Sea Shipping and Corporate. The company operates dry-bulk carriers for industrial sectors including producers of iron and steel aggregate salt and cement and building materials as well as agricultural product distributors as well as fleet consists of ten product tankers; and engages in marine operations. It also provides cargo transportation services. In addition the company operates ocean self-unloading vessels; global fleets including fleet of specialized cement carriers short sea mini-bulkers and handy-size bulk carriers; and provides specialized equipment or services on niche marine transportation markets. Further it offers third-party management services and other administrative services as well as engages in real estate rental operations. The company was formerly known as Algoma Central Railway and changed its name to Algoma Central Corporation in 1990. Algoma Central Corporation was incorporated in 1899 and is headquartered in Saint Catharines Canada.,,,,2.29,1.93,2.15,1.86,1.12,1.05,1.16,0.87,,,,Dec-25
ARA,Aclara Resources Inc.,3.62,898.44,United States and Canada,CA,-0.3296,,,,,,,,,,,0.0123,0.2162,0.1882,-0.4543,-0.7795,0,0,97.73,,,,,,,,,,,,Materials,Metals and Mining,Aclara Resources Inc. a mining company engages in the exploration and development of rare-earth mineral resources in Chile Brazil and Peru. Aclara Resources Inc. was formerly known as 1303714 B.C. Ltd and changed its name to Aclara Resources Inc. in October 2021. Aclara Resources Inc. was incorporated in 2021 and is headquartered in Santiago De Surco Peru.,-0.06,-0.06,-0.26,-0.05,,,,,,,,,,,Dec-25
BYN,Banyan Gold Corp.,1.91,851.75,United States and Canada,CA,-0.1318,,,,,,,,,,,,,,,,0,0,0,,,,,,,,,,,,Materials,Metals and Mining,Banyan Gold Corp. engages in the exploration and development of mineral properties in Canada. The company explores for gold silver quartz diamond and precious and base metal deposits. Its flagship project is the 100%-owned AurMac Gold Project that covers an area of approximately 9230 hectares located in the Mayo Mining district Yukon Territory. The company is headquartered in Vancouver Canada.,-0.02,-0.03,-0.06,,,,,,,,,,,,Sep-25
ISO,IsoEnergy Ltd.,12.98,847.03,United States and Canada,CA,-0.2972,,,,,,,,,-1,-1,,,,,,0,0,,,,,,,,,,,,,Energy,Oil Gas and Consumable Fuels,IsoEnergy Ltd. engages in the acquisition exploration and development of mineral properties. The company explores for uranium copper rare earth and gold deposits. It holds a portfolio of properties in Canada the United States and Australia. The company was incorporated in 2016 and is headquartered in Toronto Canada.,-0.11,-0.69,-1.11,-0.3,,,,,,,,,,,Dec-25
GSKR,Goldsky Resources Corp.,3.03,809.31,United States and Canada,CA,-0.347,,,,,,,,,,,,,,,,0,0,0,,,,,,,,,,,,Materials,Metals and Mining,Goldsky Resources Corp. a gold exploration and development company engages in the acquisition and exploration of mineral properties in Sweden and Finland. It explores for gold silver and cobalt deposits. The company’s flagship project is the Barsele project covering an area of approximately 25000 hectares located in Västerbottens Län northern Sweden. The company was formerly known as First Nordic Metals Corp. and changed its name to Goldsky Resources Corp. in December 2025. Goldsky Resources Corp. was incorporated in 2013 and is headquartered in Vancouver Canada.,-0.2,-0.19,-0.17,,,,,,,,,,,,Dec-25
ATX,ATEX Resources Inc.,2.15,809.39,United States and Canada,CA,-0.5275,,,,,,,,,,,,,,,-1,0,0,0,,,,,,,,,,,,Materials,Metals and Mining,ATEX Resources Inc. together with its subsidiaries engages in the exploration and evaluation of mineral properties in South America. Its flagship property is the Valeriano copper gold project covering approximately 25000 hectares located in the north-central Chile. The company was formerly known as Colombia Crest Gold Corp. and changed its name to ATEX Resources Inc. in February 2019. ATEX Resources Inc. was incorporated in 1981 and is headquartered in Toronto Canada.,-0.2,-0.15,-0.12,-0.25,-0.15,,,,,,,,,,Dec-25
PMET,PMET Resources Inc.,4.33,805.13,United States and Canada,CA,-0.4456,,,,-1,,,,,-1,,,,,,-1,0,0,0,,,,,,,,,,,,Materials,Metals and Mining,PMET Resources Inc. engages in the identification acquisition of exploration development and evaluation of mineral properties in the United States and Canada. The company explores for gold copper silver lithium caesium and tantalum deposits. Its flagship property is the Shaakichiuwaanaan project comprising 463 claims totaling 23710 hectares located in the Eeyou Istchee James Bay region of Québec Canada. The company was formerly known as Patriot Battery Metals Inc. and changed its name to PMET Resources Inc. in September 2025. PMET Resources Inc. was incorporated in 2007 and is headquartered in Montreal Canada.,-0.14,-0.15,-0.11,-0.08,-0.04,0.02,,,,,,,,,Mar-26
TMQ,Trilogy Metals Inc.,4.51,779.08,United States and Canada,CA,-0.7035,,,,,,,,,,,,,,,,0,0,0,,,,,,,,,,,,Materials,Metals and Mining,Trilogy Metals Inc. engages in the exploration and development of mineral properties in the United States. It primarily explores copper cobalt lead zinc gold and silver properties. The company principally holds interests in the Upper Kobuk mineral projects that include the Arctic which contains polymetallic volcanogenic massive sulfide deposits; and Bornite that contains carbonate-hosted copper-cobalt deposits covering an area of approximately 448217 acres located in the Ambler mining district in Northwest Alaska. The company was formerly known as NovaCopper Inc. and changed its name to Trilogy Metals Inc. in September 2016. Trilogy Metals Inc. was founded in 2004 and is headquartered in Vancouver Canada.,-0.13,-0.09,-0.06,-0.1,-0.07,-0.14,-0.22,-0.19,-0.13,-0.28,-0.24,-0.26,,,Nov-25
ASE,Asante Gold Corporation,0.82,741.73,United States and Canada,CA,-0.687,,,,,,,,,,,,,,,,,,,722.61,667.06,572.83,274.73,,,,,,,,Materials,Metals and Mining,Asante Gold Corporation a mineral exploration and gold production company primarily involved in the assessment acquisition development and operation of mines in the Republic of Ghana. It explores gold deposits. The company was incorporated in 2011 and is headquartered in Vancouver Canada.,,,,,-0.22,,,,,,,,,,Dec-25
EPRX,Eupraxia Pharmaceuticals Inc.,11.44,753.97,United States and Canada,CA,-0.1104,,,,,,-0.1,-0.1,-0.9505,-0.9563,-0.9742,-0.1111,-0.1111,-0.6986,-0.7376,-0.9059,0,0.7,1.81,,,,,,,,,,,,Health Care,Biotechnology,Eupraxia Pharmaceuticals Inc. a clinical-stage biotechnology company focuses on the development of products to address therapeutic areas with unmet medical need. Its proprietary Diffusphere technology optimizes drug delivery for applications with significant unmet medical need. The company’s product portfolio includes EP-104IAR which is in Phase III clinical trial for the treatment of knee osteoarthritis; EP-104GI that is in Phase II clinical trial for treating eosinophilic esophagitis; and EP-104 which is under preclinical studies for the treatment of gastrointestinal tract such as eosinophilic esophagitis. The company was formerly known as Plaza Capital Partners Inc. and changed its name to Eupraxia Pharmaceuticals Inc. in May 2012. Eupraxia Pharmaceuticals Inc. was incorporated in 2011 and is headquartered in Victoria Canada.,-1.36,-1.45,-1.65,-1.4,-1.09,-1.28,-1.42,-2.12,,,,,,,Dec-25
SLG,San Lorenzo Gold Corp.,6.99,761.05,United States and Canada,CA,-0.0863,,,,,,,,,,,,,,,,,,,,,,,,,,,,,,Materials,Metals and Mining,San Lorenzo Gold Corp. engages in the acquisition and development of mineral properties in Chile. The company explores for gold copper silver and cobalt deposits. It primarily holds a 100% interest in the Salvadora project covering an area of 9062 hectares located in Atacama Region Chile. The company is headquartered in Calgary Canada.,,,,,,,,,,,,,,,Dec-25
QRC,Queen's Road Capital Investment Ltd.,13.77,741.92,United States and Canada,CA,-0.2974,,,,,,,,,,,,,,,,,,,165.03,31.26,13.91,11.17,90.07,22.36,,,,,,Financials,Capital Markets,Queen's Road Capital Investment Ltd. a resource focused investment company invests in privately held and publicly-traded resource companies. It acquires and holds securities of long-term capital appreciation with a focus on convertible debt securities and resource projects in advanced development or production located in safe jurisdictions. The company was formerly known as Lithion Energy Corp. and changed its name to Queen's Road Capital Investment Ltd. in January 2020. Queen's Road Capital Investment Ltd. was incorporated in 2011 and is based in Central Hong Kong.,,,,0.14,,,,,,,,,,,Aug-25
AUXX,Gold X2 Mining Inc.,7.24,732.58,United States and Canada,CA,-0.3967,,,-1,-1,,,,,,,,,,,,0,0,0,,,,,,,,,,,,Materials,Metals and Mining,Gold X2 Mining Inc. engages in the exploration and development of gold and metal mineral properties in Canada. It holds 100% in the Moss Gold Project located in Ontario Canada. The company was formerly known as Goldshore Resources Inc. and changed its name to Gold X2 Mining Inc. in September 2025. The company is headquartered in Vancouver Canada.,-0.38,-0.4,-0.39,-0.38,,,,,,,,,,,Dec-25
RML,Rusoro Mining Ltd.,1.15,736.32,United States and Canada,CA,-0.1418,,,,,,,,,,,,,,,,,,,,,,,,,,,,,,Materials,Metals and Mining,Rusoro Mining Ltd. engages in the acquisition exploration development and operation of gold mining and mineral properties in Venezuela. The company primarily holds 95% interest in the Choco 10 mine; and 50% interest in the Isidora mine. The company was formerly known as Newton Ventures Inc. and changed its name to Rusoro Mining Ltd. in November 2006. Rusoro Mining Ltd. is headquartered in Vancouver Canada.,,,,-0.16,,,,,,,,,,,Dec-25
DRUG,Bright Minds Biosciences Inc.,72.49,715.05,United States and Canada,CA,-0.5736,,,,,,0,0,-0.1,-0.2286,,,,,,-1,0,30.25,0,,,,,,,,,,,,Health Care,Biotechnology,Bright Minds Biosciences Inc. a biotechnology company develops therapeutics to improve the lives of patients with severe and life-altering diseases in the United States. Its portfolio includes 5-HT2 Receptors which are serotonin agonists for epilepsy and neuropsychiatric disorders; and BMB-101 which has completed phase 1 trial for undisclosed seizure disorder and is in phase 2 clinical trials for the developmental and epileptic encephalopathies and absence epilepsies. The company also develops BMB-201 and BMB-202 for the treatment of neuropsychiatric and neurology indications; and BMB-105 a 5-HT2C agonist to treat Prader Willi Syndrome. Bright Minds Biosciences Inc. has a collaboration with Firefly Neuroscience Inc. to provide an analysis of the electroencephalogram (EEG) data in the Company’s BREAKTHROUGH study. The company was founded in 2017 and is headquartered in New York New York.,-3.65,-8.16,-9.52,-1.78,,,,,,,,,,,Sep-25
MOON,Blue Moon Metals Inc.,6.93,726.7,United States and Canada,CA,-0.4127,,,,,,,,,,-1,0.0123,0.0178,-0.234,-0.3146,0.2526,0,0,281.65,,,,,,,,,,,,Materials,Metals and Mining,Blue Moon Metals Inc. engages in the exploration and development of mineral resource properties in Norway and the United States. The company explores for zinc silver gold copper lead germanium gallium tungsten and molybdenum deposits. Its flagship property is the Nussir copper-gold-silver property located at the Finnmark county in northern Norway. The company was formerly known as Blue Moon Zinc Corp. and changed its name to Blue Moon Metals Inc. in April 2021. Blue Moon Metals Inc. was incorporated in 2007 and is headquartered in Toronto Canada.,-0.55,-0.33,0.03,-0.72,,,,,,,,,,,Dec-25
WRN,Western Copper and Gold Corporation,3.16,714.71,United States and Canada,CA,-0.4495,,,,,,,,,,,,,,,,0,0,0,,,,,,,,,,,,Materials,Metals and Mining,Western Copper and Gold Corporation an exploration stage company engages in the exploration and development of mineral properties in Canada. It explores for gold copper silver and molybdenum deposits. Its principal property is the Casino mineral property located in Yukon Canada. The company was formerly known as Western Copper Corp. and changed its name to Western Copper and Gold Corporation in October 2011. Western Copper and Gold Corporation was incorporated in 2006 and is headquartered in Vancouver Canada.,-0.03,-0.03,-0.03,-0.02,-0.04,,,,-0.02,-0.02,-0.04,-0.04,,,Dec-25
TTS,Tintina Mines Limited,2.5,708.8,United States and Canada,CA,-0.3056,,,,,,,,,,,,,,,,,,,,,,,,,,,,,,Materials,Metals and Mining,Tintina Mines Limited engages in the acquisition exploration and development of base and precious metal properties in Canada and Chile. It also explores for gold copper molybdenum and silver deposits. The company holds interest in various properties located in the Whitehorse Mining District Yukon Territory; Sudbury Mining District Ontario; Watson Lake Mining District Yukon Territory; and the Dos Amigos mining district Chile. Tintina Mines Limited was incorporated in 1961 and is based in Toronto Canada.,,,,,,,,,,,,,,,Dec-25
WFC,Wall Financial Corporation,21.5,684.41,United States and Canada,CA,-0.0223,,,,,,,,,,,,,,,,,,,179.24,205.28,155.2,144.35,241.05,191.56,474.6,452.22,295.71,302.82,133.21,Real Estate,Real Estate Management and Development,Wall Financial Corporation together with its subsidiaries operates as a real estate investment and development company in Canada. The company operates in three segments: Rental Hotel and Development. It is involved in the ownership and management of revenue-producing residential and commercial properties; ownership and management of hotel properties; and development and sale of residential housing. Wall Financial Corporation was founded in 1969 and is based in Vancouver Canada.,,,,,,,,,,,,,,,Jan-26
FWZ,Fireweed Metals Corp.,2.95,669.9,United States and Canada,CA,-0.4272,,,,,,,,,,,,,,,,0,0,0,,,,,,,,,,,,Materials,Metals and Mining,Fireweed Metals Corp. engages in the acquisition and exploration of mineral projects in Canada. The company primarily explores zinc lead and silver as well as gallium and germanium deposits. Its flagship project is the 100% Macpass project covering an area of 949 square kilometers located in Yukon Canada. The company was formerly known as Fireweed Zinc Ltd. and changed its name to Fireweed Metals Corp. in June 2022. Fireweed Metals Corp. was incorporated in 2015 and is headquartered in Vancouver Canada.,-0.14,-0.16,-0.06,-0.21,,,,,,,,,,,Dec-25
AVTS,Aventus Capital Inc.,20.25,673.2,United States and Canada,CA,-0.2993,,,,,,,,,,,,,,,,,,,92.72,55.42,281.93,37.15,42.64,-33.11,25.04,28.77,29.6,-1.75,-3.4,Financials,Capital Markets,Aventus Capital Inc. is a private equity and venture capital firm specializing in direct and indirect investments through acquisitions joint ventures secondary investments both direct and indirect fund of fund investments and other arrangements. For direct investments the firm invests in early venture mezzanine mid venture late venture middle market later stage mature emerging growth PIPEs and buyout transactions. For fund of fund investments it seeks to invest in private equity funds venture capital funds and hedge funds. The firm seeks to provide long term capital to businesses operating in the global financial services industry including multi-sector holdings and specialized finance sectors. It typically acquires controlling interests in businesses. The firm seeks to acquire debt equity or derivative securities of both public and private companies. It invests with the objective of providing its shareholders with capital appreciation and real wealth preservation. The firm is an integrated insurance and alternative asset management company purpose-built to deliver long-term value across the annuity and investment landscapes. The firm seeks to provide its portfolio companies with advisory services including but not limited to advice on capital allocation financing strategy performance measurement and merger and acquisition support. It also seeks to partner with like-minded providers of third party capital to help supplement the firm’s own capital when completing acquisitions. The firm generally seeks to hold its investments for 7 to 15 years. Aventus Capital Inc. was founded in 1996 and is based in Toronto Canada with an additional office in New York New York.,-9.85,-6.47,,,,5.18,,,0.38,,0.66,,,,Dec-25
AMX,Amex Gold Mining Inc.,4.15,667.23,United States and Canada,CA,-0.2228,,,,,,,,,,,0,-0.8069,-0.634,-0.776,-0.5116,0,0,84,,,,,,,,,,,,Materials,Metals and Mining,Amex Gold Mining Inc. together with its subsidiaries engages in the exploration of gold mining sites in Canada. Its flagship project is the Perron Gold project that consists of 183 claims covering an area of 6572 hectares located in the township of Perron in Quebec. The company was formerly known as Amex Exploration Inc. and changed its name to Amex Gold Mining Inc. in June 2026. Amex Gold Mining Inc. is based in Montreal Canada.,-0.02,-0.03,0.17,-0.07,,,,,,,,,,,Dec-25
TWC,TWC Enterprises Limited,27.4,661.06,United States and Canada,CA,-0.0861,,,,,,,,,,,,,,,,,,,232.38,246.1,230.47,190.81,178.42,131.8,168.79,172.64,171.9,229.04,227.31,Consumer Discretionary,Hotels Restaurants and Leisure,TWC Enterprises Limited owns operates and manages golf clubs under the ClubLink One Membership More Golf brand in Canada and the United States. The company was formerly known as ClubLink Enterprises Limited and changed its name to TWC Enterprises Limited in May 2014. TWC Enterprises Limited is based in King City Canada. TWC Enterprises Limited is a subsidiary of Paros Enterprises Limited.,,,,,,,,,,,,,,,Dec-25
BSX,Belo Sun Mining Corp,1.16,644.81,United States and Canada,CA,-0.2991,,,,,,,,,,,,,,,,,,,,,,,,,,,,,,Materials,Metals and Mining,Belo Sun Mining Corp through its subsidiaries operates as a gold exploration and development company in Brazil. Its principal asset is the 100% owned Volta Grande Gold project which comprises four mining concession applications three rights to apply for a mining concession 64 exploration permits extensions submitted and six ratifications submitted covering a total area of 154850.64 hectares located in the Três Palmeiras greenstone belt in the northern region of Pará State. The company was formerly known as Verena Minerals Corporation and changed its name to Belo Sun Mining Corp in July 2010. Belo Sun Mining Corp was incorporated in 1996 and is headquartered in Toronto Canada.,-0.02,-0.04,-0.08,-0.02,-0.02,0,-0.02,-0.01,-0.01,-0.02,-0.01,-0.03,-0.04,-0.03,Dec-25
SLI,Standard Lithium Ltd.,2.58,636.7,United States and Canada,CA,-0.713,,,,,,,,,,,,,-1,-1,-1,0,0,0,,,,,,,,,,,,Materials,Metals and Mining,Standard Lithium Ltd. explores for and develops lithium brine properties in the United States. Its flagship projects comprise the South West Arkansas Project which covers an area of approximately 30000 net mineral acres of brine leases located on the Smackover Formation in Arkansas; and the East Texas Properties which includes the Franklin project located in the East Texas region of the Smackover. The company was formerly known as Patriot Petroleum Corp. and changed its name to Standard Lithium Ltd. in December 2016. Standard Lithium Ltd. was incorporated in 1998 and is headquartered in Vancouver Canada.,-0.1,-0.11,,-0.16,,-0.32,-0.25,-0.22,-0.1,,,,,,Dec-25
REG,Regulus Resources Inc.,4.99,627.16,United States and Canada,CA,-0.1542,,,,,,,,,,,,,,,,,,,,,,,,,,,,,,Materials,Metals and Mining,Regulus Resources Inc. operates as a mineral exploration company in Canada and Peru. Its project include AntaKori copper-gold-silver project located in the Yanacocha-Hualgayoc mining district in the Department of Cajamarca Northern Peru. The company was incorporated in 2010 and is headquartered in Vancouver Canada.,,,,,,,,,,,,,,,Sep-25
FVL,Freegold Limited,1.07,618.27,United States and Canada,CA,-0.4427,,,,,,,,,,,,,,,,,,,,,,,,,,,,,,Materials,Metals and Mining,Freegold Limited an exploration stage company engages in the acquisition exploration and evaluation of precious and base metal properties in the United States and Canada. The company explores for gold deposits. It holds interests in the Golden Summit property that consists of 53 patented claims 107 unpatented federal claims and 241 State of Alaska claims covering an area of 15098.6 hectares located in the Fairbanks Mining District Alaska; and the Shorty Creek Project. The company was formerly known as Freegold Ventures Limited and changed its name to Freegold Limited in July 2026. Freegold Limited was incorporated in 1985 and is headquartered in Vancouver Canada.,,,,0,,,,,,,,,,,Dec-25
JAG,Jaguar Mining Inc.,7.24,617.8,United States and Canada,CA,-0.2482,,,,,,,,,,,,,,,,,,,185.53,228.06,180.9,192.94,191.53,203.9,126.26,129.56,132.3,161.86,147.78,Materials,Metals and Mining,Jaguar Mining Inc. a junior gold mining company engages in the acquisition exploration development and operation of gold mineral properties in Brazil. The company’s principal project includes the Turmalina Gold Mine Complex and Caeté Gold Mine Complex with mineral claims covering an area of approximately 46619.08 hectares located in the Iron Quadrangle in the state of Minas Gerais. It also owns the Paciência Gold Mine complex. Jaguar Mining Inc. is based in Toronto Canada.,,,,0.32,0.56,0.26,0.25,0.94,1.14,0.12,-0.29,17464.46,,,Dec-25
FEC,Frontera Energy Corporation,8.5,601.54,United States and Canada,CA,-0.4931,,,,,,,,,,,,,,,,,,,1370.82,1559.4,1521.86,1720.54,1130.57,825.17,1796.56,1802.44,1577.05,1895.67,3919,Energy,Oil Gas and Consumable Fuels,Frontera Energy Corporation engages in the exploration development production transportation storage and sale of oil and natural gas in South America. The company has a portfolio of assets which consists of interests in 17 exploration and production blocks in Colombia and Guyana; and pipeline transportation and port facilities in Colombia. It also engages in onshore and colombian infrastructure business. The company was formerly known as Pacific Exploration & Production Corporation and changed its name to Frontera Energy Corporation in June 2017. Frontera Energy Corporation was incorporated in 1985 and is headquartered in Calgary Canada.,,,,2.95,3.63,3.14,-1.78,,,-1.48,,,,,Dec-25
NOU,Nouveau Monde Graphite Inc.,1.8,592.48,United States and Canada,CA,-0.7739,,,,,-1,,,,,-1,0,-0.25,-0.25,-0.4792,-0.7031,0,0,73.38,,,,,,,,,,,,Materials,Metals and Mining,Nouveau Monde Graphite Inc. engages in the acquisition exploration development and evaluation of mineral properties in Quebec Canada. It primarily explores for graphite. The company’s flagship property is the 100% owned Matawinie graphite property including 176 mining claims covering an area of 9264 hectares located in Quebec. It also involved in the real estate and trading activities as well as active anode material operations. The company was formerly known as Nouveau Monde Mining Enterprises Inc. and changed its name to Nouveau Monde Graphite Inc. in February 2017. The company was founded in 2012 and is headquartered in Saint-Michel-Des-Saints Canada.,0,-0.15,-0.07,-0.68,-0.79,-1.17,-0.86,-0.79,,,,,,,Dec-25
ETG,Entrée Resources Ltd.,2.82,589.7,United States and Canada,CA,-0.1706,,,,,,,,,,,,,,,,,,,,,,,,,,,,,,Materials,Metals and Mining,Entrée Resources Ltd. a mining company engages in the development and exploration of mineral properties in Canada Mongolia Peru and Australia. Its principal asset is the Entrée/Oyu Tolgoi joint venture property comprising Hugo North Extension copper-gold deposit and the Heruga copper-gold molybdenum deposit located in Mongolia. The company was formerly known as Entrée Gold Inc. and changed its name to Entrée Resources Ltd. in May 2017. Entrée Resources Ltd. was founded in 1995 and is headquartered in Vancouver Canada.,,,,-0.02,,,,,,,,,,,Dec-25
MAXX,Max Power Mining Corp.,3.22,581.89,United States and Canada,CA,-0.1526,,,,,,,,,,,,,,,,,,,,,,,,,,,,,,Materials,Metals and Mining,Max Power Mining Corp. a junior mineral exploration company engages in the acquisition exploration and evaluation of natural resource properties. It operates through Mineral Exploration Properties and Research and Development segments. The company explores for lithium nickel cobalt copper platinum group element and hydrogen deposits. It holds a portfolio of properties in the United States and Canada. Max Power Mining Corp. was incorporated in 2021 and is based in Saskatoon Canada.,,,,,,,,,,,,,,,Dec-25
RDS,Radisson Mining Resources Inc.,1.105,565.2,United States and Canada,CA,-0.1754,,,,,,,,,,,,,,,,0,0,,,,,,,,,0,0.02,,,Materials,Metals and Mining,Radisson Mining Resources Inc. a gold exploration company engages in the acquisition exploration and development of mining projects in Canada. The company focuses on its 100% owned O’Brien Gold project that comprises 147 mineral claims covering an area of 7426 hectares located in the Abitibi region in northwestern Québec. It also holds 100% interest in the Douay project that consists of 30 mineral claims covering an area of 1606 hectares located in the James Bay territory Québec. Radisson Mining Resources Inc. was incorporated in 1983 and is headquartered in Rouyn-Noranda Canada.,-0.04,-0.04,,-0.01,,,,,,,,,,,Dec-25
TPXB,Molson Coors Canada Inc.,55.05,557.96,United States and Canada,CA,-0.2561,,,,,,,,,,,,,,,,,,,3259.73,3537.62,3168.24,2676.64,2851.69,2735.71,1154.57,749.62,229.24,121.02,1740.48,Consumer Staples,Beverages,Molson Coors Canada Inc. brews markets sells and distributes various beer brands in the Americas Europe the Middle East Africa and the Asia-Pacific. The company sells its products under the Aguila Apantinsko AriZona Hard Arnold Palmer Spiked Aspall Astika Bergenbier Bergenbier Non-Alcoholic Black Horse Black Ice Blue Moon Blue Run Spirits Bohemian Borsodi Branik Brasseur de Montréal Burgasko Caffrey's Carling Carling Cider Cobra Cool Coors Coors Banquet Coors Edge Coors Light Coors Original Coors Seltzer Coors Whiskey Company Creemore Springs Cristal Cusqueña Fine Company Foster’s Franciscan Well Fresh George Killian's Irish Red Golden Wing Granville Island Brewing Grif Grolsch Hamm's Happy Thursday Henry Weinhard’s Gourmet Sodas Hop Valley Icehouse India Beer Jelen Kamenitza Kamenitza Non-Alcoholic Keystone Light Laurentide Lech and Leinenkugel's brands. It also offers its products under the Madrí Excepcional Mickey's Miller Chill Miller Genuine Draft Miller High Life Miller Lite Miller64 Extra Light Milwaukee's Best Molson Canadian Molson Canadian Cold Shots Molson Dry Molson Exel Molson Export Molson Stock Ale Molson Ultra Nikšicko Noroc Okeefe Old Style Pilsner Old Vienna Olde English 800 Ostravar Ožujsko Pardubický Pivovar Peace Hard Tea Peroni Pilsner Urquell Praha Pravha Rákóczi Redd's Hard Apple Redd's Wicked Rekorderlig Rickard's Riesenbrau Roxie Sharp's Simply Spiked Sol Cerveza Standard Lager Staropramen Staropramen Non-Alcoholic Steel Reserve Alloy Series Steel Reserve High Gravity Stones Bitter Sunny Provisions Tarquin's Topo Chico Hard Seltzer Topo Chico Spirited Trou Du Diable Twin Fin Tyskie Velvet Vizzy Hard Seltzer Vukovarsko WAI Worthington’s Zima and ZOA brands. The company was incorporated in 2005 and is based in Montreal Canada. Molson Coors Canada Inc. operates as a subsidiary of Molson Coors Beverage Company.,,,,,,,,,,,,,,,Dec-19
MRD,Melcor Developments Ltd.,18.59,556.51,United States and Canada,CA,-0.0452,,,,,,,,,,,,,,,,,,,410.55,349.5,315.24,241.75,315.63,226.82,207.97,267.43,257.95,242.46,263.31,Real Estate,Real Estate Management and Development,Melcor Developments Ltd. operates as a real estate development company in the United States and Canada. The company operates through Land Properties and Golf divisions. The company develops owns and manages mixed-use residential business industrial parks office buildings retail commercial centers and golf courses. It also purchases and develops land to be sold as residential communities industrial and commercial projects; develops and leases retail office and industrial properties; and owns and leases commercial retail and residential properties as well as parking lots and land. In addition the company owns and manages 18-hole golf courses. The company was founded in 1923 and is based in Edmonton Canada. Melcor Developments Ltd. operates as a subsidiary of Melton Holdings Ltd.,,,,,,,,,,,,,,,Dec-25
QTWO,Q2 Metals Corp.,2.3,550.83,United States and Canada,CA,-0.3285,,,,,,,,,,,,,,,,0,0,0,,,,,,,,,,,,Materials,Metals and Mining,Q2 Metals Corp. engages in the acquisition exploration and development of base and precious metals in Canada and Australia. The company explores for lithium and gold projects. Its flagship property consists of the Cisco Lithium Project which comprises of 801 Exclusive Exploration Rights covering an area of 41253 hectares located in Nemaska Cree Nation Eeyou Istchee James Bay Quebec Canada. The company was formerly known as Queensland Gold Hills Corp and changed its name to Q2 Metals Corp. in January 2023. Q2 Metals Corp. is headquartered in Vancouver Canada.,-0.01,-0.01,-0.01,-0.05,,,,,,,,,,,Feb-26
CBR,Cabral Gold Inc.,1.57,544.84,United States and Canada,CA,-0.0655,,,,,,0,0,,,,0,0,,,,0,134.2,136,,,,,,,,,,,,Materials,Metals and Mining,Cabral Gold Inc. engages in the acquisition exploration and development of gold properties in Brazil. Its flagship project is the Cuiú Cuiú gold project which consists of one exploration permit application 15 exploration permits and two applications for mining concessions covers an area of approximately 30563 hectares located in the Tapajós region in the state of Pará in northern Brazil. Cabral Gold Inc. is based in Vancouver Canada.,-0.12,0.19,0.18,,,,,,,,,,,,Dec-24
ALDE,Aldebaran Resources Inc.,2.75,509.73,United States and Canada,CA,-0.3452,,,,,,,,,,,,,,,,,,,,,,,,,,,,,,Materials,Metals and Mining,Aldebaran Resources Inc. engages in the acquisition exploration and evaluation of mineral properties in Canada and Argentina. The company primarily explores for copper and gold. Aldebaran Resources Inc. was incorporated in 2018 and is headquartered in Vancouver Canada.,,,,-0.05,,,,,,,,,,,Jun-25
CDPR,Cerro de Pasco Resources Inc.,0.74,491.56,United States and Canada,CA,-0.1778,,,,,,,,,,,,,,,,,,,,,,25.93,54.96,9,,,,,,Materials,Metals and Mining,Cerro de Pasco Resources Inc. a natural resource company engages in the acquisition exploration development and reprocessing of mineral properties in Peru. It explores for zinc copper lead silver and gold deposits. The company’s flagship project is the 100% owned El Metalurgista Concession covering an area of 95.74 hectares located in Cerro de Pasco Peru. Cerro de Pasco Resources Inc. was founded in 2012 and is headquartered in Saint-Sauveur Canada.,,,,,,,,,,,,,,,Mar-26
PML,Panoro Minerals Ltd.,1.61,497.84,United States and Canada,CA,-0.2069,,,,,,,,,,,,,,,,0,0,0,,,,,,,,,,,,Materials,Metals and Mining,Panoro Minerals Ltd. an exploration-stage company engages in the acquisition exploration and development of mineral properties in Peru. It explores for copper molybdenum lead gold silver and zinc deposits. The company’s flagship project is the Cotabambas project a porphyry copper-gold-silver deposit located southwest of the city of Cusco the Apurimac region in Southern Peru. The company was formerly known as Panoro Resources Ltd. and changed its name to Panoro Minerals Ltd. in June 2003. Panoro Minerals Ltd. was incorporated in 1994 and is headquartered in Vancouver Canada.,-0.06,-0.08,-0.08,,-0.01,-0.01,-0.01,0,-0.02,-0.02,,,,,Dec-25
SLVR,Silver Tiger Metals Inc.,0.87,486.01,United States and Canada,CA,-0.3873,,,,,,,,,,,,,,,,,,,,,,,,,,,,,,Materials,Metals and Mining,Silver Tiger Metals Inc. engages in the exploration and evaluation of mineral properties in Mexico. It primarily explores for gold silver copper lead and zinc deposits. The company holds 100% interest in the El Tigre property consist of 59 Mexican federal mining concessions covering an area of 37000 hectares located in Sonora Mexico. The company was formerly known as Oceanus Resources Corporation and changed its name to Silver Tiger Metals Inc. in May 2020. Silver Tiger Metals Inc. was incorporated in 2010 and is headquartered in Halifax Canada.,0.04,0.23,,-0.01,,-0.01,-0.01,-0.01,,,,,,,Mar-26
DCA,Dundee Corporation,4.96,447.47,United States and Canada,CA,-0.119,,,,,,,,,,,,,,,,,,,5.36,4.63,6.79,8.65,11.6,18.01,29.27,52.03,183.29,232.91,280.69,Materials,Metals and Mining,Dundee Corporation engages in acquiring mineral resource assets. It primarily explores gold deposits. Dundee Corporation was formerly known as Dundee Bancorp Inc. Dundee Corporation was founded in 1991 is based in Toronto Canada.,,,,-0.16,,2,1.39,,,,,,,,Dec-25
PHOS,First Phosphate Corp.,2.32,439.51,United States and Canada,CA,-0.1655,,,,,,,,,,,,,,,,0,0,,,,,,,,,,,,,Materials,Metals and Mining,First Phosphate Corp. operates as a mineral exploration development and clean technology company. The company engages in acquiring exploring and developing igneous rock phosphate mineral properties. Its flagship property is Bégin-Lamarche Property in Saguenay–Lac-Saint-Jean Quebec. The company was formerly known as First Potash Corp. and changed its name to First Phosphate Corp. in June 2022. First Phosphate Corp. was incorporated in 2006 and is based in Vancouver Canada.,-0.13,-0.14,,-0.21,,,,,,,,,,,Feb-26
SIG,Sitka Gold Corp.,1.01,438.24,United States and Canada,CA,-0.2574,,,,,,,,,,,,,,,,0,0,,,,,,,,,,,,,Materials,Metals and Mining,Sitka Gold Corp. engages in the exploration of mineral resource properties in Canada and the United States. It explores for gold silver and copper deposits. The company holds 100% interest in the RC Gold property that comprising 2169 claims covering an area of approximately 447 square kilometres located in Yukon's Tombstone Gold Belt in the Yukon Territory Canada. Sitka Gold Corp. was incorporated in 2015 and is based in Vancouver Canada.,-0.08,-0.08,,-0.02,,,,,,,,,,,Dec-25
WGO,White Gold Corp.,1.92,432.99,United States and Canada,CA,-0.232,,,,,,,,,,,,,,,,0,0,0,,,,,,,,,,,,Materials,Metals and Mining,White Gold Corp. engages in the acquisition exploration and development of mineral properties in Canada. The company explores for gold copper molybdenum tungsten antimony bismuth and silver deposits. Its flagship project is the Golden Saddle and Arc deposits in the White Gold property located in Dawson City Yukon. The company owns a portfolio of 15364 quartz claims across 21 properties covering approximately 305102 hectares located in the Yukon’s White Gold District in Canada. The company was formerly known as G4G Capital Corp. and changed its name to White Gold Corp. in December 2016. The company was incorporated in 1987 and is based in Toronto Canada.,-0.01,-0.01,-0.01,,,,,,,,,,,,Dec-25
KRY,Koryx Copper S.A.,3.47,422.15,United States and Canada,CA,-0.1103,,,,,,,,,,,,,,,,0,0,0,,,,,,,,,,,,Materials,Metals and Mining,Koryx Copper S.A. operates as a copper exploration and development company. It focuses on advancing its 100% owned Haib Copper Project in Namibia as well as building a portfolio of copper exploration licenses in Zambia. Its Haib Copper Project is a copper/molybdenum/gold porphyry deposit in southern Namibia. The company is headquartered in Vancouver Canada.,-0.47,-0.36,-0.11,-0.24,,,,,,,,,,,Aug-25
BIG,Hercules Metals Corp.,1.28,426.76,United States and Canada,CA,-0.2099,,,,,,,,,,,,,,,,,,,,,,,,,,,,,,Materials,Metals and Mining,Hercules Metals Corp. a junior mining company engages in the exploration and development of mineral properties in the United States. It explores for copper and silver deposits. Its flagship property is 100% owned Hercules silver project having 100000 acres mineral rights located in Washington County Idaho. Hercules Metals Corp. is headquartered in Toronto Canada.,,,,,,,,,,,,,,,Dec-25
CUU,Copper Fox Metals Inc.,0.72,425.19,United States and Canada,CA,-0.2,,,,,,,,,,,,,,,,,,,,,,,,,,,,,,Materials,Metals and Mining,Copper Fox Metals Inc. together with its subsidiaries engages in the exploration and development of copper mineral properties in Canada and the United States. The company’s flagship project include the Schaft Creek project covering 60268 hectares located in the Tahltan Territory in northwestern British Columbia. Copper Fox Metals Inc. was incorporated in 2004 and is headquartered in Calgary Canada.,,,,,,,,,,,,,,,Oct-25
SVRS,Silver Storm Mining Ltd.,0.48,417.77,United States and Canada,CA,-0.3962,,,,,,,,,,,,,,,,,,,,,,,,,,,,,,Materials,Metals and Mining,Silver Storm Mining Ltd. engages in the acquisition exploration development and mining of mineral properties in Mexico. It primarily explores for silver zinc copper lead and gold deposits. The company holds a 100% interest in the La Parrilla Silver Mine Complex Project consists of 40 contiguous mining concessions covering an area of approximately 38128 hectares located in San Jose de La Parrilla Durango Mexico. It also holds a 100% interest in the San Diego property that consists of 4 mining concessions covering an area of approximately 91.65 hectares located in the municipality of Cuencame Durango State Mexico. The company was formerly known as Golden Tag Resources Ltd. and changed its name to Silver Storm Mining Ltd. in November 2023. Silver Storm Mining Ltd. was incorporated in 1980 and is headquartered in Toronto Canada.,,,,,,,,,,,,,,,Mar-26
GBT,BMTC Group Inc.,13,413.25,United States and Canada,CA,-0.0934,,,,,,,,,,,,,,,,,,,619.59,602.7,578.95,717.97,819.45,649.06,720.17,742.47,747.83,746.65,717.34,Consumer Discretionary,Specialty Retail,BMTC Group Inc. together with its subsidiaries manages and operates a retail network of furniture household appliances and electronic products in Canada. The company operates through Tanguay and Real Estate divisions. It serves its products through Tanguay stores and Tanguay L’Entrepôt stores as well as through distribution and administrative centres in Montreal and Quebec City. BMTC Group Inc. was founded in 1989 and is headquartered in Montreal Canada.,,,,1.02,1.67,1.36,1.17,0.94,1.08,,0.99,1.34,1.38,0.68,Jan-26
BRC,Blackrock Silver Corp.,1.09,409.05,United States and Canada,CA,-0.5477,,,,,,,,,,,,,,,,0,0,0,,,,,,,,,,,,Materials,Metals and Mining,Blackrock Silver Corp. engages in the acquisition exploration and development of mineral properties in Canada and the United States. It primarily explores for gold and silver deposits. The company’s flagship property is the Tonopah West silver-gold project comprising 100 patented and 83 unpatented lode mining claims covering an area of 10.3 square kilometers located in the Walker Lane trend of western Nevada. The company was formerly known as Blackrock Gold Corp. and changed its name to Blackrock Silver Corp. in March 2021. Blackrock Silver Corp. was incorporated in 1999 and is headquartered in Vancouver Canada.,,,-0.06,-0.07,,,,,,,,,,,Oct-25
CLCH,Clinch Resources Ltd.,1.15,410.65,United States and Canada,CA,-0.5818,,,,,,,,,,,,,,,,,,,1.89,6.64,5.74,14.26,,,,,,,,Materials,Metals and Mining,Clinch Resources Ltd. a coal mining and exploration and development company focuses on the production development and exploration of metallurgical coal assets in North America. The company is based in Knoxville Tennessee.,,,,,,,,,,,,,,,Dec-25
TBL,Taiga Building Products Ltd.,3.73,402.63,United States and Canada,CA,-0.0925,,,,,,,,,,,,,,,,,,,1631.77,1634.38,1679.67,2192.71,2219.67,1589.12,1299.12,1450.98,1392.26,1223.98,1364.32,Industrials,Trading Companies and Distributors,Taiga Building Products Ltd. operates as a wholesale distributor of building products in Canada and the United States. The company offers dimension lumber; panel products including plywood particle board and oriented strand board products; and allied and treated products such as roofing materials moldings composite decking and polyethylene sheeting products batt and foam insulation flooring and engineered and treated wood products. It also provides residential insulation products under the Johns Manville brand; siding products under the LP SmartSide brand; composite decking under the Trex brand; roofing products under GAF brand; and allied products comprising flooring mouldings and siding under the Taiga brand. In addition the company offers treated wood products used in fencing decking foundation landscaping and other external applications; and owns and operates wood preservation plants that produce pressure-treated wood products. It serves its products to building products retailers and supply yards and industrial manufacturers. The company was founded in 1973 and is headquartered in Burnaby Canada. Taiga Building Products Ltd. is a subsidiary of Avarga Limited.,,,,0.37,,,,,,,0.06,0.4,,,Dec-25
BRVO,Bravo Mining Corp.,2.93,401.69,United States and Canada,CA,-0.4692,,,,,,,,,,,,,,,,0,0,,,,,,,,,,,,,Materials,Metals and Mining,Bravo Mining Corp. acquires explores operates and develops mineral properties. The company explores for palladium platinum rhodium gold and nickel deposits. It primarily holds a 100% interest in the Luanga project covering an area of 7810 hectares located in the Carajás Mineral Province Pará State Brazil. The company was formerly known as BPG Metals Corp. and changed its name to Bravo Mining Corp. in May 2022. Bravo Mining Corp. is based in Rio de Janeiro Brazil.,-0.02,-0.07,-0.28,-0.04,-0.03,,,,,,,,,,Dec-25
VLN,Velan Inc.,18.49,399.12,United States and Canada,CA,-0.0518,,,,,,,,,,,,,,,,,,,404.3,427,351.04,505.47,521.34,384.47,498.91,482.76,433.66,440.64,577.67,Industrials,Machinery,Velan Inc. designs manufactures and markets industrial valves worldwide. It provides quarter-turn valves; gate globe and check valves; API 600 cast steel gate globe and check valves; corrosion-resistant steel gate globe and check valves; API 602 small forged gate globe and check valves; API 6D/API 6A through conduit and double expanding gate valves; large forged pressure seal and bolted bonnet gate globe and check valves; y-pattern valves; proquip dual-plate check valves; API 6D/API 6A non slam and swing check valves; quarter-turn valves; resilient-seated ball valves; securaseal metal-seated ball valves; coker ball valves; API 6D/API 6A pipeline ball valves; modular double block and bleed ball valves; torqseal triple-offset butterfly valves; and other products. The company also offers bimetallic steam traps trap stations and manifolds; engineering solutions; and cable drive actuators. The company was formerly known as Velan Engineering Ltd. and changed its name to Velan Inc. in February 1981. Velan Inc. was founded in 1950 and is headquartered in Montreal Canada. ,,,,0.26,1.59,0.67,0.82,0.26,0.07,-0.13,0.52,0.8,1.32,,Feb-26
DBG,Doubleview Gold Corp.,1.66,395.76,United States and Canada,CA,-0.5257,,,,,,,,,,,,,,,,,,,,,,,,,,,,,,Materials,Metals and Mining,Doubleview Gold Corp. engages in the acquisition exploration and development of mineral resource properties in Canada. The company explores for cobalt scandium copper gold silver and zinc deposits. Its flagship project is the 100% owned Hat Project which consists of nineteen mineral claims covering approximately an area of 18000 hectares located in northwestern British Columbia. The company was formerly known as Doubleview Capital Corp. and changed its name to Doubleview Gold Corp. in May 2020. Doubleview Gold Corp. was incorporated in 2008 and is headquartered in Vancouver Canada.,,,,,,,,,,,,,,,Feb-26
LA,Los Andes Copper Ltd.,13,395.18,United States and Canada,CA,-0.3147,,,,,,,,,,,,,,,,,,,,,,,,,,,,,,Materials,Metals and Mining,Los Andes Copper Ltd. acquires explores and develops copper deposits in Latin America. It operates through Mineral Exploration and Hydroelectric Project segments. The company holds a 100% interest in the Vizcachitas copper molybdenum-porphyry project located in north of Santiago Region V Chile. It is also involved in the development of a hydroelectric project. The company was incorporated in 1983 and is headquartered in Vancouver Canada.,,,,-0.14,,,,,,,,,,,Sep-25
ERD,Erdene Resource Development Corporation,5.96,390.37,United States and Canada,CA,-0.4557,,,,,,,,,,,,,,,,,,,,,,,,,,,,,,Materials,Metals and Mining,Erdene Resource Development Corporation focuses on the exploration and development of precious and base metal deposits in Mongolia. The company primarily explores copper molybdenum gold silver lead and zinc deposits. The company’s principal project is the Bayan Khundii Gold Project located in Bayankhongor province Mongolia. The company was formerly known as Erdene Gold Inc. and changed its name to Erdene Resource Development Corporation in May 2008. Erdene Resource Development Corporation was incorporated in 2000 and is headquartered in Dartmouth Canada.,,,,-0.17,,,,,,,,,,,Dec-25
PALI,Palisades Goldcorp Ltd.,5.46,388.77,United States and Canada,CA,-0.087,,,,,,,,,,,,,,,,,,,237.7,-2.12,-10.88,-46.15,7.85,111.39,,,,,,Financials,Capital Markets,Palisades Goldcorp Ltd. a resource investment company and merchant bank engages in investing in junior companies in the resource and mining sector. The company was incorporated in 2019 and is based in North Vancouver Canada.,,,,,,,,,,,,,,,Dec-25
CDR,Condor Energies Inc.,4.43,382.55,United States and Canada,CA,-0.0959,,,,,,,,,,,,,,,,,,,69.54,54.32,0.55,3.12,0.77,2.43,4.52,10.27,5.48,1.53,0.15,Energy,Oil Gas and Consumable Fuels,Condor Energies Inc. an oil and gas company engages in the production of natural gas in Uzbekistan Turkey and Kazakhstan. It owns 100% interests in the Poyraz Ridge and Destan operating licenses and gas fields located in Turkiye; and the Sayakbay and Kolkuduk exploration licenses in Kazakhstan for mining solid minerals including lithium and other critical minerals. The company was formerly known as Condor Petroleum Inc. and changed its name to Condor Energies Inc. in June 2022. Condor Energies Inc. was incorporated in 2006 and is headquartered in Calgary Canada.,0.16,0.31,,-0.07,-0.14,,-0.23,-0.33,-1.43,-0.32,-0.11,-0.29,-0.41,-0.39,Dec-25
SASK,Atha Energy Corp.,1.06,374.69,United States and Canada,CA,-0.2429,,,,,,,,,,,,,,,,,,,,,,,,,,,,,,Energy,Oil Gas and Consumable Fuels,Atha Energy Corp. a mineral company engages in the acquisition exploration and evaluation of mineral resources in Canada. It explores uranium deposits. The company was formerly known as Inglenook Ventures Ltd. and changed its name to Atha Energy Corp. in May 2022. Atha Energy Corp. was incorporated in 2021 and is headquartered in Vancouver Canada.,,,,,,,,,,,,,,,Dec-25
NEXG,NeXGold Mining Corp.,1.455,372.4,United States and Canada,CA,-0.3937,,,,,,,,,,,,,,,,,,,,,,,,,,,0,0,0.01,Materials,Metals and Mining,NeXGold Mining Corp. operates as a gold exploration and development company in Canada. The company’s flagship asset is the 100%-owned Goliath Gold Complex an advanced stage high-grade gold deposit near Dryden Ontario which includes the Goliath Goldlund and Miller projects. The company was formerly known as Treasury Metals Inc. and changed its name to NeXGold Mining Corp. in July 2024. NeXGold Mining Corp. is headquartered in Toronto Canada.,,,,-0.24,,,,,,,,,,,Dec-25
PGLD,P2 Gold Inc.,1.32,368.06,United States and Canada,CA,-0.0801,,,,,,,,,,,,,,,,0,0,0,,,,,,,,,,,,Materials,Metals and Mining,P2 Gold Inc. a mineral exploration company engages in the acquisition exploration and development of mineral resource properties primarily in the United States. It explores for gold copper and silver deposits. The company primarily holds a 100% interest in the Gabbs project that consists of 543 unpatented lode mining claims and one patented lode mining claim covering an area of 4500 hectares located on the Walker-Lane Trend in the Fairplay Mining district of Nye County Nevada. P2 Gold Inc. was formerly known as Central Timmins Exploration Corp. and changed its name to P2 Gold Inc. in August 2020. The company was incorporated in 2017 and is headquartered in Vancouver Canada.,-8.5,-0.4,-5.8,-0.06,,,,,,,,,,,Dec-25
ACM,Allied Critical Metals Inc.,2,366.4,United States and Canada,CA,-0.1935,,,,,,0,0,0,,,0,0,0,,,0,21.33,43.27,,,,,,,,,,,,Materials,Metals and Mining,Allied Critical Metals Inc. operates as a mining exploration and development company in Canada. The company’s flagship asset is the Borralha tungsten project located to the northeast of Porto. Allied Critical Metals Inc. is headquartered in Vancouver Canada.,-0.12,0,0.06,,,,,,,,,,,,Jun-25
UCU,Ucore Rare Metals Inc.,2.56,363.01,United States and Canada,CA,-0.8041,,,,,,0,-0.0945,-0.2071,-0.5588,,0,-0.1504,-0.6575,-0.7259,,0,40.18,47.75,,,,,,,,,,,,Materials,Metals and Mining,Ucore Rare Metals Inc. engages in the extraction beneficiation and separation of rare and critical metal resources in Canada. It primarily holds a 100% interest in the Bokan-Dotson Ridge rare earth element project located in Alaska United States. The company was formerly known as Ucore Uranium Inc. and changed its name to Ucore Rare Metals Inc. in June 2010. Ucore Rare Metals Inc. was founded in 2006 and is headquartered in Bedford Canada.,-0.23,-0.39,,-0.44,,,,,,,,,,,Dec-25
PCU,Pecoy Copper Corp.,1.73,362.42,United States and Canada,CA,-0.2445,,,,,,,,,,,,,,,,0,0,0,,,,,,,,,,,,Materials,Metals and Mining,Pecoy Copper Corp. together with its subsidiaries engages in the exploration and development of mineral properties in Peru. The company explores for copper gold molybdenum and silver deposits. Its flagship project is the 100% owned Pecoy Project which consists of 19 concessions covering an area of approximately 9975 hectares located in southern Peru. The company is headquartered in Vancouver Canada.,-0.33,-0.13,-0.12,,,,,,,,,,,,Apr-26
JOY,Journey Energy Inc.,5.3,357.65,United States and Canada,CA,-0.2217,,,,,,,,,,,,,,,,,,,171.65,166.61,186.92,199.97,115.2,64,98.59,103.06,98.74,77.34,105.9,Energy,Oil Gas and Consumable Fuels,Journey Energy Inc. engages in the exploration development and production of crude oil and natural gas in Canada. The company develops and operates power generation properties. It also sells condensates and natural gas liquids. The company was formerly known as Sword Energy Inc. and changed its name to Journey Energy Inc. in July 2012. Journey Energy Inc. was incorporated in 2007 and is headquartered in Calgary Canada.,,,,,,0.21,,,-0.74,-0.75,-0.48,0.12,,,Dec-25
URB,Urbana Corporation,8.66,354.67,United States and Canada,CA,-0.2127,,,,,,,,,,,,,,,,,,,94.68,130.92,90.51,32.52,77.38,22.24,63.04,-38.26,38.87,67.58,16.55,Financials,Capital Markets,Urbana Corporation is an investment fund launched and managed by Caldwell Investment Management Ltd. For its equity investment the fund primarily invests in public equity markets of United States and Canada. The fund primarily focuses on U.S. financial companies and Canadian resource companies for equity investments. The fund also focuses on private equity investments. It was formerly known as Macho River Gold Mines Limited. Urbana Corporation is domiciled in Canada.,,,,,,,,,,,,,,,Dec-25
CAD,Colonial Coal International Corp.,1.91,353.89,United States and Canada,CA,-0.4838,,,,,,,,,,,,,,,,,,,,,,,,,,,,,,Materials,Metals and Mining,Colonial Coal International Corp. engages in the acquisition exploration and development of coal properties in Canada. The company owns a 100% interest in the Huguenot Property consists of seventeen licenses covering an area of approximately 9531 hectares located in the Liard Mining Division northeastern British Columbia; and in the Flatbed Property comprising eight coal licenses covering approximately an area of 9607 hectares located in the Liard Mining Division northeastern British Columbia. Colonial Coal International Corp. is headquartered in Vancouver Canada.,,,,,-0.04,-0.03,,,,,,,,,Jul-25
CKI,Clarke Inc.,22.75,351.69,United States and Canada,CA,-0.1935,,,,,,,,,,,,,,,,,,,81.6,76.25,81.61,65.06,64.28,41.36,98.88,6.15,14.29,32.48,-1.06,Consumer Discretionary,Hotels Restaurants and Leisure,Clarke Inc. is a real estate investment firm specializing in primarily residential furnished suites and hospitality. The company was founded in 1997 and is headquartered in Halifax Nova Scotia Canada.,,,,-0.47,0.9,,,,,,,,,,Dec-25
TUD,Tudor Gold Corp.,0.85,350.46,United States and Canada,CA,-0.494,,,,,,,,,,,,,,,,,,,,,,,,,,,,,,Materials,Metals and Mining,Tudor Gold Corp. engages in the acquisition exploration and development of mineral resource properties in Canada. The company primarily explores for gold copper silver and other precious and base metals. Its flagship project is the Treaty Creek property covering approximately an area of 17913 hectares located in the Golden Triangle area to the north of Stewart British Columbia. Tudor Gold Corp. is headquartered in Vancouver Canada.,,,,,,,,,,,,,,,Dec-25
TNGD,Tiernan Gold Corp.,7.2,347.64,United States and Canada,CA,-0.3449,,,,,,,,,,,,,,,,0,0,0,,,,,,,,,,,,Materials,Metals and Mining,Tiernan Gold Corp. engages in mining gold deposits. It holds 100% interest in the Volcan gold project comprising 45289 hectares located in the Atacama Region of Chile on the Maricunga gold belt. The company is based in Vancouver Canada. Tiernan Gold Corp. operates as a subsidiary of Hochschild Mining plc.,-0.19,-0.19,-0.27,,,,,,,,,,,,Dec-25
CAMB,Cambria Gold Mines Inc.,0.81,345.11,United States and Canada,CA,-0.7686,,,,,-1,0,-0.1289,-0.4193,,-0.7088,0,-0.123,-0.123,,,0,83.33,385,,15.39,,,,,,,,,,Materials,Metals and Mining,Cambria Gold Mines Inc. engages in the exploration evaluation and development of mineral properties in the United States and Canada. The company explores for gold silver copper porphyry copper and molybdenum deposits. Its principal property is the 100% owned Premier Gold project covering an area of approximately 25 km located on the northwest of the town of Stewart British Columbia. The company was formerly known as Ascot Resources Ltd. and changed its name to Cambria Gold Mines Inc. in January 2026. The company was incorporated in 1986 and is headquartered in Vancouver Canada.,-0.24,0.05,0.5,-2.71,,-0.45,-1.5,-1,-1,,,,,,Dec-25
ECU,Element 29 Resources Inc.,1.73,339.53,United States and Canada,CA,-0.0847,,,,,,,,,,,,,,,,,,,,,,,,,,,,,,Materials,Metals and Mining,Element 29 Resources Inc. engages in the exploration and development of mineral resource properties in Peru. The company explores for copper molybdenum gold silver and zinc. Its flagship properties are Elida copper project that includes 29 mining concessions covering an area of approximately 19749 hectares located in the province of Ocros; Flor de Cobre copper project comprising 11 mining concessions covering an area of approximately 3135.355 hectares located in the Southern Peru; Paka Porphyry copper Project covering an area of approximately 1000 hectares concession and 1600 hectares claims; and Pahuay porphyry copper Project covering an area of approximately 1200 hectares. The company was incorporated in 2017 and is based in Vancouver Canada.,,,,,,,,,,,,,,,Dec-25
RM,Roxmore Resources Inc.,4.6,332.97,United States and Canada,CA,-0.193,,,,,,,,,,,,,,,,0,0,0,,,,,,,43.38,58.36,14.15,0.12,,Materials,Metals and Mining,Roxmore Resources Inc. an investment company engages in investing in life sciences mining industrial and technology industries in Canada. The company holds 100% interest in the Converse Gold Project located within the prolific battle mountain. It explores gold fe-oxides chalcopyrite and pyrrhotite. The company was formerly known as Axcap Ventures Inc. and changed its name to Roxmore Resources Inc. in November 2025. The company is headquartered in Vancouver Canada.,,,,,,,,,,,,,,,Dec-25
AIBZU,Bitzero Holdings Inc.,4.09,332.27,United States and Canada,CA,-0.5869,,,,,,,,,,,,,,,,,,,34.64,30.58,16.73,,,,,,,,,Information Technology,Software,Bitzero Holdings Inc. is a provider of IT energy infrastructure and power for data centers. It provides Bitcoin mining as well as hosts and provides space and operating and maintenance services to third-party mining companies. The company has four data centers in the North American and Scandinavian regions. The company has a collaboration with Vertiv. Bitzero Holdings Inc. is based in Vancouver Canada.,,,,,,,,,,,,,,,Sep-25
CNC,Canada Nickel Company Inc.,1.28,331.26,United States and Canada,CA,-0.5058,,,,,,,,,,,,,,,,0,0,0,,,,,,,,,,,,Materials,Metals and Mining,Canada Nickel Company Inc. together with its subsidiaries engages in the exploration discovery and development of nickel sulphide assets for electric vehicle green energy and stainless steel markets in Canada. Its flagship project is the Crawford Nickel project located in northern Ontario Canada. The company also develops zero-carbon production of nickel cobalt and iron. Canada Nickel Company Inc. was incorporated in 2019 and is headquartered in Toronto Canada.,-0.06,-0.07,-0.1,-0.13,,,,,,,,,,,Oct-25
SFR,Sandfire Resources America Inc.,0.32,327.47,United States and Canada,CA,-0.4483,,,,,,,,,,,,,,,,,,,,,,,,,,,,,,Materials,Metals and Mining,Sandfire Resources America Inc. engages in the acquisition exploration and development of resource properties in the United States. It explores copper cobalt and silver deposits. The company’s flagship property is the 100% owned Black Butte copper project located in central Montana the United States. The company was formerly known as Tintina Resources Inc. and changed its name to Sandfire Resources America Inc. in January 2018. Sandfire Resources America Inc. was incorporated in 1998 and is headquartered in Vancouver Canada. Sandfire Resources America Inc. operates as a subsidiary of Sandfire Resources Ltd.,,,,,,,,,,,,,,,Jun-26
GQC,Goldquest Mining Corp.,0.79,303.7,United States and Canada,CA,-0.7074,,,,,,,,,,,,,,,,,,,,,,,,,,,,,,Materials,Metals and Mining,Goldquest Mining Corp. together with its subsidiaries engages in the identification acquisition and exploration of mineral properties in the Dominican Republic. The company explores gold and copper deposits. It primarily owns a 100% interest in the Romero gold-copper project that comprises 2 deposits covering an area of 3997 hectares located to the south of the Central Cordillera of Hispaniola; and the Tireo property located in the province of San Juan de la Maguana the Dominican Republic. Goldquest Mining Corp. was incorporated in 1989 and is headquartered in Santo Domingo the Dominican Republic.,,,,-0.01,,-0.04,0,-0.03,,,-0.04,0,-0.03,,Dec-25
MLM,McFarlane Lake Mining Limited,0.55,326.19,United States and Canada,CA,-0.1912,,,,,,,,,,,,,,,,,,,,,,,,,,,,,,Materials,Metals and Mining,McFarlane Lake Mining Limited engages in the acquisition and exploration of mineral resource properties in Canada. It primarily explores gold deposits. The company’s flagship property is the Juby Gold Project located in the Abitibi Greenstone Belt near Gowganda Ontario. McFarlane Lake Mining Limited is headquartered in Sudbury Canada.,,,,,,,,,,,,,,,Aug-25
ORV,Orvana Minerals Corp.,2.4,327.9,United States and Canada,CA,-0.1809,,,,,,,,,,,,,,,,,,,137.62,122.13,134.63,130.75,133.66,135.82,180.71,188.39,172.2,123.1,162.66,Materials,Metals and Mining,Orvana Minerals Corp. a mining and exploration company engages in the evaluation development and mining of gold copper silver and other precious and base metal deposits. It owns and operates El Valle and Carlés mines that produces copper concentrate located in the Rio Narcea Gold Belt northern Spain. The company also owns Don Mario Mine containing 10 contiguous mineral concessions covering an area of approximately 53325 hectares situated in Don Mario district southeastern Bolivia. In addition it owns interest in the Taguas property which consist of 15 mining concessions located in San Juan Argentina. The company is based in Toronto Canada. Orvana Minerals Corp. operates as a subsidiary of Fabulosa Mines Limited.,,,,,,,0.13,-0.27,,,,,,,Sep-25
ANDC,Andina Copper Corp.,1.17,323.56,United States and Canada,CA,-0.2148,,,,,,,,,,,,,,,,,,,,,,,,,,,,,,Materials,Metals and Mining,Andina Copper Corp. a mineral exploration company engages in the acquisition and exploration of base and precious metals projects in the Americas. The company explores copper gold and molybdenum deposits. Its flagship property is the Piuquenes Copper-Gold Porphyry project consists of ten mining titles that cover an area of approximately 2500 hectares located in San Juan Province Argentina. The company was formerly known as Pampa Metals Corporation and changed its name to Andina Copper Corp. in August 2025. Andina Copper Corp. is headquartered in Vancouver Canada.,,,,,,,,,,,,,,,Dec-25
HMMA,Hammond Manufacturing Company Limited,27.68,313.73,United States and Canada,CA,-0.0521,,,,,,,,,,,,,,,,,,,281.41,244.9,238.28,225.92,190.13,148.22,148.59,145.6,127.41,115.72,117.16,Industrials,Electrical Equipment,Hammond Manufacturing Company Limited together with its subsidiaries designs manufactures and sells electrical and electronic components in Canada the United States the United Kingdom and Australia. The company offers electrical enclosures cabinets including mild and stainless steel aluminum non-metallic disconnect modular freestanding operator interface and commercial enclosures as well as wireway and trough climate control data communication infrastructure products and general accessories; and small enclosures such as diecast plastic extruded industrial and rack mounted enclosures as well as general-purpose metal chassis and handles and accessories. It also provides rack mounting solutions comprising wall mount racks and cabinets open frame network racks server cabinet racks and rack accessories; basic PDUs for racks and cabinets industrial power strips and related accessories; and transformers which include power line audio energy limiting and instrument transformers as well as chokes and reactors and guitar replacements. In addition the company offers various standard products; product customization services; and technical support. It sells its products to electrical electronic and datacom original equipment manufacturers/MROs as well as utilities and institutions through a network of agents and distributors. The company was founded in 1916 and is headquartered in Guelph Canada.,,,,,,,,,,,,,,,Dec-25
GMG,Graphene Manufacturing Group Ltd,2.46,309.22,United States and Canada,CA,-0.3819,,,,,,,,,,,,,,,,,,,0.21,0.27,0.15,0.05,0.23,0.1,0.08,,,,,Industrials,Electrical Equipment,Graphene Manufacturing Group Ltd a clean-technology company engages in the manufacture of graphene powder and energy saving and energy storage solutions enabled by graphene in Australia. The company offers graphene products including Thermal-XR HVAC coating system which improves the conductivity of corroded heat exchange surfaces; G Lubricant a concentrate of GMG Graphene and lubricating oil designed for energy savings emission savings and wear prevention; Supa G a graphene slurry used to enhance the performance of lithium-ion batteries; and graphene aluminum-ion battery. It also provides Thermal-XR coating and energy savings application services. The company was incorporated in 2016 and is based in Brisbane Australia.,,,,-0.08,-0.1,,,,,,,,,,Jun-25
CGNT,Copper Giant Resources Corp.,1.15,301.91,United States and Canada,CA,-0.223,,,,,,,,,,,,,,,,,,,,,,,,,,,,,,Materials,Metals and Mining,Copper Giant Resources Corp. operates as a mineral exploration company. It focuses on the exploration and development of the Mocoa porphyry copper-molybdenum deposit in Colombia. The company also involved in the Esperanza Porphyry Copper-Gold Project located in San Juan Argentina; Big Red Porphyry Copper Project located in British Columbia Canada; and Cauca (Santa Rosa) land package – Jurassic porphyry belt comprising 12 mining concession applications in the Cauca–Putumayo (Mocoa) region of Colombia. The company was formerly known as Libero Copper & Gold Corporation and changed its name to Copper Giant Resources Corp. in April 2025. The company was incorporated in 2008 and is headquartered in Vancouver Canada.,,,,,,,,,,,,,,,Dec-25
PNPN,Power Metallic Mines Inc.,1.14,296.49,United States and Canada,CA,-0.341,,,,,,,,,,,,,,,,0,0,,,,,,,,,,,,,Materials,Metals and Mining,Power Metallic Mines Inc. a mineral exploration company engages in the acquisition and exploration of mineral properties in Chile and Canada. It explores for nickel copper cobalt platinum palladium gold and silver deposits. Its flagship project is the Nisk property located near Nemaska in Quebec Canada. The company was formerly known as Power Nickel Inc. and changed its name to Power Metallic Mines Inc. in February 2025. Power Metallic Mines Inc. was incorporated in 1987 and is headquartered in Toronto Canada.,-0.17,-0.17,,-0.18,,,,,,,,,,,Dec-25
TECT,Tectonic Metals Inc.,2.1,286.28,United States and Canada,CA,-0.4134,,,,,,,,,,,,,,,,0,0,0,,,,,,,,,,,,Materials,Metals and Mining,Tectonic Metals Inc. engages in the acquisition exploration and development of mineral resources in the United States. It primarily explores gold deposits. The company’s flagship project is its 100% owned Flat Gold Property covering an area of approximately 99840 acres located in Southwest Alaska. Tectonic Metals Inc. was incorporated in 2017 and is headquartered in Vancouver Canada.,-0.45,,,,,,,,,,,,,,Dec-25
DMET,Denarius Metals Corp.,0.58,292.37,United States and Canada,CA,-0.5043,,,,,,,,,,,,,,,,,,,2.27,,,,,,,,,,,Materials,Metals and Mining,Denarius Metals Corp. engages in the acquisition exploration development and operation of mineral properties in Spain and Colombia. It explores for copper zinc lead gold silver nickel cobalt platinum and palladium deposits. Denarius Metals Corp. is headquartered in Toronto Canada.,,,,,,,,,,,,,,,Dec-25
GOLD,GoldMining Inc.,1.35,289.98,United States and Canada,CA,-0.5645,,,,,,,,,,,,,,,,0,0,0,,,,,,,,,,,,Materials,Metals and Mining,GoldMining Inc. a mineral exploration company engages in the acquisition exploration and development of projects in Canada the United States Brazil Colombia and Peru. The company explores for gold copper silver and uranium deposits. Its principal projects include the 100% owned La Mina gold project which comprises two concessions covering 3208 hectares located southwest of Medellin in the Department of Antioquia Colombia; the 100% owned Titiribi gold-copper project which covers an area of 3919 hectares located southwest of Medellín in the Department of Antioquia Colombia; the 100% owned São Jorge gold project which comprises eight exploration permits totaling 46485 hectares located in the Tapajós Gold District in Pará State Brazil; and the Whistler gold-copper project which covers an area totaling 53700 acres located northwest of Anchorage in Alaska the United States. The company was formerly known as Brazil Resources Inc. and changed its name to GoldMining Inc. in December 2016. GoldMining Inc. was incorporated in 2009 and is headquartered in Vancouver Canada.,-0.18,-0.11,,-0.07,,,-0.08,,-0.07,-0.05,-0.05,,,,Nov-25
PAIN,Vector Science and Therapeutics Corp.,1.85,289.27,United States and Canada,CA,-0.3019,,,,,,,,,,,,,,,,,,,,,,,,,,,,,,Health Care,Biotechnology,Vector Science and Therapeutics Corp. develops and sells novel biomechanical devices and active localized drug-delivery platforms. The company offers products and services based on its Smart Steered and Sustained framework for site-directed interventions in musculoskeletal tissue regeneration. The company has a development and manufacturing agreement with MPP Group LLC to develop and manufacture pharmaceutical-grade peptides and drug delivery devices. The company is based in Mequon Wisconsin.,,,,,,,,,,,,,,,Aug-25
CRDL,Cardiol Therapeutics Inc.,2.4,280.37,United States and Canada,CA,-0.257,,,,,,0,0,-0.7037,-0.8712,-0.8712,0,0,0.4523,0.0294,0.0294,0,0.98,52.75,,,,,0.08,,,,,,,Health Care,Pharmaceuticals,Cardiol Therapeutics Inc. a clinical-stage life sciences company focuses on the development of anti-fibrotic and anti-inflammatory therapies for the treatment of heart diseases. Its lead product candidate is CardiolRx which is in Phase III multi-national randomized double-blind and placebo-controlled study to evaluate the efficacy and safety of CardiolRx in acute myocarditis as well as for the treatment of recurrent pericarditis. The company is also developing CRD-38 a novel subcutaneously administered drug formulation of cannabidiol for the treatment of heart failure. Cardiol Therapeutics Inc. was incorporated in 2017 and is headquartered in Oakville Canada.,-0.32,-0.33,-0.07,-0.39,,,,,,,,,,,Dec-25
MLP,Millennial Potash Corp.,2.36,278.98,United States and Canada,CA,-0.407,,,,,,,,,,,,,,,,0,0,0,,,,,,,,,,,,Materials,Chemicals,Millennial Potash Corp. engages in the acquisition exploration and development of mineral properties with a primary focus on potash deposits. It holds an option to acquire a 100% interest in the Banio Potash project located on the Atlantic coast of Gabon Western Africa. The company was formerly known as Black Mountain Gold USA Corp. and changed its name to Millennial Potash Corp. in January 2023. Millennial Potash Corp. was incorporated in 2015 and is headquartered in Vancouver Canada.,-0.1,-0.06,-0.13,,,,,,,,,,,,Aug-25
MOG,Mogotes Metals Inc.,0.46,278.96,United States and Canada,CA,-0.3235,,,,,,,,,,,,,,,,,,,,,,,,,,,,,,Materials,Metals and Mining,Mogotes Metals Inc. engages in the acquisition exploration and evaluation of mineral properties in Argentina and Chile. It primarily explores copper silver and gold deposits. The company’s flagship project is the Filo Sur project located in the Province of San Juan Argentina and in Chile. The company was incorporated in 2022 and is headquartered in Toronto Canada.,,,,,,,,,,,,,,,Nov-25
GOT,Goliath Resources Limited,1.56,276.57,United States and Canada,CA,-0.5412,,,,,,,,,,,,,,,,0,0,,,,,,,,,,,,,Materials,Metals and Mining,Goliath Resources Limited a junior resource exploration company engages in the acquisition and exploration of mineral properties in British Columbia Canada. The company explores for gold silver copper molybdenum lead and zinc deposits. It has an option to acquire 100% interests in the Golddigger property consists of contiguous mineral claims covering approximately an area of 91 518 hectares located to the southeast of Stewart; and 49% interest in the Luckystrike property which covers approximately an area of 31486 hectares located in Terrace British Columbia. In addition the company holds interests in the Nelligan project located in Quebec Canada. Goliath Resources Limited is headquartered in Toronto Canada.,-0.32,-0.17,-0.09,,,,,,,,,,,,Jun-25
CAPT,Capitan Silver Corp.,2.16,278.15,United States and Canada,CA,-0.1724,,,,,,,,,,,,,,,,,0,,,,,,,,,,,,,Materials,Metals and Mining,Capitan Silver Corp. engages in the acquisition exploration evaluation and development of mineral properties in Mexico. The company explores for gold silver lead zinc and diamond deposits. Its flagship project is the 100%-owned Cruz de Plata project covering an area of approximately 2551 hectares located in the Peñoles Mining District of Durango Mexico. The company was formerly known as Capitan Mining Inc. and changed its name to Capitan Silver Corp. in March 2023. Capitan Silver Corp. was incorporated in 2019 and is headquartered in Vancouver Canada.,-0.1,-0.17,-0.16,,,,,,,,,,,,Sep-25
OGN,Orogen Royalties Inc.,4.66,276.69,United States and Canada,CA,-0.1979,,,,,,,,,,,,,,,,,,,9.6,7.93,5.98,3.78,0.64,0,0.19,0.23,0.06,0.01,0.06,Materials,Metals and Mining,Orogen Royalties Inc. operates as a royalty and mineral exploration company in Canada the United States Mexico Argentina Kenya Norway and Colombia. The company operates in two segments: Mineral Royalties and Mineral Exploration Project Generation. It has a portfolio of gold zinc copper silver and base metal discoveries and precious metals royalty projects. The company’s flagship royalty asset are Ermitaño which covers an area of 167 square kilometer located at Sonora Mexico. The company was formerly known as Evrim Resources Corp. and changed its name to Orogen Royalties Inc. in August 2020. Orogen Royalties Inc. was incorporated in 2005 and is headquartered in Vancouver Canada. As of July 9 2025 Orogen Royalties Inc. operates as a subsidiary of Triple Flag Precious Metals Corp.,,,,0.06,0.04,-0.09,,,,,,,,,Dec-25
SAU,St. Augustine Gold and Copper Limited,0.175,276.42,United States and Canada,CA,-0.6196,,,,,,,,,,,,,,,,,,,,,,,,,,,,,,Materials,Metals and Mining,St. Augustine Gold and Copper Limited a mineral exploration and development company engages in the acquisition exploration and evaluation of mineral properties in the Philippines. Its principal asset is the King-king copper-gold project which consists of 184 mining claims covering an area of approximately 2976 hectares located at Sitio Gumayan Barangay King-king Municipality of Pantukan Davao de Oro in Mindanao. St. Augustine Gold and Copper Limited is headquartered in Davao the Philippines.,,,,,,,,,,,,,,,Dec-25
MPC,Madison Pacific Properties Inc.,4.75,269.94,United States and Canada,CA,-0.1348,,,,,,,,,,,,,,,,,,,43.36,42.71,44.85,47.83,52.21,36.46,32.53,32.35,32.76,34.88,31.41,Real Estate,Real Estate Management and Development,Madison Pacific Properties Inc. invests in develops owns and operates real estate properties in Canada. The company’s property portfolio comprises industrial commercial multi family retail and office rental properties. It also provides property management and leasing services including tenant services and relationships building operations leasing lease administration property accounting and reporting and project management. The company was formerly known as Princeton Mining Corporation and changed its name to Madison Pacific Properties Inc. in April 1998. Madison Pacific Properties Inc. was incorporated in 1963 and is headquartered in Vancouver Canada.,,,,,,,,,,,,,,,Dec-25
HHH,Helius Minerals Limited,5,269.8,United States and Canada,CA,-0.2593,,,,,,,,,,,,,,,,,,,,,,,,,,,,,,Materials,Metals and Mining,Helius Minerals Limited a mineral exploration company engages in the acquisition exploration and evaluation of mineral properties in the United States. It explores gold copper iron and silver ores. The company holds a 100% interest in the Venus project comprising 111 unpatented mining claims covering an area of approximately 2165 acres located in the Pumpkin Hollow Yerington District; and the Yellow Cone project which consists of 280 unpatented mining claims that covers an area of approximately 5600 acres located in Nye County south-central Nevada. Helius Minerals Limited is headquartered in Vancouver Canada.,,,,,,,,,,,,,,,Dec-25
PLSR,Pulsar Helium Inc.,1.25,267.92,United States and Canada,CA,-0.5353,,,,,,,,,,,,,,,,,,,,,,,,,,,,,,Energy,Oil Gas and Consumable Fuels,Pulsar Helium Inc. engages in the identification acquisition exploration and development of helium exploration projects in the United States of America and Greenland. The company’s flagship project is the 100% owned Topaz Project covering an area of 3132 acres and located in Minnesota the United States of America. The company was formerly known as Pulsar Holdings Inc. and changed its name to Pulsar Helium Inc. in October 2022. Pulsar Helium Inc. was incorporated in 2022 and is headquartered in Cascais Portugal.,-0.04,0.1,,-0.12,,,,,,,,,,,Sep-25
EM,Errington Metals Inc.,4.8,267.67,United States and Canada,CA,-0.1111,,,,,,,,,,,,,,,,,,,,,,,,,,,,,,Materials,Metals and Mining,Errington Metals Inc. operates as a mineral exploration company in Canada. Errington Metals Inc. was incorporated in 2024 and is headquartered in Thunder Bay Canada.,,,,,,,,,,,,,,,Dec-25
MFG,Mayfair Gold Corp.,3.95,265.2,United States and Canada,CA,-0.406,,,,,,,,,,,,,,,,0,0,,,,,,,,,,,,,Materials,Metals and Mining,Mayfair Gold Corp. engages in the acquisition exploration development and operation of mineral properties in Canada. It primarily explores for gold deposits. Its flagship project is the 100%-owned Fenn-Gib gold project which comprises 21 fee simple patented properties 145 unpatented mining claims and six mining lease properties covering an area of 1877.8 hectares located in the Guibord Munro Michaud and McCool Townships in northeast Ontario. Mayfair Gold Corp. was incorporated in 2019 and is headquartered in Matheson Canada.,-0.22,-0.19,,-0.17,,,,,,,,,,,Dec-25
MXG,Maxim Power Corp.,4.16,264.29,United States and Canada,CA,-0.1369,,,,,,,,,,,,,,,,,,,86.87,101.48,41.46,141.26,156.01,46.73,28.34,19.74,2.02,6.48,19.56,Utilities,Independent Power and Renewable Electricity Producers,Maxim Power Corp. an independent power producer develops owns and operates power and power related projects in Canada. It operates Milner power plant(M2) a 300 MW combined cycle gas-fired power plant located in Grande Cache Alberta. The company is headquartered in Calgary Canada.,,,,,-0.14,0.09,-0.29,-0.72,-0.32,0.11,0.19,0.28,0.02,0.04,Dec-25
RECE,Resource Centrix HoldingsInc.,2.75,259.05,United States and Canada,CA,-0.45,,,,,,,,,,,,,,,,,,,,,,,,,,,,,,Materials,Metals and Mining,Resource Centrix HoldingsInc. engages in the acquisition exploration and development of mineral resource properties. It holds an option to acquire 70% interest in the Sylvest Property located in British Columbia. The company was formerly known as AI Centrix Resource Holdings Inc. and changed its name to Resource Centrix HoldingsInc. in 2023. Resource Centrix Holdings Inc. was incorporated in 2021 and is headquartered in Vancouver Canada.,,,,,,,,,,,,,,,Jan-26
EOG,Eco (Atlantic) Oil & Gas Ltd.,0.77,269.28,United States and Canada,CA,-0.4122,,,,,,,,,,,,,,,,0,0,,,,,,,,,,,,,Energy,Oil Gas and Consumable Fuels,Eco (Atlantic) Oil & Gas Ltd. engages in the identifying acquiring and exploring oil and gas assets in the Co-Operative Republic of Guyana Republic of Namibia and South Africa. The company is headquartered in Toronto Canada.,-0.01,-0.02,,-0.03,,,,,,,,,,,Mar-26
MSCL,Satellos Bioscience Inc.,12.35,262.02,United States and Canada,CA,-0.3493,,,,,,,,,,,-0.2061,-0.1982,-0.2167,,,0,0,8.02,,,,,,,0.03,,,,,Health Care,Biotechnology,Satellos Bioscience Inc. a clinical-stage drug development company focuses on restoring natural muscle repair and regeneration in degenerative muscle diseases in Canada the United States and Australia. The company uses its proprietary discovery platform MyoReGenX an automated microscopy system that recapitulates the muscle stem cell environment ex-vivo. It develops SAT-3247 an oral small molecule drug candidate for the treatment of Duchenne muscular dystrophy disease. The company has a license agreement the with Ottawa Hospital Research Institute (OHRI); and an option agreement with the University of British Columbia. Satellos Bioscience Inc. was founded in 2018 and is headquartered in Toronto Canada.,,-1.82,-1.76,,,,,,,,,,,,Dec-25
PRQ,Petrus Resources Ltd.,1.74,261.83,United States and Canada,CA,-0.2435,,,,,,,,,,,,,,,,,,,79.36,81.15,108.35,128.19,70.91,45.53,64.39,69.52,77.3,55.89,82.73,Energy,Oil Gas and Consumable Fuels,Petrus Resources Ltd. together with its subsidiaries engages in the acquisition development exploration and exploitation of energy business-related assets in Canada. The company explores for crude oil and condensate natural gas and natural gas liquids. Its properties are in the Ferrier Kakwa Foothills Thorsby North Ferrier and Ferrier areas in Alberta. Petrus Resources Ltd. was incorporated in 2015 and is headquartered in Calgary Canada.,,,,,0.18,,,-1.97,-0.02,,,,,,Dec-25
GLAD,Gladiator Metals Corp.,2.2,256.36,United States and Canada,CA,-0.4301,,,,,,,,,,,,,,,,,,,,,,,,,,,,,,Materials,Metals and Mining,Gladiator Metals Corp. engages in the acquisition development and operation of mineral properties in Canada. The company explores for copper gold molybdenum and silver deposits. Its principal focus is the Whitehorse Copper Project comprising 315 contiguous claims located near Whitehorse in Yukon Territory Canada. Gladiator Metals Corp. is headquartered in Vancouver Canada.,,,,,,,,,,,,,,,Feb-26
FCDUN,Firm Capital Property Trust,6.9,254.79,United States and Canada,CA,-0.1353,,,,,,,,,,,,,,,,,,,61.86,61.4,58.09,54.17,46.49,44.59,36.25,22.13,19.32,16.31,13.08,Real Estate,Diversified REITs,Firm Capital Property Trust is focused on creating long-term value for Unitholders through capital preservation and disciplined investing to achieve stable distributable income. In partnership with management and industry leaders. The Trust’s plan is to own as well as to co-own a diversified property portfolio of multi-residential flex industrial and net lease convenience retail. In addition to stand alone accretive acquisitions the Trust will make joint acquisitions with strong financial partners and acquisitions of partial interests from existing ownership groups in a manner that provides liquidity to those selling owners and professional management for those remaining as partners. Firm Capital Realty Partners Inc. through a structure focused on an alignment of interests with the Trust sources syndicates and property and asset manages investments on behalf of the Trust. Firm Capital Property Trust was established on August 30 2012 and incorporated in Ontario Canada.,,,,,,,,,,,,,,,Dec-25
NILI,Surge Battery Metals Inc.,0.77,252.15,United States and Canada,CA,-0.3186,,,,,,,,,,,,,,,,0,0,0,,,,,,,,,,,,Materials,Metals and Mining,Surge Battery Metals Inc. an exploration stage company acquires explores and develops mineral properties in North America. It primarily explores for lithium and nickel. The company’s flagship property is the 100% owned Nevada North lithium project consisting of 685 mineral claims located in Elko County Nevada. The company was formerly known as Surge Exploration Inc. and changed its name to Surge Battery Metals Inc. in March 2021. Surge Battery Metals Inc. was incorporated in 1987 and is based in West Vancouver Canada.,-0.03,-0.02,,-0.04,,,,,,,,,,,Dec-25
DBO,D-BOX Technologies Inc.,1.11,247.08,United States and Canada,CA,-0.1716,,,,,,,,,,,,,,,,,,,57.59,42.79,39.6,34.12,21.31,11.08,25.9,34.16,35.48,31.41,29.04,Consumer Discretionary,Household Durables,D-BOX Technologies Inc. designs manufactures and commercializes haptic motion systems intended for theatrical entertainment sim racing and simulation and training customers in North and South America Europe Africa Asia and Oceania. The company engages in the design manufacture and commercializing haptic systems consisting of software and hardware for theatrical customers which consist of movie theatres offering seating that enhances the traditional movie-watching experience by adding haptic effects synchronized with the on-screen action and audio; sim racing customers that integrate D-BOX haptic systems into their racing simulators; and simulation and training customers that add a critical layer of physical feedback to their simulators. It also offers integrated theatrical seats; haptic systems for reproducing textures velocity engine vibrations and vehicle dynamics motion. D-BOX Technologies Inc. is headquartered in Longueuil Canada.,,,,-0.01,-0.01,-0.02,0,-0.01,-0.01,-0.02,-0.04,-0.04,-0.07,-0.06,Mar-26
LIB,LibertyStream Infrastructure Partners Inc.,1,243.33,United States and Canada,CA,-0.4413,,,,,,0.0123,0.0223,-0.0012,,,0.0123,0.0223,-0.0012,,,0,14.16,42.49,,,,,,,,,,,,Materials,Metals and Mining,LibertyStream Infrastructure Partners Inc. operates as a lithium development and technology company in North America. The company engages in lithium extraction from oilfield brines and lithium carbonate refining. It also holds interests in the Permian Basin and the Bakken Basin. The company is headquartered in Calgary Canada.,-0.06,-0.06,-0.04,,,,,,,,,,,,Jun-24
AHR,Amarc Resources Ltd.,0.99,243.11,United States and Canada,CA,-0.3487,,,,,,,,,,,,,,,,,,,,,,,,,,,,,,Materials,Metals and Mining,Amarc Resources Ltd. engages in the acquisition exploration and development of mineral properties in Canada. The company explores for copper gold and silver deposits. It holds 100% interest in the IKE project covering an area of 532 square kilometers located in the Gold Bridge south-central British Columbia; the DUKE project covering an area of 732 square kilometers located northeast of Smithers central British Columbia; and 40% interest in the JOY project covering an area of 630 square kilometers located in the Toodoggone. The company was formerly known as Patriot Resources Ltd. and changed its name to Amarc Resources Ltd. in January 1994. Amarc Resources Ltd. was incorporated in 1993 and is based in Vancouver Canada.,,,,,,,,,,,,,,,Mar-26
LRA,Lara Exploration Ltd.,3.92,243.03,United States and Canada,CA,-0.1642,,,,,,,,,,,,,,,,0,0,0,,,,,,,,,,,,Materials,Metals and Mining,Lara Exploration Ltd. through its subsidiaries engages in the acquisition exploration and development of mineral properties in South America Brazil and Peru. The company explores for copper gold silver iron phosphate vanadium lead and zinc deposits. Lara Exploration Ltd. is based in Vancouver Canada.,-0.02,-0.08,-0.1,,,,,,,,,,,,Dec-25
RECO,Reconnaissance Energy Africa Ltd.,0.545,243.01,United States and Canada,CA,-0.5963,,,,,,,,,,,,,,,,,,,,,,,5.22,2.19,,,,,,Energy,Oil Gas and Consumable Fuels,Reconnaissance Energy Africa Ltd. a junior oil and gas company explores oil and gas resources in Namibia and Botswana. It holds 70% interests in the Namibia property comprising six licensed blocks located in the Kavango Basin of Northeast Namibia; 55% working interests in the Gabon property; and 80% working interests in the Angola property. The company is headquartered in Calgary Canada.,,,,,,,,,,,,,,,Dec-25
ENA,Enablence Technologies Inc.,9.93,241.28,United States and Canada,CA,-0.3268,,,,,,,,,,,,,,,,,,,8.09,2.19,2.6,2.55,3.13,1.49,1.86,4.45,4.47,2.11,2.55,Information Technology,Communications Equipment,Enablence Technologies Inc. together with its subsidiaries designs manufactures and sells optical components in the form of planar light wave circuits on silicon-based chips in Canada China and the United States. The company provides coarse wavelength division multiplexing optical demultiplexer and multiplexer and LAN-wavelength division multiplexing an optical component device. It also offers long delay lines an optical component device used for distance calibration laser locking short-pulse lasers and decoherence services. In addition the company provides various customized fab and design services. Enablence Technologies Inc. serves maritime manufacturing augmented reality automotive datacom and healthcare sectors. The company was incorporated in 2006 and is headquartered in Ottawa Canada.,,,,,,-343.2,-216,-360,,,,,,,Jun-25
MACK,Mackay Gold & Silver Corp.,2.71,237.85,United States and Canada,CA,-0.458,,,,,,,,,,,,,,,,,,,,,,,,,,,,,,Materials,Metals and Mining,Mackay Gold & Silver Corp. engages in the exploration of gold and silver mines in Nevada's Comstock district. The company is based in Vancouver Canada.,,,,,,,,,,,,,,,
PPX,PPX Mining Corp.,0.26,235.65,United States and Canada,CA,-0.48,,,,,,,,,,,,,,,,,,,,,,,,,,,,,,Materials,Metals and Mining,PPX Mining Corp. an exploration stage company engages in the acquisition exploration and evaluation of mineral properties in Peru. The company explores for gold and silver deposits. Its flagship property is the 100% owned Igor project which consists of four concessions covering an area of approximately 1300 hectares located in La Libertad northern Peru. The company was formerly known as Peruvian Precious Metals Corp. and changed its name to PPX Mining Corp. in August 2016. PPX Mining Corp. was incorporated in 1987 and is headquartered in Toronto Canada.,,,,,,,,,,,,,,,Sep-25
KCP,King Copper Discovery Corp.,0.73,233.79,United States and Canada,CA,-0.535,,,,,,,,,,,,,,,,0,0,0,,,,,,,,,,,,Materials,Metals and Mining,King Copper Discovery Corp. engages in the acquisition and exploration of resource properties in Peru and Argentina. It explores for copper gold and silver deposits. The company holds an option agreement to acquire 100% interest in certain claims comprising the Colquemayo project located in Peru. It also holds interests in the San Francisco project which comprises the Don David project and the Santa Barbara project located in Argentina. The company was formerly known as Turmalina Metals Corp. and changed its name to King Copper Discovery Corp. in March 2025. King Copper Discovery Corp. was incorporated in 2017 and is headquartered in Vancouver Canada.,-0.05,-0.04,-0.05,,,,,,,,,,,,Dec-25
AXO,Axo Metals Corp.,1.07,231.49,United States and Canada,CA,-0.1157,,,,,,,,,,,0,-0.0154,0.002,0.002,,0,0,255.5,,,,,,,,,,,,Materials,Metals and Mining,Axo Metals Corp. a mineral exploration company engages in the acquisition exploration and evaluation of resource properties in Canada. It explores copper gold and other base metals. Its flagship asset is the La Huerta Copper Project which consists of the Los Juanes and La Gallina concessions which covers an area of approximately 11331 hectares located in the state of Jalisco Mexico. The company was formerly known as Axo Copper Corp. and changed its name to Axo Metals Corp. in May 2026. Axo Metals Corp. was incorporated in 2021 and is headquartered in Halifax Canada.,-0.03,-0.02,0.4,,,,,,,,,,,,Jun-25
PTM,Platinum Group Metals Ltd.,1.81,231.47,United States and Canada,CA,-0.6685,,,,,,,,,,,,,,,,0,0,0,,,,,,,,,,,,Materials,Metals and Mining,Platinum Group Metals Ltd. engages in the acquisition exploration and development of platinum and palladium properties. The company explores for palladium platinum gold copper nickel and rhodium deposits. It also holds 50.16 % interest in the Waterberg project located on the Northern Limb of the Bushveld Igneous Complex South Africa. The company develops next-generation battery technology using platinum and palladium. Platinum Group Metals Ltd. was founded in 2000 and is headquartered in Vancouver Canada.,-0.1,-0.1,-0.11,-0.06,,0.03,-0.09,,,,,,2.35,-0.7,Aug-25
MGM,Maple Gold Mines Ltd.,3.11,230.86,United States and Canada,CA,-0.2225,,,,,,,,,,,,,,,,0,0,,,,,,,,,,,,,Materials,Metals and Mining,Maple Gold Mines Ltd. operates as a gold exploration company in Canada. Its flagship project is the Douay gold project which consists of 819 claims covering an area of approximately 441 square kilometers located along the Casa Berardi Deformation Zone in the Abitibi Greenstone Belt in Quebec. The company was formerly known as Aurvista Gold Corporation and changed its name to Maple Gold Mines Ltd. in November 2017. Maple Gold Mines Ltd. was incorporated in 2010 and is headquartered in Vancouver Canada.,-0.27,-0.22,,-0.17,,,,,,,,,,,Dec-25
CVW,CVW Sustainable Royalties Inc.,0.79,228.43,United States and Canada,CA,-0.4191,,,,,,,,,,,,,,,,,,,,,,,,,,,,,,Materials,Metals and Mining,CVW Sustainable Royalties Inc. develops technology for the recovery of bitumen solvents minerals and water from oil sands froth treatment tailings in Canada. It develops Creating Value from Waste technology. The company also provides funding solutions for clean tech operators including acquisition capital customer financing project/asset development capital and recapitalizations. The company was formerly known as CVW CleanTech Inc. and changed its name to CVW Sustainable Royalties Inc. in July 2025. CVW Sustainable Royalties Inc. was founded in 1997 and is based in Calgary Canada.,,,,-0.05,,,,,,,,,,,Dec-25
AURO,Auro Metals Inc.,1.7,226.59,United States and Canada,CA,-0.2444,,,,,,,,,,,,,,,,,,,,,,,,,,,,,,Materials,Metals and Mining,Auro Metals Inc. engages in the exploration and development of mineral properties in Bolivia. The company holds a 100% interest in the Porvenir tin-zinc-silver-lead polymetallic mineral project which covers an area of 11.25 square kilometers located in the center of the Bolivian Tin Belt southeast of the city of Oruro. It also holds interest in the Santa Barbara gold-copper project located in the Zamora copper-gold belt of southeastern Ecuador. In addition the company has an agreement to acquire a 100% interest in the San Florencio tin-zinc-silver-lead polymetallic mineral project which covers an area of approximately 2 square kilometers located in the Potosi department of Bolivia. The company was formerly known as Tincorp Metals Inc. and changed its name to Auro Metals Inc. in June 2026. Auro Metals Inc. was incorporated in 2019 and is headquartered in Vancouver Canada.,,,,,,,,,,,,,,,Dec-25
CKG,Chesapeake Gold Corp.,2.92,224.51,United States and Canada,CA,-0.4363,,,,,,,,,,,,,,,,,,,,,,,,,,,,,,Materials,Metals and Mining,Chesapeake Gold Corp. a mineral exploration and evaluation company focuses on acquisition evaluation and development of precious metal deposits in North and Central America. The company explores for gold and silver deposits. It holds 100% interest in its flagship project is the Metates project that includes 12 mining concessions covering an area of 4260 hectares located in Durango State Mexico. Chesapeake Gold Corp. was founded in 1993 and is headquartered in Vancouver Canada.,,,,-0.11,,,-0.09,,,,,,,,Dec-25
NCF,Northcliff Resources Ltd.,0.34,225.53,United States and Canada,CA,-0.4848,,,,,,,,,,,,,,,,,,,,,,,,,,,,,,Materials,Metals and Mining,Northcliff Resources Ltd. together with its subsidiaries operates as a mineral exploration company in Canada. It owns 88.5% interest in the Sisson Tungsten-Molybdenum project covering an area of 14140 hectares located in New Brunswick Canada. The company was formerly known as Cabre Capital Corp. and changed its name to Northcliff Resources Ltd. in June 2011. Northcliff Resources Ltd. was incorporated in 2010 and is headquartered in Vancouver Canada. Northcliff Resources Ltd. is a subsidiary of Todd Sisson (NZ) Ltd.,,,,,,,,,,,,,,,Oct-25
SUGR,Sucro Limited,9.3,223.92,United States and Canada,CA,-0.3111,,,,,,,,,,,,,,,,,,,918.16,942.19,658.29,594.73,341.66,,,,,,,Consumer Staples,Consumer Staples Distribution and Retail,Sucro Limited operates as wholesale sugar merchant in North America. The company operates in two segments Trade and Services. The Trade segment focuses on sourcing merchandising and managing logistics of sugar. The Services segment provides tolling such as refining processing handling packaging and quality assurance; and storage and other services to the Trade segment. It also provides administrative real estate and storage and broker services; and operates as a sugar processor. The company serves wholesalers and food and beverage manufacturers. Sucro Limited was founded in 2014 and is headquartered in Miami Florida. Sucro Limited operates as a subsidiary of SC Americas Corp.,,,,1.14,,,,,,,,,,,Dec-25
SCOT,Scottie Resources Corp.,2.88,222.28,United States and Canada,CA,-0.1084,,,,,,,,,,,,,,,,,,,,,,,,,,,,,,Materials,Metals and Mining,Scottie Resources Corp. engages in the identification acquisition exploration and development of mineral properties in British Columbia and Canada. The company explores for gold silver lead zinc and copper deposits. Its flagship project is its 100% owned Scottie Gold Mine property that includes 14 crown granted claims and 20 mineral claims covering an area of 8534 hectares. The company was formerly known as Rotation Minerals Ltd. and changed its name to Scottie Resources Corp. in January 2019. Scottie Resources Corp. was incorporated in 2009 and is based in Vancouver Canada.,,,,,,,,,,,,,,,Aug-25
SCMI,Selkirk Copper Mines Inc.,1.42,225.25,United States and Canada,CA,-0.3661,,,,,,,,,,,,,,,,,,,,,,,,,,,,,,Materials,Metals and Mining,Selkirk Copper Mines Inc. engages in the acquisition exploration and development of mineral resource properties in Canada. The company owns 100% interest in the Minto copper-gold-silver mine located in Yukon Canada. Selkirk Copper Mines Inc. is headquartered in Vancouver Canada.,,,,,,,,,,,,,,,Mar-26
AE,American Eagle Gold Corp.,1.07,220.85,United States and Canada,CA,-0.2357,,,,,,,,,,,,,,,,,,,,,,,,,,,,,,Materials,Metals and Mining,American Eagle Gold Corp. engages in the acquisition and exploration of mineral properties. The company explores for gold and copper deposits in North America. Its flagship project is the NAK copper-gold property located in British Columbia. The company was formerly known as Pacific Precious Inc. and changed its name to American Eagle Gold Corp. in October 2020. American Eagle Gold Corp. was incorporated in 2018 and is based in Toronto Canada.,,,,,,,,,,,,,,,Dec-25
ZNG,Group Eleven Resources Corp.,0.77,218.51,United States and Canada,CA,-0.4077,,,,,,,,,,,,,,,,0,0,,,,,,,,,,,,,Materials,Metals and Mining,Group Eleven Resources Corp. together with its subsidiaries engages in the acquisition exploration and evaluation of mineral properties in Ireland. It explores for zinc lead silver copper germanium and antimony deposits. The company was founded in 2015 and is based in Vancouver Canada.,-0.08,-0.05,,,,,,,,,,,,,Dec-25
REKU,Rektron Group Inc.,2.6,217.52,United States and Canada,CA,-0.2571,,,,,,,,,,,,,,,,,,,3510.48,2673.42,2041.09,1124.63,1010.88,1128.53,,,,,,Industrials,Trading Companies and Distributors,Rektron Group Inc. through its subsidiaries trades in ferrous and nonferrous metals crude oil and refined oil products worldwide. The company offers crude oil; petroleum products such as gasoline diesel fuel heating oil and lubricants; and gas products that includes LNG biofuels and pipeline gas. It also offers base metal comprising zinc aluminum copper lead and nickel; ferrous metals such as iron and steel; minerals; and recycle scrap metals. The company was incorporated in 2023 and is headquartered in Vancouver Canada.,,,,,,,,,,,,,,,Jul-24
SSV,Southern Silver Exploration Corp.,0.52,216.53,United States and Canada,CA,-0.5398,,,,,,,,,,,,,,,,,,,,,,,,,,,,,,Materials,Metals and Mining,Southern Silver Exploration Corp. an exploration stage company acquires explores and develops natural resource properties. It explores for gold silver copper lead and zinc ores. The company’s flagship property is the Cerro Las Minitas project comprising twenty-five mineral concessions covering an area of approximately 270 square kilometers located in Durango State Mexico. The company was formerly known as Newcoast Silver Mines Ltd. and changed its name to Southern Silver Exploration Corp. in July 2004. Southern Silver Exploration Corp. was incorporated in 1963 and is headquartered in Vancouver Canada.,,,,,,,,,,,,,,,Apr-26
SEI,Sintana Energy Inc.,0.38,212.96,United States and Canada,CA,-0.4412,,,,,,,,,,,,,,,,0,0,0,,,,,,,,,,,,Energy,Oil Gas and Consumable Fuels,Sintana Energy Inc. engages in the crude oil and natural gas exploration and development business. It holds various interests in five onshore and offshore petroleum exploration licenses in Namibia as well as in Magdalena Basin Colombia. The company is based in Toronto Canada.,-0.02,-0.02,-0.01,-0.04,,,,,,,,,,,Dec-25
VGC,Valor Gold Corp.,3.84,211.2,United States and Canada,CA,-0.5738,,,,,,,,,,,,,,,,0,0,,,,,,,,,,,,,Materials,Metals and Mining,Valor Gold Corp. engages in the exploration engineering and permitting of gold properties in Canada. It holds a 100% interest in the Courageous Lake gold project which consists of 85 Northwest Territories mining leases and 4 federal mining leases covering an area of approximately 50239.96 hectares located northeast of Yellowknife in the Northwest Territories. The company was incorporated in 2026 and is headquartered in Toronto Canada.,,,,,,,,,,,,,,,
NRC,Nations Royalty Corp.,1.35,209.56,United States and Canada,CA,-0.3182,,,,,,,,,,,,,,,,,,,1.61,0.84,,0.36,,,,,,,,Materials,Metals and Mining,Nations Royalty Corp. a royalty company focuses on acquiring royalties in the resource sector in Canada. It explores for gold silver copper and molybdenum deposits. The company has royalty interests in the Brucejack Mine Premier Gold Project Red Mountain Project KSM Project and Kitsault Mine. Nations Royalty Corp. is headquartered in Vancouver Canada.,,,,,,,,,,,,,,,Mar-26
HME,Hemisphere Energy Corporation,2.22,209.24,United States and Canada,CA,-0.2792,,,,,,,,,,,,,,,,,,,77.11,79.71,67.7,72.22,35.3,16.96,27.63,14.68,9.16,5.53,8.97,Energy,Oil Gas and Consumable Fuels,Hemisphere Energy Corporation acquires explores develops and produces petroleum and natural gas properties in Canada. The company primarily owns a 100% interest in the Atlee Buffalo property located in southeastern Alberta. The company was formerly known as Northern Hemisphere Development Corp. and changed its name to Hemisphere Energy Corporation in April 2009. Hemisphere Energy Corporation was founded in 1977 and is headquartered in Vancouver Canada.,,,,0.29,0.33,0.22,0.03,,-0.11,,,,-0.11,,Dec-25
GG,Golconda Gold Ltd.,2.92,208.98,United States and Canada,CA,-0.3014,,,,,,,,,,,,,,,,,,,46.31,19.88,12.41,17.83,11.69,,53.76,60.95,46.89,43.86,36.39,Materials,Metals and Mining,Golconda Gold Ltd. engages in the exploration development and operation of gold mining properties in Canada the United States and South Africa. It operates the Galaxy Property situated in the Republic of South Africa; and the Summit Property in the United States. The company was formerly known as Galane Gold Ltd. and changed its name to Golconda Gold Ltd. in October 2022. Golconda Gold Ltd. is based in Toronto Canada.,,,,,,,1.69,,,,,,,,Dec-25
SCRI,Silver Crown Royalties Inc.,37.5,208.05,United States and Canada,CA,-0.1616,,,,,,,,,,,,,,,,,,,1.23,0.58,0.12,,,,,,,,,Materials,Metals and Mining,Silver Crown Royalties Inc. operates as a silver-focused royalty company providing capital to mining entities in exchange for a percentage of silver production from projects in Peru Brazil Ecuador and Canada. It holds interest in the Gold Mountain Royalty project located in British Columbia Canada. The company was incorporated in 2021 and is headquartered in Toronto Canada.,,,,,,,,,,,,,,,Dec-25
LGC,Lavras Gold Corp.,3.34,207.91,United States and Canada,CA,-0.2233,,,,,,,,,,,,,,,,,,,,,,,,,,,,,,Materials,Metals and Mining,Lavras Gold Corp. engages in the exploration and development of mineral resource properties in Brazil. Its flagship project is the Lavras do Sul an advanced exploration gold project that includes 34 mineral rights covering an area of approximately 22833 hectares located in Rio Grande do Sul Brazil. The company was incorporated in 2021 and is headquartered in Toronto Canada.,,,,,,,,,,,,,,,Dec-25
MGA,Mega Uranium Ltd.,0.54,207.85,United States and Canada,CA,-0.325,,,,,,,,,,,,,,,,,,,,,,,,,,,,,,Energy,Oil Gas and Consumable Fuels,Mega Uranium Ltd. a uranium mining and investment company explores for uranium properties primarily in Canada and Australia. It explores for uranium and gold. The company holds interest in the Georgetown project located in Queensland Australia; and Redport project situated in Western Australia. The company was formerly known as Maple Minerals Corp. and changed its name to Mega Uranium Ltd. in October 2005. Mega Uranium Ltd. was incorporated in 1990 and is headquartered in Toronto Canada.,,,,-0.08,,,,,,,,,,,Sep-25
S,Sherritt International Corporation,0.295,207.67,United States and Canada,CA,-0.41,,,,,,,,,,,,,,,,,,,177.3,158.8,223.3,178.8,110.2,119.8,136.3,152.9,267.3,262.3,335.9,Materials,Metals and Mining,Sherritt International Corporation engages in the mining processing refining and sale of nickel and cobalt in Canada Cuba Europe and Asia. It operates through Metals Power Oil and Gas and Corporate and Other segments. The company also produces and sells agricultural fertilizers such as anhydrous ammonia granular ammonium sulfate and crystalline ammonium sulfate; and sulfuric acid zinc sulfides and copper sulfides. In addition it constructs and operates power generation facilities that provide electricity in Cuba. Further the company offers ancillary drilling services. Its products are used in stainless steel specialty steel chemical and welding applications. Sherritt International Corporation was incorporated in 1927 and is based in Toronto Canada.,,,,-0.17,-0.19,-0.1,0.22,-0.03,-0.37,-0.4,-0.14,-1.08,-1.5,-1.19,Dec-25
SURG,Surge Copper Corp.,0.53,206.19,United States and Canada,CA,-0.4239,,,,,,,,,,,,,,,,,,,,,,,,,,,,,,Materials,Metals and Mining,Surge Copper Corp. engages in the acquisition exploration and development of mineral properties in Canada. The company explores for copper molybdenum silver and gold deposits. Its flagship project is the 100%-owned Berg Property which consists of 113 mineral claims covering an area of approximately 41895 hectares located in central British Columbia. The company was formerly known as Gold Reach Resources Ltd. and changed its name to Surge Copper Corp. in February 2018. Surge Copper Corp. was incorporated in 1965 and is based in Vancouver Canada.,,,,-0.01,,,,,,,,,,,Mar-26
KTO,K2 Gold Corporation,0.85,205.9,United States and Canada,CA,-0.1053,,,,,,,,,,,,,,,,,,,,,,,,,,,,,,Materials,Metals and Mining,K2 Gold Corporation a junior mineral exploration company engages in the acquisition exploration and evaluation of mineral resources in Canada and the United States. The company explores for gold silver copper lead zinc and base metal deposits. Its flagship property is the 100%-owned Mojave gold project which covers an area of approximately 5830 hectares of land located in Inyo County California. The company was formerly known as West Melville Metals Inc. and changed its name to K2 Gold Corporation in November 2016. K2 Gold Corporation was incorporated in 2011 and is headquartered in Vancouver Canada.,,,,,,,,,,,,,,,Dec-25
TUF,Honey Badger Silver Inc.,0.9,204,United States and Canada,CA,-0.2437,,,,,,,,,,,,,,,,,,,,,,,,,,,,,,Materials,Metals and Mining,Honey Badger Silver Inc. engages in the identification evaluation acquisition and exploration of silver-based and other metals-based assets in Canada. The company also explores for copper gold zinc lead indium tungsten bismuth tellurium and critical mineral deposits. Its flagship project is the 100%-owned Prairie Creek (PC) silver mine project located in the Mackenzie Mountains of the Northwest Territories Canada. The company was formerly known as Honey Badger Exploration Inc. and changed its name to Honey Badger Silver Inc. in November 2020. Honey Badger Silver Inc. was incorporated in 1992 and is based in Vancouver Canada.,,,,,,,,,,,,,,,Dec-25
FLCN,Falcon Energy Materials plc,0.93,203.16,United States and Canada,CA,-0.225,,,,,,,,,,,0,0.0133,0.0133,0.0223,,0,0,311.3,,,,,,,,,,,,Materials,Metals and Mining,Falcon Energy Materials plc engages in the mineral development business in Africa. The company is involved in the acquisition exploration and development of mineral properties. It primarily explores for graphite deposits. The company was formerly known as SRG Mining Inc. and changed its name to Falcon Energy Materials plc in July 2024. Falcon Energy Materials plc was incorporated in 1996 and is headquartered in Abu Dhabi the United Arab Emirates.,-0.1,-0.01,0.53,-0.06,,,-0.07,,,,,,,,Dec-25
ELO,Eloro Resources Ltd.,1.68,201.05,United States and Canada,CA,-0.5088,,,,,,0,-0.0006,0,,,,,,,,0,251.84,0,,,,,,,,,,,,Materials,Metals and Mining,Eloro Resources Ltd. engages in the exploration and development of mineral properties in Bolivia and Peru. The company explores for gold silver iron ore zinc tin lead lithium and copper deposits. Its primary project is the Iska Iska project a polymetallic property that includes one mineral concession covering an area of approximately 900 hectares located in Bolivia. The company was formerly known as Cleyo Resources Inc. and changed its name to Eloro Resources Ltd. in July 1997. Eloro Resources Ltd. was incorporated in 1975 and is headquartered in Toronto Canada.,-0.49,0.09,-0.07,-0.08,,,,,,,,,,,Mar-26
