Ticker,Name,Sector,Industry,Last Price,Market Cap,Trading Region,Country,Net Income - (IS) (LTM),Net Income - (IS) (FY),Net Income - (IS) (-1FY),Net Income - (IS) (-2FY),Total Revenues (LTM),Total Revenues (FY),Total Revenues (-1FY),Total Revenues (1YTGLTM),Price Chg. % (1Y),Price Chg. %/CAGR (3Y),Price Chg. %/CAGR (5Y),Price Chg. %/CAGR (10Y)
AA,Alcoa Corporation,Materials,Metals and Mining,67.11,17709.65,United States and Canada,US,1034,1157,60,-651,12655,12831,11895,-0.0008,1.3351,0.2389,0.1241,
AADX,Applied Aerospace & Defense Inc.,Industrials,Aerospace and Defense,21.385,3651.35,United States and Canada,US,-24.84,-17.02,-34.77,,522.09,498.76,399.79,,,,,
AAL,American Airlines Group Inc.,Industrials,Passenger Airlines,13.605,8998.14,United States and Canada,US,202,111,846,822,55994,54633,54211,0.0333,0.2301,-0.0439,-0.1037,-0.0851
AAMI,Acadian Asset Management Inc.,Financials,Capital Markets,77.74,2769.8,United States and Canada,US,84.2,80,85,65.8,610.8,563.7,505.6,0.1751,1.464,0.5039,0.2786,0.1839
AAOI,Applied Optoelectronics Inc.,Information Technology,Communications Equipment,166.236,13339.24,United States and Canada,US,-43.34,-38.23,-186.73,-56.05,507,455.71,249.37,0.6432,9.186,2.714,0.7997,0.3209
AAON,AAON Inc.,Industrials,Building Products,122.955,10071.45,United States and Canada,US,118.12,107.59,168.56,177.62,1616.96,1442.08,1200.63,0.2827,0.621,0.2445,0.2333,0.211
AAP,Advance Auto Parts Inc.,Consumer Discretionary,Specialty Retail,59.524,3591.04,United States and Canada,US,44,44,-335.79,29.73,8632,8601,9094.33,-0.0307,0.1554,-0.0217,-0.2147,-0.09
AB,AllianceBernstein Holding L.P.,Financials,Capital Markets,36.67,3425.12,United States and Canada,US,311.04,299.84,423.37,264.18,,,,,-0.0928,0.022,-0.0439,0.0478
ABCB,Ameris Bancorp,Financials,Banks,86.269,5785.69,United States and Canada,US,434.71,412.15,358.69,269.11,1172.46,1138.62,1082.45,0.0656,0.3781,0.3416,0.0971,0.1057
ABG,Asbury Automotive Group Inc.,Consumer Discretionary,Specialty Retail,196.349,3655.78,United States and Canada,US,547.7,492,430.3,602.5,17963.5,17999,17188.6,0.0483,-0.1922,-0.046,0.0208,0.1368
ABM,ABM Industries Incorporated,Industrials,Commercial Services and Supplies,45.096,2641.77,United States and Canada,US,158.4,162.4,81.4,251.3,9052.8,8745.9,8359.4,0.0653,-0.0279,-0.0093,-0.0143,0.0191
ACA,Arcosa Inc.,Industrials,Construction and Engineering,123.359,6056.48,United States and Canada,US,222.6,208.4,93.7,159.2,2907.5,2883.4,2569.9,0.1543,0.3814,0.1896,0.1508,
ACAD,ACADIA Pharmaceuticals Inc.,Health Care,Biotechnology,21.394,3663.42,United States and Canada,US,375.65,391,226.45,-61.29,1095.25,1071.51,957.8,0.0993,-0.0406,-0.0469,-0.0484,-0.0597
ACHC,Acadia Healthcare Company Inc.,Health Care,Health Care Providers and Services,24.385,2242.62,United States and Canada,US,-1107.04,-1102.77,255.61,-21.67,3371.07,3312.77,3153.96,0.068,0.0709,-0.2899,-0.1849,-0.0884
ACHR,Archer Aviation Inc.,Industrials,Aerospace and Defense,5.045,3832.17,United States and Canada,US,-742.5,-618.2,-536.8,-457.9,1.9,0.3,,,-0.5855,0.1574,-0.1276,
ACI,Albertsons Companies Inc.,Consumer Staples,Consumer Staples Distribution and Retail,15.535,7682.6,United States and Canada,US,217.4,217.4,958.6,1296,83172.5,83172.5,80390.9,0.0346,-0.2696,-0.0926,-0.053,
ACIW,ACI Worldwide Inc.,Information Technology,Software,43.573,4429.7,United States and Canada,US,206.09,226.66,203.12,121.51,1790.97,1759.78,1594.29,0.0706,-0.0741,0.227,0.0206,0.0747
ACLS,Axcelis Technologies Inc.,Information Technology,Semiconductors and Semiconductor Equipment,166.135,5105.98,United States and Canada,US,100.87,120.24,200.99,246.26,845.44,839.05,1017.87,-0.1175,1.4457,-0.0126,0.3195,0.316
ACM,AECOM,Industrials,Construction and Engineering,68.185,8763.34,United States and Canada,US,505.72,561.77,402.27,55.33,15985.83,16139.62,16105.5,-0.0038,-0.3923,-0.0654,0.0108,0.0761
ACMR,ACM Research Inc.,Information Technology,Semiconductors and Semiconductor Equipment,86.024,5945.07,United States and Canada,US,91,94.08,103.63,77.35,960.23,901.31,782.12,0.1969,2.3278,1.0001,0.2378,
ACT,Enact Holdings Inc.,Financials,Financial Services,42.12,5879.98,United States and Canada,US,676.24,674.24,688.07,665.51,1241.12,1235.83,1201.77,0.0198,0.209,0.1741,,
AD,Array Digital Infrastructure Inc.,Communication Services,Wireless Telecommunication Services,40.055,3462.47,United States and Canada,US,208.3,48.76,-39,54,187.99,162.96,3770,-0.9493,-0.3458,0.3635,0.0014,0.0082
ADC,Agree Realty Corporation,Real Estate,Retail REITs,75.58,9089.59,United States and Canada,US,219.4,204.35,189.2,169.96,750.04,718.4,617.1,0.1778,0.014,0.0493,0.011,0.055
ADEA,Adeia Inc.,Information Technology,Software,31.048,3424.4,United States and Canada,US,122.03,111.08,64.62,67.37,460.49,443.39,376.02,0.2109,1.2417,0.4389,0.0674,-0.0036
ADPT,Adaptive Biotechnologies Corporation,Health Care,Life Sciences Tools and Services,18.789,3007.07,United States and Canada,US,-49.68,-59.5,-159.49,-225.25,295.41,276.98,178.96,0.5587,0.7675,0.3686,-0.1348,
ADT,ADT Inc.,Consumer Discretionary,Diversified Consumer Services,6.635,5198.6,United States and Canada,US,624.08,595.95,501.05,463.01,5139.65,5128.61,4898.45,0.0328,-0.1928,0.0289,-0.1061,
AEE,Ameren Corporation,Utilities,Multi-Utilities,109.15,30207.44,United States and Canada,US,1524,1456,1182,1152,8545,8470,7324,0.1255,0.1388,0.0937,0.0493,0.0791
AEHR,Aehr Test Systems Inc.,Information Technology,Semiconductors and Semiconductor Equipment,94.648,2976.99,United States and Canada,US,-11.42,-3.91,33.16,14.56,45.26,58.97,66.22,-0.2639,7.1313,0.3045,1.039,0.496
AEIS,Advanced Energy Industries Inc.,Information Technology,Electronic Equipment Instruments and Components,330.237,12559.13,United States and Canada,US,190.5,148.4,54.2,128.3,1905.2,1798.8,1482,0.222,1.5856,0.4634,0.2585,0.2404
AEO,American Eagle Outfitters Inc.,Consumer Discretionary,Specialty Retail,17.871,2994.7,United States and Canada,US,280.41,191.98,329.38,170.04,5652.92,5547.24,5328.65,0.0718,0.7677,0.1454,-0.1223,0.0143
AES,The AES Corporation,Utilities,Independent Power and Renewable Electricity Producers,14.665,10458.46,United States and Canada,US,1351,910,1679,249,12487,12233,12278,0.0304,0.2774,-0.0993,-0.1073,0.0273
AESI,Atlas Energy Solutions Inc.,Energy,Energy Equipment and Services,16.77,2094.67,United States and Canada,US,-98.79,-50.3,59.94,159.99,1063.3,1095.31,1055.96,-0.0841,0.1662,-0.0156,,
AFG,American Financial Group Inc.,Financials,Insurance,133.685,11107.36,United States and Canada,US,879,842,887,852,7947,7941,8010,-0.005,0.0873,0.048,0.0137,0.0634
AFRM,Affirm Holdings Inc.,Financials,Financial Services,63.303,21200.08,United States and Canada,US,382.42,52.19,-517.76,-985.35,3971.54,3224.41,2323,0.3207,-0.0031,0.5365,-0.0141,
AGCO,AGCO Corporation,Industrials,Machinery,108.755,7874.79,United States and Canada,US,771,726.5,-424.8,1171.4,10374.4,10082,11661.9,-0.038,0.0622,-0.0396,-0.0362,0.0729
AGNC,AGNC Investment Corp.,Real Estate,Mortgage Real Estate Investment Trusts (REITs),10.245,11760.54,United States and Canada,US,1472,1670,863,155,1605,1797,973,1.7483,0.0992,0.0152,-0.1036,-0.0593
AGX,Argan Inc.,Industrials,Construction and Engineering,613.003,8593.84,United States and Canada,US,161.29,137.77,85.46,32.36,1041.9,944.61,874.18,0.1447,1.7328,1.5162,0.6639,0.3042
AGYS,Agilysys Inc.,Information Technology,Software,91.72,2576.58,United States and Canada,US,38.79,38.79,23.23,86.19,319.31,319.31,275.62,0.1585,-0.1792,0.0794,0.1025,0.2298
AHR,American Healthcare REIT Inc.,Real Estate,Health Care REITs,46.899,9129.3,United States and Canada,US,100.32,69.81,-37.81,-71.47,2370.97,2258.16,2063.8,0.1268,0.3064,,,
AII,Almonty Industries Inc.,Materials,Metals and Mining,22.96,4675.88,United States and Canada,US,-95.27,-117.96,-11.34,-6.67,35.94,23.69,20.06,0.7291,3.7833,1.9033,0.6663,0.4813
AIR,AAR Corp.,Industrials,Aerospace and Defense,121.455,4764.47,United States and Canada,US,171,12.5,46.3,90.2,3134.5,2780.5,2318.9,0.1685,0.7806,0.2999,0.242,0.175
AIT,Applied Industrial Technologies Inc.,Industrials,Trading Companies and Distributors,316.584,11700.8,United States and Canada,US,403.76,392.99,385.76,346.74,4838.73,4563.42,4479.41,0.0754,0.3753,0.3284,0.2739,0.2118
AIZ,Assurant Inc.,Financials,Insurance,258.99,12832.34,United States and Canada,US,1000.2,872.7,760.2,642.5,13160.4,12814.3,11877.5,0.0902,0.3177,0.2722,0.0972,0.1181
AKAM,Akamai Technologies Inc.,Information Technology,IT Services,129.572,18837.88,United States and Canada,US,435.18,452.03,504.92,547.63,4266.65,4208.18,3991.17,0.0615,0.6571,0.1186,0.0181,0.094
AKR,Acadia Realty Trust,Real Estate,Retail REITs,21.728,3040.36,United States and Canada,US,45.77,16.9,21.65,19.87,402.24,403.44,375.84,0.0385,0.1058,0.1463,-0.0071,-0.0442
ALB,Albemarle Corporation,Materials,Chemicals,156.572,18465.26,United States and Canada,US,-232.88,-510.63,-1179.45,1573.48,5494.58,5142.73,5377.53,0.0787,1.4058,-0.1076,-0.0165,0.0696
ALGM,Allegro MicroSystems Inc.,Information Technology,Semiconductors and Semiconductor Equipment,46.567,8671.82,United States and Canada,US,-14.9,-14.9,-73.01,152.7,890.1,890.1,725.01,0.2277,0.5502,0.0621,0.1113,
ALGN,Align Technology Inc.,Health Care,Health Care Equipment and Supplies,171.31,12268.9,United States and Canada,US,429.89,410.35,421.36,445.05,4095.79,4034.96,3999.01,0.0289,-0.0764,-0.174,-0.2246,0.0806
ALGT,Allegiant Travel Company,Industrials,Passenger Airlines,81.395,2173.61,United States and Canada,US,-34.32,-44.7,-240.24,117.6,2639.94,2606.58,2512.59,0.0331,0.491,-0.0929,-0.1734,-0.0584
ALH,Alliance Laundry Holdings Inc.,Industrials,Machinery,25.16,4996.99,United States and Canada,US,141.44,101.75,98.32,88.23,1746.55,1709.24,1508.44,0.1579,,,,
ALHC,Alignment Healthcare Inc.,Health Care,Health Care Providers and Services,20.822,4304.61,United States and Canada,US,19.81,-0.72,-128.03,-148.02,4256.98,3948.72,2703.56,0.4181,0.3486,0.43,-0.0247,
ALK,Alaska Air Group Inc.,Industrials,Passenger Airlines,43.392,4835.13,United States and Canada,US,73,100,395,235,14402,14239,11735,0.1394,-0.1172,-0.0373,-0.079,-0.0424
ALLY,Ally Financial Inc.,Financials,Consumer Finance,41.886,12839.02,United States and Canada,US,1396,852,668,957,7687,7374,6751,0.1546,0.1199,0.1433,-0.0523,0.0909
ALMS,Alumis Inc.,Health Care,Pharmaceuticals,20.63,2630.16,United States and Canada,US,-237.41,-243.32,-294.23,-154.99,8.4,24.05,,-0.5168,5.2705,,,
ALRM,Alarm.com Holdings Inc.,Information Technology,Software,45.75,2262.82,United States and Canada,US,128.21,132.57,124.12,81.04,1037.56,1011.19,939.83,0.086,-0.2199,-0.0317,-0.1114,0.0739
ALSN,Allison Transmission Holdings Inc.,Industrials,Machinery,114.554,9500.65,United States and Canada,US,543,623,731,673,3650,3010,3225,0.1399,0.1197,0.2917,0.2221,0.1498
ALTB,Alpine Auto Brokers Inc.,Consumer Staples,Food Products,7.6099,7580.22,United States and Canada,US,-0.03,-0.03,-0.35,-0.01,0.13,,,-0.2438,,,,
AM,Antero Midstream Corporation,Energy,Oil Gas and Consumable Fuels,21.805,10356.94,United States and Canada,US,410.69,413.16,400.89,371.79,1285.72,1259.1,1176.87,0.0814,0.2014,0.2608,0.1568,
AMBA,Ambarella Inc.,Information Technology,Semiconductors and Semiconductor Equipment,63.07,2766.77,United States and Canada,US,-69.63,-75.86,-117.13,-169.42,405.19,390.7,284.87,0.2812,0.166,-0.0876,-0.09,0.0206
AMG,Affiliated Managers Group Inc.,Financials,Capital Markets,337.155,8904.97,United States and Canada,US,754.6,716.6,511.6,672.9,2122.7,2074.4,2040.9,0.0418,0.8409,0.3147,0.1586,0.0775
AMH,American Homes 4 Rent,Real Estate,Residential REITs,33.097,13594.02,United States and Canada,US,470.77,452.97,412.43,380.17,1862.98,1850.23,1728.7,0.0559,-0.0892,-0.0197,-0.0336,0.0625
AMKR,Amkor Technology Inc.,Information Technology,Semiconductors and Semiconductor Equipment,71.25,17660.92,United States and Canada,US,436.12,373.89,354.01,359.81,7071.11,6707.98,6317.69,0.1271,2.5064,0.4003,0.2473,0.2782
AMPX,Amprius Technologies Inc.,Industrials,Electrical Equipment,16.567,2391.51,United States and Canada,US,-39.7,-44.02,-44.67,-36.78,90.26,73.01,24.17,1.7257,3.9602,0.2031,,
AMR,Alpha Metallurgical Resources Inc.,Materials,Metals and Mining,190.07,2416.67,United States and Canada,US,-38.77,-61.69,187.58,721.96,2122.51,2129.48,2957.28,-0.1915,0.7074,0.0815,0.5171,
AMRX,Amneal Pharmaceuticals Inc.,Health Care,Pharmaceuticals,15.82,5046.94,United States and Canada,US,122.12,72.06,-116.89,-83.99,3045.86,3018.76,2793.96,0.0762,1.0334,0.8615,0.2155,
AMTM,Amentum Holdings Inc.,Industrials,Professional Services,21.901,5350.77,United States and Canada,US,148,66,-82,-314,14201,14393,8388,0.2611,-0.0218,,,
AN,AutoNation Inc.,Consumer Discretionary,Specialty Retail,192.135,6429.12,United States and Canada,US,679,649.1,692.2,1021.1,27493.1,27631.4,26765.4,0.0194,-0.011,0.1058,0.1442,0.1495
ANDE,The Andersons Inc.,Consumer Staples,Consumer Staples Distribution and Retail,72.87,2458.49,United States and Canada,US,128.62,95.71,114.01,101.19,10977.1,11008.93,11257.55,-0.0198,1.0573,0.1775,0.1757,0.0816
ANDG,Andersen Group Inc.,Industrials,Professional Services,36.265,4095.49,United States and Canada,US,-52.41,-2.32,134.8,118.68,871.37,838.69,731.59,0.1911,,,,
ANF,Abercrombie & Fitch Co.,Consumer Discretionary,Specialty Retail,88.487,3931.63,United States and Canada,US,493.64,506.92,566.22,328.12,5282.8,5266.29,4948.59,0.0513,0.1199,0.3711,0.1546,0.1677
AOS,A. O. Smith Corporation,Industrials,Building Products,57.435,7916.19,United States and Canada,US,527.6,546.2,533.6,556.6,3811.9,3830.2,3818.1,0.0023,-0.1222,-0.0582,-0.0358,0.0322
APA,APA Corporation,Energy,Oil Gas and Consumable Fuels,38.066,13455.2,United States and Canada,US,1533,1434,804,2855,8371,8685,9463,-0.1758,0.9412,0.0443,0.1095,-0.0335
APAM,Artisan Partners Asset Management Inc.,Financials,Capital Markets,35.182,2851.77,United States and Canada,US,287.22,290.32,259.75,222.29,1222.55,1196.69,1111.8,0.0871,-0.1745,-0.0084,-0.0814,0.0116
APG,APi Group Corporation,Industrials,Construction and Engineering,42.109,18242.8,United States and Canada,US,324,302,250,153,8174,7911,7018,0.1455,0.3126,0.368,0.2308,
APGE,Apogee Therapeutics Inc.,Health Care,Biotechnology,85.424,6402.36,United States and Canada,US,-274.62,-255.84,-182.15,-83.98,,,,,1.0128,,,
APLD,Applied Digital Corporation,Information Technology,IT Services,39.6,11316.47,United States and Canada,US,-189.87,-231.06,-149.27,-44.65,319.26,144.19,136.62,0.9189,2.2863,0.7021,0.4611,0.8371
APLE,Apple Hospitality REIT Inc.,Real Estate,Hotel and Resort REITs,16.003,3777.79,United States and Canada,US,171.84,175.36,214.06,177.49,1422.42,1412.39,1431.47,-0.0051,0.3736,0.0107,-0.0045,-0.0117
APPF,AppFolio Inc.,Information Technology,Software,162.897,5759.8,United States and Canada,US,151.96,140.92,204.07,2.7,995.33,950.82,794.2,0.2072,-0.285,0.0011,0.026,0.2708
AR,Antero Resources Corporation,Energy,Oil Gas and Consumable Fuels,35.389,10964.79,United States and Canada,US,961.66,634.42,57.23,198.4,5625.67,5139.51,4297.76,0.2204,-0.0977,0.1837,0.2019,0.0249
ARCB,ArcBest Corporation,Industrials,Ground Transportation,169.05,3763.69,United States and Canada,US,55.93,60.1,173.96,195.43,4041.87,4010.16,4179.02,-0.0165,1.4292,0.2558,0.2296,0.2588
ARCC,Ares Capital Corporation,Financials,Capital Markets,18.995,13638.84,United States and Canada,US,1150,1299,1522,1522,3083,3052,2990,0.0205,-0.1531,-0.002,-0.0099,0.0274
ARE,Alexandria Real Estate Equities Inc.,Real Estate,Health Care REITs,51.725,9014.09,United States and Canada,US,-1058.98,-1429.57,322.95,103.64,2930.15,3016.93,3123.45,-0.0584,-0.2933,-0.2453,-0.2318,-0.0624
ARLP,Alliance Resource Partners L.P.,Energy,Oil Gas and Consumable Fuels,25.29,3253.78,United States and Canada,US,246.27,311.16,360.86,630.12,2170.36,2194.81,2448.71,-0.0715,-0.0258,0.1215,0.288,0.0536
ARMK,Aramark,Consumer Discretionary,Hotels Restaurants and Leisure,53.852,14160.58,United States and Canada,US,357.03,326.39,262.52,674.11,19413.81,18506.3,17400.7,0.1015,0.3406,0.1012,0.0724,0.048
AROC,Archrock Inc.,Energy,Energy Equipment and Services,36.305,6362.87,United States and Canada,US,325.23,322.29,172.23,105,1516.42,1489.82,1157.59,0.287,0.4645,0.5372,0.3082,0.1583
ARQT,Arcutis Biotherapeutics Inc.,Health Care,Biotechnology,24.402,3052.28,United States and Canada,US,-2.38,-16.14,-140.04,-262.14,415.62,376.07,196.54,0.9529,0.7773,0.3479,-0.0296,
ARR,ARMOUR Residential REIT Inc.,Real Estate,Mortgage Real Estate Investment Trusts (REITs),17.065,2116.85,United States and Canada,US,240.5,322.69,-14.39,-67.92,297.46,377.44,39.26,5.6429,0.0152,-0.1267,-0.2222,-0.1617
ARW,Arrow Electronics Inc.,Information Technology,Electronic Equipment Instruments and Components,217.855,11139.79,United States and Canada,US,726.65,571.27,392.07,903.5,33512.47,30852.94,27923.32,0.2049,0.7511,0.1749,0.1249,0.1255
ARWR,Arrowhead Pharmaceuticals Inc.,Health Care,Biotechnology,74.054,10431.03,United States and Canada,US,-300.91,-1.63,-599.49,-205.28,622.01,829.45,3.55,0.1409,3.4238,0.279,-0.0355,0.2887
ARXS,Arxis Inc.,Industrials,Aerospace and Defense,40.384,16570.96,United States and Canada,US,103.62,45.99,-55.47,-59.92,1669.8,1591.02,742.99,,,,,
ASB,Associated Banc-Corp,Financials,Banks,28.614,4674.46,United States and Canada,US,492.73,474.78,123.14,182.96,1473.88,1433.55,952.86,0.4952,0.2048,0.1904,0.0512,0.0471
ASFZ,Associates First Capital Corporation,Financials,Financial Services,0,25727.03,United States and Canada,US,216,415,701,-35,1875,2557,3009,-0.3396,0,,-0.7977,-0.4509
ASH,Ashland Inc.,Materials,Chemicals,64.23,2940.95,United States and Canada,US,-706,-845,169,178,1808,1824,2113,-0.0723,0.2055,-0.0938,-0.0727,-0.0576
ASO,Academy Sports and Outdoors Inc.,Consumer Discretionary,Specialty Retail,50.27,3192.5,United States and Canada,US,383.39,376.77,418.45,519.19,6144.01,6053.41,5933.45,0.0377,0.1117,-0.001,0.038,
ATEN,A10 Networks Inc.,Information Technology,Software,31.524,2269.67,United States and Canada,US,44.63,42.14,50.14,39.97,299.42,290.56,261.7,0.1208,0.7562,0.3039,0.2458,0.1655
ATI,ATI Inc.,Industrials,Aerospace and Defense,193.593,26419.72,United States and Canada,US,425.5,404.3,367.8,410.8,4594.5,4587.4,4362.1,0.0293,1.3077,0.6979,0.5203,0.3054
ATKR,Atkore Inc.,Industrials,Electrical Equipment,77.533,2618.08,United States and Canada,US,-120.49,-15.18,472.87,689.9,2873.98,2850.38,3202.05,-0.0336,0.1507,-0.1746,0.0091,0.1708
ATMU,Atmus Filtration Technologies Inc.,Industrials,Machinery,47.885,3910.88,United States and Canada,US,211.1,207.4,185.6,171.3,1825.3,1764.3,1669.6,0.0999,0.3159,0.3385,,
ATO,Atmos Energy Corporation,Utilities,Gas Utilities,170.155,28402.24,United States and Canada,US,1346.18,1198.75,1042.89,885.86,4881.24,4702.76,4165.19,0.0881,0.116,0.1315,0.1082,0.0839
ATR,AptarGroup Inc.,Materials,Containers and Packaging,114.497,7307.23,United States and Canada,US,386.67,392.79,374.54,284.49,3872.74,3777.18,3582.89,0.0895,-0.2463,-0.0009,-0.0472,0.0388
ATRO,Astronics Corporation,Industrials,Aerospace and Defense,89.279,3198.6,United States and Canada,US,45.37,29.36,-16.21,-26.42,886.81,862.13,795.43,0.0864,1.6603,0.7209,0.3592,0.1208
AUB,Atlantic Union Bankshares Corporation,Financials,Banks,39.019,5584.23,United States and Canada,US,346.06,273.71,209.13,201.82,1401.29,1232.56,767.33,0.7563,0.2293,0.1055,0.0004,0.039
AUGO,Aura Minerals Inc.,Materials,Metals and Mining,53.345,4469.74,United States and Canada,US,89.07,-79.34,-30.27,31.88,1142.54,921.73,594.16,0.8313,1.0644,,0.3395,
AUR,Aurora Innovation Inc.,Information Technology,Software,6.045,11855.47,United States and Canada,US,-831,-816,-748,-796,4,3,,1,0.0281,0.3808,-0.0952,
AVA,Avista Corporation,Utilities,Multi-Utilities,42.58,3518.74,United States and Canada,US,206,193,180,171,1917,1964,1938,0.0134,0.1223,0.0065,-0.0108,0.0003
AVAV,AeroVironment Inc.,Industrials,Aerospace and Defense,178.24,8980.38,United States and Canada,US,-224.36,43.62,59.67,-176.21,1610.28,820.63,716.72,1.1686,-0.0595,0.2202,0.0964,0.1872
AVB,AvalonBay Communities Inc.,Real Estate,Residential REITs,185.246,26442.47,United States and Canada,US,1140.43,1051.3,1081.99,928.83,3060.06,3041.19,2912.85,0.0418,-0.1031,-0.0054,-0.029,0.0086
AVEX,AEVEX Corp.,Industrials,Aerospace and Defense,20.494,2337.17,United States and Canada,US,31.37,-16.89,78.55,,596.37,432.93,392.19,,,,,
AVNT,Avient Corporation,Materials,Chemicals,35.685,3272.68,United States and Canada,US,157.8,81.9,169.5,75.7,3281,3260.2,3240.4,0.0133,-0.0104,-0.0312,-0.0695,-0.0056
AVPT,AvePoint Inc.,Information Technology,Software,10.545,2235.72,United States and Canada,US,46.61,34.8,-29.09,-21.73,443.68,419.5,330.48,0.2712,-0.4397,0.1739,-0.0107,
AVT,Avnet Inc.,Information Technology,Electronic Equipment Instruments and Components,86.675,7109.44,United States and Canada,US,213.9,240.22,498.7,770.83,24955.1,22200.75,23757.13,0.1268,0.6794,0.2295,0.1455,0.0745
AVTR,Avantor Inc.,Health Care,Life Sciences Tools and Services,9.507,6490.96,United States and Canada,US,-551.4,-530.2,711.5,321.1,6552.2,6552.2,6783.6,-0.0199,-0.2968,-0.2142,-0.2222,
AVY,Avery Dennison Corporation,Materials,Containers and Packaging,154.85,11844.54,United States and Canada,US,689.8,688,704.9,503,9005.7,8855.5,8755.7,0.0289,-0.1269,-0.0159,-0.0672,0.0721
AWI,Armstrong World Industries Inc.,Industrials,Building Products,151.783,6477.92,United States and Canada,US,306.4,308.7,264.9,223.8,1648,1620.8,1445.7,0.0971,-0.0073,0.3153,0.0695,0.1423
AWK,American Water Works Company Inc.,Utilities,Water Utilities,126.025,24610.23,United States and Canada,US,1102,1111,1051,944,5205,5140,4684,0.081,-0.1037,-0.0492,-0.047,0.0498
AWR,American States Water Company,Utilities,Water Utilities,77.625,3042.33,United States and Canada,US,133.55,130.44,119.27,124.92,679.25,658.07,595.46,0.1168,-0.0082,-0.0502,-0.012,0.065
AX,Axos Financial Inc.,Financials,Banks,87.865,4998.17,United States and Canada,US,476.1,432.91,450.01,307.17,1323.92,1203.09,1059.19,0.1205,0.217,0.283,0.1262,0.1669
AXGN,Axogen Inc.,Health Care,Health Care Equipment and Supplies,41.991,2232.99,United States and Canada,US,-31.45,-15.7,-9.96,-21.72,238.1,225.21,187.34,0.2241,3.1289,0.6505,0.1534,0.2193
AXSM,Axsome Therapeutics Inc.,Health Care,Pharmaceuticals,253.073,13023.08,United States and Canada,US,-188.3,-183.17,-287.22,-239.24,708.24,638.5,385.69,0.6388,1.3415,0.5067,0.3067,0.4087
AXTA,Axalta Coating Systems Ltd.,Materials,Chemicals,32.14,6878.56,United States and Canada,US,369,378,391,267,5109,5117,5276,-0.0257,0.0611,0.0063,0.0033,0.0142
AXTI,AXT Inc.,Information Technology,Semiconductors and Semiconductor Equipment,84.15,5356.75,United States and Canada,US,-14.08,-21.26,-11.62,-17.88,95.89,88.33,99.36,-0.0014,41.5,1.8151,0.5247,0.3732
AYI,Acuity Inc.,Industrials,Electrical Equipment,282.493,8507.32,United States and Canada,US,429.7,396.6,422.6,346,4587.1,4345.6,3841,0.1589,0.0295,0.2084,0.0846,0.0116
AZZ,AZZ Inc.,Industrials,Building Products,143.537,4288.93,United States and Canada,US,317.26,317.26,128.83,101.61,1650.08,1650.08,1577.74,0.0458,0.5528,0.5282,0.2158,0.0904
BAH,Booz Allen Hamilton Holding Corporation,Industrials,Professional Services,77.145,9237.82,United States and Canada,US,851,851,935,606,11217,11217,11980,-0.0637,-0.2335,-0.0931,-0.0263,0.1019
BALL,Ball Corporation,Materials,Containers and Packaging,55.083,14665.66,United States and Canada,US,938,912,4008,707,13667,13161,11795,0.1372,0.0028,0.0156,-0.0754,0.041
BANC,Banc of California Inc.,Financials,Banks,19.545,3013.88,United States and Canada,US,247.36,228.97,126.89,-1899.14,1069.36,1048.92,960.39,0.1091,0.3852,,,
BANF,BancFirst Corporation,Financials,Banks,112.925,3792.74,United States and Canada,US,247.49,240.61,216.35,212.47,698.55,684.96,622.45,0.0937,-0.0835,0.0672,0.1121,0.1362
BANR,Banner Corporation,Financials,Banks,66.07,2244.26,United States and Canada,US,204.96,195.38,168.9,183.62,660.76,647.69,601.02,0.0761,0.0576,0.1246,0.029,0.0439
BATRK,Atlanta Braves Holdings Inc.,Communication Services,Entertainment,51.058,3328.74,United States and Canada,US,-22.46,-23.37,-31.27,-125.29,757.29,732.49,662.75,0.1254,0.1684,0.1012,0.1355,0.1307
BAX,Baxter International Inc.,Health Care,Health Care Equipment and Supplies,20.184,10424.41,United States and Canada,US,-1098,-957,-649,2656,11320,11244,10636,0.051,-0.3572,-0.216,-0.2448,-0.0759
BBIO,BridgeBio Pharma Inc.,Health Care,Biotechnology,68.192,13356.17,United States and Canada,US,-721.55,-724.93,-535.76,-643.2,579.96,502.08,221.9,3.5517,0.7463,0.6192,0.013,
BBT,Beacon Financial Corporation,Financials,Banks,29.705,2496.04,United States and Canada,US,117.39,90.27,68.72,75,632.88,511.61,333.56,0.8693,0.1736,,,
BBWI,Bath & Body Works Inc.,Consumer Discretionary,Specialty Retail,18.096,3647.46,United States and Canada,US,727,649,798,878,7245,7291,7307,-0.0139,-0.3109,-0.2455,-0.2302,-0.1244
BBY,Best Buy Co. Inc.,Consumer Discretionary,Specialty Retail,76.15,16049.92,United States and Canada,US,1143,1069,927,1241,41860,41691,41528,0.0099,0.0482,0.004,-0.0782,0.0996
BC,Brunswick Corporation,Consumer Discretionary,Leisure Products,79.346,5155.46,United States and Canada,US,-136.5,-137.3,130.1,420.4,5519.1,5362.8,5237.1,0.0835,0.3629,-0.0199,-0.0387,0.0553
BCC,Boise Cascade Company,Industrials,Trading Companies and Distributors,67.716,2382.91,United States and Canada,US,110.33,132.84,376.35,483.66,6366.72,6404.6,6724.29,-0.0376,-0.2339,-0.0443,0.0181,0.1161
BCO,The Brink's Company,Industrials,Commercial Services and Supplies,100.06,4120.53,United States and Canada,US,180.2,199.7,162.9,87.7,5389.6,5261.2,5011.9,0.0731,0.1826,0.1168,0.0551,0.1299
BCPC,Balchem Corporation,Materials,Chemicals,163.62,5257.08,United States and Canada,US,158.08,154.84,128.47,108.54,1057.35,1037.16,953.68,0.0962,-0.0086,0.07,0.0436,0.1028
BCRX,BioCryst Pharmaceuticals Inc.,Health Care,Biotechnology,8.375,2128.61,United States and Canada,US,-457.98,263.86,-88.88,-226.54,885.72,874.84,450.71,0.7592,-0.2107,-0.0057,-0.129,0.1062
BDC,Belden Inc.,Information Technology,Electronic Equipment Instruments and Components,108.275,4216.67,United States and Canada,US,236.61,237.52,198.43,242.76,2786.71,2715.19,2460.98,0.0928,-0.0265,0.0536,0.1495,0.0537
BEAM,Beam Therapeutics Inc.,Health Care,Biotechnology,29.004,2886.96,United States and Canada,US,-65.98,-79.99,-376.74,-132.53,164.01,139.74,63.52,1.5797,0.6212,-0.0343,-0.2003,
BELFA,Bel Fuse Inc.,Information Technology,Electronic Equipment Instruments and Components,251.812,3972.3,United States and Canada,US,55.04,61.54,40.96,73.83,701.71,675.46,534.79,0.2554,2.3133,0.6786,0.7585,0.3208
BEN,Franklin Resources Inc.,Financials,Capital Markets,31.104,16162.79,United States and Canada,US,733.6,524.9,464.8,882.8,9029.7,8770.7,8478,0.0382,0.3799,0.0564,-0.0221,-0.0082
BEPC,Brookfield Renewable Corporation,Utilities,Independent Power and Renewable Electricity Producers,37.639,12877.16,United States and Canada,US,-4535,-2344,236,-181,3704,3728,4142,-0.0558,0.1792,0.0252,-0.0236,
BETA,BETA Technologies Inc.,Industrials,Aerospace and Defense,16.505,3808.63,United States and Canada,US,-789.9,-745.87,-275.64,-175.56,36.15,35.62,15.09,1.3953,,,,
BFAM,Bright Horizons Family Solutions Inc.,Consumer Discretionary,Diversified Consumer Services,64.245,3379.72,United States and Canada,US,189.18,193.12,140.19,74.22,2980.3,2933.61,2686.01,0.0922,-0.4854,-0.1112,-0.1534,-0.0011
BFB,Brown-Forman Corporation,Consumer Staples,Beverages,26.539,12227.46,United States and Canada,US,715,715,869,1024,3928,3928,3975,-0.0118,-0.0349,-0.255,-0.1887,-0.0384
BFH,Bread Financial Holdings Inc.,Financials,Consumer Finance,98.021,3960.74,United States and Canada,US,561,518,277,718,2644,2603,2441,0.0814,0.7992,0.4782,-0.0259,-0.0757
BG,Bunge Global SA,Consumer Staples,Food Products,127.915,24817.83,United States and Canada,US,683,816,1137,2243,80547,70329,53108,0.5691,0.6949,0.1093,0.0859,0.0693
BGC,BGC Group Inc.,Financials,Capital Markets,11.065,5300.76,United States and Canada,US,183.95,154.96,126.99,36.27,3099.59,2816.14,2171.74,0.3758,0.1325,0.3237,0.1178,0.0212
BHE,Benchmark Electronics Inc.,Information Technology,Electronic Equipment Instruments and Components,85.529,3068.53,United States and Canada,US,34.23,24.85,63.33,64.31,2704.62,2659.11,2656.11,0.0353,1.2349,0.5146,0.2287,0.1496
BHF,Brighthouse Financial Inc.,Financials,Insurance,62.702,3601.97,United States and Canada,US,-65,433,388,-1112,6090,6948,6295,-0.2928,0.1004,0.1214,0.0609,
BIIB,Biogen Inc.,Health Care,Biotechnology,197.625,29176.79,United States and Canada,US,1371.9,1292.9,1632.2,1161.1,9937.4,9890.6,9675.9,0.0123,0.4852,-0.1378,-0.13,-0.0217
BILL,BILL Holdings Inc.,Information Technology,Software,31.901,3177.24,United States and Canada,US,0.16,23.8,-28.88,-223.72,1600.32,1462.57,1290.17,0.1247,-0.2728,-0.3475,-0.2731,
BIO,Bio-Rad Laboratories Inc.,Health Care,Life Sciences Tools and Services,289.705,7819.17,United States and Canada,US,168.8,759.9,-1844.2,-637.3,2589.9,2583.2,2566.5,0.0192,0.2585,-0.0706,-0.1359,0.0704
BIPC,Brookfield Infrastructure Corporation,Utilities,Gas Utilities,41.525,5107.12,United States and Canada,US,-742,-241,-608,111,3623,3668,3666,-0.019,-0.0006,-0.0465,-0.0227,
BJ,BJ's Wholesale Club Holdings Inc.,Consumer Staples,Consumer Staples Distribution and Retail,92.287,11784.49,United States and Canada,US,571.34,578.38,534.42,523.74,21965.29,21457.27,20501.8,0.0592,-0.1511,0.1395,0.1412,
BKD,Brookdale Senior Living Inc.,Health Care,Health Care Providers and Services,13.205,3152.84,United States and Canada,US,-204.6,-262.69,-201.94,-189.01,3001.32,3053.57,2982.57,-0.0048,0.9,0.4752,0.0923,-0.0232
BKE,The Buckle Inc.,Consumer Discretionary,Specialty Retail,44.44,2259.26,United States and Canada,US,221.43,209.74,195.47,219.92,1314.45,1297.84,1217.69,0.071,0.0179,0.0962,0.0165,0.0588
BKH,Black Hills Corporation,Utilities,Multi-Utilities,72.928,5551.91,United States and Canada,US,288.3,291.6,273.1,262.2,2285.5,2310,2127.7,0.0358,0.2683,0.0476,0.0092,0.0156
BKU,BankUnited Inc.,Financials,Banks,47.967,3486.32,United States and Canada,US,271.75,268.35,232.47,178.67,1034.08,1025.28,958.35,0.0637,0.3752,0.2861,0.0076,0.0391
BKV,BKV Corporation,Energy,Oil Gas and Consumable Fuels,25.454,2778.88,United States and Canada,US,299.19,173.13,-142.87,116.92,999.32,893.78,590.51,0.4107,0.1243,,,
BLBD,Blue Bird Corporation,Industrials,Machinery,70.98,2246.27,United States and Canada,US,133.01,127.72,105.55,23.81,1493.1,1480.1,1347.15,0.1009,0.7249,0.4895,0.2261,0.2022
BLD,TopBuild Corp.,Consumer Discretionary,Household Durables,401.16,11244.1,United States and Canada,US,503.15,521.73,622.6,614.25,5621.67,5409.09,5329.8,0.0638,0.3171,0.2049,0.1574,0.2707
BLDR,Builders FirstSource Inc.,Industrials,Building Products,73.795,7937.38,United States and Canada,US,291.48,435.2,1077.9,1540.56,14820.22,15190.64,16400.49,-0.0833,-0.3547,-0.1541,0.1096,0.2016
BLLN,BillionToOne Inc.,Health Care,Health Care Providers and Services,100.212,4609.3,United States and Canada,US,24.88,2.92,-41.57,-82.68,354.54,305.11,152.58,1.3236,,,,
BLTE,Belite Bio Inc,Health Care,Pharmaceuticals,136.885,5385.05,United States and Canada,US,-90.27,-77.61,-36.14,-31.63,,,,,1.2403,1.0841,,
BMI,Badger Meter Inc.,Information Technology,Electronic Equipment Instruments and Components,127.49,3720.87,United States and Canada,US,130.57,141.63,124.94,92.6,896.73,916.66,826.56,0.0519,-0.4803,-0.0578,0.0616,0.1304
BMNR,Bitmine Immersion Technologies Inc.,Information Technology,Software,15.626,8900.21,United States and Canada,US,-8671.8,348.58,-3.29,-2.46,16.71,6.09,3.31,2.6133,1.4803,0.037,0.2109,-0.0419
BMRN,BioMarin Pharmaceutical Inc.,Health Care,Biotechnology,55.8,10785.27,United States and Canada,US,268.74,348.9,426.86,167.65,3242.32,3221.25,2853.91,0.099,-0.0238,-0.1512,-0.0742,-0.0367
BNL,Broadstone Net Lease Inc.,Real Estate,Diversified REITs,21.075,4216.32,United States and Canada,US,126.12,96.5,162.44,155.48,466.85,454.14,431.8,0.0729,0.2914,0.0894,-0.0349,
BOH,Bank of Hawaii Corporation,Financials,Banks,78.04,3092.02,United States and Canada,US,219.35,205.9,149.99,171.2,729.09,705.13,627.96,0.1386,0.1604,0.1952,-0.0257,0.0095
BOKF,BOK Financial Corporation,Financials,Banks,131.553,7993.16,United States and Canada,US,613.98,577.99,523.57,530.75,2225.96,2174.43,2032.4,0.0664,0.3755,0.1429,0.0812,0.08
BOOT,Boot Barn Holdings Inc.,Consumer Discretionary,Specialty Retail,167.635,5087.3,United States and Canada,US,225.88,225.88,147,170.55,2253.86,2253.86,1667.01,0.175,0.0331,0.3193,0.1716,0.3551
BOX,Box Inc.,Information Technology,Software,25.646,3552.81,United States and Canada,US,124.92,115.38,244.62,129.03,1206.92,1177.25,1090.13,0.0955,-0.286,-0.0396,0.0051,0.0859
BPOP,Popular Inc.,Financials,Banks,156.26,10084.66,United States and Canada,US,901.33,833.16,614.21,541.34,3005.4,2939.06,2684.26,0.0985,0.4854,0.3568,0.145,0.179
BR,Broadridge Financial Solutions Inc.,Industrials,Professional Services,144.67,16732.29,United States and Canada,US,1100.4,839.5,698.1,630.6,7322.3,6889.1,6506.8,0.0819,-0.4002,-0.0202,-0.0233,0.0857
BRC,Brady Corporation,Industrials,Commercial Services and Supplies,79.583,3749.38,United States and Canada,US,209.66,189.26,197.22,174.86,1621.94,1513.61,1341.39,0.1111,0.1476,0.1729,0.0598,0.0955
BRKR,Bruker Corporation,Health Care,Life Sciences Tools and Services,54.21,8252.15,United States and Canada,US,-11.6,-8.6,113.1,427.2,3458.5,3436.5,3366.4,0.0036,0.3648,-0.1015,-0.0591,0.0813
BRO,Brown & Brown Inc.,Financials,Insurance,60.44,20486.01,United States and Canada,US,1149,1054,993,871,6258,5763,4705,0.2895,-0.4215,-0.019,0.0298,0.1274
BROS,Dutch Bros Inc.,Consumer Discretionary,Hotels Restaurants and Leisure,62.516,11732.6,United States and Canada,US,80.59,79.84,35.26,1.72,1747.42,1638.16,1281.02,0.2839,-0.1253,0.2893,,
BRX,Brixmor Property Group Inc.,Real Estate,Retail REITs,32.09,9846.39,United States and Canada,US,444.25,386.23,339.27,305.09,1388.9,1371.6,1285.05,0.0665,0.2477,0.1429,0.0582,0.0217
BRZE,Braze Inc.,Information Technology,Software,21.46,2417.08,United States and Canada,US,-122.09,-131.29,-103.74,-129.17,787.12,738.18,593.41,0.2695,-0.2452,-0.1831,,
BSM,Black Stone Minerals L.P.,Energy,Oil Gas and Consumable Fuels,13.925,2959.05,United States and Canada,US,297.26,299.93,271.33,422.55,410.17,400.98,426.97,-0.0282,0.004,-0.0467,0.0589,-0.0112
BSY,Bentley Systems Incorporated,Information Technology,Software,31.139,9749.83,United States and Canada,US,281.88,277.86,234.79,326.79,1555.42,1501.78,1353.1,0.1223,-0.3549,-0.1493,-0.1335,
BTSG,BrightSpring Health Services Inc.,Health Care,Health Care Providers and Services,62.345,12999.08,United States and Canada,US,309.89,190.67,-18.06,-154.6,13646.16,12910.56,10072.21,0.2796,1.8481,,,
BTU,Peabody Energy Corporation,Energy,Oil Gas and Consumable Fuels,26.585,3238.05,United States and Canada,US,-119.7,-52.9,370.9,759.6,3897.8,3861.5,4236.7,-0.0698,0.9251,0.0991,0.236,
BULL,Webull Corporation,Financials,Capital Markets,6.327,3436.43,United States and Canada,US,-10.04,24.77,-22.69,6.07,606.89,564.33,388.97,0.454,-0.4201,-0.1564,,
BURL,Burlington Stores Inc.,Consumer Discretionary,Specialty Retail,336.749,20946.04,United States and Canada,US,624.06,610.15,503.64,339.65,11911.29,11558.85,10625.78,0.106,0.4103,0.3217,0.0145,0.1807
BUSE,First Busey Corporation,Financials,Banks,28.207,2385.67,United States and Canada,US,215.23,135.26,113.69,122.56,780.66,666.84,453.7,0.8268,0.241,0.1015,0.0127,0.0244
BW,Babcock & Wilcox Enterprises Inc.,Industrials,Electrical Equipment,15.21,2260.89,United States and Canada,US,-91.1,-36.16,-59.91,-197.21,653.49,587.68,581.04,0.1099,11.4672,0.385,0.1233,-0.2333
BWA,BorgWarner Inc.,Consumer Discretionary,Automobile Components,73.57,15090.31,United States and Canada,US,362,277,338,625,14334,14316,14086,0.0234,1.1844,0.1702,0.0681,0.0813
BWIN,The Baldwin Insurance Group Inc.,Financials,Insurance,19.215,2739.44,United States and Canada,US,-45.41,-33.81,-24.52,-90.14,1623.71,1504.88,1389.04,0.1418,-0.5148,-0.0518,-0.0703,
BWXT,BWX Technologies Inc.,Industrials,Aerospace and Defense,188.43,17262.95,United States and Canada,US,344.55,328.94,281.94,245.85,3376.38,3198.43,2703.65,0.2137,0.3876,0.4252,0.2407,0.1817
BXMT,Blackstone Mortgage Trust Inc.,Real Estate,Mortgage Real Estate Investment Trusts (REITs),18.175,3110.17,United States and Canada,US,103.63,109.57,-204.09,246.56,466.96,439.95,-46.69,2.7921,-0.0665,-0.0251,-0.1156,-0.0439
BXP,BXP Inc.,Real Estate,Office REITs,65.14,11612.16,United States and Canada,US,317.2,276.8,14.27,190.22,3158.58,3153.09,3380.32,-0.0702,-0.1074,0.0636,-0.1196,-0.0654
BXSL,Blackstone Secured Lending Fund,Financials,Capital Markets,23.876,5554.8,United States and Canada,US,438.89,563.46,694.1,611.95,1386.66,1418.95,1326.9,0.0043,-0.2511,-0.0283,,
BYD,Boyd Gaming Corporation,Consumer Discretionary,Hotels Restaurants and Leisure,86.409,6422.79,United States and Canada,US,1837.4,1843.27,577.95,620.02,4097.78,4091.99,3930.19,0.0345,0.1488,0.0807,0.0658,0.1644
CACC,Credit Acceptance Corporation,Financials,Consumer Finance,530.066,5544.53,United States and Canada,US,453.4,423.9,247.9,286.1,1275.7,1238.2,928.2,0.2844,0.033,0.021,0.0438,0.1151
CACI,CACI International Inc,Industrials,Professional Services,526.784,11637.35,United States and Canada,US,536.91,499.83,419.92,384.74,9162.87,8627.82,7659.83,0.0958,0.1939,0.1836,0.1459,0.1807
CAG,Conagra Brands Inc.,Consumer Staples,Food Products,13.408,6414.89,United States and Canada,US,-43.3,1152.4,347.2,683.6,11181.3,11612.8,12050.9,-0.0473,-0.4006,-0.2688,-0.1851,-0.1177
CAI,Caris Life Sciences Inc.,Health Care,Biotechnology,17.546,4959.92,United States and Canada,US,33.98,-68.09,-281.89,-341.42,907.29,812.03,412.26,1.0051,,,,
CAKE,The Cheesecake Factory Incorporated,Consumer Discretionary,Hotels Restaurants and Leisure,73.981,3675.77,United States and Canada,US,165.03,148.43,156.78,101.35,3803.44,3751.81,3581.7,0.0514,0.2842,0.3101,0.0569,0.039
CALM,Cal-Maine Foods Inc.,Consumer Staples,Food Products,79.415,3762.41,United States and Canada,US,695.03,1220.05,277.89,758.02,3462.71,4261.89,2326.44,-0.0885,-0.1429,0.1709,0.1643,0.0656
CALX,Calix Inc.,Information Technology,Communications Equipment,38.769,2472.78,United States and Canada,US,33.88,17.88,-29.75,29.32,1059.75,1000.01,831.52,0.2838,-0.1903,-0.0904,-0.0371,0.1898
CALY,Callaway Golf Company,Consumer Discretionary,Leisure Products,16.5,2966,United States and Canada,US,-318.3,-409.3,-1447.7,95,2118,2060.1,2077.7,0.355,1.1127,-0.0563,-0.1366,0.0491
CAR,Avis Budget Group Inc.,Industrials,Ground Transportation,188.955,6674.83,United States and Canada,US,-667,-889,-1821,1632,11752,11652,11789,0.0072,0.4889,-0.0074,0.1492,0.191
CARG,CarGurus Inc.,Communication Services,Interactive Media and Services,27.578,2487.18,United States and Canada,US,149.09,155.9,20.97,31.1,938.3,906.98,798.04,0.181,-0.1553,0.0955,0.0188,
CART,Maplebear Inc.,Consumer Staples,Consumer Staples Distribution and Retail,40.782,9584.99,United States and Canada,US,485,447,457,-1622,3864,3742,3378,0.1184,-0.0767,,,
CASY,Casey's General Stores Inc.,Consumer Staples,Consumer Staples Distribution and Retail,906.519,33504.06,United States and Canada,US,714.45,714.45,546.52,501.97,17561.1,17561.1,15940.9,0.1016,0.8147,0.6056,0.3428,0.2243
CATY,Cathay General Bancorp,Financials,Banks,59.291,3974.6,United States and Canada,US,332.5,315.12,285.98,354.12,769.55,745.26,692.22,0.1132,0.3241,0.2006,0.0751,0.0709
CAVA,CAVA Group Inc.,Consumer Discretionary,Hotels Restaurants and Leisure,84.215,9808.85,United States and Canada,US,61.6,63.74,130.32,13.28,1286.11,1179.66,963.71,0.2408,0.0961,,,
CBC,Central Bancompany Inc.,Financials,Banks,28.923,6934.81,United States and Canada,US,407.14,390.85,305.81,273.69,1037.47,1012.05,883.13,0.1396,0.4757,,,
CBOE,Cboe Global Markets Inc.,Financials,Capital Markets,302.579,31666.04,United States and Canada,US,1235.1,1100,764.9,761.4,4792,4714.2,4094.5,0.0882,0.3575,0.2969,0.2156,0.1672
CBSH,Commerce Bancshares Inc.,Financials,Banks,54.765,7983.49,United States and Canada,US,576.28,566.25,526.33,477.06,1782.07,1711.66,1630.72,0.0841,-0.0757,0.0749,-0.0146,0.0637
CBT,Cabot Corporation,Materials,Chemicals,83.625,4316.84,United States and Canada,US,285,331,380,445,3575,3713,3994,-0.0852,0.0763,0.0443,0.0596,0.0587
CBU,Community Financial System Inc.,Financials,Banks,65.005,3416.33,United States and Canada,US,218.06,210.46,182.48,131.92,814.75,796.66,723.53,0.0981,0.1353,0.0609,-0.0378,0.0465
CC,The Chemours Company,Materials,Chemicals,20.983,3155.38,United States and Canada,US,-410,-386,86,-238,5821,5808,5782,0.0057,0.7677,-0.1314,-0.1092,0.0907
CCC,CCC Intelligent Solutions Holdings Inc.,Information Technology,Software,4.565,2679.38,United States and Canada,US,34.53,0.41,26.14,-92.48,1086.71,1057,944.8,0.1213,-0.4972,-0.2535,-0.1466,
CCK,Crown Holdings Inc.,Materials,Containers and Packaging,95.83,10588.77,United States and Canada,US,720,738,424,450,12737,12365,11801,0.07,-0.048,0.0457,-0.011,0.0608
CDE,Coeur Mining Inc.,Materials,Metals and Mining,15.657,16197.34,United States and Canada,US,799.28,585.87,58.9,-103.61,2566.26,2070.13,1054.01,1.1368,0.7111,0.7095,0.0785,0.0627
CDP,COPT Defense Properties,Real Estate,Office REITs,34.12,3933.96,United States and Canada,US,156.13,152.31,138.93,-73.47,780.54,766.73,753.66,0.0427,0.2006,0.1236,0.025,0.0214
CDW,CDW Corporation,Information Technology,Electronic Equipment Instruments and Components,128.035,16356.91,United States and Canada,US,1077.1,1066.6,1077.8,1104.3,22904.8,22424.1,20998.7,0.0741,-0.2715,-0.0907,-0.0536,0.1157
CE,Celanese Corporation,Materials,Chemicals,50.995,5592.24,United States and Canada,US,-1097,-1165,-1542,1943,9492,9544,10268,-0.0551,-0.1236,-0.2338,-0.2047,-0.0321
CECO,CECO Environmental Corp.,Industrials,Machinery,96.035,3445.07,United States and Canada,US,13.67,50.05,12.96,12.91,803.6,774.38,557.93,0.3211,2.5385,0.9401,0.6318,0.2773
CELC,Celcuity Inc.,Health Care,Biotechnology,90.719,4424.03,United States and Canada,US,-192.89,-177.04,-111.78,-63.78,,,,,6.2633,1.0099,0.2751,
CELH,Celsius Holdings Inc.,Consumer Staples,Beverages,28.048,7170.2,United States and Canada,US,173.68,108,145.07,226.8,2968.61,2515.27,1355.63,1.2334,-0.3333,-0.1541,0.0569,0.4204
CENT,Central Garden & Pet Company,Consumer Staples,Household Products,41.534,2344.18,United States and Canada,US,171.46,162.84,107.98,125.64,3162.62,3129.06,3200.46,0.0022,0.17,0.0299,-0.0577,0.0765
CENX,Century Aluminum Company,Materials,Metals and Mining,60.08,5946.36,United States and Canada,US,347.8,40,318.9,-43.1,2543.2,2527.9,2220.3,0.0755,2.1423,0.9217,0.355,0.2477
CF,CF Industries Holdings Inc.,Materials,Chemicals,111.776,17172.07,United States and Canada,US,1758,1455,1218,1525,7407,7084,5936,0.2085,0.1736,0.1798,0.1574,0.1434
CFG,Citizens Financial Group Inc.,Financials,Banks,65.428,27668.32,United States and Canada,US,1975,1831,1509,1608,7885,7639,7122,0.1081,0.5804,0.3207,0.0645,0.1127
CFR,Cullen/Frost Bankers Inc.,Financials,Banks,144.955,9102.75,United States and Canada,US,668.62,648.56,582.54,597.97,2231.97,2191.04,1998.72,0.0951,0.1343,0.0975,0.045,0.0831
CG,The Carlyle Group Inc.,Financials,Capital Markets,43.54,15673.29,United States and Canada,US,546.5,808.7,1020.4,-608.4,3248.8,4031.6,4739.9,-0.3552,-0.082,0.1312,-0.0029,0.1067
CGNX,Cognex Corporation,Information Technology,Electronic Equipment Instruments and Components,60.435,10057.56,United States and Canada,US,142.54,114.44,106.17,113.23,1046.76,994.36,914.51,0.1381,0.9596,0.03,-0.0544,0.1065
CGON,CG Oncology Inc.,Health Care,Biotechnology,57.176,5043.06,United States and Canada,US,-186.75,-161,-88.04,-48.61,5.07,4.04,1.14,6.6601,1.184,,,
CHD,Church & Dwight Co. Inc.,Consumer Staples,Household Products,97.245,23041.58,United States and Canada,US,733,736.8,585.3,755.6,6205.4,6203.2,6107.1,0.0222,-0.0187,0.011,0.028,0.0689
CHDN,Churchill Downs Incorporated,Consumer Discretionary,Hotels Restaurants and Leisure,87.23,6079.66,United States and Canada,US,389,383,426.8,417.3,2945.9,2925.9,2734.3,0.0572,-0.1333,-0.1447,-0.0279,0.1559
CHE,Chemed Corporation,Health Care,Health Care Providers and Services,424.955,5617.63,United States and Canada,US,259.78,265.24,302,272.51,2540.55,2529.98,2431.29,0.0207,-0.2257,-0.0726,-0.0244,0.1238
CHEF,The Chefs' Warehouse Inc.,Consumer Staples,Consumer Staples Distribution and Retail,88.13,3593.73,United States and Canada,US,79.44,72.36,55.48,34.59,4257.8,4149.54,3794.21,0.1001,0.4358,0.3988,0.219,0.1917
CHH,Choice Hotels International Inc.,Consumer Discretionary,Hotels Restaurants and Leisure,103.43,4665.45,United States and Canada,US,345.72,369.95,299.67,258.51,987.82,980.59,946.65,0.0364,-0.1994,-0.0406,-0.0341,0.0849
CHRD,Chord Energy Corporation,Energy,Oil Gas and Consumable Fuels,138.832,7816.13,United States and Canada,US,-66.77,44.46,848.63,1023.78,5023.77,4585.25,4917.69,-0.0026,0.3654,-0.0283,0.079,
CHRW,C.H. Robinson Worldwide Inc.,Industrials,Air Freight and Logistics,188.43,22210.82,United States and Canada,US,599.01,587.08,465.69,325.13,16198.96,16232.76,17724.96,-0.0668,0.9923,0.2797,0.135,0.0994
CHTR,Charter Communications Inc.,Communication Services,Media,137.38,19026.56,United States and Canada,US,4933,4987,5083,4557,54636,54774,55085,-0.0092,-0.6564,-0.2516,-0.2751,-0.0475
CHWY,Chewy Inc.,Consumer Discretionary,Specialty Retail,19.101,7828.54,United States and Canada,US,255.2,222.8,392.74,39.58,12842.7,12601.5,11861.33,0.0614,-0.5314,-0.1959,-0.2387,
CHYM,Chime Financial Inc.,Financials,Financial Services,16.507,6289.48,United States and Canada,US,-969.42,-1009.94,-25.34,-203.2,2315.41,2186.77,1673.27,0.2863,,,,
CIFR,Cipher Digital Inc.,Information Technology,Software,21.653,8857.14,United States and Canada,US,-897.59,-822.24,-44.63,-25.78,209.82,223.94,151.27,0.3796,4.3071,1.1072,0.1668,
CINF,Cincinnati Financial Corporation,Financials,Insurance,169.234,26178.26,United States and Canada,US,2757,2393,2292,1843,12928,12631,11337,0.1787,0.1513,0.1836,0.068,0.0915
CLBK,Columbia Financial Inc.,Financials,Banks,20.79,2165.13,United States and Canada,US,55.97,51.77,-11.65,36.09,259.2,248.88,165.43,0.4651,0.4528,0.0289,0.0419,
CLDX,Celldex Therapeutics Inc.,Health Care,Biotechnology,29.55,2319.44,United States and Canada,US,-283.65,-258.76,-157.86,-141.43,0.86,1.54,7.02,-0.8856,0.4471,-0.0529,-0.0098,-0.0711
CLF,Cleveland-Cliffs Inc.,Materials,Metals and Mining,13.005,7418.24,United States and Canada,US,-1217,-1478,-754,399,18903,18610,19185,0.0155,0.7646,-0.0666,-0.1185,0.0968
CLH,Clean Harbors Inc.,Industrials,Commercial Services and Supplies,286.965,15164.96,United States and Canada,US,395.5,390.97,402.3,377.86,6058.42,6030.84,5889.95,0.019,0.2708,0.2236,0.2475,0.1849
CLMT,Calumet Inc.,Energy,Oil Gas and Consumable Fuels,34.688,3022.96,United States and Canada,US,-188.8,-33.8,-222,47.1,4172.9,4137.1,4189.4,-0.0125,1.4514,0.2933,0.3984,0.2121
CLOV,Clover Health Investments Corp.,Health Care,Health Care Providers and Services,4.875,2567.59,United States and Canada,US,-56.94,-85.55,-43.01,-213.36,2210.37,1923.51,1370.66,0.4869,0.6414,0.6932,-0.2015,
CLSK,CleanSpark Inc.,Information Technology,Software,15.402,3952.29,United States and Canada,US,-500.59,364.46,-145.78,-138.15,739.88,766.31,378.97,0.3768,0.5448,0.5924,-0.0335,
CLX,The Clorox Company,Consumer Staples,Household Products,97.275,11762.62,United States and Canada,US,756,810,280,149,6760,7104,7093,-0.0369,-0.2296,-0.1465,-0.1119,-0.0299
CMC,Commercial Metals Company,Materials,Metals and Mining,75.414,8362.46,United States and Canada,US,505.22,84.66,485.49,859.76,8386.83,7798.48,7925.97,0.0838,0.5527,0.1738,0.1789,0.1573
CMS,CMS Energy Corporation,Utilities,Multi-Utilities,73.964,22848.93,United States and Canada,US,1107,1071,1003,887,8822,8539,7515,0.1331,0.0566,0.068,0.0404,0.0549
CNA,CNA Financial Corporation,Financials,Insurance,45.059,12189.88,United States and Canada,US,1215,1278,959,1205,15353,14989,14270,0.0623,-0.0162,0.0443,-0.0114,0.0344
CNC,Centene Corporation,Health Care,Health Care Providers and Services,63.6,31405.49,United States and Canada,US,-6444,-6674,3305,2702,178332,176151,147145,0.1637,0.1507,-0.0267,-0.0212,0.0647
CNK,Cinemark Holdings Inc.,Communication Services,Entertainment,33.731,3898.55,United States and Canada,US,170.7,138.2,309.7,188.2,3217.4,3115,3049.5,0.0685,0.0498,0.2175,0.0808,-0.0001
CNM,Core & Main Inc.,Industrials,Trading Companies and Distributors,49.14,9505.15,United States and Canada,US,449,441,411,371,7646,7647,7441,0.0046,-0.1443,0.2057,,
CNO,CNO Financial Group Inc.,Financials,Insurance,49.8,4648.76,United States and Canada,US,245.5,229.3,404,276.5,4512.9,4487.4,4449.5,0.0502,0.3284,0.2847,0.1498,0.1004
CNP,CenterPoint Energy Inc.,Utilities,Multi-Utilities,42.962,28104.43,United States and Canada,US,1071,1052,1019,917,9412,9357,8643,0.0463,0.1924,0.1402,0.1043,0.0638
CNR,Core Natural Resources Inc.,Energy,Oil Gas and Consumable Fuels,91.395,4607,United States and Canada,US,-62.9,-153.22,286.4,655.89,4231.65,4164.77,2164.41,0.6059,0.279,0.1318,0.3903,
CNS,Cohen & Steers Inc.,Financials,Capital Markets,75.345,3873.16,United States and Canada,US,155.81,153.22,151.26,129.05,567.29,556.12,517.42,0.072,-0.0108,0.0783,0.0014,0.0683
CNX,CNX Resources Corporation,Energy,Oil Gas and Consumable Fuels,32.709,4627.59,United States and Canada,US,1179.02,633.16,-90.49,1720.72,2237.85,2065.38,1345.85,0.4166,0.0209,0.2464,0.1726,0.0934
COCO,The Vita Coco Company Inc.,Consumer Staples,Beverages,78.87,4504.47,United States and Canada,US,82.91,71.32,55.95,46.63,658.62,609.78,516.01,0.2305,1.3763,0.4103,,
COGT,Cogent Biosciences Inc.,Health Care,Biotechnology,32.342,5527.63,United States and Canada,US,-354.3,-328.94,-255.86,-192.41,,,,,3.4548,0.39,0.3179,
COHU,Cohu Inc.,Information Technology,Semiconductors and Semiconductor Equipment,56.521,2666.4,United States and Canada,US,-55.54,-74.27,-69.82,28.16,481.28,452.96,401.78,0.231,1.9577,0.1378,0.0928,0.165
COKE,Coca-Cola Consolidated Inc.,Consumer Staples,Beverages,189.83,12635.9,United States and Canada,US,578.53,570.58,633.13,408.38,7494.75,7228.06,6899.72,0.0881,0.7548,0.4164,0.3442,0.3156
COLB,Columbia Banking System Inc.,Financials,Banks,30.327,8779.37,United States and Canada,US,655,550,533.67,348.71,2336,2151,1823.44,0.2759,0.2818,0.0974,-0.0087,0.0156
COLD,Americold Realty Trust Inc.,Real Estate,Industrial REITs,14.417,4113.26,United States and Canada,US,-111.72,-114.55,-94.31,-336.21,2601.57,2599.73,2662.84,-0.0095,-0.1882,-0.2144,-0.1813,
COLM,Columbia Sportswear Company,Consumer Discretionary,Textiles Apparel and Luxury Goods,65.48,3348.7,United States and Canada,US,169.28,177.22,223.27,251.4,3397.91,3397.35,3368.58,0.0062,0.0397,-0.0524,-0.0869,0.0142
COMP,Compass Inc.,Real Estate,Real Estate Management and Development,7.995,5973.49,United States and Canada,US,14.5,-58.5,-154.4,-321.3,8309.6,6961.6,5629.1,0.401,0.2281,0.3135,-0.1127,
CON,Concentra Group Holdings Parent Inc.,Health Care,Health Care Providers and Services,27.016,3457.02,United States and Canada,US,177.99,166.41,166.54,179.95,2232.22,2163.42,1900.19,0.1546,0.2319,,,
COO,The Cooper Companies Inc.,Health Care,Health Care Equipment and Supplies,66.378,12945.74,United States and Canada,US,235.8,374.9,392.3,294.2,4231,4092.4,3895.4,0.0609,-0.0706,-0.0844,-0.0668,0.0498
CORT,Corcept Therapeutics Incorporated,Health Care,Pharmaceuticals,82.09,8812.49,United States and Canada,US,47.34,99.65,141.21,106.14,769.1,761.41,675.04,0.122,0.1523,0.5195,0.3067,0.3077
CORZ,Core Scientific Inc.,Information Technology,Software,26.363,8380.41,United States and Canada,US,-1212.06,-288.62,-1437.87,-246.49,354.74,319.02,510.67,-0.1367,1.1521,,,
CPAY,Corpay Inc.,Financials,Financial Services,348.892,22804.25,United States and Canada,US,1176.66,1069.83,1003.75,981.89,4783.72,4528.4,3974.59,0.1826,0.0005,0.1334,0.0511,0.0899
CPB,The Campbell's Company,Consumer Staples,Food Products,23.145,6901.98,United States and Canada,US,608,602,567,858,9928,10253,9636,-0.029,-0.307,-0.2044,-0.1287,-0.0948
CPK,Chesapeake Utilities Corporation,Utilities,Gas Utilities,124.165,2980.55,United States and Canada,US,148.7,140.3,118.6,87.2,984.4,930,787.2,0.1716,0.0338,-0.0165,0.0059,0.0746
CPNG,Coupang Inc.,Consumer Discretionary,Broadline Retail,16.915,30363.51,United States and Canada,US,-165,208,154,1360,35130,34534,30268,0.131,-0.4019,0.0184,-0.152,
CPRT,Copart Inc.,Industrials,Commercial Services and Supplies,31.121,28812.18,United States and Canada,US,1553.2,1552.45,1363.02,1237.74,4638.87,4646.96,4236.82,0.0105,-0.3837,-0.101,-0.0006,0.1763
CPRX,Catalyst Pharmaceuticals Inc.,Health Care,Biotechnology,31.355,3837.26,United States and Canada,US,221.32,214.33,163.89,71.41,596.96,588.99,491.73,0.1165,0.234,0.3909,0.4041,0.4799
CPT,Camden Property Trust,Real Estate,Residential REITs,114.56,11930.96,United States and Canada,US,388.09,384.46,163.29,403.31,1584.87,1586.77,1555.4,0.0145,-0.0244,0.0039,-0.0327,0.0355
CQP,Cheniere Energy Partners L.P.,Energy,Oil Gas and Consumable Fuels,66.414,32147.97,United States and Canada,US,2532,2987,2510,4254,11369,10758,8704,0.2097,0.1552,0.1445,0.0897,0.0785
CR,Crane Company,Industrials,Machinery,199.48,11519.11,United States and Canada,US,326.6,366.6,294.7,255.9,2443.8,2305,2131.2,0.1217,0.069,0.351,0.1672,0.1299
CRBG,Corebridge Financial Inc.,Financials,Financial Services,27.615,12612.69,United States and Canada,US,245,-366,2230,1104,18694,18617,18566,0.1359,-0.1537,0.1829,,
CRC,California Resources Corporation,Energy,Oil Gas and Consumable Fuels,58.684,5210.84,United States and Canada,US,-463,363,376,564,3464,3403,2957,0.0377,0.2699,0.1197,0.1201,
CRCL,Circle Internet Group Inc.,Information Technology,Software,81.721,20313.88,United States and Canada,US,-79.05,-69.51,155.67,267.56,2862.2,2746.64,1676.25,0.5146,-0.3027,,,
CRGY,Crescent Energy Company,Energy,Oil Gas and Consumable Fuels,11.875,3921.74,United States and Canada,US,-284.79,132.91,-114.61,67.61,3812.44,3579.78,2930.92,0.1827,0.2553,0.0553,,
CRK,Comstock Resources Inc.,Energy,Oil Gas and Consumable Fuels,13.11,3850.35,United States and Canada,US,624.34,395.61,-229.65,211.12,2001.03,1928.35,1253.58,0.3987,-0.4524,0.096,0.147,
CRL,Charles River Laboratories International Inc.,Health Care,Life Sciences Tools and Services,184.14,8869.61,United States and Canada,US,-184.65,-144.34,22.2,474.62,4027.04,4015.38,4049.99,0.0011,0.2186,-0.0233,-0.1215,0.0806
CRNX,Crinetics Pharmaceuticals Inc.,Health Care,Pharmaceuticals,33.565,3539.1,United States and Canada,US,-496.39,-465.32,-298.41,-214.53,18.07,7.7,1.04,22.775,0.0382,0.1566,0.1459,
CROX,Crocs Inc.,Consumer Discretionary,Textiles Apparel and Luxury Goods,123.075,6115.55,United States and Canada,US,-103.75,-81.2,950.07,792.57,4024.77,4040.65,4102.11,-0.0185,0.1801,0.0193,0.0253,0.2762
CRS,Carpenter Technology Corporation,Industrials,Aerospace and Defense,548.672,27261.1,United States and Canada,US,479.1,376,186.5,56.4,3028.8,2877.1,2759.7,0.0372,1.2387,1.2037,0.6536,0.3222
CRUS,Cirrus Logic Inc.,Information Technology,Semiconductors and Semiconductor Equipment,160.725,8129.94,United States and Canada,US,414.41,414.41,331.51,274.57,1997.38,1997.38,1896.08,0.0534,0.5655,0.2781,0.1511,0.1576
CRVL,CorVel Corporation,Health Care,Health Care Providers and Services,60.2,3051.61,United States and Canada,US,110.34,110.34,95.17,76.25,958.53,958.53,895.59,0.0703,-0.4429,-0.0339,0.0804,0.1449
CSGP,CoStar Group Inc.,Real Estate,Real Estate Management and Development,33.001,13476.15,United States and Canada,US,25,7,139,375,3412,3247,2736,0.2135,-0.5965,-0.2554,-0.1761,0.0466
CSL,Carlisle Companies Incorporated,Industrials,Building Products,330.001,13322.83,United States and Canada,US,725.1,740.7,1311.8,767.4,4976.2,5019.9,5003.6,-0.0053,-0.1052,0.1232,0.1172,0.1269
CSW,CSW Industrials Inc.,Industrials,Building Products,268.655,4384.31,United States and Canada,US,112.05,112.05,136.65,101.65,1082.55,1082.55,878.3,0.2325,-0.1192,0.1966,0.1837,0.2327
CTOS,Custom Truck One Source Inc.,Industrials,Trading Companies and Distributors,10.4,2365.3,United States and Canada,US,-17.36,-31.05,-28.66,50.71,1983.35,1943.96,1802.28,0.0938,1.1941,0.1407,0.0168,
CTRE,CareTrust REIT Inc.,Real Estate,Health Care REITs,37.871,8946.65,United States and Canada,US,334.95,320.54,125.08,53.73,522.55,476.39,296.29,0.5843,0.3113,0.2425,0.0978,0.1053
CTRI,Centuri Holdings Inc.,Industrials,Construction and Engineering,28.985,2925.59,United States and Canada,US,30.8,22.39,-6.72,-186.18,3155.87,2982.78,2637.23,0.1867,0.2548,,,
CTSH,Cognizant Technology Solutions Corporation,Information Technology,IT Services,50.63,23992.01,United States and Canada,US,2229,2230,2240,2126,21406,21108,19736,0.0655,-0.3722,-0.0654,-0.066,-0.0173
CUBE,CubeSmart,Real Estate,Specialized REITs,41.428,9420.64,United States and Canada,US,327.47,333.78,391.18,410.76,1134.69,1125.57,1068.73,0.0507,-0.0437,-0.022,-0.0224,0.0342
CUBI,Customers Bancorp Inc.,Financials,Banks,75.68,2559.88,United States and Canada,US,280.83,224.09,181.47,250.14,807.99,720.35,641.39,0.366,0.4306,0.4069,0.1321,0.1136
CURA,Curaleaf Holdings Inc.,Health Care,Pharmaceuticals,14.64,2772.93,United States and Canada,US,-100.21,-231.07,-215.42,-281.2,1285.74,1268.13,1342.8,-0.0537,3.2807,0.0728,-0.2269,
CURB,Curbline Properties Corp.,Real Estate,Retail REITs,29.745,3139.27,United States and Canada,US,32.84,39.83,10.26,31.01,202.19,182.89,120.88,0.5371,0.3052,,,
CUZ,Cousins Properties Incorporated,Real Estate,Office REITs,28.646,4713.42,United States and Canada,US,-5.25,40.5,45.96,82.96,997.68,985.66,853.96,0.1174,-0.053,0.0991,-0.0632,-0.0411
CVBF,CVB Financial Corp.,Financials,Banks,20.797,3669.74,United States and Canada,US,209.2,209.3,200.72,221.44,519.4,518.96,504.82,0.0246,0.0934,0.1287,-0.0116,0.0194
CVCO,Cavco Industries Inc.,Consumer Discretionary,Household Durables,568.939,4371.72,United States and Canada,US,190.55,190.55,171.04,157.82,2244.51,2244.51,2015.46,0.1136,0.3334,0.2699,0.2107,0.193
CVI,CVR Energy Inc.,Energy,Oil Gas and Consumable Fuels,31.3,3146.61,United States and Canada,US,-42,27,7,769,7496,7162,7610,0.0139,0.2127,0.0433,0.1042,0.0505
CVLT,Commvault Systems Inc.,Information Technology,Software,126.34,5211.6,United States and Canada,US,70.66,70.66,76.11,168.91,1183.69,1183.69,995.62,0.1889,-0.329,0.2113,0.0938,0.1058
CVSA,Covista Inc.,Consumer Discretionary,Diversified Consumer Services,131.095,4461.28,United States and Canada,US,234.06,237.06,136.78,93.36,1909.81,1788.29,1584.65,0.0969,0.0921,0.4606,0.2729,0.2284
CW,Curtiss-Wright Corporation,Industrials,Aerospace and Defense,738.948,27297.6,United States and Canada,US,511.08,484.23,404.98,354.51,3606.41,3498.37,3121.19,0.1222,0.5665,0.6177,0.4187,0.2393
CWAN,Clearwater Analytics Holdings Inc.,Information Technology,Software,24.375,7300.36,United States and Canada,US,-48.09,-38.81,424.38,-21.63,825.73,731.37,451.8,0.7349,0.0552,0.139,,
CWK,Cushman & Wakefield Limited,Real Estate,Real Estate Management and Development,13.246,3103.54,United States and Canada,US,73.7,88.2,131.3,-35.4,10539.4,10288.2,9446.5,0.104,0.2438,0.1337,-0.0635,
CWST,Casella Waste Systems Inc.,Industrials,Commercial Services and Supplies,90.745,5772.28,United States and Canada,US,7.14,7.87,13.54,25.4,1877.07,1836.84,1557.28,0.1492,-0.2222,-0.0063,0.0663,0.2834
CWT,California Water Service Group,Utilities,Water Utilities,45.761,2738.95,United States and Canada,US,118.92,128.21,190.81,51.91,1010.74,1000.14,1036.81,0.042,-0.0203,-0.0668,-0.049,0.0367
CXT,Crane NXT Co.,Information Technology,Electronic Equipment Instruments and Components,39.476,2271.54,United States and Canada,US,129.8,145.1,184.1,188.3,1714.1,1656.7,1486.8,0.1401,-0.2911,-0.1105,,
CXW,CoreCivic Inc.,Industrials,Commercial Services and Supplies,27.04,2673.94,United States and Canada,US,129.31,116.5,68.87,67.59,2337.28,2211.18,1961.65,0.1989,0.2612,0.429,0.1882,-0.0236
CYTK,Cytokinetics Incorporated,Health Care,Biotechnology,69.31,9410.26,United States and Canada,US,-829.61,-784.96,-589.53,-526.24,105.81,88.04,18.47,4.506,1.0933,0.2317,0.2691,0.2376
CZR,Caesars Entertainment Inc.,Consumer Discretionary,Hotels Restaurants and Leisure,29.475,6003.38,United States and Canada,US,-485,-502,-278,786,11562,11486,11245,0.0235,0.0565,-0.1526,-0.2319,0.069
DAN,Dana Incorporated,Consumer Discretionary,Automobile Components,31.089,3364.94,United States and Canada,US,1147,85,-57,38,7587,7500,10284,-0.2451,0.7554,0.2773,0.0338,0.1
DAR,Darling Ingredients Inc.,Consumer Staples,Food Products,58.165,9244.01,United States and Canada,US,223.28,62.8,278.88,647.73,6306.1,6135.88,5715.18,0.1111,0.8477,-0.0267,-0.0414,0.142
DAVE,Dave Inc.,Financials,Consumer Finance,268.195,3409.9,United States and Canada,US,224.99,195.87,57.87,-48.52,604.62,554.18,347.08,0.5852,0.1577,2.5996,-0.0335,
DBD,Diebold Nixdorf Incorporated,Information Technology,Technology Hardware Storage and Peripherals,80.025,2771.14,United States and Canada,US,107.9,94.6,-16.5,1376.1,3856.4,3805.7,3751.1,0.0432,0.5694,,,
DBRG,DigitalBridge Group Inc.,Financials,Capital Markets,15.695,2948.48,United States and Canada,US,148.06,141.87,70.52,185.28,120.75,93.96,607.03,-0.792,0.4765,0.0281,-0.1314,
DBX,Dropbox Inc.,Information Technology,Software,27,6299.12,United States and Canada,US,472.6,508.4,452.3,453.6,2525.8,2521,2548.2,-0.0062,-0.0483,0.0399,-0.019,
DCI,Donaldson Company Inc.,Industrials,Machinery,83.59,9689.01,United States and Canada,US,438.8,367,414,358.8,3807.5,3690.9,3586.3,0.0444,0.1977,0.1163,0.0619,0.0887
DCO,Ducommun Incorporated,Industrials,Aerospace and Defense,159.922,2412.51,United States and Canada,US,-28.84,-37.35,21.68,15.93,841.38,824.84,786.44,0.0676,1.1432,0.5157,0.2318,0.2368
DD,DuPont de Nemours Inc.,Materials,Chemicals,45.249,18328.48,United States and Canada,US,-29,-779,703,423,6918,6849,6719,0.2811,-0.348,-0.1337,-0.1132,-0.1186
DDS,Dillard's Inc.,Consumer Discretionary,Broadline Retail,600.547,9380.23,United States and Canada,US,656.92,570.19,593.48,738.85,6604.99,6563.34,6590.23,0.0062,0.4901,0.2042,0.2885,0.2629
DECK,Deckers Outdoor Corporation,Consumer Discretionary,Textiles Apparel and Luxury Goods,111.88,15538,United States and Canada,US,1024.07,1024.07,966.09,759.56,5472.3,5472.3,4985.61,0.0976,0.0366,0.1116,0.1494,0.2847
DEI,Douglas Emmett Inc.,Real Estate,Office REITs,12.265,2522.68,United States and Canada,US,-26.03,16.27,23.52,-42.71,1003.41,1003.98,989.07,0.0078,-0.1801,-0.0084,-0.1948,-0.0976
DFTX,Definium Therapeutics Inc.,Health Care,Pharmaceuticals,23.783,2593.94,United States and Canada,US,-237.54,-183.79,-108.68,-95.73,,,,,2.2139,0.8629,-0.1655,
DG,Dollar General Corporation,Consumer Staples,Consumer Staples Distribution and Retail,112.409,24795.92,United States and Canada,US,1564.51,1512.31,1125.25,1661.27,43075.36,42724.37,40612.31,0.0472,0.0086,-0.0975,-0.1169,0.0208
DGII,Digi International Inc.,Information Technology,Communications Equipment,66.415,2503.99,United States and Canada,US,43.24,40.8,22.5,24.77,475.06,430.22,424.05,0.1348,0.9279,0.21,0.2755,0.1964
DGX,Quest Diagnostics Incorporated,Health Care,Health Care Providers and Services,204.505,22637.97,United States and Canada,US,1024,992,871,854,11278,11035,9872,0.1103,0.1555,0.1493,0.0994,0.1019
DHC,Diversified Healthcare Trust,Real Estate,Health Care REITs,8.845,2141.44,United States and Canada,US,-320.18,-285.89,-370.25,-293.57,1517.46,1537.85,1495.43,0.0039,1.6246,0.491,0.169,-0.0735
DINO,HF Sinclair Corporation,Energy,Oil Gas and Consumable Fuels,71.285,12850.93,United States and Canada,US,1231,579,177,1590,27622,26869,28580,-0.0108,0.8468,0.1583,0.1548,0.1017
DIOD,Diodes Incorporated,Information Technology,Semiconductors and Semiconductor Equipment,101.917,4682.55,United States and Canada,US,85.54,66.14,44.02,227.18,1555.43,1482.07,1311.12,0.1597,1.0015,0.0364,0.0575,0.177
DJT,Trump Media & Technology Group Corp.,Communication Services,Interactive Media and Services,7.975,2208.71,United States and Canada,US,-1086.15,-712.06,-400.86,-58.19,3.73,3.68,3.62,0.0172,-0.6114,-0.1458,,
DK,Delek US Holdings Inc.,Energy,Oil Gas and Consumable Fuels,48.448,2969.26,United States and Canada,US,-51.4,-22.8,-560.4,19.8,10734.1,10722.9,11852.2,-0.0556,1.3866,0.2625,0.1586,0.1371
DKL,Delek Logistics Partners LP,Energy,Oil Gas and Consumable Fuels,54.149,2879.01,United States and Canada,US,169.78,176.46,142.69,126.24,1060.86,1013.32,940.64,0.1304,0.2696,0.0055,0.0412,0.0759
DKNG,DraftKings Inc.,Consumer Discretionary,Hotels Restaurants and Leisure,29.643,14706.75,United States and Canada,US,58.64,3.71,-507.29,-802.14,6291.8,6054.52,4767.7,0.258,-0.2174,0.0591,-0.1101,
DKS,DICK'S Sporting Goods Inc.,Consumer Discretionary,Specialty Retail,214.685,19214.85,United States and Canada,US,904.77,849.24,1165.31,1046.52,19204.95,17215.12,13442.85,0.4122,0.1617,0.1647,0.1646,0.1776
DLB,Dolby Laboratories Inc.,Information Technology,Software,52.272,4944.83,United States and Canada,US,243.65,255.02,261.82,200.66,1364.91,1349.13,1273.72,0.0339,-0.3053,-0.1428,-0.122,0.0091
DLTR,Dollar Tree Inc.,Consumer Staples,Consumer Staples Distribution and Retail,112.654,21649.24,United States and Canada,US,1286.4,1282.5,-3030.1,-998.4,19747.9,19411.8,17578.5,0.0941,0.1958,-0.0508,0.0217,0.0212
DNLI,Denali Therapeutics Inc.,Health Care,Biotechnology,21.003,3333.38,United States and Canada,US,-508.02,-512.54,-422.77,-145.22,,,,,0.3827,-0.1168,-0.2246,
DNOW,DNOW Inc.,Industrials,Trading Companies and Distributors,13.785,2516.4,United States and Canada,US,-154,-89,78,250,3404,2820,2373,0.413,-0.0871,0.1093,0.0498,-0.029
DNTH,Dianthus Therapeutics Inc.,Health Care,Biotechnology,79.412,4341.15,United States and Canada,US,-173.66,-162.34,-84.97,-43.55,1.34,2.04,6.24,-0.7952,3.3826,,,
DOC,Healthpeak Properties Inc.,Real Estate,Health Care REITs,20.456,14368.7,United States and Canada,US,222.15,71.35,243.14,306.01,2872.57,2822.51,2700.45,0.0271,0.1682,-0.0038,-0.1007,-0.0507
DOCN,DigitalOcean Holdings Inc.,Information Technology,IT Services,172.67,18020.56,United States and Canada,US,236.83,259.26,84.49,19.41,948.63,901.43,780.62,0.1761,4.9789,0.5772,0.3306,
DOCS,Doximity Inc.,Health Care,Health Care Technology,19.813,3623.24,United States and Canada,US,196.05,196.05,223.19,147.58,644.86,644.86,570.4,0.1305,-0.6552,-0.1444,,
DOCU,DocuSign Inc.,Information Technology,Software,44.598,8515.75,United States and Canada,US,315.19,309.08,1067.88,73.98,3286.08,3219.5,2976.74,0.0842,-0.415,-0.0784,-0.2932,
DORM,Dorman Products Inc.,Consumer Discretionary,Automobile Components,127.637,3814.15,United States and Canada,US,190.24,204.19,190,129.26,2151.4,2130.32,2009.2,0.0504,0.003,0.1494,0.0439,0.0872
DOV,Dover Corporation,Industrials,Machinery,214.838,28930.39,United States and Canada,US,1101.57,1093.96,2697.13,1056.83,8280.14,8092.57,7745.91,0.0714,0.1993,0.1499,0.0719,0.1175
DOW,Dow Inc.,Materials,Chemicals,34.805,25085.41,United States and Canada,US,-2849,-2623,1116,589,39331,39968,42964,-0.0774,0.1345,-0.1235,-0.1253,
DOX,Amdocs Limited,Information Technology,IT Services,55.805,5924.48,United States and Canada,US,545.71,564.7,493.2,540.71,4622.57,4532.91,5004.99,-0.0273,-0.4032,-0.1601,-0.0714,-0.0028
DPZ,Domino's Pizza Inc.,Consumer Discretionary,Hotels Restaurants and Leisure,309.413,10291.65,United States and Canada,US,591.86,601.7,584.17,519.12,4978.53,4939.99,4706.42,0.0517,-0.3076,0.0125,-0.0734,0.0937
DRH,DiamondRock Hospitality Company,Real Estate,Hotel and Resort REITs,11.795,2420.1,United States and Canada,US,104.04,101.43,48.05,86.34,1123.8,1120.49,1129.88,-0.004,0.518,0.1239,0.0257,0.0277
DRI,Darden Restaurants Inc.,Consumer Discretionary,Hotels Restaurants and Leisure,208.085,23833.02,United States and Canada,US,1105.6,1049.6,1027.6,981.9,12763.8,12076.7,11390,0.0851,-0.044,0.087,0.0838,0.1185
DRS,Leonardo DRS Inc.,Industrials,Aerospace and Defense,48.409,12913.69,United States and Canada,US,290,278,213,168,3695,3648,3234,0.1046,0.0844,0.4377,,
DRVN,Driven Brands Holdings Inc.,Consumer Discretionary,Diversified Consumer Services,13.664,2253.64,United States and Canada,US,140.16,140.16,-292.5,-744.96,1862.44,1862.44,2339.59,-0.2039,-0.2214,-0.2015,-0.1445,
DT,Dynatrace Inc.,Information Technology,Software,40.282,11741.23,United States and Canada,US,162.67,162.67,483.68,154.63,2018.39,2018.39,1698.68,0.1882,-0.2522,-0.0752,-0.0618,
DTE,DTE Energy Company,Utilities,Multi-Utilities,146.816,30541.88,United States and Canada,US,1264,1462,1404,1397,16515,15814,12457,0.2093,0.0878,0.096,0.0115,0.0457
DTM,DT Midstream Inc.,Energy,Oil Gas and Consumable Fuels,141.32,14416.64,United States and Canada,US,463,441,354,384,1276,1243,981,0.2222,0.3394,0.4238,,
DUOL,Duolingo Inc.,Consumer Discretionary,Diversified Consumer Services,120.071,5594.48,United States and Canada,US,422.39,414.06,88.57,16.07,1098.81,1037.59,748.02,0.3545,-0.7466,-0.083,,
DVA,DaVita Inc.,Health Care,Health Care Providers and Services,202.65,13010.13,United States and Canada,US,781.42,746.8,936.34,691.53,13835.09,13643.07,12815.55,0.0668,0.4667,0.2754,0.1063,0.1028
DX,Dynex Capital Inc.,Real Estate,Mortgage Real Estate Investment Trusts (REITs),12.845,2763.61,United States and Canada,US,241.78,319.07,113.9,-6.13,303.96,372.11,150.4,1.814,0.0435,0.0209,-0.0863,-0.0472
DXCM,DexCom Inc.,Health Care,Health Care Equipment and Supplies,74.872,28891.08,United States and Canada,US,930.4,836.3,576.2,541.5,4817.9,4662,4033,0.1615,-0.0978,-0.1552,-0.0563,0.1532
DXPE,DXP Enterprises Inc.,Industrials,Trading Companies and Distributors,164.26,2546.9,United States and Canada,US,88.07,88.68,70.49,68.81,2061.45,2016.37,1802.04,0.1048,1.0477,0.6606,0.3825,0.2787
DY,Dycom Industries Inc.,Industrials,Construction and Engineering,455.491,13679.06,United States and Canada,US,311.43,281.19,233.41,218.92,6252.09,5545.91,4702.01,0.2976,0.9263,0.6083,0.4124,0.183
DYN,Dyne Therapeutics Inc.,Health Care,Biotechnology,17.915,2961.6,United States and Canada,US,-451.71,-446.21,-317.42,-235.94,,,,,0.2296,0.1136,-0.0268,
EAT,Brinker International Inc.,Consumer Discretionary,Hotels Restaurants and Leisure,153.754,6594.17,United States and Canada,US,462.9,383.1,155.3,102.6,5733.5,5384.2,4415.1,0.1175,-0.1255,0.6203,0.2032,0.1272
EBC,Eastern Bankshares Inc.,Financials,Banks,20.481,4485.53,United States and Canada,US,371.15,88.22,119.56,232.18,1032.72,696.45,664.13,1.2442,0.3439,0.1694,-0.0071,
ECG,Everus Construction Group Inc.,Industrials,Construction and Engineering,140.655,7179.26,United States and Canada,US,223.41,201.77,143.42,137.23,3956.71,3746.39,2849.68,0.297,1.3322,,,
EE,Excelerate Energy Inc.,Energy,Oil Gas and Consumable Fuels,33.348,3796.98,United States and Canada,US,40.13,39.2,32.88,30.41,1346.61,1228.26,851.44,0.3934,0.0641,0.1808,,
EEFT,Euronet Worldwide Inc.,Financials,Financial Services,63.865,2431.67,United States and Canada,US,308.6,309.5,306,279.7,4340.5,4244.2,3989.8,0.0722,-0.4335,-0.1701,-0.1635,-0.0205
EFR,Energy Fuels Inc.,Energy,Oil Gas and Consumable Fuels,20.15,3610.38,United States and Canada,US,-70.18,-85.63,-47.76,99.86,84.86,65.92,78.11,0.1793,1.7156,0.3339,0.1872,0.2022
EFSC,Enterprise Financial Services Corp,Financials,Banks,62.745,2295.58,United States and Canada,US,200.78,201.37,185.27,194.06,693.68,673.72,607.34,0.1202,0.1728,0.1379,0.054,0.0857
EFX,Equifax Inc.,Industrials,Professional Services,157.6,18765.81,United States and Canada,US,698.7,660.3,604.1,545.3,6281.4,6074.5,5681.1,0.0955,-0.4195,-0.1101,-0.0735,0.0243
EGP,EastGroup Properties Inc.,Real Estate,Industrial REITs,201.372,10807.67,United States and Canada,US,292.6,257.4,227.75,200.49,735.38,719.57,638.53,0.1163,0.1702,0.0581,0.0361,0.1146
EHC,Encompass Health Corporation,Health Care,Health Care Providers and Services,103.824,10299.25,United States and Canada,US,609.2,566.2,455.7,352,6066.4,5935.2,5373.2,0.1005,-0.1305,0.1798,0.0436,0.0985
EIX,Edison International,Utilities,Electric Utilities,72.306,27822.91,United States and Canada,US,3554,4459,1284,1197,19609,19317,17599,0.1314,0.4575,0.022,0.0452,-0.0023
EL,The Estée Lauder Companies Inc.,Consumer Staples,Personal Care Products,86.551,31313.71,United States and Canada,US,-248,-1133,390,1006,14833,14326,15608,0.0032,0.2389,-0.211,-0.2201,-0.0056
ELAN,Elanco Animal Health Incorporated,Health Care,Pharmaceuticals,22.872,11423.41,United States and Canada,US,-242,-232,338,-1231,4893,4715,4439,0.1053,0.6028,0.3605,-0.0745,
ELF,e.l.f. Beauty Inc.,Consumer Staples,Personal Care Products,58.158,3456.94,United States and Canada,US,26.32,26.32,112.09,127.66,1636.47,1636.47,1313.52,0.2459,-0.5329,-0.177,0.1535,
ELS,Equity LifeStyle Properties Inc.,Real Estate,Residential REITs,64.699,12964.63,United States and Canada,US,385.2,386.49,367,314.19,1542.41,1537.9,1532.41,0.003,0.033,-0.0018,-0.0315,0.0592
ELVN,Enliven Therapeutics Inc.,Health Care,Pharmaceuticals,41.453,2524.69,United States and Canada,US,-98.78,-103.69,-89.02,-71.58,,,,,1.1144,0.2416,,
EMAT,Evolution Metals & Technologies Corp.,Materials,Metals and Mining,6.85,4064.45,United States and Canada,US,-1041.62,-618,-64.32,,1.88,,,,-0.4731,-0.1326,,
EMN,Eastman Chemical Company,Materials,Chemicals,71.92,8220.4,United States and Canada,US,399,474,905,894,8639,8752,9382,-0.0772,-0.1014,-0.0367,-0.1051,-0.0014
ENPH,Enphase Energy Inc.,Information Technology,Semiconductors and Semiconductor Equipment,52.626,6936.01,United States and Canada,US,135,172.13,102.66,438.94,1399.8,1472.98,1330.38,-0.0164,0.1622,-0.3288,-0.1858,0.3844
ENS,EnerSys,Industrials,Electrical Equipment,222.797,8136.05,United States and Canada,US,293.56,293.56,363.74,269.1,3751.38,3751.38,3617.58,0.037,1.4794,0.288,0.186,0.1311
ENSG,The Ensign Group Inc.,Health Care,Health Care Providers and Services,151.95,8806.93,United States and Canada,US,363.36,343.97,297.97,209.4,5274,5057.84,4260.48,0.1923,0.0167,0.1779,0.1249,0.22
ENTG,Entegris Inc.,Information Technology,Semiconductors and Semiconductor Equipment,137.144,20914.46,United States and Canada,US,264.7,235.6,292.8,180.7,3235.3,3196.6,3241.2,-0.0025,0.7475,0.0791,0.0333,0.2531
ENVA,Enova International Inc.,Financials,Consumer Finance,182.246,4546.19,United States and Canada,US,326.54,308.39,209.45,175.12,1580.21,1490.94,1239.01,0.2115,0.879,0.5223,0.3859,0.3751
EOSE,Eos Energy Enterprises Inc.,Industrials,Electrical Equipment,6.125,2079.52,United States and Canada,US,-475.9,-969.65,-685.87,-229.51,160.71,114.2,15.61,7.2576,0.5274,0.3114,-0.2097,
EPAM,EPAM Systems Inc.,Information Technology,IT Services,91.13,4761.04,United States and Canada,US,386.72,377.68,454.53,417.08,5555.43,5457.06,4727.94,0.1421,-0.4839,-0.2439,-0.2908,0.0245
EPR,EPR Properties,Real Estate,Specialized REITs,59.468,4549.76,United States and Canada,US,271.74,274.94,146.07,173.05,720.2,713.96,688.25,0.0332,0.0404,0.0941,0.0205,-0.0222
EPRT,Essential Properties Realty Trust Inc.,Real Estate,Diversified REITs,30.685,6653.08,United States and Canada,US,256.7,253.01,203,190.71,590.66,561.22,449.61,0.2423,-0.0628,0.0755,0.0152,
EQH,Equitable Holdings Inc.,Financials,Financial Services,42.092,11849.71,United States and Canada,US,-822,-1380,1307,1302,11324,11670,12747,-0.2503,-0.2143,0.1654,0.062,
EQPT,EquipmentShare.com Inc.,Industrials,Trading Companies and Distributors,19.238,4855.19,United States and Canada,US,22,3,-37.9,-14.5,4652,4379,3763.3,0.2361,,,,
EQR,Equity Residential,Real Estate,Residential REITs,67.106,25771.23,United States and Canada,US,953.58,1120.09,1035.83,835.44,3112.99,3093.96,2980.11,0.0342,-0.0312,0.0046,-0.0363,0.0041
EQT,EQT Corporation,Energy,Oil Gas and Consumable Fuels,51.929,32480.45,United States and Canada,US,3284.34,2039.25,230.58,1735.23,9364.13,8180.72,5041.96,0.5212,-0.0378,0.1041,0.1766,-0.0367
ERAS,Erasca Inc.,Health Care,Biotechnology,13.815,4296.25,United States and Canada,US,-277.02,-124.55,-161.65,-125.04,,,,,8.0888,0.6707,,
ERIE,Erie Indemnity Company,Financials,Insurance,230.168,12035.45,United States and Canada,US,571.39,559.34,600.31,446.06,4089.77,4067.26,3795.11,0.0476,-0.3548,0.0179,0.0394,0.0893
EROC,ERock Inc.,Industrials,Electrical Equipment,18.871,4140.3,United States and Canada,US,-60.3,-59.03,,,190.77,183.15,,,,,,
EROK,EagleRock Land LLC,Energy,Energy Equipment and Services,20.739,2698.66,United States and Canada,US,-73.07,-73.07,,,72.17,72.17,,,,,,
ES,Eversource Energy,Utilities,Electric Utilities,69.489,26133.42,United States and Canada,US,1748.42,1692.37,811.65,-442.24,13933.25,13547.24,11900.81,0.0983,0.0601,-0.0042,-0.0344,0.0206
ESAB,ESAB Corporation,Industrials,Machinery,83.47,5081.8,United States and Canada,US,207.05,226.77,264.84,205.28,2910.01,2842.55,2740.8,0.0663,-0.3403,0.0885,,
ESE,ESCO Technologies Inc.,Industrials,Machinery,311.003,8057.21,United States and Canada,US,308.14,299.22,101.88,92.55,1248.02,1095.39,1026.76,0.1762,0.6675,0.4745,0.2812,0.2251
ESI,Element Solutions Inc,Materials,Chemicals,41.19,10034.18,United States and Canada,US,148.7,190.8,244.2,118.1,2797.5,2551.2,2456.9,0.13,0.8947,0.3048,0.1082,0.1549
ESS,Essex Property Trust Inc.,Real Estate,Residential REITs,282.068,18742.54,United States and Canada,US,572.74,669.67,741.52,405.82,1966.02,1935.44,1826.38,0.0563,-0.0144,0.0636,-0.0213,0.0302
ESTA,Establishment Labs Holdings Inc.,Health Care,Health Care Equipment and Supplies,82.225,2419.91,United States and Canada,US,-43.74,-51.06,-84.6,-78.5,229.58,211.08,166.03,0.3486,1.1335,0.0622,0.0076,
ETNB,89bio Inc.,Health Care,Biotechnology,14.84,2308.62,United States and Canada,US,-450.21,-367.08,-142.19,-102.03,,,,,0.9075,0.1584,-0.0852,
ETSY,Etsy Inc.,Consumer Discretionary,Broadline Retail,68.805,6529.34,United States and Canada,US,284.76,162.98,303.28,307.57,2902.57,2883.5,2808.33,0.0461,0.1429,-0.0895,-0.1612,0.2195
EVR,Evercore Inc.,Financials,Capital Markets,344.493,14255.98,United States and Canada,US,746.97,591.92,378.28,255.48,4553.62,3856.88,2979.94,0.4718,0.3917,0.4182,0.1939,0.2128
EVRG,Evergy Inc.,Utilities,Electric Utilities,83.536,19256.14,United States and Canada,US,882.1,855.6,873.5,731.3,6030.8,5961.6,5847.3,0.0238,0.2374,0.12,0.0541,0.0401
EWBC,East West Bancorp Inc.,Financials,Banks,128.466,17599.36,United States and Canada,US,1392.71,1325.19,1165.59,1161.16,2785.26,2697.06,2385.69,0.1568,0.3696,0.3442,0.1225,0.1328
EWTX,Edgewise Therapeutics Inc.,Health Care,Pharmaceuticals,33.938,3651.49,United States and Canada,US,-176.01,-167.79,-133.81,-100.16,,,,,1.1548,0.52,0.0554,
EXE,Expand Energy Corporation,Energy,Oil Gas and Consumable Fuels,87.802,21004.77,United States and Canada,US,3227,1819,-714,2419,12956,11639,4259,0.9726,-0.2177,0.0318,0.0932,
EXEL,Exelixis Inc.,Health Care,Biotechnology,53.463,13438.2,United States and Canada,US,833.42,782.57,521.27,207.76,2375.49,2320.13,2168.7,0.0333,0.2904,0.4055,0.1839,0.2188
EXLS,ExlService Holdings Inc.,Industrials,Professional Services,28.611,4371.27,United States and Canada,US,251.54,251.02,198.3,184.56,2157.01,2087.68,1838.37,0.1335,-0.3988,-0.022,0.0634,0.1079
EXP,Eagle Materials Inc.,Materials,Construction Materials,211.129,6534.05,United States and Canada,US,423.81,423.81,463.42,477.64,2308.66,2308.66,2260.51,0.0213,0.0654,0.0823,0.069,0.1022
EXPD,Expeditors International of Washington Inc.,Industrials,Air Freight and Logistics,166.19,21736.18,United States and Canada,US,836.15,810.33,810.07,752.88,11185.55,11069.01,10600.51,0.0113,0.4521,0.1292,0.0575,0.1292
EXPE,Expedia Group Inc.,Consumer Discretionary,Hotels Restaurants and Leisure,218.348,26206.58,United States and Canada,US,1488,1294,1234,797,15171,14733,13691,0.1001,0.2598,0.2542,0.0477,0.0741
EXPO,Exponent Inc.,Industrials,Professional Services,56.065,2719.8,United States and Canada,US,108.93,106.01,109,100.34,551.14,536.76,518.49,0.0625,-0.2644,-0.1643,-0.089,0.0726
EXR,Extra Space Storage Inc.,Real Estate,Specialized REITs,149.005,32882.74,United States and Canada,US,944.1,974,854.68,803.2,3478.42,3446.36,3324.17,0.0354,-0.0084,0.0103,-0.0135,0.0533
EXTR,Extreme Networks Inc.,Information Technology,Communications Equipment,30.019,3925.83,United States and Canada,US,16.27,-7.47,-85.96,78.07,1252.05,1140.07,1117.2,0.149,0.7986,0.0894,0.2118,0.2388
FA,First Advantage Corporation,Industrials,Professional Services,15.58,2672.55,United States and Canada,US,8.54,-34.82,-110.27,37.29,1605,1574.39,860.21,0.5353,-0.1615,0.0412,,
FAC,Factorial Energy Inc.,Industrials,Electrical Equipment,17.595,2375.61,United States and Canada,US,,,,,,,,,,,,
FAF,First American Financial Corporation,Financials,Insurance,64.864,6609.64,United States and Canada,US,672.7,621.8,131.1,216.8,7707.9,7452.2,6128.1,0.2262,0.108,0.0486,-0.0035,0.0564
FBIN,Fortune Brands Innovations Inc.,Industrials,Building Products,40.895,4878.5,United States and Canada,US,271.6,298.8,471.9,404.5,4441.4,4463.2,4609,-0.0201,-0.2113,-0.1461,-0.1615,-0.0326
FBK,FB Financial Corporation,Financials,Banks,53.78,2770.93,United States and Canada,US,140.79,122.62,116.03,120.22,557.67,516.73,443.57,0.1986,0.2237,0.2136,0.0596,
FBNC,First Bancorp,Financials,Banks,60.315,2495.56,United States and Canada,US,121.3,111.05,76.22,104.13,393.33,378.81,333.72,0.1321,0.4464,0.2252,0.0732,0.1209
FBP,First BanCorp.,Financials,Banks,24.775,3805.9,United States and Canada,US,356.58,344.87,298.72,302.86,932.9,914.86,876.76,0.058,0.2204,0.2484,0.1445,0.1904
FCFS,FirstCash Holdings Inc.,Financials,Consumer Finance,209.989,9205.22,United States and Canada,US,354.49,330.38,258.81,219.3,3876.27,3661.04,3388.51,0.1439,0.6062,0.2943,0.204,0.1613
FCN,FTI Consulting Inc.,Industrials,Professional Services,158.502,4686.91,United States and Canada,US,266.68,270.87,280.09,274.89,3873.92,3788.86,3698.65,0.056,-0.0082,-0.0604,0.0237,0.1393
FCNCA,First Citizens BancShares Inc.,Financials,Banks,2098.046,24102.66,United States and Canada,US,2257,2206,2777,11466,9141,9036,9329,0.0055,0.1213,0.177,0.1959,0.2357
FCPT,Four Corners Property Trust Inc.,Real Estate,Specialized REITs,25.1,2757.58,United States and Canada,US,116.54,112.36,100.47,95.34,300.82,294.13,268.07,0.1016,-0.0886,-0.0158,-0.0259,0.0222
FDS,FactSet Research Systems Inc.,Financials,Capital Markets,243.944,8887.15,United States and Canada,US,587.79,597.04,537.13,468.17,2401.06,2321.75,2203.06,0.0651,-0.4238,-0.1499,-0.0577,0.0436
FDXF,FedEx Freight Holding Company Inc.,Industrials,Ground Transportation,184.59,22016.05,United States and Canada,US,903,1346,1574,1581,8684,8892,9424,-0.0785,,,,
FE,FirstEnergy Corp.,Utilities,Electric Utilities,46.711,27019.1,United States and Canada,US,1065,1020,978,1102,15338,14901,13286,0.1144,0.1617,0.0654,0.038,0.0332
FELE,Franklin Electric Co. Inc.,Industrials,Machinery,100.074,4421.49,United States and Canada,US,150.46,147.09,180.31,193.27,2176.44,2131.25,2021.34,0.0798,0.1516,0.0033,0.0435,0.1183
FFBC,First Financial Bancorp.,Financials,Banks,31.52,3307.37,United States and Canada,US,278.76,255.6,228.83,255.86,917.19,855.34,756.07,0.2012,0.3117,0.1309,0.0448,0.047
FFIN,First Financial Bankshares Inc.,Financials,Banks,33.065,4706.53,United States and Canada,US,263.78,253.58,223.51,198.98,622.1,602.99,536.91,0.1238,-0.1032,0.0427,-0.0846,0.0698
FFIV,F5 Inc.,Information Technology,Communications Equipment,392.029,22117.98,United States and Canada,US,708.21,692.38,566.78,394.95,3224.63,3088.07,2816.12,0.0969,0.3385,0.3862,0.1525,0.1261
FG,F&G Annuities & Life Inc.,Financials,Insurance,28.574,3785.63,United States and Canada,US,534,265,639,-58,6010,5731,5778,0.1745,-0.1235,0.0753,,
FHB,First Hawaiian Inc.,Financials,Banks,27.955,3400.7,United States and Canada,US,284.8,276.27,230.13,234.98,868.43,853.59,793.79,0.0927,0.1571,0.1354,-0.0045,
FHI,Federated Hermes Inc.,Financials,Capital Markets,57.41,4158.27,United States and Canada,US,398.54,403.3,268.31,298.98,1856.08,1800.66,1632.09,0.1186,0.3553,0.1497,0.12,0.064
FHN,First Horizon Corporation,Financials,Banks,24.688,11717.36,United States and Canada,US,1026,982,775,897,3429,3354,3040,0.1268,0.2369,0.2814,0.0617,0.0589
FIBK,First Interstate BancSystem Inc.,Financials,Banks,36.219,3518.42,United States and Canada,US,312.1,302.1,226,257.5,1040.1,1032,931.9,0.1278,0.3052,0.1324,-0.0441,0.0242
FICO,Fair Isaac Corporation,Information Technology,Software,1183.733,27451.84,United States and Canada,US,759.63,651.95,512.81,429.38,2255.8,1990.87,1717.53,0.2257,-0.3442,0.1513,0.1857,0.2639
FIG,Figma Inc.,Information Technology,Software,19.067,10074.56,United States and Canada,US,-1437.75,-1250.46,-732.12,285.86,1161.03,1055.79,749.01,0.4142,,,,
FIGR,Figure Technology Solutions Inc.,Financials,Consumer Finance,27.776,6141.3,United States and Canada,US,179.62,133.86,17.21,-47.94,510.35,432.06,292.68,0.7438,,,,
FINN,First National of Nebraska Inc.,Financials,Banks,18499,4998.98,United States and Canada,US,389.01,412.43,227.44,322.53,1888.62,1890.49,1558.94,0.1559,0.4498,0.1131,0.069,0.1051
FIS,Fidelity National Information Services Inc.,Financials,Financial Services,38.423,19860.05,United States and Canada,US,2671,382,1450,-6655,11440,10677,10127,0.1226,-0.526,-0.1106,-0.2338,-0.0638
FISV,Fiserv Inc.,Financials,Financial Services,52.352,27916.91,United States and Canada,US,3200,3480,3131,3068,21090,21193,20456,0.0187,-0.6885,-0.2342,-0.1382,-0.0016
FIVE,Five Below Inc.,Consumer Discretionary,Specialty Retail,199.775,11046.63,United States and Canada,US,440.55,358.64,253.61,301.11,5079.22,4764.15,3876.53,0.2587,0.5978,0.0255,0.0104,0.1614
FIZZ,National Beverage Corp.,Consumer Staples,Beverages,36.711,3437.33,United States and Canada,US,188.09,186.82,176.73,142.16,1197.06,1201.35,1191.69,0.0101,-0.1991,-0.0843,-0.0574,0.0277
FLG,Flagstar Bank National Association,Financials,Banks,14.465,6029.23,United States and Canada,US,-56,-177,-1118,-79,1965,1878,1581,0.2653,0.2524,-0.2386,-0.1627,-0.1094
FLNC,Fluence Energy Inc.,Industrials,Electrical Equipment,22.566,4159.15,United States and Canada,US,-41.8,-48.31,22.72,-69.62,2584.55,2262.83,2698.56,0.1093,3.568,-0.0428,,
FLOC,Flowco Holdings Inc.,Energy,Energy Equipment and Services,24.34,2199.01,United States and Canada,US,42.67,41.4,80.25,58.09,776.9,759.72,535.28,0.1755,0.3651,,,
FLR,Fluor Corporation,Industrials,Construction and Engineering,48.408,6761.14,United States and Canada,US,350,-51,2145,139,15184,15503,16315,-0.0833,-0.0278,0.1841,0.2017,-0.0073
FLS,Flowserve Corporation,Industrials,Machinery,74.183,9481.11,United States and Canada,US,354.02,346.25,282.76,186.74,4652.99,4729.26,4557.81,0.0083,0.568,0.2688,0.1153,0.0385
FLUT,Flutter Entertainment plc,Consumer Discretionary,Hotels Restaurants and Leisure,111.246,19283.32,United States and Canada,US,-375,-310,43,-1222,17022,16383,14048,0.189,-0.587,-0.1646,-0.1028,
FLY,Firefly Aerospace Inc.,Industrials,Aerospace and Defense,37.772,6052.4,United States and Canada,US,-358.36,-333.96,-265.81,-156.27,184.88,159.85,60.79,0.7066,,,,
FMCC,Federal Home Loan Mortgage Corporation,Financials,Financial Services,5.51,17749.59,United States and Canada,US,11495,10731,11858,10538,22862,21981,23436,-0.0243,-0.3043,1.2994,0.1817,0.1007
FNB,F.N.B. Corporation,Financials,Banks,18.085,6437.61,United States and Canada,US,585,565,465,485,1716.8,1679,1515.9,0.1316,0.2863,0.1486,0.0677,0.0328
FND,Floor & Decor Holdings Inc.,Consumer Discretionary,Specialty Retail,50.96,5508.48,United States and Canada,US,199.48,208.65,205.87,245.98,4675.63,4684.09,4455.77,0.0346,-0.3206,-0.1898,-0.1224,
FNF,Fidelity National Financial Inc.,Financials,Insurance,47.473,12777.72,United States and Canada,US,762,602,1270,517,14964,14505,13714,0.1366,-0.1468,0.1025,0.0012,0.0291
FNMA,Federal National Mortgage Association,Financials,Financial Services,6.075,34863.45,United States and Canada,US,14423,14364,16978,17408,27211,27528,31053,-0.1068,-0.3894,1.3732,0.204,0.1007
FORM,FormFactor Inc.,Information Technology,Semiconductors and Semiconductor Equipment,121.784,9493.64,United States and Canada,US,68.34,54.36,69.61,82.39,839.78,784.99,763.6,0.096,2.4696,0.5852,0.2919,0.317
FOUR,Shift4 Payments Inc.,Financials,Financial Services,37.01,2935.96,United States and Canada,US,117,119,230,86,4453,4180,3331,0.2827,-0.6126,-0.1677,-0.18,
FOXA,Fox Corporation,Communication Services,Media,68.325,27163.56,United States and Canada,US,1711,2263,1501,1239,16201,16300,13980,0.006,0.25,0.2668,0.1248,
FPS,Forgent Power Solutions Inc.,Industrials,Electrical Equipment,56.524,17207.54,United States and Canada,US,25.99,15.2,-9.36,,1196,753.19,245.79,3.866,,,,
FR,First Industrial Realty Trust Inc.,Real Estate,Industrial REITs,62.385,8547.77,United States and Canada,US,342.44,247.44,287.55,274.82,745.2,727.56,672.18,0.0865,0.2575,0.0666,0.0307,0.0901
FRHC,Freedom Holding Corp.,Financials,Capital Markets,136.321,8355.47,United States and Canada,US,153.33,153.33,84.65,375.54,1634.58,1634.58,1462.95,0.1173,-0.0679,0.1863,0.183,1.1557
FRME,First Merchants Corporation,Financials,Banks,41.105,2590.55,United States and Canada,US,198.82,226,201.4,223.79,637.81,641.7,610.99,0.0364,0.1014,0.1236,-0.0144,0.0486
FRMI,Fermi Inc.,Real Estate,Specialized REITs,6.775,4319.57,United States and Canada,US,-674.99,-486.38,,,,,,,,,,
FROG,JFrog Ltd.,Information Technology,Software,79.81,9666.57,United States and Canada,US,-61.58,-71.82,-69.24,-61.26,563.41,531.84,428.49,0.2504,0.902,0.4511,0.1105,
FRPT,Freshpet Inc.,Consumer Staples,Food Products,51.112,2511.79,United States and Canada,US,200.34,139.14,46.92,-33.61,1136.41,1102.02,975.18,0.1201,-0.3351,-0.0818,-0.2114,0.1825
FRSH,Freshworks Inc.,Information Technology,Software,9.145,2527.99,United States and Canada,US,180.22,183.72,-95.37,-137.44,871.17,838.81,720.42,0.1592,-0.4149,-0.1639,,
FRT,Federal Realty Investment Trust,Real Estate,Retail REITs,124.871,10853.24,United States and Canada,US,506.41,411.08,295.21,236.99,1312.81,1280.89,1205.61,0.0729,0.2945,0.0908,0.002,-0.0226
FRVO,Fervo Energy Company,Utilities,Independent Power and Renewable Electricity Producers,35.06,9941.7,United States and Canada,US,-57.79,-57.79,-41.11,,0.14,0.14,0.2,,,,,
FSK,FS KKR Capital Corp.,Financials,Capital Markets,10.865,3042.92,United States and Canada,US,-550,11,585,696,1423,1519,1721,-0.1565,-0.4947,-0.1815,-0.135,-0.113
FSLR,First Solar Inc.,Information Technology,Semiconductors and Semiconductor Equipment,263.388,28301.93,United States and Canada,US,1665.31,1528.23,1292.04,830.78,5419.05,5219.38,4206.29,0.273,0.5691,0.1108,0.2703,0.1842
FSLY,Fastly Inc.,Information Technology,IT Services,18.272,2859.57,United States and Canada,US,-103.05,-121.68,-158.06,-133.09,652.57,624.02,543.68,0.1766,1.2755,0.0322,-0.1959,
FSS,Federal Signal Corporation,Industrials,Machinery,111.969,6830.36,United States and Canada,US,270.7,246.6,216.3,157.4,2342.3,2180.5,1861.5,0.2325,0.1063,0.2296,0.2153,0.2374
FTAI,FTAI Aviation Ltd.,Industrials,Aerospace and Defense,228.41,23430.98,United States and Canada,US,536.58,501.06,8.68,243.82,2836.03,2507.41,1734.9,0.4846,0.8979,0.9893,0.4903,0.3583
FTDR,Frontdoor Inc.,Consumer Discretionary,Diversified Consumer Services,66.817,4692.89,United States and Canada,US,259,255,235,171,2118,2093,1843,0.12,0.1889,0.2794,0.0521,
FTV,Fortive Corporation,Industrials,Machinery,58.985,17982.23,United States and Canada,US,543.7,579.2,832.9,865.8,4235.4,4159.1,6231.8,-0.3148,-0.1727,-0.0469,-0.0376,
FUL,H.B. Fuller Company,Materials,Chemicals,61.23,3336.26,United States and Canada,US,159.76,151.97,130.26,144.91,3455.77,3473.59,3568.74,-0.0257,0.0822,-0.0224,-0.0238,0.0245
FULT,Fulton Financial Corporation,Financials,Banks,22.675,4333.95,United States and Canada,US,393.38,391.61,288.74,284.28,1290.32,1277.41,1147.69,0.0761,0.2906,0.2044,0.0604,0.0501
FUN,Six Flags Entertainment Corporation,Consumer Discretionary,Hotels Restaurants and Leisure,23.52,2403.84,United States and Canada,US,-1647.98,-1599.1,-231.16,124.56,3123.86,3100.29,2708.93,0.1119,-0.2657,-0.1796,-0.1261,-0.0877
FWONK,Formula One Group,Communication Services,Entertainment,89.15,22158.87,United States and Canada,US,222,-30,185,558,3988,3620,3222,0.0732,-0.0811,0.0561,0.1424,0.1705
GAP,The Gap Inc.,Consumer Discretionary,Specialty Retail,21.555,7759.35,United States and Canada,US,962,816,844,502,15400,15366,15086,0.0158,-0.0356,0.308,-0.0777,0.0131
GATX,GATX Corporation,Industrials,Trading Companies and Distributors,170.29,6045.76,United States and Canada,US,340.2,333.3,284.2,259.2,1902.5,1740.4,1585.5,0.1692,0.0938,0.108,0.1184,0.1395
GBCI,Glacier Bancorp Inc.,Financials,Banks,48.029,6250.62,United States and Canada,US,266.6,239.03,190.14,222.93,1037.21,952.72,802.49,0.2507,0.1183,0.1167,-0.0353,0.0599
GBDC,Golub Capital BDC Inc.,Financials,Capital Markets,13.222,3444.27,United States and Canada,US,204.8,376.65,273.79,258.63,831.33,870.78,724.68,0.0013,-0.1313,-0.0057,-0.0324,-0.0262
GCMG,GCM Grosvenor Inc.,Financials,Capital Markets,11.18,2258.91,United States and Canada,US,50.38,45.37,18.7,12.77,552.85,554.36,511.74,0.0422,-0.0873,0.1679,0.0185,
GDDY,GoDaddy Inc.,Information Technology,IT Services,75.623,10013.23,United States and Canada,US,870.1,875,936.9,1374.8,5023.7,4951.1,4573.2,0.0783,-0.5725,0.0164,-0.0179,0.0909
GEF,Greif Inc.,Materials,Containers and Packaging,64.736,3336.06,United States and Canada,US,1041.66,916.36,268.8,,4263.15,4290.65,5448.1,-0.2195,0.0037,-0.0324,0.0018,0.0497
GEHC,GE HealthCare Technologies Inc.,Health Care,Health Care Equipment and Supplies,63.62,28940.22,United States and Canada,US,1909,2084,1993,1385,20979,20625,19672,0.0596,-0.1332,-0.0619,,
GEN,Gen Digital Inc.,Information Technology,Software,24.075,14503.6,United States and Canada,US,973,973,643,607,5000,5000,3935,0.2706,-0.1822,0.1052,-0.0338,0.0336
GEO,The GEO Group Inc.,Industrials,Commercial Services and Supplies,28.635,3755.72,United States and Canada,US,273.15,254.37,31.97,107.33,2732.11,2631.55,2423.7,0.1277,0.0963,0.5576,0.3106,0.0248
GFF,Griffon Corporation,Industrials,Building Products,91.925,4216.29,United States and Canada,US,7.2,51.11,209.9,77.62,2525.91,2519.93,2623.52,0.1599,0.3045,0.3585,0.2935,0.1849
GFL,GFL Environmental Inc.,Industrials,Commercial Services and Supplies,51.13,13245.81,United States and Canada,US,150.07,2793.37,-502.68,34.26,4815.08,4820.08,4269.91,0.069,-0.2501,0.0095,0.0498,
GGG,Graco Inc.,Industrials,Machinery,73.555,12207.79,United States and Canada,US,516.24,521.84,486.08,506.51,2248.46,2236.6,2113.32,0.0461,-0.1395,-0.0376,-0.0008,0.1066
GH,Guardant Health Inc.,Health Care,Health Care Providers and Services,131.82,17479.32,United States and Canada,US,-433.19,-416.28,-436.37,-479.45,1080.21,982.02,739.02,0.3956,1.6886,0.5869,0.0174,
GHC,Graham Holdings Company,Consumer Discretionary,Diversified Consumer Services,1143.63,4925.71,United States and Canada,US,297.5,292.29,724.63,205.29,4981.64,4911.56,4790.9,0.0369,0.195,0.2569,0.1173,0.086
GIS,General Mills Inc.,Consumer Staples,Food Products,33.815,18046.43,United States and Canada,US,2214.3,2295.2,2496.6,2593.9,18371.2,19486.6,19857.2,-0.0648,-0.3765,-0.256,-0.1156,-0.0638
GKOS,Glaukos Corporation,Health Care,Health Care Equipment and Supplies,125.522,7368.88,United States and Canada,US,-189.33,-187.69,-146.37,-134.66,551.35,507.44,383.48,0.3233,0.266,0.2299,0.0945,0.1647
GL,Globe Life Inc.,Financials,Insurance,164.07,12739.18,United States and Canada,US,1177.2,1161.24,1070.76,970.75,6073.52,5994.32,5778.07,0.0396,0.3698,0.1494,0.0951,0.1054
GLPI,Gaming and Leisure Properties Inc.,Real Estate,Specialized REITs,48.201,14065.2,United States and Canada,US,891.76,825.11,784.62,734.28,1619.5,1594.75,1531.55,0.0443,0.012,-0.0107,0.0014,0.0353
GLXY,Galaxy Digital Inc.,Financials,Capital Markets,30.987,12081.83,United States and Canada,US,-162.23,-241.35,78.86,454.76,58713.02,61355.67,,51.058,0.6031,1.0918,0.119,
GME,GameStop Corp.,Consumer Discretionary,Specialty Retail,22.053,9888.02,United States and Canada,US,763.2,418.4,131.3,6.7,3732.8,3629.9,3823,0.0161,-0.2276,-0.0093,-0.1767,0.1276
GMED,Globus Medical Inc.,Health Care,Health Care Equipment and Supplies,79.691,10817.62,United States and Canada,US,586.71,537.87,102.98,122.87,3100.66,2938.93,2519.36,0.2349,0.3107,0.1262,0.02,0.1245
GNL,Global Net Lease Inc.,Real Estate,Diversified REITs,9.445,2000.1,United States and Canada,US,-41.16,-225.46,-131.57,-211.91,472.16,495.29,805.01,-0.402,0.2298,-0.0309,-0.1375,-0.0945
GNRC,Generac Holdings Inc.,Industrials,Electrical Equipment,254.075,14957.06,United States and Canada,US,188.97,159.55,316.31,214.61,4326.39,4209.15,4295.83,-0.0051,0.9577,0.2949,-0.0616,0.2097
GNTX,Gentex Corporation,Consumer Discretionary,Automobile Components,25.084,5341.68,United States and Canada,US,388.42,384.84,404.49,428.4,2632.94,2534.27,2313.31,0.1448,0.1376,-0.0314,-0.0602,0.0461
GNW,Genworth Financial Inc.,Financials,Insurance,8.845,3387.72,United States and Canada,US,216,223,299,76,7292,7301,7295,0.0104,0.2782,0.1573,0.1656,0.1012
GOLF,Acushnet Holdings Corp.,Consumer Discretionary,Leisure Products,96.66,5659.83,United States and Canada,US,170.59,188.54,214.3,198.43,2608.33,2558.73,2457.09,0.0634,0.3288,0.2454,0.1382,
GPC,Genuine Parts Company,Consumer Discretionary,Distributors,99.915,13750.76,United States and Canada,US,60.09,65.94,904.08,1316.52,24699.01,24300.14,23486.57,0.0479,-0.1897,-0.1373,-0.0498,0.0035
GPCR,Structure Therapeutics Inc.,Health Care,Pharmaceuticals,42.395,3013.06,United States and Canada,US,-141.2,-141.2,-122.53,-89.62,,,,,0.866,0.076,,
GPGI,GPGI Inc.,Information Technology,Technology Hardware Storage and Peripherals,11.45,3318.91,United States and Canada,US,-392.5,-136,-53.72,19.24,0.02,59.82,420.57,-0.9999,-0.1673,0.1738,0.025,
GPI,Group 1 Automotive Inc.,Consumer Discretionary,Specialty Retail,322.68,3797.81,United States and Canada,US,327.3,325.2,498.1,601.6,22473.2,22571.4,19934.3,0.0717,-0.2709,0.1029,0.1523,0.1868
GPK,Graphic Packaging Holding Company,Materials,Containers and Packaging,10.135,2998.82,United States and Canada,US,274,444,658,723,8653,8617,8807,-0.0017,-0.5362,-0.2737,-0.1072,-0.0264
GPN,Global Payments Inc.,Financials,Financial Services,61.8,16904.99,United States and Canada,US,-705.5,1400.11,1570.37,986.23,8855.24,7705.88,10105.89,-0.1215,-0.2239,-0.1481,-0.204,-0.0188
GPOR,Gulfport Energy Corporation,Energy,Oil Gas and Consumable Fuels,164.701,2959.62,United States and Canada,US,594.1,427.81,-261.39,1470.92,1411.43,1302.12,909.22,0.3915,-0.1262,0.1764,0.2015,
GRAL,GRAIL Inc.,Health Care,Biotechnology,60.298,2587.78,United States and Canada,US,-395.32,-408.35,-2027.01,-1465.68,156.12,147.17,125.59,0.1944,0.3745,,,
GRBK,Green Brick Partners Inc.,Consumer Discretionary,Household Durables,70.61,3046.56,United States and Canada,US,299.11,313.23,381.58,284.63,2074.64,2098.47,2098.94,-0.031,0.1619,0.0821,0.251,0.2547
GRC,The Gorman-Rupp Company,Industrials,Machinery,81.544,2153.6,United States and Canada,US,58.73,53.02,40.12,34.95,695.03,682.39,659.67,0.0462,1.1909,0.4479,0.1782,0.1073
GRDN,Guardian Pharmacy Services Inc.,Health Care,Health Care Providers and Services,41.845,2649.65,United States and Canada,US,53.07,49.22,-87.29,23.9,1455.97,1448.68,1228.41,0.1354,1.0756,,,
GRND,Grindr Inc.,Communication Services,Interactive Media and Services,11.792,2095.74,United States and Canada,US,94.48,94.75,-131,-55.77,475.9,439.9,344.64,0.3102,-0.493,0.2443,0.0314,
GSAT,Globalstar Inc.,Communication Services,Diversified Telecommunication Services,81.045,10437.7,United States and Canada,US,-8.74,-8.65,-63.16,-24.72,283.02,272.99,250.35,0.1147,2.6956,0.64,0.3294,0.1622
GTES,Gates Industrial Corporation plc,Industrials,Machinery,25.915,6579.19,United States and Canada,US,249.1,251.4,194.9,232.9,3446.7,3443.2,3408.2,0.0158,0.1694,0.2652,0.0705,
GTLB,GitLab Inc.,Information Technology,Software,28.526,4818.04,United States and Canada,US,-25.05,-55.96,-6.33,-425.68,1004.87,955.22,759.25,0.249,-0.3423,-0.154,,
GTLS,Chart Industries Inc.,Industrials,Machinery,206.233,9872.18,United States and Canada,US,-25.9,40.7,218.5,47.3,4147.3,4264,4160.3,-0.0152,0.4088,0.1614,0.0688,0.2282
GTY,Getty Realty Corp.,Real Estate,Retail REITs,33.53,2027.46,United States and Canada,US,91.03,79.19,71.06,60.15,227.24,221.73,203.39,0.0991,0.1436,-0.0132,0.0006,0.0461
GVA,Granite Construction Incorporated,Industrials,Construction and Engineering,136.085,5953.27,United States and Canada,US,184.96,193,126.35,43.6,4637.3,4424.38,4007.57,0.1493,0.5102,0.5065,0.2778,0.1199
GWRE,Guidewire Software Inc.,Information Technology,Software,116.224,9676.39,United States and Canada,US,159.84,69.8,-6.1,-111.86,1420.85,1202.46,980.5,0.2492,-0.5365,0.1745,0.0108,0.0688
GXO,GXO Logistics Inc.,Industrials,Air Freight and Logistics,48.484,5578.02,United States and Canada,US,132,32,134,229,13499,13178,11709,0.1038,0.111,-0.0702,,
H,Hyatt Hotels Corporation,Consumer Discretionary,Hotels Restaurants and Leisure,193.505,18220.91,United States and Canada,US,-34,-52,1296,220,3443,3472,3296,0.0706,0.4401,0.1868,0.1876,0.1507
HAE,Haemonetics Corporation,Health Care,Health Care Equipment and Supplies,80.186,3644.13,United States and Canada,US,97.31,97.31,167.68,117.56,1334.03,1334.03,1360.82,-0.0197,0.1213,-0.031,0.0594,0.1048
HAL,Halliburton Company,Energy,Energy Equipment and Services,40.065,33470.21,United States and Canada,US,1540,1283,2501,2638,22169,22184,22944,-0.0172,0.8055,0.0738,0.1076,-0.0102
HALO,Halozyme Therapeutics Inc.,Health Care,Biotechnology,70.897,8409.31,United States and Canada,US,348.84,316.89,444.09,281.59,1508.46,1396.61,1015.32,0.3912,0.3166,0.2772,0.1062,0.2325
HAS,Hasbro Inc.,Consumer Discretionary,Leisure Products,82.545,11679.35,United States and Canada,US,-222.6,-322.4,385.6,-1489.3,4814.4,4701.3,4135.5,0.1287,0.1956,0.1101,-0.0327,-0.004
HASI,HA Sustainable Infrastructure Capital Inc.,Financials,Financial Services,36.531,4718.43,United States and Canada,US,55.97,184.55,200.04,148.84,87.91,95.95,140.17,-0.3062,0.3465,0.1428,-0.0745,0.0558
HAWK,HawkEye 360 Inc.,Industrials,Aerospace and Defense,24.515,2281.96,United States and Canada,US,2.67,2.67,-29,,117.66,117.66,67.56,,,,,
HAYW,Hayward Holdings Inc.,Industrials,Building Products,14.155,3071.11,United States and Canada,US,160.6,151.57,118.66,80.69,1148.53,1122.15,1051.61,0.0755,0.0018,0.0865,-0.0937,
HBAN,Huntington Bancshares Incorporated,Financials,Banks,16.927,34313.24,United States and Canada,US,2207,2211,1940,1951,8298,7692,6947,0.1681,0.052,0.1558,0.0318,0.0545
HCC,Warrior Met Coal Inc.,Materials,Metals and Mining,94.28,4978.17,United States and Canada,US,137.51,57,250.6,478.63,1472.49,1311.64,1525.22,0.116,0.9576,0.3785,0.3952,
HCI,HCI Group Inc.,Financials,Insurance,163.01,2080.79,United States and Canada,US,302.73,299,109.95,79.03,927.39,900.95,750.05,0.2205,0.0531,0.406,0.1236,0.1811
HE,Hawaiian Electric Industries Inc.,Utilities,Electric Utilities,13.195,2277.93,United States and Canada,US,126.9,123.12,-1426.01,199.24,3089.27,3086.9,3219.85,-0.0261,0.224,-0.2955,-0.2169,-0.0887
HESM,Hess Midstream LP,Energy,Oil Gas and Consumable Fuels,38.79,7997.66,United States and Canada,US,368.9,352.9,223.1,118.6,1629.4,1621.3,1495.5,0.0706,-0.0125,0.1041,0.0832,
HGTY,Hagerty Inc.,Financials,Insurance,10.89,3739.13,United States and Canada,US,28.45,41.46,9.59,16.55,1439.88,1456.39,1241.51,0.1092,0.1403,0.0414,0.0211,
HGV,Hilton Grand Vacations Inc.,Consumer Discretionary,Hotels Restaurants and Leisure,50.09,3995.37,United States and Canada,US,164,81,47,313,4634,4513,4465,0.0423,0.2432,0.0287,0.0136,
HHH,Howard Hughes Holdings Inc.,Real Estate,Real Estate Management and Development,65.509,3873.23,United States and Canada,US,121.59,123.9,197.7,-551.77,1511.48,1474.89,1750.69,-0.1573,-0.066,-0.0528,-0.0898,-0.0535
HII,Huntington Ingalls Industries Inc.,Industrials,Aerospace and Defense,297.156,11709.14,United States and Canada,US,605,605,550,681,12849,12484,11535,0.1208,0.314,0.113,0.061,0.0617
HIMS,Hims & Hers Health Inc.,Health Care,Health Care Providers and Services,28.015,6484.29,United States and Canada,US,-13.23,128.37,126.04,-23.55,2369.73,2347.64,1476.51,0.3281,-0.5133,0.4586,0.1806,
HIW,Highwoods Properties Inc.,Real Estate,Office REITs,30.13,3383.3,United States and Canada,US,93.48,159.61,102.25,148.72,823.8,808.48,830.02,0.0049,-0.0404,0.101,-0.0908,-0.048
HL,Hecla Mining Company,Materials,Metals and Mining,14.137,9481.86,United States and Canada,US,273.81,321.71,35.8,-84.22,1629.12,1423.02,929.92,0.7226,1.329,0.3821,0.0935,0.1214
HLI,Houlihan Lokey Inc.,Financials,Capital Markets,134.19,9267.08,United States and Canada,US,425.7,425.7,399.71,280.3,2617.52,2617.52,2389.13,0.0956,-0.2321,0.1345,0.1098,0.188
HLIO,Helios Technologies Inc.,Industrials,Machinery,81.01,2677.09,United States and Canada,US,60.8,48.4,39,37.5,871.9,839,805.9,0.1045,1.4254,0.0907,0.022,0.1043
HLNE,Hamilton Lane Incorporated,Financials,Capital Markets,76.355,4286.57,United States and Canada,US,249.18,249.18,217.42,140.86,758.99,758.99,712.96,0.0646,-0.4818,0.004,-0.0336,
HNGE,Hinge Health Inc.,Health Care,Health Care Providers and Services,64.684,5005.26,United States and Canada,US,-510.27,-528.26,-11.93,-108.14,646.34,587.86,390.4,0.4978,0.8397,,,
HNI,HNI Corporation,Industrials,Commercial Services and Supplies,31.814,2290.38,United States and Canada,US,1.5,54.2,139.5,49.2,3586.7,2839,2526.4,0.4131,-0.3358,0.06,-0.07,-0.0381
HOG,Harley-Davidson Inc.,Consumer Discretionary,Automobiles,25.135,2645.92,United States and Canada,US,230.41,338.74,455.36,706.59,4316.5,4473.18,5186.8,-0.0982,0.0062,-0.0931,-0.1191,-0.0554
HOMB,Home BancShares Inc.,Financials,Banks,27.585,5555.99,United States and Canada,US,478.44,475.44,402.24,392.93,1074.66,1068.53,969.02,0.0886,-0.029,0.0565,0.0071,0.0224
HP,Helmerich & Payne Inc.,Energy,Energy Equipment and Services,39.519,3949.17,United States and Canada,US,-375.44,-163.69,344.17,434.1,4002.06,3746.01,2756.61,0.2973,1.1834,0.0432,0.0368,-0.0482
HPQ,HP Inc.,Information Technology,Technology Hardware Storage and Peripherals,24.475,22382.94,United States and Canada,US,2553,2529,2775,3263,57417,55295,53559,0.0574,-0.0139,-0.0633,-0.0404,0.0612
HQY,HealthEquity Inc.,Health Care,Health Care Providers and Services,88.12,7367.02,United States and Canada,US,230.7,215.2,96.7,55.71,1337.23,1313.43,1199.77,0.0758,-0.1572,0.1074,0.0234,0.1174
HR,Healthcare Realty Trust Incorporated,Real Estate,Health Care REITs,20.507,7193.27,United States and Canada,US,-201.25,-246.07,-654.49,-278.26,1160.87,1180.36,1268.18,-0.0644,0.3922,0.0133,-0.086,-0.0481
HRB,H&R Block Inc.,Consumer Discretionary,Diversified Consumer Services,36.036,4567.93,United States and Canada,US,739.36,605.77,595.32,553.7,3911.53,3760.99,3610.35,0.0536,-0.3442,0.043,0.0659,0.0405
HRI,Herc Holdings Inc.,Industrials,Trading Companies and Distributors,142.25,4750.16,United States and Canada,US,-5,1,211,347,4654,4376,3568,0.2839,0.1738,0.0571,0.0605,
HRL,Hormel Foods Corporation,Consumer Staples,Food Products,24.435,13446.95,United States and Canada,US,466.88,478.2,805.04,793.57,12218.45,12106.16,11920.8,0.0247,-0.21,-0.1572,-0.1291,-0.0346
HRMY,Harmony Biosciences Holdings Inc.,Health Care,Pharmaceuticals,35.533,2057.1,United States and Canada,US,145.62,158.69,145.49,128.85,899.11,868.45,714.73,0.2071,0.0112,0.0055,0.0212,
HSIC,Henry Schein Inc.,Health Care,Health Care Providers and Services,79.469,9052.85,United States and Canada,US,395,398,390,416,13384,13184,12673,0.0564,0.1171,0.0201,0.0014,-0.0114
HST,Host Hotels & Resorts Inc.,Real Estate,Hotel and Resort REITs,24.345,16907.96,United States and Canada,US,1011,765,697,740,6177,6132,5691,0.0621,0.5244,0.1112,0.0633,0.0468
HTFL,HeartFlow Inc.,Health Care,Health Care Technology,30.75,2651.91,United States and Canada,US,-111.83,-116.79,-96.43,-95.66,191.42,176.03,125.81,0.4057,,,,
HTGC,Hercules Capital Inc.,Financials,Capital Markets,15.465,2851.25,United States and Canada,US,331.9,339.74,262.97,337.48,554.52,532.49,493.59,0.1281,-0.1446,0.014,-0.024,0.024
HTH,Hilltop Holdings Inc.,Financials,Banks,37.635,2202.78,United States and Canada,US,161.31,165.59,113.21,109.65,1264.16,1274.54,1187.81,0.0458,0.2339,0.0502,0.0029,0.0597
HTO,H2O America,Utilities,Water Utilities,57.177,2392.3,United States and Canada,US,105.04,102.58,93.97,84.99,816.28,800.59,748.44,0.0647,0.0679,-0.088,-0.0271,0.0426
HUBB,Hubbell Incorporated,Industrials,Electrical Equipment,468.861,24775.45,United States and Canada,US,905.7,887.1,777.8,759.8,5996.1,5844.6,5628.5,0.0718,0.2053,0.1513,0.205,0.1639
HUBG,Hub Group Inc.,Industrials,Air Freight and Logistics,45.775,2799.3,United States and Canada,US,104.97,103.99,167.53,356.95,3728.87,3946.39,4202.59,-0.0579,0.3672,0.0592,0.0666,0.0867
HUBS,HubSpot Inc.,Information Technology,Software,188.014,9629.65,United States and Canada,US,100.26,45.91,4.63,-164.51,3298.12,3131.27,2627.54,0.2106,-0.6722,-0.2855,-0.1839,0.1437
HUN,Huntsman Corporation,Materials,Chemicals,14.605,2560.97,United States and Canada,US,-332,-284,-189,101,5693,5683,6036,-0.0474,0.213,-0.1646,-0.117,-0.0078
HUT,Hut 8 Corp.,Information Technology,Software,111.992,12609.64,United States and Canada,US,-312.11,-226.15,331.88,21.85,284.32,235.12,162.38,1.1465,5.0471,,,
HWC,Hancock Whitney Corporation,Financials,Banks,70.464,5718.72,United States and Canada,US,413.99,486.07,460.81,392.6,1385.18,1459.78,1387.63,-0.0115,0.2833,0.1923,0.0822,0.1041
HWKN,Hawkins Inc.,Materials,Chemicals,155.94,3254.18,United States and Canada,US,81.55,81.55,84.34,75.36,1083.7,1083.7,974.43,0.1121,0.1562,0.4501,0.3633,0.215
HXL,Hexcel Corporation,Industrials,Aerospace and Defense,94.68,7141.45,United States and Canada,US,117.7,109.4,132.1,105.7,1938.9,1893.9,1903,0.0274,0.6799,0.0892,0.0886,0.0819
HYMC,Hycroft Mining Holding Corporation,Materials,Metals and Mining,23.356,2133.82,United States and Canada,US,-77.19,-40.66,-60.9,-55.02,,,,0,4.457,0.9355,-0.0854,
IBOC,International Bancshares Corporation,Financials,Banks,75.17,4674.16,United States and Canada,US,417.59,412.29,409.17,411.77,837.62,827.08,801.84,0.042,0.1625,0.1629,0.1023,0.1045
IBP,Installed Building Products Inc.,Consumer Discretionary,Household Durables,196.885,5271.96,United States and Canada,US,254.8,265.4,256.6,243.7,2946.5,2970.8,2941.3,0.0045,0.1529,0.1905,0.1087,0.1883
IBRX,ImmunityBio Inc.,Health Care,Biotechnology,7.115,7451.92,United States and Canada,US,-854.53,-351.4,-413.56,-583.2,140.98,113.29,14.74,3.5153,1.196,0.357,-0.1407,
ICHR,Ichor Holdings Ltd.,Information Technology,Semiconductors and Semiconductor Equipment,75.52,2633.16,United States and Canada,US,-50.69,-52.78,-20.82,-42.98,959.25,947.65,849.04,0.0753,2.9477,0.3001,0.0648,
ICUI,ICU Medical Inc.,Health Care,Health Care Equipment and Supplies,138.65,3465.36,United States and Canada,US,46.34,0.73,-117.69,-29.66,2156.78,2231.26,2382.05,-0.1088,0.0312,-0.0975,-0.0751,0.0259
IDA,IDACORP Inc.,Utilities,Electric Utilities,142.318,7885.59,United States and Canada,US,331.81,323.47,289.17,261.19,1783.95,1813,1826.63,-0.0145,0.2356,0.104,0.0712,0.0656
IDCC,InterDigital Inc.,Information Technology,Software,283.101,7316.75,United States and Canada,US,366.37,406.64,358.61,214.07,828.92,834.01,868.52,0.0165,0.2756,0.4729,0.2842,0.1697
IDYA,IDEAYA Biosciences Inc.,Health Care,Biotechnology,29.435,2586.19,United States and Canada,US,-140.06,-113.7,-274.48,-112.96,225.27,218.71,7,31.1814,0.3428,0.0491,0.0709,
IEP,Icahn Enterprises L.P.,Industrials,Industrial Conglomerates,7.335,4929.49,United States and Canada,US,-329,-293,-436,-670,9779,9409,10025,0.0384,-0.1141,-0.3593,-0.334,-0.1831
IESC,IES Holdings Inc.,Industrials,Construction and Engineering,700.824,13963.14,United States and Canada,US,380.37,305.98,219.12,108.29,3633.2,3371.47,2884.36,0.1616,1.584,1.3595,0.6819,0.482
IEX,IDEX Corporation,Industrials,Machinery,214.089,15845.81,United States and Canada,US,507.7,483.2,505,596.1,3530.1,3457.5,3268.8,0.0754,0.1688,0.0115,-0.0057,0.0955
IFF,International Flavors & Fragrances Inc.,Materials,Chemicals,75.176,19192.69,United States and Canada,US,826,-361,263,-2591,10788,10890,11484,-0.056,-0.0403,-0.0132,-0.1264,-0.0523
ILMN,Illumina Inc.,Health Care,Life Sciences Tools and Services,162.915,24649.04,United States and Canada,US,853,850,-1223,-1161,4393,4343,4372,0.0129,0.861,-0.0667,-0.1849,0.0141
IMNM,Immunome Inc.,Health Care,Biotechnology,18.25,2066.82,United States and Canada,US,-224.59,-212.39,-292.96,-106.81,4.01,6.94,9.04,-0.6329,0.9231,0.5643,0.0055,
IMVT,Immunovant Inc.,Health Care,Biotechnology,32.353,6642.36,United States and Canada,US,-505.61,-505.61,-413.84,-259.34,,,,,1.0033,0.1491,0.2473,
INCY,Incyte Corporation,Health Care,Biotechnology,108.67,21710.33,United States and Canada,US,1431.78,1286.65,32.62,597.6,5361.02,5141.24,4241.22,0.2148,0.5784,0.2114,0.0564,0.0306
INDB,Independent Bank Corp.,Financials,Banks,80.935,3911.35,United States and Canada,US,240.62,205.12,192.08,239.5,876.23,792.05,653.49,0.3395,0.2413,0.1627,0.0036,0.0541
INDV,Indivior Pharmaceuticals Inc.,Health Care,Pharmaceuticals,38.696,4717.9,United States and Canada,US,252,210,7,-126,1290,1239,1188,0.1026,1.8328,0.2259,0.2797,0.0945
INFQ,Infleqtion Inc.,Information Technology,Technology Hardware Storage and Peripherals,13.523,2950.68,United States and Canada,US,-56.07,-31.8,-53.76,-52.77,33.62,32.46,28.84,,,,,
INGM,Ingram Micro Holding Corporation,Information Technology,Electronic Equipment Instruments and Components,28.57,6583.8,United States and Canada,US,357.56,327.88,264.22,352.71,54238.4,52556.26,47983.67,0.1085,0.4606,,,
INGR,Ingredion Incorporated,Consumer Staples,Food Products,100.435,6333.34,United States and Canada,US,674,729,647,643,7198,7219,7430,-0.0221,-0.2736,-0.0204,0.0121,-0.0197
INOD,Innodata Inc.,Industrials,Professional Services,99.105,3236.31,United States and Canada,US,39.29,32.18,28.66,-0.91,283.42,251.66,170.46,0.401,1.3283,1.1104,0.6871,0.4558
INSM,Insmed Incorporated,Health Care,Biotechnology,97.148,21057.07,United States and Canada,US,-1183.76,-1276.78,-913.77,-749.57,819.56,606.42,363.71,1.1509,-0.0085,0.6968,0.2643,0.2445
INSW,International Seaways Inc.,Energy,Oil Gas and Consumable Fuels,84.09,4162.85,United States and Canada,US,545.84,309.26,416.72,556.45,987.28,843.3,951.61,0.1472,1.217,0.3158,0.33,
INVH,Invitation Homes Inc.,Real Estate,Residential REITs,29.545,17615.87,United States and Canada,US,582.69,587.92,453.92,519.47,2779.45,2717.69,2590.5,0.0613,-0.1133,-0.0483,-0.0476,
IONQ,IonQ Inc.,Information Technology,Technology Hardware Storage and Peripherals,56.343,21031.15,United States and Canada,US,327.23,-510.38,-331.65,-157.77,187.12,130.02,43.07,3.3458,0.4192,0.7453,0.3972,
IONS,Ionis Pharmaceuticals Inc.,Health Care,Biotechnology,74.08,12242.65,United States and Canada,US,-326.98,-381.39,-453.9,-366.29,1058.19,943.71,705.14,0.4753,1.047,0.2208,0.1432,0.1303
IOSP,Innospec Inc.,Materials,Chemicals,84.632,2084.57,United States and Canada,US,114.2,116.6,35.6,139.1,1790.4,1778,1845.4,0.0025,-0.0422,-0.0538,-0.0299,0.0554
IOT,Samsara Inc.,Information Technology,Software,32.036,18667.7,United States and Canada,US,57.51,-9.12,-154.91,-286.73,1730.6,1618.63,1249.2,0.296,-0.2434,0.0339,,
IP,International Paper Company,Materials,Containers and Packaging,32.327,17117.7,United States and Canada,US,-3351,-3516,557,288,24341,23634,18619,0.2231,-0.3134,0.0067,-0.1267,-0.0285
IPAR,Interparfums Inc.,Consumer Staples,Personal Care Products,98.33,3149.1,United States and Canada,US,169.26,168.39,164.36,152.65,1494.58,1488.51,1452.33,0.0187,-0.3016,-0.0975,0.0504,0.1273
IPEU,IPE Universal Inc.,Information Technology,Software,12,3121.33,United States and Canada,US,1.02,1,1.49,0.06,17.33,15.4,30.67,-0.0186,,1.4913,,
IPGP,IPG Photonics Corporation,Information Technology,Electronic Equipment Instruments and Components,108.445,4602.8,United States and Canada,US,28.92,31.1,-181.53,218.88,1041.48,1003.78,977.13,0.0929,0.5955,-0.0086,-0.1183,0.025
IQV,IQVIA Holdings Inc.,Health Care,Life Sciences Tools and Services,179.827,30013.13,United States and Canada,US,1385,1360,1373,1358,16632,16310,15405,0.0732,0.1322,-0.0451,-0.0587,0.1061
IR,Ingersoll Rand Inc.,Industrials,Machinery,70.047,27411.97,United States and Canada,US,587,581.4,838.6,778.7,7781.3,7650.9,7235,0.0686,-0.1581,0.0388,0.0787,
IRDM,Iridium Communications Inc.,Communication Services,Diversified Telecommunication Services,47.83,5056.96,United States and Canada,US,105.55,114.37,112.78,15.41,875.84,871.66,830.68,0.0405,0.6625,-0.0882,0.0413,0.1905
IRON,Disc Medicine Inc.,Health Care,Biotechnology,68.015,2598.11,United States and Canada,US,-241.6,-212.18,-109.36,-76.43,,,,,0.3373,0.1414,,
IRT,Independence Realty Trust Inc.,Real Estate,Residential REITs,16.747,4039.71,United States and Canada,US,48.14,56.56,39.29,-17.23,672.38,668.76,640.38,0.0484,-0.0884,-0.0296,-0.0218,0.0806
IRTC,iRhythm Holdings Inc.,Health Care,Health Care Equipment and Supplies,111.625,3668.27,United States and Canada,US,-27.78,-44.55,-113.29,-123.41,787.85,747.14,591.84,0.2736,-0.2426,0.029,0.118,
IT,Gartner Inc.,Information Technology,IT Services,147.402,9868.84,United States and Canada,US,740.64,729.23,1253.71,882.47,6474.14,6497.23,6267.41,0.023,-0.6435,-0.2459,-0.0875,0.039
ITGR,Integer Holdings Corporation,Health Care,Health Care Equipment and Supplies,91.109,3093.59,United States and Canada,US,141.8,102.81,119.9,90.65,1855.83,1853.64,1716.6,0.0628,-0.2409,0.0287,0.0047,0.1079
ITRI,Itron Inc.,Information Technology,Electronic Equipment Instruments and Components,79.16,3509.9,United States and Canada,US,289.04,301.06,239.1,96.92,2347.03,2367.19,2440.84,-0.0399,-0.3545,0.0339,-0.0432,0.0603
ITT,ITT Inc.,Industrials,Machinery,184.098,16458.36,United States and Canada,US,457.6,488,518.3,410.5,4237.4,3938.5,3630.7,0.1663,0.2083,0.288,0.1459,0.1798
IVT,InvenTrust Properties Corp.,Real Estate,Retail REITs,35.22,2744.9,United States and Canada,US,109.81,111.42,13.66,5.27,307.98,299.17,273.97,0.0962,0.2597,0.1445,0.209,0.0693
IVZ,Invesco Ltd.,Financials,Capital Markets,27.606,12237.65,United States and Canada,US,-243.4,-281.7,774.8,-96.9,6592.4,6377.1,6067,0.077,0.8319,0.1953,-0.0118,-0.0029
J,Jacobs Solutions Inc.,Industrials,Professional Services,125.069,14768.26,United States and Canada,US,381.48,289.34,806.09,665.78,13174.57,12029.78,11500.94,0.1273,-0.0157,0.0247,-0.0225,0.0926
JAN,Janus Living Inc.,Real Estate,Health Care REITs,25.488,6706.93,United States and Canada,US,-0.1,6.35,-50.46,,655.41,603.99,568.48,,,,,
JBHT,J.B. Hunt Transport Services Inc.,Industrials,Ground Transportation,285.06,26880.93,United States and Canada,US,622.1,598.28,570.89,728.29,12134.19,11999.1,12087.2,0.0058,1.0231,0.1874,0.1151,0.134
JBTM,JBT Marel Corporation,Industrials,Machinery,118.81,6186.18,United States and Canada,US,167.5,-50.5,85.4,582.6,3880.2,3798.2,1716,0.7818,-0.0238,0.0006,-0.0327,0.0664
JEF,Jefferies Financial Group Inc.,Financials,Capital Markets,58.034,11864.02,United States and Canada,US,741.85,710.48,743.38,277.69,7767.86,7343.75,7010.6,0.1314,0.085,0.2221,0.1259,0.1284
JKHY,Jack Henry & Associates Inc.,Financials,Financial Services,126.525,8989.7,United States and Canada,US,519.15,455.75,381.82,366.65,2515.69,2375.29,2215.54,0.0844,-0.2963,-0.071,-0.0489,0.0411
JLL,Jones Lang LaSalle Incorporated,Real Estate,Real Estate Management and Development,296.72,13765.9,United States and Canada,US,895.8,792.1,546.8,225.4,26755.7,26115.6,23432.9,0.1123,0.2493,0.2478,0.0699,0.0948
JOBY,Joby Aviation Inc.,Industrials,Passenger Airlines,8.915,8769.18,United States and Canada,US,-957.39,-929.84,-608.03,-513.05,77.67,53.42,0.14,698.7387,-0.0742,0.0858,-0.0231,
JOE,The St. Joe Company,Real Estate,Real Estate Management and Development,64.475,3701.49,United States and Canada,US,112.1,115.63,74.19,77.71,518.09,513.25,402.74,0.2663,0.3689,0.1231,0.0579,0.1409
JXN,Jackson Financial Inc.,Financials,Financial Services,106.934,7457.91,United States and Canada,US,-373,27,946,934,5910,6758,3350,-0.2037,0.277,0.5314,,
KAI,Kadant Inc.,Industrials,Machinery,281.05,3318.77,United States and Canada,US,103.42,101.97,111.6,116.07,1094.54,1052.25,1053.38,0.0488,-0.147,0.0969,0.1048,0.1868
KALU,Kaiser Aluminum Corporation,Materials,Metals and Mining,180.13,2916.36,United States and Canada,US,153.4,112.5,46.8,47.2,3702.4,3373,3024,0.2084,1.3035,0.386,0.0608,0.0746
KBH,KB Home,Consumer Discretionary,Household Durables,52.646,3298.18,United States and Canada,US,352.66,428.79,655.02,590.18,5921.45,6236.21,6930.09,-0.1361,-0.0145,0.026,0.0374,0.1401
KBR,KBR Inc.,Industrials,Professional Services,34.52,4376.79,United States and Canada,US,401,415,375,-265,7691,7786,7742,-0.0316,-0.3525,-0.1835,-0.0292,0.0888
KD,Kyndryl Holdings Inc.,Information Technology,IT Services,11.125,2446.59,United States and Canada,US,198,198,252,-340,15092,15092,15057,0.0023,-0.7244,-0.0362,,
KEEL,Keel Infrastructure Corp.,Information Technology,Software,5.322,3213.58,United States and Canada,US,-374.34,-284.54,-28.36,-55.51,218.62,229.28,133.27,0.044,4.9411,0.694,0.0569,
KEX,Kirby Corporation,Industrials,Marine Transportation,139.9,7484.65,United States and Canada,US,359.78,354.57,286.71,222.94,3422.49,3364.05,3265.88,0.0552,0.2408,0.2304,0.159,0.0709
KEY,KeyCorp,Financials,Banks,22.045,23794.68,United States and Canada,US,1946,1829,-161,967,7201,7007,4239,0.5697,0.3583,0.2724,0.001,0.0605
KFY,Korn Ferry,Industrials,Professional Services,72.74,3774.27,United States and Canada,US,268.54,246.06,169.15,209.53,2859.74,2730.09,2762.67,0.0557,0.0493,0.1232,0.0196,0.0969
KGS,Kodiak Gas Services Inc.,Energy,Energy Equipment and Services,68.065,6761.2,United States and Canada,US,67.92,80.52,49.9,20.07,1324.22,1308.1,1159.31,0.0399,1.0007,,,
KHC,The Kraft Heinz Company,Consumer Staples,Food Products,24.232,28733.76,United States and Canada,US,-5760,-5846,2744,2855,24990,24942,25846,-0.0175,-0.0828,-0.1303,-0.11,-0.1182
KIM,Kimco Realty Corporation,Real Estate,Retail REITs,25.609,17315.48,United States and Canada,US,616.82,584.74,410.79,654.27,2161.51,2140.12,2037.01,0.0443,0.2201,0.0967,0.0299,-0.0133
KLRA,Kailera Therapeutics Inc.,Health Care,Biotechnology,19.825,2568.08,United States and Canada,US,-148.96,-148.96,-329.57,,,,,,,,,
KMB,Kimberly-Clark Corporation,Consumer Staples,Household Products,101.38,33652.11,United States and Canada,US,2119,2021,2545,1764,16556,16447,20058,-0.1632,-0.2369,-0.0897,-0.0481,-0.0253
KMT,Kennametal Inc.,Industrials,Machinery,33.945,2586.95,United States and Canada,US,137,93.13,109.32,118.46,2136.53,1966.85,2046.9,0.0716,0.5053,0.0611,-0.0155,0.0348
KMX,CarMax Inc.,Consumer Discretionary,Specialty Retail,50.042,7101.42,United States and Canada,US,247.29,247.29,500.56,479.2,27755.03,27755.03,28207.32,-0.016,-0.2622,-0.1401,-0.1559,0.0016
KN,Knowles Corporation,Information Technology,Electronic Equipment Instruments and Components,38.57,3300.07,United States and Canada,US,55.9,44.2,-237.8,72.4,614.1,593.2,553.5,0.1117,1.1977,0.3057,0.139,0.099
KNF,Knife River Corporation,Materials,Construction Materials,73.9,4194.11,United States and Canada,US,146.61,157.07,201.68,182.87,3202.67,3146.01,2899.01,0.0957,-0.1244,0.1911,,
KNSL,Kinsale Capital Group Inc.,Financials,Insurance,315.258,7270.74,United States and Canada,US,526.94,503.61,414.84,308.09,1917.3,1873.99,1587.53,0.1704,-0.3142,-0.0398,0.1403,
KNTK,Kinetik Holdings Inc.,Energy,Oil Gas and Consumable Fuels,47.765,7755.12,United States and Canada,US,501.54,525.93,244.23,386.45,1731.1,1764.39,1482.93,0.0923,0.0702,0.1326,,
KNX,Knight-Swift Transportation Holdings Inc.,Industrials,Ground Transportation,80.845,13136.83,United States and Canada,US,33.99,65.95,117.63,217.15,7495.55,7469.69,7410.08,0.0113,0.8508,0.1316,0.1159,0.1177
KOD,Kodiak Sciences Inc.,Health Care,Biotechnology,33.234,2075.13,United States and Canada,US,-230.66,-229.97,-176.21,-260.49,,,,,7.2467,0.5356,-0.1684,
KRC,Kilroy Realty Corporation,Real Estate,Office REITs,38.115,4475.17,United States and Canada,US,217.85,276.12,210.97,212.24,1111.88,1112.67,1135.63,-0.0142,0.0691,0.0836,-0.1226,-0.0475
KRG,Kite Realty Group Trust,Real Estate,Retail REITs,29.077,6058.9,United States and Canada,US,286.33,298.66,4.07,47.5,823.99,844.37,837.48,-0.0319,0.2958,0.1144,0.0487,0.0123
KRMN,Karman Holdings Inc.,Industrials,Aerospace and Defense,47.765,6330.12,United States and Canada,US,29.96,17.37,12.7,4.36,522.59,471.5,345.25,0.4421,0.0386,,,
KRYS,Krystal Biotech Inc.,Health Care,Biotechnology,322.736,9514.18,United States and Canada,US,225.03,204.83,89.16,10.93,417.3,389.13,290.51,0.2515,1.3115,0.3567,0.3773,
KTB,Kontoor Brands Inc.,Consumer Discretionary,Textiles Apparel and Luxury Goods,79.865,4414.33,United States and Canada,US,277.01,227.45,245.8,230.99,3342.78,3152.46,2607.58,0.3932,0.2119,0.2426,0.0452,
KTOS,Kratos Defense & Security Solutions Inc.,Industrials,Aerospace and Defense,55.859,10474.68,United States and Canada,US,29.4,22,16.3,-8.9,1415.2,1346.8,1136.3,0.2182,0.3826,0.5748,0.1634,0.3027
KVUE,Kenvue Inc.,Consumer Staples,Personal Care Products,18.025,34608.16,United States and Canada,US,1622,1470,1030,1664,15292,15124,15455,-0.0007,-0.1751,-0.1042,,
KVYO,Klaviyo Inc.,Information Technology,Software,14.212,4253.36,United States and Canada,US,-8.64,-31.77,-46.14,-308.23,1312.2,1234.02,937.46,0.3027,-0.5833,,,
KWR,Quaker Chemical Corporation,Materials,Chemicals,139.49,2422.45,United States and Canada,US,4.26,-2.49,116.64,112.75,1926.2,1888.63,1839.69,0.0625,0.1615,-0.1139,-0.1036,0.0431
KYMR,Kymera Therapeutics Inc.,Health Care,Biotechnology,82.26,6766.51,United States and Canada,US,-315,-311.35,-223.86,-146.96,51.48,39.21,47.07,-0.1258,0.6999,0.5331,0.1022,
L,Loews Corporation,Financials,Insurance,108.115,22246.7,United States and Canada,US,1634,1667,1414,1434,18515,18454,17510,0.0417,0.2209,0.2207,0.1395,0.105
LAD,Lithia Motors Inc.,Consumer Discretionary,Specialty Retail,306.42,6988.16,United States and Canada,US,710.5,819.6,796.7,1000.8,37728,37634.9,36188.2,0.0251,-0.0905,0.0633,-0.0171,0.1511
LAMR,Lamar Advertising Company,Real Estate,Specialized REITs,152.257,15450.29,United States and Canada,US,549.68,587.15,361.87,495.76,2288.61,2266.42,2212.2,0.0307,0.2514,0.1783,0.0724,0.0897
LASR,nLIGHT Inc.,Information Technology,Electronic Equipment Instruments and Components,66.661,3760.26,United States and Canada,US,-14.73,-23.47,-60.79,-41.67,289.84,261.33,198.55,0.4091,2.6993,0.6639,0.1886,
LAUR,Laureate Education Inc.,Consumer Discretionary,Diversified Consumer Services,37.498,5248.91,United States and Canada,US,279.53,281.63,296.47,107.59,1738.38,1701.93,1566.64,0.1381,0.7217,0.4513,0.1942,
LAZ,Lazard Inc.,Financials,Capital Markets,42.382,4171.99,United States and Canada,US,277.37,236.83,279.91,-75.48,3198.69,3098.09,3048.99,0.0884,-0.0326,0.1178,-0.0188,0.0252
LB,LandBridge Company LLC,Real Estate,Real Estate Management and Development,67.03,5162.45,United States and Canada,US,32.38,30.13,5.11,63.17,206.15,199.09,109.95,0.5282,-0.0532,,,
LBRDK,Liberty Broadband Corporation,Communication Services,Media,32.165,4612.58,United States and Canada,US,-2741,-2676,869,688,,,,,-0.6597,-0.2414,-0.2763,-0.0608
LBRT,Liberty Energy Inc.,Energy,Energy Equipment and Services,28.087,4583.56,United States and Canada,US,150.32,147.87,316.01,556.32,4049.84,4006.12,4315.16,-0.0402,1.1007,0.2708,0.1291,
LC,LendingClub Corporation,Financials,Consumer Finance,17.401,2007.22,United States and Canada,US,175.61,135.68,51.33,38.94,1372.13,1334.72,1160.93,0.1477,0.5862,0.236,0.0085,-0.02
LCII,LCI Industries,Consumer Discretionary,Automobile Components,90.35,2194.17,United States and Canada,US,201.76,188.25,142.87,64.19,4166.94,4122.02,3741.21,0.0912,-0.0022,-0.0968,-0.0816,0.0135
LCLN,Lincoln International Inc.,Financials,Capital Markets,23.7,2417,United States and Canada,US,191.47,214.13,160.74,163.05,796.98,772.05,572.06,,,,,
LDOS,Leidos Holdings Inc.,Industrials,Professional Services,122.51,15409.98,United States and Canada,US,1413,1448,1254,199,17329,17174,16662,0.0234,-0.1604,0.1386,0.0276,0.0971
LEA,Lear Corporation,Consumer Discretionary,Automobile Components,142.13,7120.02,United States and Canada,US,528.4,436.8,506.6,572.5,23521.6,23259.1,23306,0.0284,0.512,0.0096,-0.0589,0.0212
LECO,Lincoln Electric Holdings Inc.,Industrials,Machinery,253.14,13868.81,United States and Canada,US,538.43,520.53,466.11,545.25,4350.05,4233,4008.67,0.0789,0.243,0.0991,0.1444,0.1539
LEGN,Legend Biotech Corporation,Health Care,Biotechnology,35.065,6512.97,United States and Canada,US,-250.1,-296.8,-177,-518.3,1139,1028.9,627.3,0.5639,-0.0417,-0.1961,-0.0255,
LEN,Lennar Corporation,Consumer Discretionary,Household Durables,91.159,22388.66,United States and Canada,US,1788.04,2078.18,3932.53,3938.51,33174.86,34186.93,35441.45,-0.0723,-0.1824,-0.0722,-0.0034,0.0707
LEU,Centrus Energy Corp.,Energy,Oil Gas and Consumable Fuels,153.631,3022.35,United States and Canada,US,60.6,77.8,73.2,84.4,452.3,448.7,442,-0.0405,-0.0285,0.6813,0.4189,0.4592
LEVI,Levi Strauss & Co.,Consumer Discretionary,Textiles Apparel and Luxury Goods,23.756,9136.47,United States and Canada,US,618.9,578.1,210.6,249.6,6497.7,6282,6355.3,0.015,0.3708,0.1852,-0.0271,
LFST,LifeStance Health Group Inc.,Health Care,Health Care Providers and Services,8.175,3170.55,United States and Canada,US,23.2,9.66,-57.44,-186.26,1494.79,1424.29,1250.97,0.1646,0.4598,-0.0129,-0.1937,
LFTO,Liftoff Mobile Inc.,Communication Services,Media,23.6,3996.2,United States and Canada,US,22.32,-23.14,-48.23,-84.74,741.42,685.74,519.25,0.4279,,,,
LFUS,Littelfuse Inc.,Information Technology,Electronic Equipment Instruments and Components,451.199,11410.33,United States and Canada,US,-40.12,-71.7,100.19,259.49,2488.96,2386.29,2190.77,0.1264,1.0109,0.1898,0.1159,0.1433
LGN,Legence Corp.,Industrials,Construction and Engineering,84.369,9115.05,United States and Canada,US,-22.47,-59.78,-28.55,-46.03,3082.43,2550.49,2098.6,0.4432,,,,
LGND,Ligand Pharmaceuticals Incorporated,Health Care,Pharmaceuticals,254.328,5097,United States and Canada,US,153.56,124.45,-4.03,52.15,274.48,268.09,167.13,0.5124,1.2041,0.509,0.1551,0.0837
LH,Labcorp Holdings Inc.,Health Care,Health Care Providers and Services,267.289,21917.7,United States and Canada,US,941.5,876.5,746,418,14144.2,13951.7,13008.9,0.0734,0.0282,0.0708,0.0067,0.0744
LII,Lennox International Inc.,Industrials,Building Products,499.603,17386.17,United States and Canada,US,793.4,805.8,811.1,591.2,5257.8,5195.3,5341.3,-0.0273,-0.0932,0.1804,0.0807,0.1372
LINE,Lineage Inc.,Real Estate,Industrial REITs,43.7,11054.12,United States and Canada,US,-146,-100,-664,-77,5360,5355,5340,0.0106,-0.0353,,,
LION,Lionsgate Studios Corp.,Communication Services,Entertainment,13.985,4064.51,United States and Canada,US,-198.3,-198.3,-362,-1102.9,2631.8,2631.8,3947.9,-0.3334,1.0811,0.1632,-0.0507,
LKQ,LKQ Corporation,Consumer Discretionary,Distributors,25.489,6494.36,United States and Canada,US,517,607,690,936,13793,13651,14355,-0.0228,-0.3527,-0.2223,-0.1244,-0.0232
LLYVK,Liberty Live Holdings Inc.,Consumer Discretionary,Diversified Consumer Services,100.969,9201.91,United States and Canada,US,-351.63,-86.97,-112.76,-142,398.51,381.95,340.49,0.0283,0.3342,,,
LMAT,LeMaitre Vascular Inc.,Health Care,Health Care Equipment and Supplies,91.279,2085.79,United States and Canada,US,62.4,57.73,44.04,30.11,256.28,249.6,219.86,0.1327,0.0979,0.1148,0.101,0.1975
LMND,Lemonade Inc.,Financials,Insurance,56.089,4308.8,United States and Canada,US,-138.9,-165.5,-202.2,-236.9,844.7,737.9,526.5,0.5122,0.3219,0.4227,-0.1198,
LNC,Lincoln National Corporation,Financials,Insurance,35.89,6862.64,United States and Canada,US,1727,1177,3275,-752,18830,18269,17968,0.0276,0.0856,0.1577,-0.1192,-0.018
LNT,Alliant Energy Corporation,Utilities,Electric Utilities,73.261,18921.63,United States and Canada,US,821,810,690,703,4418,4362,3981,0.0834,0.1984,0.112,0.0457,0.065
LNTH,Lantheus Holdings Inc.,Health Care,Health Care Equipment and Supplies,102.565,6677.61,United States and Canada,US,279.03,233.56,312.44,326.66,1546.18,1541.61,1533.91,0.0062,0.2702,0.0604,0.3336,0.4388
LOAR,Loar Holdings Inc.,Industrials,Aerospace and Defense,65.464,6129.03,United States and Canada,US,67.97,72.15,22.23,-4.62,537.71,496.28,402.82,0.2633,-0.2199,,,
LOPE,Grand Canyon Education Inc.,Consumer Discretionary,Diversified Consumer Services,149.694,3925.02,United States and Canada,US,219.9,216.17,226.23,204.99,1125.52,1106.07,1033,0.0743,-0.1843,0.122,0.0985,0.1357
LPLA,LPL Financial Holdings Inc.,Financials,Capital Markets,287.34,22981.93,United States and Canada,US,900.86,863.02,1058.62,1066.25,17840.07,16586.07,12084.53,0.3834,-0.238,0.1197,0.1562,0.2776
LPX,Louisiana-Pacific Corporation,Materials,Paper and Forest Products,70.545,4928.62,United States and Canada,US,82,146,420,178,2558,2708,2941,-0.1302,-0.2074,0.0348,0.0377,0.1482
LQDA,Liquidia Corporation,Health Care,Pharmaceuticals,69.915,6217.41,United States and Canada,US,22.3,-68.92,-130.39,-78.5,288.06,158.32,14,19.3666,3.948,1.0219,0.9136,
LRN,Stride Inc.,Consumer Discretionary,Diversified Consumer Services,98.603,4131.38,United States and Canada,US,308.12,287.94,204.18,126.87,2535.66,2405.32,2040.07,0.1093,-0.3071,0.3359,0.2648,0.2375
LSCC,Lattice Semiconductor Corporation,Information Technology,Semiconductors and Semiconductor Equipment,135.917,18621.7,United States and Canada,US,19.88,3.08,61.13,259.06,574.01,523.26,509.4,0.1745,1.6645,0.19,0.2145,0.3733
LSTR,Landstar System Inc.,Industrials,Ground Transportation,222.235,7540.04,United States and Canada,US,124.64,115.01,195.95,264.39,4775.61,4757.44,4834.06,-0.0158,0.5926,0.0584,0.0668,0.1294
LTH,Life Time Group Holdings Inc.,Consumer Discretionary,Hotels Restaurants and Leisure,33.625,7485.02,United States and Canada,US,385.63,373.67,156.24,76.06,3077.91,2995.26,2620.99,0.1273,0.2232,0.1865,,
LUMN,Lumen Technologies Inc.,Communication Services,Diversified Telecommunication Services,8.351,8604.13,United States and Canada,US,-1738,-1739,-55,-10298,12119,12402,13108,-0.0678,1.0123,0.6655,-0.1112,-0.1105
LUNR,Intuitive Machines Inc.,Industrials,Aerospace and Defense,29.595,6422.73,United States and Canada,US,-109.28,-83.29,-283.41,61.76,334.26,210.06,228,0.5382,1.6377,0.4971,,
LUV,Southwest Airlines Co.,Industrials,Passenger Airlines,41.575,20320.77,United States and Canada,US,817,441,465,465,28884,28063,27483,0.0472,0.2414,0.107,-0.063,-0.0048
LVS,Las Vegas Sands Corp.,Consumer Discretionary,Hotels Restaurants and Leisure,50.811,33667.58,United States and Canada,US,1842,1627,1446,1221,13740,13017,11298,0.2267,0.2144,-0.0457,-0.0179,0.0094
LW,Lamb Weston Holdings Inc.,Consumer Staples,Food Products,44.57,6153.9,United States and Canada,US,300.3,357.2,725.5,1008.9,6518,6451.3,6467.6,0.0204,-0.2008,-0.2673,-0.1184,
LXP,LXP Industrial Trust,Real Estate,Industrial REITs,52.644,3103.5,United States and Canada,US,93.94,113.16,44.53,30.38,347.31,350.23,358.46,-0.0381,0.2186,0.0109,-0.0408,0.0076
LYFT,Lyft Inc.,Industrials,Ground Transportation,13.485,5120.02,United States and Canada,US,2855.69,2844.01,22.78,-340.32,6516.58,6316.26,5786.02,0.0936,-0.1334,0.0885,-0.248,
M,Macy's Inc.,Consumer Discretionary,Broadline Retail,24.111,6342.11,United States and Canada,US,667,642,582,45,22720,22621,23006,-0.0035,0.9828,0.1543,0.0438,-0.0316
MAA,Mid-America Apartment Communities Inc.,Real Estate,Residential REITs,138.315,16503.35,United States and Canada,US,389.6,446.91,527.54,552.81,2213.56,2209.13,2191.01,0.0077,-0.0801,-0.0356,-0.0421,0.0349
MAC,The Macerich Company,Real Estate,Retail REITs,24.649,7265.71,United States and Canada,US,-183.38,-197.15,-194.12,-274.06,1024.31,1041.06,899.3,0.0119,0.5178,0.2994,0.0686,-0.1095
MAIN,Main Street Capital Corporation,Financials,Capital Markets,51.594,4797.72,United States and Canada,US,426.3,493.4,508.08,428.45,569.45,566.39,541.03,0.0421,-0.1064,0.088,0.0424,0.047
MAIR,Madison Air Solutions Corporation,Industrials,Building Products,38.59,19343.93,United States and Canada,US,92.9,97,175.2,58.2,3573.4,3340.1,2624.7,,,,,
MANE,Veradermics Incorporated,Health Care,Pharmaceuticals,94.515,3948.71,United States and Canada,US,-84.83,-70,-26.49,-16.49,,,,,,,,
MANH,Manhattan Associates Inc.,Information Technology,Software,139.684,8264.35,United States and Canada,US,216.66,219.95,218.36,176.57,1100.82,1081.39,1042.35,0.0478,-0.2622,-0.0905,-0.0067,0.0776
MARA,MARA Holdings Inc.,Information Technology,Software,12.865,4905.05,United States and Canada,US,-2037.9,-1311.48,541.25,261.17,867.82,907.09,656.38,0.2308,-0.2131,0.1107,-0.1348,-0.114
MAS,Masco Corporation,Industrials,Building Products,71.425,14173.18,United States and Canada,US,837,810,822,908,7679,7562,7828,-0.0031,0.1185,0.0977,0.0398,0.0861
MASI,Masimo Corporation,Health Care,Health Care Equipment and Supplies,179.95,9423.23,United States and Canada,US,76.3,-151.5,-304.9,81.5,1558.5,1526.9,2094.4,-0.2672,0.0775,0.048,-0.0412,0.1319
MAT,Mattel Inc.,Consumer Discretionary,Leisure Products,14.505,4215.15,United States and Canada,US,498.93,397.58,541.82,214.35,5383.16,5347.62,5379.55,-0.0025,-0.2465,-0.074,-0.0713,-0.0733
MATX,Matson Inc.,Industrials,Marine Transportation,198.718,6013.86,United States and Canada,US,429.1,444.8,476.4,297.1,3320.3,3344.5,3421.8,-0.0464,0.7369,0.3806,0.2511,0.1955
MBIN,Merchants Bancorp,Financials,Financial Services,49.305,2264.85,United States and Canada,US,228.26,218.77,320.39,279.23,585.48,563.69,646.45,-0.0578,0.5083,0.2185,0.1224,
MC,Moelis & Company,Financials,Capital Markets,66.807,5439.32,United States and Canada,US,221.2,233.04,136.02,-24.7,1529.98,1516.8,1194.55,0.1919,0.1518,0.1566,0.041,0.1007
MCHB,Mechanics Bancorp,Financials,Banks,15.103,3343.82,United States and Canada,US,266.04,265.74,29,201.91,687.87,642.66,381.61,0.1505,0.3659,,0.1067,
MCRI,Monarch Casino & Resort Inc.,Consumer Discretionary,Hotels Restaurants and Leisure,127.092,2255.82,United States and Canada,US,109.12,101.39,72.77,82.45,556.28,545.13,522.19,0.0577,0.4959,0.2254,0.1219,0.1887
MCY,Mercury General Corporation,Financials,Insurance,101.126,5601.23,United States and Canada,US,839.84,541.09,467.95,96.34,6135.7,5989.77,5460.83,0.0995,0.5558,0.5014,0.1076,0.0667
MDB,MongoDB Inc.,Information Technology,IT Services,353.74,28451.99,United States and Canada,US,-29.09,-71.15,-129.07,-176.6,2602.4,2463.8,2006.44,0.2364,0.6797,-0.0188,0.0115,
MDGL,Madrigal Pharmaceuticals Inc.,Health Care,Biotechnology,476.674,10990.03,United States and Canada,US,-309.44,-288.28,-465.89,-373.63,1132.49,958.4,180.13,2.5682,0.6195,0.2147,0.3457,
MDU,MDU Resources Group Inc.,Utilities,Gas Utilities,21.1,4410.03,United States and Canada,US,189.25,190.4,281.11,414.71,1806.21,1875.07,1757.98,-0.0208,0.253,0.0043,-0.0874,-0.0091
MEDP,Medpace Holdings Inc.,Health Care,Life Sciences Tools and Services,472.15,13484.46,United States and Canada,US,460.4,451.12,404.39,282.81,2678.27,2530.23,2109.05,0.2419,0.5618,0.3135,0.2192,
MGEE,MGE Energy Inc.,Utilities,Electric Utilities,77.7,3112.41,United States and Canada,US,142.78,135.89,120.57,117.7,750.39,726.65,659.94,0.0913,-0.1284,0.0014,0.0025,0.0347
MGM,MGM Resorts International,Consumer Discretionary,Hotels Restaurants and Leisure,46.706,11949.79,United States and Canada,US,182.44,205.86,746.56,1142.18,17715.32,17537.68,17240.54,0.0339,0.4055,0.0415,0.0157,0.0664
MGNI,Magnite Inc.,Communication Services,Media,15.654,2241.89,United States and Canada,US,158.66,144.61,22.79,-159.18,722.55,713.95,668.17,0.071,-0.1146,0.0523,-0.1377,0.0105
MGRC,McGrath RentCorp,Industrials,Trading Companies and Distributors,114.428,2810.55,United States and Canada,US,155.13,156.31,231.73,174.62,947.36,944.24,910.94,0.0314,-0.0222,0.0536,0.0618,0.1425
MGY,Magnolia Oil & Gas Corporation,Energy,Oil Gas and Consumable Fuels,28.06,5189.64,United States and Canada,US,322.15,325.25,366.03,388.3,1320.06,1311.85,1315.89,-0.0198,0.1815,0.1075,0.1313,
MH,McGraw Hill Inc.,Consumer Discretionary,Diversified Consumer Services,12.215,2333.08,United States and Canada,US,-71.28,-85.84,-193.02,-404.1,2112.32,2101.3,1960.48,0.0317,,,,
MHK,Mohawk Industries Inc.,Consumer Discretionary,Household Durables,103.605,6315.05,United States and Canada,US,414.4,369.9,517.7,-439.5,10988.3,10785.4,10836.9,0.0285,-0.0106,0.028,-0.1171,-0.0614
MHO,M/I Homes Inc.,Consumer Discretionary,Household Durables,137.922,3529.44,United States and Canada,US,359.54,402.94,563.73,465.37,4362.4,4417.78,4504.67,-0.0162,0.2552,0.2227,0.1664,0.2208
MIAX,Miami International Holdings Inc.,Financials,Capital Markets,42.285,4013.15,United States and Canada,US,121.61,-70.03,102.12,-20.89,1406.69,1364.07,1140.07,0.1779,,,,
MIDD,The Middleby Corporation,Industrials,Machinery,155.277,7020.77,United States and Canada,US,-420.16,-277.73,428.43,400.88,3310.49,3201.2,3150.24,0.1207,0.0584,0.0326,-0.0173,0.0223
MIR,Mirion Technologies Inc.,Information Technology,Electronic Equipment Instruments and Components,15.867,3973.42,United States and Canada,US,25.1,28.8,-36.1,-96.9,981,925.4,860.8,0.1273,-0.2137,0.2556,0.0908,
MIRM,Mirum Pharmaceuticals Inc.,Health Care,Biotechnology,98.28,5993.23,United States and Canada,US,-798.84,-23.36,-87.94,-163.41,569.61,521.31,336.89,0.5019,1.0281,0.5109,0.413,
MKC,McCormick & Company Incorporated,Consumer Staples,Food Products,49.07,13182.45,United States and Canada,US,1643.3,789.4,788.5,680.6,7108.7,6840.3,6723.7,0.0568,-0.3512,-0.1846,-0.1119,-0.0017
MKL,Markel Group Inc.,Financials,Insurance,1839.965,23024.79,United States and Canada,US,1773.01,2107.01,2747.02,1996.06,16013.25,16589.31,16620.76,0.0296,-0.0463,0.1105,0.0881,0.0698
MKSI,MKS Inc.,Information Technology,Semiconductors and Semiconductor Equipment,334.676,22605.4,United States and Canada,US,327,295,190,-1841,4073,3931,3586,0.1147,2.5729,0.4901,0.1351,0.233
MKTX,MarketAxess Holdings Inc.,Financials,Capital Markets,116.224,4130.54,United States and Canada,US,309.44,246.63,274.18,258.06,871.07,846.27,817.1,0.0683,-0.4835,-0.2505,-0.2339,-0.0197
MLI,Mueller Industries Inc.,Industrials,Machinery,135.331,14963.63,United States and Canada,US,846.78,765.19,604.88,602.9,4371.39,4178.55,3768.77,0.1154,0.727,0.4784,0.4203,0.2375
MLM,Martin Marietta Materials Inc.,Materials,Construction Materials,548.903,32959.37,United States and Canada,US,2534,1137,1995,1169,6350,6150,6536,-0.0434,0.0056,0.0868,0.0925,0.1145
MMED,MiniMed Group Inc.,Health Care,Health Care Equipment and Supplies,15.098,4239.82,United States and Canada,US,-331,-331,-213,-112,3102,3102,2715,0.1425,,,,
MMS,Maximus Inc.,Industrials,Professional Services,61.095,3209.95,United States and Canada,US,373.27,319.03,306.91,161.79,5317.83,5431.28,5306.2,-0.0144,-0.1325,-0.1015,-0.0833,0.0066
MMSI,Merit Medical Systems Inc.,Health Care,Health Care Equipment and Supplies,66.434,3963.11,United States and Canada,US,139.34,128.49,120.36,94.41,1542.43,1515.91,1356.51,0.111,-0.2963,-0.0739,0.0139,0.1325
MNR,Mach Natural Resources LP,Energy,Oil Gas and Consumable Fuels,13.4899,2269.33,United States and Canada,US,92.06,142.98,185.18,346.56,1156.91,1045.34,942.81,0.2284,-0.0426,,,
MOD,Modine Manufacturing Company,Industrials,Building Products,257.159,13582.05,United States and Canada,US,121.5,121.5,184,161.5,3181.1,3181.1,2583.5,0.2313,1.7314,0.9961,0.7167,0.3835
MOGA,Moog Inc.,Industrials,Aerospace and Defense,394.455,12550.48,United States and Canada,US,283.58,235.03,208.79,175.16,4171.01,3860.62,3608.96,0.1382,1.209,0.5341,0.3456,0.2215
MOH,Molina Healthcare Inc.,Health Care,Health Care Providers and Services,192.87,10046.81,United States and Canada,US,188,472,1179,1091,43096,43563,39164,0.0726,-0.3454,-0.1211,-0.0493,0.1428
MORN,Morningstar Inc.,Financials,Capital Markets,180.35,6858.35,United States and Canada,US,402.8,374.2,369.9,141.1,2508.4,2445.5,2275.1,0.0839,-0.4068,-0.0409,-0.0522,0.0819
MOS,The Mosaic Company,Materials,Chemicals,20.205,6422.09,United States and Canada,US,45,540.7,174.9,1164.9,12429.5,12052.4,11122.8,0.1234,-0.4169,-0.1676,-0.1019,-0.0284
MP,MP Materials Corp.,Materials,Metals and Mining,55.128,9814.01,United States and Canada,US,-71.19,-85.87,-65.42,24.31,347.57,275.46,203.85,0.6093,1.1501,0.36,0.1147,
MPT,Medical Properties Trust Inc.,Real Estate,Health Care REITs,4.955,2963.59,United States and Canada,US,-125.95,-277.05,-2410.27,-556.48,1099.89,1069.87,1039.69,0.1047,0.0914,-0.1856,-0.256,-0.1054
MRCY,Mercury Systems Inc.,Industrials,Aerospace and Defense,113.529,6816.65,United States and Canada,US,-14.1,-37.9,-137.64,-28.34,966.95,912.02,835.27,0.0895,1.1724,0.3827,0.1112,0.1741
MRNA,Moderna Inc.,Health Care,Biotechnology,47.72,18934.64,United States and Canada,US,-3194,-2822,-3561,-4714,2225,1944,3236,-0.2997,0.7196,-0.2705,-0.2625,
MRP,Millrose Properties Inc.,Real Estate,Specialized REITs,28.862,4792.48,United States and Canada,US,462.94,404.82,-246.22,-209.79,712.69,600.46,,7.618,0.0446,,,
MSA,MSA Safety Incorporated,Industrials,Commercial Services and Supplies,155.865,6017.03,United States and Canada,US,290.59,278.92,284.97,58.58,1917.11,1874.81,1808.14,0.0556,-0.0557,0.0037,-0.0134,0.1171
MSGE,Madison Square Garden Entertainment Corp.,Communication Services,Entertainment,73.591,3481.24,United States and Canada,US,48.99,37.43,144.3,76.6,1018.6,942.73,959.26,0.0451,0.982,0.2443,,
MSGS,Madison Square Garden Sports Corp.,Communication Services,Entertainment,386.417,9303.42,United States and Canada,US,-22.32,-22.44,58.77,47.79,1079.03,1039.22,1027.15,0.0155,1.0206,0.2943,0.1687,0.0855
MSM,MSC Industrial Direct Co. Inc.,Industrials,Trading Companies and Distributors,115.42,6444.4,United States and Canada,US,207.68,199.33,258.59,343.23,3832.78,3769.52,3820.95,0.0216,0.4046,0.0657,0.047,0.0469
MTB,M&T Bank Corporation,Financials,Banks,224.375,32858.61,United States and Canada,US,2931,2851,2588,2741,9310,9185,8669,0.0598,0.2159,0.2085,0.0765,0.0667
MTCH,Match Group Inc.,Communication Services,Interactive Media and Services,34.154,7966.98,United States and Canada,US,662.71,613.45,551.28,651.54,3519.95,3487.2,3479.37,0.02,0.0829,-0.0634,-0.2474,
MTDR,Matador Resources Company,Energy,Oil Gas and Consumable Fuels,55.362,6874.76,United States and Canada,US,483.26,759.22,885.32,846.07,3591.95,3656.51,3478.96,-0.0431,0.1294,0.029,0.1047,0.0952
MTG,MGIC Investment Corporation,Financials,Financial Services,25.505,5394.06,United States and Canada,US,718.19,738.35,762.99,712.95,1204.48,1213.64,1207.73,-0.0124,-0.039,0.1713,0.1197,0.148
MTH,Meritage Homes Corporation,Consumer Discretionary,Household Durables,71.235,4751.55,United States and Canada,US,385.52,453.01,786.19,738.75,5616.5,5857.64,6395.03,-0.1063,0.0846,0.0318,0.0763,0.1437
MTN,Vail Resorts Inc.,Consumer Discretionary,Hotels Restaurants and Leisure,136.445,4862.02,United States and Canada,US,156.83,280,231.1,265.82,2831.43,2964.35,2885.19,-0.0429,-0.1022,-0.1708,-0.1567,-0.0043
MTRN,Materion Corporation,Materials,Metals and Mining,238.411,4959.3,United States and Canada,US,76.5,74.82,5.89,95.7,1916.04,1786.55,1684.74,0.1141,1.926,0.2986,0.2503,0.2507
MTSI,MACOM Technology Solutions Holdings Inc.,Information Technology,Semiconductors and Semiconductor Equipment,365.31,27871.61,United States and Canada,US,176.75,-54.21,76.86,91.58,1073.82,967.26,729.58,0.2705,1.7823,0.8241,0.4354,0.2553
MTX,Minerals Technologies Inc.,Materials,Chemicals,76.14,2361.01,United States and Canada,US,161.8,-18.4,167.1,84.1,2127.7,2072.6,2118.5,0.025,0.3141,0.1008,-0.0172,0.0262
MTZ,MasTec Inc.,Industrials,Construction and Engineering,348.302,27165.61,United States and Canada,US,449.98,399.04,162.79,-49.95,15280.25,14299.17,12303.46,0.2259,1.1381,0.4668,0.2432,0.3153
MUR,Murphy Oil Corporation,Energy,Oil Gas and Consumable Fuels,40,5733.98,United States and Canada,US,84.18,104.23,407.17,661.56,2749.47,2689.84,3018.6,-0.0508,0.6447,0.0136,0.1102,0.0313
MUSA,Murphy USA Inc.,Consumer Discretionary,Specialty Retail,634.54,11720.39,United States and Canada,US,553.7,470.6,502.5,556.8,17298.6,17017.9,17909.4,-0.017,0.5301,0.3054,0.3566,0.2465
MWA,Mueller Water Products Inc.,Industrials,Machinery,25.42,3977.49,United States and Canada,US,207.4,191.7,115.9,85.5,1463.7,1429.7,1314.7,0.0657,0.0548,0.1833,0.118,0.0838
MWH,SOLV Energy Inc.,Industrials,Construction and Engineering,30.69,6214.01,United States and Canada,US,126.54,149.18,9.92,-107.27,2759.45,2490.5,1847.8,,,,,
MXL,MaxLinear Inc.,Information Technology,Semiconductors and Semiconductor Equipment,77.229,6915.54,United States and Canada,US,-132.1,-136.68,-245.2,-73.15,508.9,467.64,360.53,0.4089,5.2131,0.3828,0.1414,0.1438
MYRG,MYR Group Inc.,Industrials,Construction and Engineering,416.096,6479.05,United States and Canada,US,141.91,118.42,30.26,90.99,3824.65,3657.89,3362.29,0.1314,1.5172,0.4475,0.358,0.3293
MZTI,The Marzetti Company,Consumer Staples,Food Products,109.265,2996.31,United States and Canada,US,175.84,167.35,158.61,111.29,1940.22,1909.12,1871.76,0.0285,-0.3501,-0.1798,-0.1112,-0.0133
NATL,NCR Atleos Corporation,Financials,Financial Services,43.945,3242.25,United States and Canada,US,170,162,80,-150,4418,4354,4305,0.0435,0.5605,,,
NAVN,Navan Inc.,Consumer Discretionary,Hotels Restaurants and Leisure,23.884,6031.97,United States and Canada,US,-398.03,-398.03,-181.08,-331.55,702.26,702.26,536.84,0.3082,,,,
NBIX,Neurocrine Biosciences Inc.,Health Care,Biotechnology,164.005,16490.7,United States and Canada,US,668.6,478.6,341.3,249.7,3102.4,2860.5,2355.3,0.2859,0.3208,0.2059,0.107,0.1297
NBTB,NBT Bancorp Inc.,Financials,Banks,47.385,2464.5,United States and Canada,US,183.63,169.24,140.64,118.78,696.57,664.78,557.34,0.2232,0.1261,0.0955,0.0457,0.0504
NCLH,Norwegian Cruise Line Holdings Ltd.,Consumer Discretionary,Hotels Restaurants and Leisure,18.245,8376.46,United States and Canada,US,568.21,423.25,910.26,166.18,10031.26,9827.59,9479.65,0.0367,-0.0438,0.0204,-0.1075,-0.0853
NDSN,Nordson Corporation,Industrials,Machinery,281.904,15707.11,United States and Canada,US,528.12,484.47,467.28,487.49,2903.64,2791.69,2689.92,0.0737,0.2856,0.0667,0.0485,0.1274
NE,Noble Corporation plc,Energy,Energy Equipment and Services,46.465,7413.3,United States and Canada,US,229.14,216.72,448.35,481.9,3017.33,3107.21,2918.77,-0.0387,0.5929,0.0511,0.1329,
NESR,National Energy Services Reunited Corp.,Energy,Energy Equipment and Services,24.15,2435.46,United States and Canada,US,64.57,51.13,76.31,12.58,1425.53,1324.05,1301.7,0.0899,2.9141,1.0207,0.0958,
NEU,NewMarket Corporation,Materials,Chemicals,831.6,7649.07,United States and Canada,US,410.87,418.75,462.41,388.86,2693.94,2725.17,2786.56,-0.0347,0.2465,0.2743,0.1983,0.0741
NEXT,NextDecade Corporation,Energy,Oil Gas and Consumable Fuels,8.655,2293.51,United States and Canada,US,-354.04,-306.43,-61.75,-162.26,,,,,0.0255,0.1209,0.1517,
NFG,National Fuel Gas Company,Utilities,Gas Utilities,78.057,7418.18,United States and Canada,US,686.47,518.5,77.51,476.87,2507.99,2277.54,1944.81,0.2122,-0.0483,0.1405,0.0718,0.0337
NGVT,Ingevity Corporation,Materials,Chemicals,69.084,2402.17,United States and Canada,US,-127.8,-167.1,-430.3,-5.4,1177.7,1167.6,1406.4,-0.1278,0.5514,0.086,-0.0374,0.0736
NHC,National HealthCare Corporation,Health Care,Health Care Providers and Services,195.47,3053.17,United States and Canada,US,123.67,120.02,101.93,66.8,1525.9,1517.78,1297.94,0.1102,0.867,0.467,0.2166,0.1197
NHI,National Health Investors Inc.,Real Estate,Health Care REITs,72.45,3511.73,United States and Canada,US,148.11,142.18,137.99,135.65,404.71,379.29,335.58,0.1778,0.0147,0.111,0.0172,0.0013
NI,NiSource Inc.,Utilities,Multi-Utilities,46.949,22509.19,United States and Canada,US,961.8,929.5,760.4,714.3,6822.1,6642.2,5455.1,0.2176,0.1898,0.2006,0.1253,0.0654
NIC,Nicolet Bankshares Inc.,Financials,Banks,147.555,3135.82,United States and Canada,US,133.29,150.69,124.06,61.52,428.66,387.79,346.48,0.2146,0.2382,0.2688,0.144,0.1532
NIQ,NIQ Global Intelligence plc,Communication Services,Media,8.09,2387.65,United States and Canada,US,-323.6,-353.3,-798,-577.4,4305.2,4198.4,3972.6,0.0826,,,,
NJR,New Jersey Resources Corporation,Utilities,Gas Utilities,55.37,5588.03,United States and Canada,US,341.42,335.63,289.77,264.72,2179.28,2036.41,1796.54,0.0514,0.2365,0.0357,0.0463,0.0408
NKTR,Nektar Therapeutics,Health Care,Pharmaceuticals,59.545,2011.79,United States and Canada,US,-158.1,-164.08,-118.96,-276.06,55.63,55.23,98.43,-0.3624,5.2351,0.8899,-0.2575,-0.1289
NLY,Annaly Capital Management Inc.,Real Estate,Mortgage Real Estate Investment Trusts (REITs),21.865,16022.15,United States and Canada,US,2185.69,2027.26,1001.91,-1643.17,2501.05,2381.7,1308.34,1.6158,0.1317,0.0301,-0.1025,-0.0658
NMIH,NMI Holdings Inc.,Financials,Financial Services,36.595,2780.19,United States and Canada,US,385.7,388.93,360.11,322.11,716.67,706.44,650.97,0.0729,-0.0942,0.1162,0.081,0.2006
NMRK,Newmark Group Inc.,Real Estate,Real Estate Management and Development,14.755,3554.09,United States and Canada,US,149.37,126.19,61.23,42.58,3475.05,3294.02,2738.5,0.2161,0.2547,0.302,0.0247,
NN,NextNav Inc.,Information Technology,Software,22.585,3078.44,United States and Canada,US,-141.29,-189.25,-101.88,-71.73,4.03,4.57,5.67,-0.3462,0.7826,1.0186,0.1758,
NNI,Nelnet Inc.,Financials,Consumer Finance,128.8,4628.3,United States and Canada,US,417.04,428.47,184.04,89.83,1646.05,1672.88,1354.96,0.2069,0.1116,0.0867,0.1064,0.1376
NNN,NNN REIT Inc.,Real Estate,Retail REITs,46.464,8839.69,United States and Canada,US,387.27,389.78,396.83,392.34,935.78,926.21,869.27,0.0577,0.094,0.0239,-0.0136,-0.003
NOG,Northern Oil and Gas Inc.,Energy,Oil Gas and Consumable Fuels,21.258,2239.06,United States and Canada,US,-623.07,38.76,520.31,922.97,1925.2,1963.72,2006.67,-0.0687,-0.3162,-0.136,0.0201,-0.0688
NOV,NOV Inc.,Energy,Energy Equipment and Services,21.026,7545.99,United States and Canada,US,91,145,635,993,8693,8744,8870,-0.0142,0.5726,0.1072,0.0443,-0.0497
NOVT,Novanta Inc.,Information Technology,Electronic Equipment Instruments and Components,158.13,5631.3,United States and Canada,US,53.72,53.83,64.09,72.88,1004.94,980.6,949.25,0.0559,0.2377,-0.0196,0.0321,0.2582
NP,Neptune Insurance Holdings Inc.,Financials,Insurance,27.144,3754.85,United States and Canada,US,34.82,37.41,34.59,17.89,167.99,159.55,119.3,0.4082,,,,
NPO,Enpro Inc.,Industrials,Machinery,330.635,6985.21,United States and Canada,US,43.4,40.5,72.9,22.2,1173.1,1143.3,1048.7,0.1021,0.7122,0.4048,0.2748,0.2108
NRG,NRG Energy Inc.,Utilities,Electric Utilities,122.65,25877.49,United States and Canada,US,239,864,1125,-202,32384,30713,28130,0.1058,-0.1772,0.5307,0.2686,0.2344
NSA,National Storage Affiliates Trust,Real Estate,Specialized REITs,45.221,5796.85,United States and Canada,US,78.57,73.78,111.52,156.67,749.54,745.6,754.26,0.0097,0.3411,0.073,-0.017,0.082
NSIT,Insight Enterprises Inc.,Information Technology,Electronic Equipment Instruments and Components,108.635,3281.2,United States and Canada,US,179.84,157.35,249.69,281.31,8271.61,8247.18,8701.7,-0.0183,-0.1853,-0.0897,0.0035,0.1468
NTAP,NetApp Inc.,Information Technology,Technology Hardware Storage and Peripherals,159.055,31162.04,United States and Canada,US,1276,1276,1186,986,6925,6925,6572,0.0537,0.5498,0.3155,0.1378,0.2056
NTCT,NetScout Systems Inc.,Information Technology,Communications Equipment,41.126,2940.31,United States and Canada,US,95.53,95.53,-366.92,-147.73,859.48,859.48,822.68,0.0447,0.7309,0.1077,0.059,0.0559
NTNX,Nutanix Inc.,Information Technology,Software,48.341,13067.56,United States and Canada,US,275.86,188.37,-124.78,-254.56,2749.73,2537.93,2148.82,0.1304,-0.3474,0.1747,0.067,
NTRA,Natera Inc.,Health Care,Biotechnology,218.685,31319.06,United States and Canada,US,-226.31,-208.16,-190.43,-434.8,2500.93,2306.11,1696.91,0.3659,0.3114,0.6512,0.1604,0.3387
NTRS,Northern Trust Corporation,Financials,Capital Markets,167.29,30956.56,United States and Canada,US,1870.4,1736.9,2031.1,1107.3,8363.5,8093.9,8293.4,-0.0249,0.5427,0.3066,0.073,0.0894
NTSK,Netskope Inc.,Information Technology,Software,8.734,3527.87,United States and Canada,US,-716.64,-679.39,-354.51,-344.85,752.85,709,538.27,0.3093,,,,
NUVL,Nuvalent Inc.,Health Care,Biotechnology,123.33,9742.81,United States and Canada,US,-450.07,-425.38,-260.76,-126.22,,,,,0.6036,0.4326,,
NVR,NVR Inc.,Consumer Discretionary,Household Durables,6335.82,17102.23,United States and Canada,US,1238.6,1339.82,1681.93,1591.61,9917.3,10438.1,10687.46,-0.0768,-0.1317,0.0288,0.0629,0.139
NVST,Envista Holdings Corporation,Health Care,Health Care Equipment and Supplies,23.91,3890.82,United States and Canada,US,67.7,47,-1118.6,-100.2,2808.1,2719.5,2510.6,0.1215,0.2434,-0.0903,-0.115,
NVTS,Navitas Semiconductor Corporation,Information Technology,Semiconductors and Semiconductor Equipment,20.857,5147.59,United States and Canada,US,-133.91,-116.95,-84.6,-145.43,40.5,45.92,83.3,-0.4538,1.6202,0.3103,0.1585,
NWBI,Northwest Bancshares Inc.,Financials,Banks,14.526,2125.37,United States and Canada,US,133.09,126.01,100.28,134.96,621.52,599.09,498.08,0.1985,0.1621,0.0823,0.0054,-0.0012
NWE,NorthWestern Energy Group Inc.,Utilities,Multi-Utilities,70.517,4336.73,United States and Canada,US,167.61,181.09,224.11,194.13,1641.5,1610.56,1513.9,0.0906,0.3386,0.0604,0.0161,0.0152
NWN,Northwest Natural Holding Company,Utilities,Gas Utilities,50.045,2105.91,United States and Canada,US,122.89,113.32,78.87,93.87,1285.48,1289.36,1152.99,0.059,0.2489,0.0479,-0.0195,-0.0169
NWSA,News Corporation,Communication Services,Media,26.505,15141.22,United States and Canada,US,1137,1180,266,149,8800,8452,8252,0.0433,-0.0493,0.1129,-0.0025,0.0869
NXST,Nexstar Media Group Inc.,Communication Services,Media,172.763,5276,United States and Canada,US,165,109,722,346,5111,4949,5407,-0.0459,0.0022,0.0144,0.033,0.1287
NXT,Nextpower Inc.,Industrials,Electrical Equipment,115.986,17429.73,United States and Canada,US,585.88,585.88,509.17,306.24,3559.39,3559.39,2959.2,0.2028,0.9283,0.4212,,
NYT,The New York Times Company,Communication Services,Media,73.155,11841.07,United States and Canada,US,382.35,343.98,293.82,232.39,2874.14,2797.92,2558.92,0.1051,0.3127,0.2564,0.1202,0.1995
OBDC,Blue Owl Capital Corporation,Financials,Capital Markets,11.055,5486.66,United States and Canada,US,360.39,627.41,594.98,793.31,1783.43,1851.3,1596.76,0.0732,-0.2505,-0.0661,-0.0569,
OC,Owens Corning,Industrials,Building Products,115.389,9292.08,United States and Canada,US,-534,-522,647,1196,9838,10103,9851,-0.0508,-0.1621,-0.0078,0.0298,0.0885
OCTV,Octave Intelligence plc,Information Technology,Software,18.849,5059.78,United States and Canada,US,,,,,,,,,,,,
OGE,OGE Energy Corp.,Utilities,Electric Utilities,47.842,9873.36,United States and Canada,US,458.2,470.7,441.5,416.8,3265,3260.1,2985.3,0.0411,0.0826,0.0966,0.0618,0.0445
OGN,Organon & Co.,Health Care,Pharmaceuticals,13.445,3530.67,United States and Canada,US,246,187,864,1023,6163,6216,6403,-0.0208,0.3338,-0.1212,-0.1462,
OGS,ONE Gas Inc.,Utilities,Gas Utilities,77.375,4856.25,United States and Canada,US,273.48,264.22,222.85,231.23,2323.95,2427.43,2083.56,0.0281,0.0449,-0.02,-0.0004,0.0213
OHI,Omega Healthcare Investors Inc.,Real Estate,Health Care REITs,45.995,14341.07,United States and Canada,US,632.2,590.18,406.33,242.18,1236.27,1190.1,1051.39,0.1395,0.2424,0.1388,0.0403,0.0338
OICT,Oicintra Inc.,Financials,Insurance,11.25,5052.73,United States and Canada,US,-0.01,-0.01,,,,,,,,,0.5324,
OII,Oceaneering International Inc.,Energy,Energy Equipment and Services,39.682,3958.09,United States and Canada,US,339.49,353.76,147.47,97.4,2802.06,2784.16,2661.16,0.0239,0.8762,0.3051,0.1863,0.0196
OKLO,Oklo Inc.,Utilities,Electric Utilities,56.158,9770.99,United States and Canada,US,-128.92,-105.66,-73.62,-32.17,,,,,-0.1745,0.7439,,
OKTA,Okta Inc.,Information Technology,IT Services,116.52,20252.03,United States and Canada,US,247,235,28,-355,2996,2919,2610,0.1175,0.1601,0.1768,-0.1243,
OLED,Universal Display Corporation,Information Technology,Semiconductors and Semiconductor Equipment,87.08,4071.07,United States and Canada,US,213.53,242.07,222.08,203.01,626.54,650.61,647.68,-0.0342,-0.4584,-0.1521,-0.1704,0.0238
OLLI,Ollie's Bargain Outlet Holdings Inc.,Consumer Discretionary,Broadline Retail,80.99,4896.11,United States and Canada,US,249.44,240.6,199.76,181.44,2731.36,2649.2,2271.7,0.1674,-0.2776,0.0931,-0.0152,0.1263
OLN,Olin Corporation,Materials,Chemicals,24.299,2767.6,United States and Canada,US,-184.9,-100.5,108.6,460.2,6719.6,6780.8,6540.1,0.026,0.1146,-0.221,-0.1302,-0.0019
OMC,Omnicom Group Inc.,Communication Services,Media,73.57,20967.91,United States and Canada,US,63,-54.5,1480.6,1391.4,19824.4,17271.9,15689.1,0.2588,0.0037,-0.0798,-0.0257,-0.0124
OMF,OneMain Holdings Inc.,Financials,Consumer Finance,54.38,6282.57,United States and Canada,US,796,783,509,641,3040,2973,2497,0.1769,0.0159,0.0813,-0.0172,0.0716
ONB,Old National Bancorp,Financials,Banks,24.33,9400.46,United States and Canada,US,758.27,669.26,539.19,581.99,2506.82,2300.57,1761.53,0.3959,0.1493,0.2104,0.0554,0.0653
ONDS,Ondas Inc.,Information Technology,Communications Equipment,9.517,4718.17,United States and Canada,US,243.37,-132.02,-38.01,-44.84,96.61,50.73,7.19,7.9317,5.4304,1.1437,0.0307,
ONTO,Onto Innovation Inc.,Information Technology,Semiconductors and Semiconductor Equipment,287.317,14292.17,United States and Canada,US,106.41,136.76,201.67,121.16,1030.61,1005.26,987.32,0.0054,1.8749,0.3756,0.308,
OPCH,Option Care Health Inc.,Health Care,Health Care Providers and Services,20.922,3285.33,United States and Canada,US,206.19,207.59,211.82,267.09,5667.2,5649.52,4998.2,0.093,-0.3398,-0.1191,-0.0008,
OPEN,Opendoor Technologies Inc.,Real Estate,Real Estate Management and Development,4.455,4297.9,United States and Canada,US,-1388,-1300,-392,-275,3938,4371,5153,-0.2316,6.3321,0.2283,-0.2366,
OPLN,OPENLANE Inc.,Industrials,Commercial Services and Supplies,37.565,3979.87,United States and Canada,US,189.7,177.7,109.9,-154.1,2002.3,1934.5,1788.5,0.101,0.5587,0.3554,0.1577,-0.0084
ORA,Ormat Technologies Inc.,Utilities,Independent Power and Renewable Electricity Producers,137.143,8427.92,United States and Canada,US,127.6,123.9,123.73,124.4,1163.69,989.54,879.65,0.3145,0.7207,0.171,0.1405,0.1225
ORI,Old Republic International Corporation,Financials,Insurance,38.495,9215.92,United States and Canada,US,1020.4,935.4,852.7,598.6,9421.5,9136.1,8231.5,0.1311,0.0483,0.1494,0.0784,0.0727
ORKA,Oruka Therapeutics Inc.,Health Care,Biotechnology,68.89,4154.9,United States and Canada,US,-116.25,-105.43,-91.34,,,,,,4.4675,,,
OSCR,Oscar Health Inc.,Financials,Insurance,28.319,8529.06,United States and Canada,US,-39.43,-443.15,25.43,-270.73,13302.36,11701.43,9177.56,0.3195,1.0013,0.4532,0.0233,
OSIS,OSI Systems Inc.,Information Technology,Electronic Equipment Instruments and Components,227.169,3744.4,United States and Canada,US,152.22,149.64,128.15,91.78,1806.91,1713.17,1538.76,0.0698,-0.0497,0.2156,0.1825,0.1593
OSK,Oshkosh Corporation,Industrials,Machinery,130.23,8120.01,United States and Canada,US,577.9,647,681.4,598,10427.3,10422.3,10730.2,-0.0068,0.1753,0.1606,0.0017,0.1106
OTIS,Otis Worldwide Corporation,Industrials,Machinery,69.441,26645.63,United States and Canada,US,1481,1384,1645,1406,14647,14431,14261,0.0334,-0.2721,-0.0674,-0.0292,
OTTR,Otter Tail Corporation,Utilities,Electric Utilities,89.255,3747.3,United States and Canada,US,280.4,275.89,301.66,294.19,1313.73,1304.06,1330.55,-0.0054,0.1214,0.0476,0.1238,0.1102
OUST,Ouster Inc.,Information Technology,Electronic Equipment Instruments and Components,37.479,2386.4,United States and Canada,US,-55.83,-60.38,-97.05,-374.11,185.33,169.38,111.1,0.5734,0.8408,0.879,-0.2163,
OUT,OUTFRONT Media Inc.,Real Estate,Specialized REITs,30.845,5430.68,United States and Canada,US,186.7,147,258.2,-425.2,1870.6,1831.7,1830.9,0.0317,0.8842,0.2564,0.0402,0.0288
OVV,Ovintiv Inc.,Energy,Oil Gas and Consumable Fuels,58.112,16330.55,United States and Canada,US,771,1242,1125,2085,8865,8663,8943,-0.0074,0.4306,0.1545,0.1309,0.0374
OWL,Blue Owl Capital Inc.,Financials,Capital Markets,9.405,14662.87,United States and Canada,US,86.94,78.83,109.58,54.34,2940.5,2870.18,2295.43,0.1926,-0.5094,-0.0567,-0.0805,
OZK,Bank OZK,Financials,Banks,50.866,5552.83,United States and Canada,US,706.88,715.48,716.46,690.78,1560.68,1555.34,1481.24,0.0482,0.1124,0.0858,0.0353,0.0296
P,Everpure Inc.,Information Technology,Technology Hardware Storage and Peripherals,66.434,22082.99,United States and Canada,US,226.25,188.18,106.74,61.31,3937.25,3662.84,3168.16,0.2103,0.2092,0.2331,0.2834,0.1985
PAA,Plains All American Pipeline L.P.,Energy,Oil Gas and Consumable Fuels,22.985,16216.65,United States and Canada,US,1144,1435,772,1230,45255,44262,48889,-0.0713,0.2862,0.1974,0.137,-0.0161
PACS,PACS Group Inc.,Health Care,Health Care Providers and Services,34.593,5475.12,United States and Canada,US,243.77,191.54,55.76,112.87,5432.28,5288.93,4089.73,0.2215,2.2635,,,
PAG,Penske Automotive Group Inc.,Consumer Discretionary,Specialty Retail,178.7,11749.39,United States and Canada,US,912.2,935.4,968.9,1108.8,31718.3,31808.5,31864.8,-0.0202,0.061,0.0603,0.1739,0.1729
PAGP,Plains GP Holdings L.P.,Energy,Oil Gas and Consumable Fuels,24.855,5791.23,United States and Canada,US,196,260,103,198,45255,44262,48889,-0.0713,0.3123,0.2034,0.1433,-0.0123
PARR,Par Pacific Holdings Inc.,Energy,Oil Gas and Consumable Fuels,57.67,2891.82,United States and Canada,US,454.24,369.39,-33.32,728.64,7543.36,7464.65,7974.46,-0.0252,1.4426,0.3411,0.2869,0.145
PATH,UiPath Inc.,Information Technology,Software,10.565,5473.94,United States and Canada,US,327.41,282.33,-73.69,-89.88,1672.33,1610.57,1429.66,0.1524,-0.1854,-0.1491,-0.3177,
PATK,Patrick Industries Inc.,Consumer Discretionary,Automobile Components,83.41,2743.62,United States and Canada,US,136.3,135.06,138.4,142.9,3944.53,3950.77,3715.68,0.042,-0.0798,0.1735,0.0911,0.1377
PAY,Paymentus Holdings Inc.,Financials,Financial Services,20.586,2589.5,United States and Canada,US,74,66.94,44.17,22.32,1279.71,1196.51,871.75,0.3301,-0.416,0.2708,-0.0732,
PAYC,Paycom Software Inc.,Industrials,Professional Services,133.836,6240.38,United States and Canada,US,469.7,453.4,502,340.8,2093.1,2051.7,1883.2,0.0937,-0.4685,-0.2393,-0.17,0.1253
PAYO,Payoneer Global Inc.,Financials,Financial Services,6.555,2194.47,United States and Canada,US,72.18,73.19,121.16,93.33,1067.75,1052.77,977.72,0.0719,-0.0582,0.1332,-0.0867,
PB,Prosperity Bancshares Inc.,Financials,Banks,70.923,7152.92,United States and Canada,US,528.88,542.84,479.39,419.32,1310.73,1249.79,1183.24,0.0807,0.0136,0.052,-0.0111,0.0297
PBF,PBF Energy Inc.,Energy,Oil Gas and Consumable Fuels,42.745,5093.89,United States and Canada,US,441.6,-158.5,-533.8,2140.5,30170.2,29332.3,33115.3,-0.0433,1.0191,0.0083,0.1945,0.0535
PBH,Prestige Consumer Healthcare Inc.,Health Care,Pharmaceuticals,47.481,2249.28,United States and Canada,US,190.3,190.3,214.6,209.34,1088.7,1088.7,1137.76,-0.0431,-0.4422,-0.0631,-0.0171,-0.0105
PBI,Pitney Bowes Inc.,Industrials,Commercial Services and Supplies,16.805,2276.09,United States and Canada,US,167.41,144.7,-203.6,-385.63,1876.62,1892.63,2026.6,-0.0611,0.6081,0.6689,0.1287,-0.0099
PCOR,Procore Technologies Inc.,Information Technology,Software,42.54,6418.87,United States and Canada,US,-76.89,-100.78,-105.96,-189.69,1371.16,1322.51,1151.71,0.1494,-0.3556,-0.1312,-0.1271,
PCTY,Paylocity Holding Corporation,Industrials,Professional Services,110.129,5896.75,United States and Canada,US,258.04,227.13,206.77,140.82,1727.33,1595.22,1402.52,0.1131,-0.4082,-0.1545,-0.0899,0.1056
PCVX,Vaxcyte Inc.,Health Care,Biotechnology,47.09,6799.69,United States and Canada,US,-946.53,-766.63,-463.93,-402.27,,,,,0.3287,-0.0234,0.1642,
PDFS,PDF Solutions Inc.,Information Technology,Semiconductors and Semiconductor Equipment,60.57,2535.93,United States and Canada,US,7.18,-0.64,4.06,3.1,231.38,219.02,179.47,0.2444,1.9882,0.1123,0.2817,0.1567
PEB,Pebblebrook Hotel Trust,Real Estate,Hotel and Resort REITs,17.53,2007.89,United States and Canada,US,-52.14,-65.81,-4.24,-78.02,1500.93,1475.54,1453.31,0.0284,0.8279,0.072,-0.063,-0.0377
PECO,Phillips Edison & Company Inc.,Real Estate,Retail REITs,41.659,5778.64,United States and Canada,US,115.37,111.3,62.69,56.85,739.02,726.59,661.39,0.0894,0.1653,0.0861,,
PEGA,Pegasystems Inc.,Information Technology,Software,32.512,5433.28,United States and Canada,US,340.78,393.44,99.19,67.81,1700.15,1745.81,1497.18,0.035,-0.3602,0.1163,-0.131,0.091
PEN,Penumbra Inc.,Health Care,Health Care Equipment and Supplies,319.286,12557.97,United States and Canada,US,171.05,177.69,14.01,90.95,1454.28,1403.66,1194.62,0.1727,0.2605,-0.0039,0.0196,0.1816
PENG,Penguin Solutions Inc.,Information Technology,Semiconductors and Semiconductor Equipment,61.185,3104.99,United States and Canada,US,54.81,25.39,-52.47,-187.53,1348.24,1368.79,1170.8,0.0227,2.0022,0.3649,0.2084,
PENN,PENN Entertainment Inc.,Consumer Discretionary,Hotels Restaurants and Leisure,21.005,2670.28,United States and Canada,US,-957.2,-843.1,-311.5,-490,7067.6,6961,6578.1,0.0638,0.2488,-0.0708,-0.2417,0.036
PFG,Principal Financial Group Inc.,Financials,Insurance,108.915,23526.99,United States and Canada,US,1561.6,1185.1,1571,623.2,15458.7,15625.5,16127.7,-0.0198,0.4239,0.1508,0.1091,0.0986
PFGC,Performance Food Group Company,Consumer Staples,Consumer Staples Distribution and Retail,102.114,16041.07,United States and Canada,US,328.5,340.2,435.9,397.2,63349.5,59898.9,54681.2,0.0932,0.1778,0.2268,0.1421,0.1525
PFS,Provident Financial Services Inc.,Financials,Banks,23.1,3010.25,United States and Canada,US,306.55,291.16,115.53,128.4,886.01,866.82,607.16,0.2649,0.3525,0.0837,-0.0134,0.0143
PFSI,PennyMac Financial Services Inc.,Financials,Financial Services,79.133,4108.97,United States and Canada,US,507.12,501.08,311.42,144.66,3319.35,3462.14,2026.01,0.2995,-0.1867,0.0644,0.0494,0.1885
PGNY,Progyny Inc.,Health Care,Health Care Providers and Services,25.601,2005.39,United States and Canada,US,67.69,58.52,54.34,62.04,1293.13,1288.66,1167.22,0.0659,0.1803,-0.1401,-0.1673,
PHIN,PHINIA Inc.,Consumer Discretionary,Automobile Components,80.44,2977.93,United States and Canada,US,141,130,79,102,3565,3483,3403,0.0686,0.8249,,,
PHM,PulteGroup Inc.,Consumer Discretionary,Household Durables,120.305,22916.46,United States and Canada,US,2042.93,2218.73,3083.26,2602.37,16827.88,17311.95,17946.95,-0.0594,0.1633,0.1861,0.1722,0.2011
PI,Impinj Inc.,Information Technology,Semiconductors and Semiconductor Equipment,124.25,3784.55,United States and Canada,US,-27.66,-10.85,40.84,-43.37,361.05,361.07,366.09,-0.0069,0.1192,0.0415,0.2006,
PII,Polaris Inc.,Consumer Discretionary,Leisure Products,67.154,3820.13,United States and Canada,US,-446.1,-465.5,110.8,502.8,7353.2,7236.3,7273,0.0397,0.5989,-0.1681,-0.1252,-0.0189
PINS,Pinterest Inc.,Communication Services,Interactive Media and Services,21.205,11878.14,United States and Canada,US,334.35,416.86,1862.11,-35.61,4374.29,4221.77,3646.17,0.163,-0.3898,-0.0386,-0.2082,
PIPR,Piper Sandler Companies,Financials,Capital Markets,76.375,5425.98,United States and Canada,US,281.66,281.33,181.11,85.49,2016.51,1899.38,1525.91,0.3093,0.1757,0.3051,0.1848,0.2272
PJT,PJT Partners Inc.,Financials,Capital Markets,154.815,6312.11,United States and Canada,US,186.6,180.12,134.39,81.8,1806.24,1712.57,1494.37,0.2125,-0.0089,0.2918,0.1714,0.1977
PK,Park Hotels & Resorts Inc.,Real Estate,Hotel and Resort REITs,14.115,2842.22,United States and Canada,US,-215,-283,212,97,2538,2545,2611,-0.0246,0.3405,0.0049,-0.081,
PKG,Packaging Corporation of America,Materials,Containers and Packaging,216.285,19150.94,United States and Canada,US,741.2,774.1,805.1,765.2,9216.1,8989.3,8383.3,0.0786,0.1194,0.182,0.0849,0.1207
PL,Planet Labs PBC,Industrials,Professional Services,32.451,11565.62,United States and Canada,US,-373.1,-246.86,-123.2,-140.51,335.61,307.73,244.35,0.3415,4.9762,1.1148,0.2664,
PLMR,Palomar Holdings Inc.,Financials,Insurance,115.38,3058.02,United States and Canada,US,197.09,197.07,117.57,79.2,980.27,875.97,553.86,0.6071,-0.2696,0.2493,0.0861,
PLNT,Planet Fitness Inc.,Consumer Discretionary,Hotels Restaurants and Leisure,51.263,4072.48,United States and Canada,US,228.79,219.1,172.04,138.31,1287.45,1237.16,1102.73,0.1401,-0.4982,-0.0864,-0.0736,0.106
PLUG,Plug Power Inc.,Industrials,Electrical Equipment,2.775,3868.58,United States and Canada,US,-1680.24,-1631.59,-2104.7,-1368.83,739.76,709.92,628.81,0.1519,1.0109,-0.3279,-0.386,0.0442
PLUS,ePlus inc.,Information Technology,Electronic Equipment Instruments and Components,83.26,2156.38,United States and Canada,US,132.64,132.64,107.98,115.78,2442.55,2442.55,2068.79,0.1807,0.1617,0.1479,0.127,0.14
PLXS,Plexus Corp.,Information Technology,Electronic Equipment Instruments and Components,282.705,7564.17,United States and Canada,US,187.54,172.88,111.81,139.09,4310.28,4032.97,3960.83,0.0864,1.0999,0.4367,0.252,0.2027
PNFP,Pinnacle Financial Partners Inc.,Financials,Banks,92.325,13885.76,United States and Canada,US,651.87,641.87,475.06,562.15,2643.61,1947.61,1616.18,0.5845,-0.132,0.185,0.0072,0.064
PNW,Pinnacle West Capital Corporation,Utilities,Electric Utilities,103.646,12560.57,United States and Canada,US,654.1,616.53,608.81,501.56,5457.26,5339.94,5124.91,0.0484,0.1618,0.0863,0.034,0.0305
PODD,Insulet Corporation,Health Care,Health Care Equipment and Supplies,148.355,10275.76,United States and Canada,US,302.8,247.1,418.3,206.3,2900.8,2708.1,2071.6,0.3192,-0.5091,-0.1933,-0.1208,0.1685
POOL,Pool Corporation,Consumer Discretionary,Distributors,189.165,6893.74,United States and Canada,US,406.09,406.4,434.32,523.23,5355.88,5289.4,5310.95,0.0179,-0.3694,-0.1659,-0.152,0.0764
POR,Portland General Electric Company,Utilities,Electric Utilities,50.625,5858.83,United States and Canada,US,251,306,313,228,3527,3576,3440,0.0256,0.2324,0.0072,0.0031,0.0172
POST,Post Holdings Inc.,Consumer Staples,Food Products,92.79,4205.48,United States and Canada,US,338.5,335.7,366.7,301.3,8448.8,8158.1,7922.7,0.0716,-0.1728,0.0208,-0.0409,0.0202
POWI,Power Integrations Inc.,Information Technology,Semiconductors and Semiconductor Equipment,75.382,4200.28,United States and Canada,US,16.6,22.09,32.23,55.73,446.28,443.5,418.97,0.0311,0.3044,-0.0657,-0.0136,0.11
POWL,Powell Industries Inc.,Industrials,Electrical Equipment,281.135,10242.21,United States and Canada,US,186.93,180.75,149.85,54.52,1132.06,1104.32,1012.36,0.045,3.3745,1.3735,0.8889,0.3654
PPC,Pilgrim's Pride Corporation,Consumer Staples,Food Products,29.515,7022.27,United States and Canada,US,887.75,1082.36,1086.44,321.57,18567.18,18497.55,17878.29,0.0327,-0.3457,0.0933,0.0504,0.017
PPG,PPG Industries Inc.,Materials,Chemicals,113.42,25281.32,United States and Canada,US,1585,1576,1116,1270,16121,15875,15845,0.0281,0.0036,-0.0669,-0.0857,0.0038
PPL,PPL Corporation,Utilities,Electric Utilities,35.715,26870.19,United States and Canada,US,1219,1181,888,740,9312,9042,8462,0.075,0.0573,0.0999,0.0402,-0.0096
PPLI,People Incorporated,Communication Services,Interactive Media and Services,41.99,3123.22,United States and Canada,US,40.9,-104.03,-539.9,265.94,2334.4,2393.19,2622.12,-0.0585,0.1318,-0.1079,-0.2276,
PPTA,Perpetua Resources Corp.,Materials,Metals and Mining,30.93,2774.52,United States and Canada,US,-140.81,-100.39,-14.48,-18.77,,,,,0.3741,0.7211,0.2408,0.1461
PR,Permian Resources Corporation,Energy,Oil Gas and Consumable Fuels,19.865,16632.73,United States and Canada,US,649.5,935.17,984.7,476.31,5076.91,5065.21,5000.73,-0.0112,0.3872,0.2412,0.2456,0.0709
PRAX,Praxis Precision Medicines Inc.,Health Care,Biotechnology,246.378,6868.72,United States and Canada,US,-326.53,-303.27,-182.82,-123.28,,,8.55,-0.0811,4.5248,1.5454,-0.0393,
PRDO,Perdoceo Education Corporation,Consumer Discretionary,Diversified Consumer Services,35.305,2213.73,United States and Canada,US,170.18,159.91,147.59,147.65,854.84,846.1,681.26,0.1775,0.0968,0.4167,0.2258,0.2007
PRI,Primerica Inc.,Financials,Insurance,278.141,8673.55,United States and Canada,US,772.28,751.23,470.52,576.6,3416.16,3349.76,3101.8,0.0611,0.071,0.13,0.1142,0.1713
PRIM,Primoris Services Corporation,Industrials,Construction and Engineering,92.762,5032.8,United States and Canada,US,248.1,274.9,180.9,126.1,7486.7,7574.9,6366.8,0.134,0.2671,0.4568,0.2331,0.1642
PRK,Park National Corporation,Financials,Banks,175.465,3175.23,United States and Canada,US,179.6,180.07,151.42,126.73,573.17,545.7,506.06,0.1113,0.0706,0.1704,0.0703,0.0652
PRKS,United Parks & Resorts Inc.,Consumer Discretionary,Hotels Restaurants and Leisure,45.478,2143.63,United States and Canada,US,150.42,168.35,227.5,234.2,1653.9,1662.56,1725.3,-0.0355,0.0713,-0.0742,-0.0392,0.1086
PRM,Perimeter Solutions Inc.,Materials,Chemicals,34.157,5571.93,United States and Canada,US,-190.12,-206.37,-5.91,67.49,705.9,652.86,560.97,0.2299,1.506,0.7342,,
PRMB,Primo Brands Corporation,Consumer Staples,Beverages,23.35,8472.98,United States and Canada,US,58.7,60.1,-16.4,92.8,6676.4,6664,5152.5,0.1858,-0.1904,0.2155,0.0571,0.0381
PRVA,Privia Health Group Inc.,Health Care,Health Care Providers and Services,23.155,2917.82,United States and Canada,US,21.76,22.92,14.38,23.08,2246.59,2122.84,1736.39,0.2472,0.0063,-0.0633,-0.1031,
PS,Pershing Square Inc.,Financials,Capital Markets,32.672,13068.8,United States and Canada,US,82.46,249.78,-14.15,209.46,767.71,762.51,455.5,0.6854,,,,
PSKY,Paramount Skydance Corporation,Communication Services,Media,10.245,11465.93,United States and Canada,US,-605,-621,-6190,-608,29046,28891,29213,0.0114,-0.163,-0.1395,-0.247,-0.151
PSMT,PriceSmart Inc.,Consumer Staples,Consumer Staples Distribution and Retail,176.808,5328.1,United States and Canada,US,155.96,147.89,138.88,109.2,5526.52,5270.09,4913.9,0.0885,0.6411,0.3331,0.1351,0.0718
PSN,Parsons Corporation,Industrials,Professional Services,56.859,6082.69,United States and Canada,US,227.86,241.14,235.05,161.15,6301.06,6364.24,6750.58,-0.0692,-0.1841,0.0667,0.075,
PTC,PTC Inc.,Information Technology,Software,126.86,14653.06,United States and Canada,US,1246.36,734,376.33,245.54,2997.86,2739.23,2298.47,0.2775,-0.2581,-0.0289,-0.0144,0.1309
PTCT,PTC Therapeutics Inc.,Health Care,Biotechnology,74.558,6184.54,United States and Canada,US,-186.73,682.64,-363.3,-626.6,827.11,1730.65,806.78,-0.5334,0.4671,0.2008,0.1166,0.2624
PTEN,Patterson-UTI Energy Inc.,Energy,Energy Equipment and Services,12.035,4568.7,United States and Canada,US,-119.27,-93.64,-968.03,246.29,4663.42,4826.62,5377.91,-0.0941,0.8953,0.0209,0.0296,-0.0544
PTGX,Protagonist Therapeutics Inc.,Health Care,Biotechnology,108.389,6970.65,United States and Canada,US,-114.71,-130.15,275.19,-78.95,74.06,46.02,434.43,-0.6436,0.9586,0.5484,0.2227,
PTON,Peloton Interactive Inc.,Consumer Discretionary,Leisure Products,5.565,2409.6,United States and Canada,US,23.2,-118.9,-551.9,-1261.7,2445.2,2490.8,2700.5,-0.0326,-0.2459,-0.1248,-0.4523,
PTRN,Pattern Group Inc.,Consumer Discretionary,Broadline Retail,20.901,3696.68,United States and Canada,US,22.66,16.25,67.86,41.26,2734.64,2501.32,1796.16,0.4199,,,,
PVH,PVH Corp.,Consumer Discretionary,Textiles Apparel and Luxury Goods,79.025,3643.69,United States and Canada,US,158.1,25.3,598.5,663.6,8991.7,8950.2,8652.9,0.0354,0.201,-0.0135,-0.0691,-0.0199
Q,Qnity Electronics Inc.,Information Technology,Semiconductors and Semiconductor Equipment,145.385,30434.78,United States and Canada,US,650,692,693,507,4951,4754,4335,0.1076,,,,
QBTS,D-Wave Quantum Inc.,Information Technology,Software,23.565,8729.54,United States and Canada,US,-368,-355.06,-143.88,-82.72,12.44,24.59,8.83,-0.4175,0.4256,1.18,0.189,
QLYS,Qualys Inc.,Information Technology,Software,108.936,3836.4,United States and Canada,US,201.43,198.32,173.68,151.59,684.86,669.13,607.57,0.1017,-0.2219,-0.0525,0.0115,0.131
QNT,Quantinuum Inc.,Information Technology,Technology Hardware Storage and Peripherals,56.115,14633.98,United States and Canada,US,-298.67,-192.56,,,17.08,30.93,,,,,,
QRVO,Qorvo Inc.,Information Technology,Semiconductors and Semiconductor Equipment,96.303,8475.98,United States and Canada,US,338.99,338.99,55.62,-70.32,3678.52,3678.52,3718.97,-0.0109,0.1655,-0.007,-0.1207,0.0594
QS,QuantumScape Corporation,Consumer Discretionary,Automobile Components,6.965,4284.49,United States and Canada,US,-421.43,-435.05,-477.86,-445.14,,,,,0.5076,0.0339,-0.2422,
QSR,Restaurant Brands International Inc.,Consumer Discretionary,Hotels Restaurants and Leisure,72.855,33246.42,United States and Canada,US,955,776,1021,1190,9589,9434,8406,0.0926,0.0774,-0.0103,0.0136,0.0559
QTWO,Q2 Holdings Inc.,Information Technology,Software,43.185,2703.4,United States and Canada,US,73.89,52.01,-38.54,-65.38,821.58,794.81,696.46,0.14,-0.5153,0.1562,-0.1567,0.0475
QUBT,Quantum Computing Inc.,Information Technology,Technology Hardware Storage and Peripherals,9.58,2160.63,United States and Canada,US,-39.71,-18.67,-68.54,-27.02,4.33,0.68,0.37,10.2571,-0.495,0.8441,0.0909,0.5487
QXO,QXO Inc.,Industrials,Trading Companies and Distributors,15.685,11374.26,United States and Canada,US,-515.3,-279.4,27.97,-1.07,8558.9,6842.2,56.87,151.9878,-0.2138,-0.1422,-0.2379,0.0205
R,Ryder System Inc.,Industrials,Ground Transportation,277.05,10719.35,United States and Canada,US,494,499,489,406,12660,12665,12636,-0.0007,0.8464,0.503,0.2837,0.1546
RAL,Ralliant Corporation,Information Technology,Electronic Equipment Instruments and Components,64.11,7176.03,United States and Canada,US,-1242.2,-1222.5,354.6,416.8,2121.6,2068.8,2154.7,0.0126,,,,
RAMP,LiveRamp Holdings Inc.,Information Technology,Software,37.587,2258.52,United States and Canada,US,145.95,145.95,-0.81,11.88,812.94,812.94,745.58,0.0903,0.1404,0.1484,-0.0208,0.0556
RARE,Ultragenyx Pharmaceutical Inc.,Health Care,Biotechnology,22.985,2256.88,United States and Canada,US,-609,-575,-569,-607,670,673,560,0.1353,-0.3872,-0.2346,-0.2572,-0.0938
RBA,RB Global Inc.,Industrials,Commercial Services and Supplies,105.44,19643.47,United States and Canada,US,450.5,428.4,413.1,206.5,4716.7,4590.7,4284.2,0.0898,-0.0196,0.2395,0.1244,0.1214
RBC,RBC Bearings Incorporated,Industrials,Machinery,589.762,18603.53,United States and Canada,US,287.6,287.6,246.2,209.9,1870.9,1870.9,1636.3,0.1434,0.5702,0.4067,0.2418,0.2304
RBLX,Roblox Corporation,Communication Services,Entertainment,42.075,30124.81,United States and Canada,US,-1096.06,-1065.06,-935.38,-1151.95,5297.55,4890.55,3601.98,0.3811,-0.5625,0.0283,-0.1463,
RBRK,Rubrik Inc.,Information Technology,Software,70.23,14455.34,United States and Canada,US,-288.58,-348.83,-1154.82,-354.16,1424.78,1316.19,886.54,0.4573,-0.2097,,,
RCUS,Arcus Biosciences Inc.,Health Care,Biotechnology,23.615,2970.13,United States and Canada,US,-369,-353,-283,-307,236,247,258,0.6738,1.6008,0.0381,-0.0105,
RDDT,Reddit Inc.,Communication Services,Interactive Media and Services,167.49,32243.34,United States and Canada,US,707.54,529.72,-484.28,-90.82,2473.56,2202.51,1300.2,0.7064,0.4561,,,
RDN,Radian Group Inc.,Financials,Financial Services,34.139,4539.64,United States and Canada,US,562.17,582.64,604.44,603.12,1370.47,1197.08,1290.28,0.0618,0.0044,0.091,0.082,0.1163
RDNT,RadNet Inc.,Health Care,Health Care Providers and Services,57.545,4525.01,United States and Canada,US,-14.19,-18.65,2.79,3.04,2144.44,2040.21,1829.66,0.1472,-0.0056,0.2141,0.1297,0.2693
RDW,Redwire Corporation,Industrials,Aerospace and Defense,16.034,3172.85,United States and Canada,US,-300.11,-226.55,-114.31,-27.26,370.96,335.38,304.1,0.3358,-0.2007,0.8548,0.0948,
REG,Regency Centers Corporation,Real Estate,Retail REITs,80.581,15023.02,United States and Canada,US,546.42,527.46,400.39,364.56,1650.47,1611.04,1503.29,0.0838,0.1348,0.0993,0.0339,0.0012
RELY,Remitly Global Inc.,Financials,Financial Services,18.285,3850.11,United States and Canada,US,105.63,67.93,-36.98,-117.84,1726.33,1635.15,1263.96,0.2727,-0.0885,-0.0161,,
REXR,Rexford Industrial Realty Inc.,Real Estate,Industrial REITs,34.545,8033.75,United States and Canada,US,232.02,212.03,273.8,238.02,995.92,1003.13,936.41,0.0219,-0.0582,-0.1236,-0.1023,0.0518
REYN,Reynolds Consumer Products Inc.,Consumer Staples,Household Products,23.245,4899.29,United States and Canada,US,329,301,352,298,3780,3721,3695,0.0272,0.0687,-0.0573,-0.0538,
REZI,Resideo Technologies Inc.,Industrials,Building Products,29.63,4486.76,United States and Canada,US,-495,-527,116,210,7614,7472,6761,0.0808,0.3996,0.1931,-0.0091,
RF,Regions Financial Corporation,Financials,Banks,28.565,24376.79,United States and Canada,US,2225,2156,1893,2074,7178,7056,6596,0.0776,0.2815,0.156,0.0582,0.116
RGA,Reinsurance Group of America Incorporated,Financials,Insurance,207.015,13562.21,United States and Canada,US,1226,1182,717,902,24932,23698,22107,0.1855,0.0442,0.1275,0.1075,0.0792
RGEN,Repligen Corporation,Health Care,Life Sciences Tools and Services,130.825,7379.54,United States and Canada,US,51.4,48.89,-25.51,35.6,763.34,738.26,634.44,0.1736,-0.0089,-0.0689,-0.0734,0.1884
RGLD,Royal Gold Inc.,Materials,Metals and Mining,199.529,16933.35,United States and Canada,US,633.91,466.28,332.02,239.44,1296.03,1021.87,712.77,0.7121,0.143,0.1869,0.1018,0.1176
RGTI,Rigetti Computing Inc.,Information Technology,Semiconductors and Semiconductor Equipment,19.89,6611.41,United States and Canada,US,-225.72,-216.21,-200.99,-75.11,10.02,7.09,10.79,0.0875,0.5887,1.4577,0.1528,
RH,RH,Consumer Discretionary,Specialty Retail,148.066,2798.56,United States and Canada,US,124.79,124.79,72.41,127.56,3439.54,3439.54,3180.75,0.0814,-0.1727,-0.1752,-0.2632,0.1873
RHI,Robert Half Inc.,Industrials,Professional Services,30.953,3111.91,United States and Canada,US,129.43,132.99,251.6,411.15,5326.78,5378.51,5795.84,-0.0608,-0.2965,-0.2472,-0.1933,-0.0252
RHP,Ryman Hospitality Properties Inc.,Real Estate,Hotel and Resort REITs,120.63,7572.1,United States and Canada,US,250.94,243.43,271.64,311.22,2644.34,2567.04,2339.5,0.1026,0.2232,0.08,0.0832,0.091
RIOT,Riot Platforms Inc.,Information Technology,Software,25.008,9456.81,United States and Canada,US,-867.29,-663.18,109.4,-49.47,653.27,647.43,376.66,0.424,1.3704,0.3417,-0.0422,0.2171
RITM,Rithm Capital Corp.,Real Estate,Mortgage Real Estate Investment Trusts (REITs),9.165,5116.88,United States and Canada,US,720.92,697.06,931.5,622.26,4240.53,3780.46,3710.33,0.2007,-0.1968,0.0094,-0.0365,-0.0398
RIVN,Rivian Automotive Inc.,Consumer Discretionary,Automobiles,15.142,19381.41,United States and Canada,US,-3517,-3646,-4747,-5432,5528,5387,4970,0.1043,0.0663,0.0296,,
RJF,Raymond James Financial Inc.,Financials,Capital Markets,149.955,29223.69,United States and Canada,US,2147,2135,2068,1739,14723,14015,12797,0.0852,0.0151,0.1611,0.1139,0.1557
RL,Ralph Lauren Corporation,Consumer Discretionary,Textiles Apparel and Luxury Goods,386.499,23003.01,United States and Canada,US,941.1,941.1,742.9,646.3,8114.5,8114.5,7079,0.1463,0.4439,0.4863,0.2577,0.1496
RLAY,Relay Therapeutics Inc.,Health Care,Biotechnology,14.099,3072.74,United States and Canada,US,-272.7,-276.48,-337.71,-341.97,10.68,15.36,10.01,0.3903,3.2213,0.0943,-0.1624,
RLI,RLI Corp.,Financials,Insurance,54.226,4985.45,United States and Canada,US,395.01,403.34,345.78,304.61,1898.65,1882.45,1770.38,0.0954,-0.2589,-0.0601,0.0081,0.0491
RMBS,Rambus Inc.,Information Technology,Semiconductors and Semiconductor Equipment,140.924,15239.09,United States and Canada,US,230.01,230.46,179.82,333.9,721.15,707.63,556.62,0.1912,1.3023,0.3023,0.4789,0.2775
RMD,ResMed Inc.,Health Care,Health Care Equipment and Supplies,192.697,27829.49,United States and Canada,US,1519.57,1400.72,1020.95,897.56,5537.79,5146.33,4685.3,0.1028,-0.2334,-0.0336,-0.0249,0.124
RNG,RingCentral Inc.,Information Technology,Software,37.471,3142.27,United States and Canada,US,84.34,43.39,-58.29,-165.24,2547.28,2515.14,2400.39,0.049,0.3956,0.0437,-0.3284,0.0628
RNST,Renasant Corporation,Financials,Banks,41.845,3861.13,United States and Canada,US,227.98,181.27,195.46,144.68,978.3,878.39,706.58,0.3774,0.1572,0.1205,-0.0034,0.0209
ROAD,Construction Partners Inc.,Industrials,Construction and Engineering,104.24,5893.18,United States and Canada,US,127,101.78,68.94,49,3257.79,2812.36,1823.89,0.4881,-0.004,0.482,0.2589,
ROG,Rogers Corporation,Information Technology,Electronic Equipment Instruments and Components,140.47,2507.18,United States and Canada,US,-55.9,-61.8,26.1,56.6,820.8,810.8,830.1,0.0168,0.9779,-0.0397,-0.0591,0.0811
ROKU,Roku Inc.,Communication Services,Entertainment,118.069,17438.05,United States and Canada,US,201.49,88.36,-129.39,-709.56,4965.46,4737.25,4112.9,0.1678,0.4671,0.1927,-0.1938,
ROL,Rollins Inc.,Industrials,Commercial Services and Supplies,47.429,22835.34,United States and Canada,US,529.29,526.71,466.38,434.96,3844.97,3761.05,3388.71,0.1103,-0.1678,0.0513,0.0731,0.1406
ROP,Roper Technologies Inc.,Information Technology,Software,330.193,33322.21,United States and Canada,US,1714.1,1536.3,1549.3,1384.2,8115,7902.5,7039.2,0.1207,-0.4203,-0.099,-0.0638,0.0672
RPM,RPM International Inc.,Materials,Chemicals,105.154,13420.44,United States and Canada,US,665.93,688.69,588.4,478.69,7713.56,7372.64,7335.28,0.0568,-0.0865,0.0821,0.0272,0.0741
RPRX,Royalty Pharma plc,Health Care,Pharmaceuticals,55.028,31686.89,United States and Canada,US,826.29,770.95,858.98,1134.83,2440.52,2378.19,2263.58,0.078,0.6161,0.1864,0.0415,
RRC,Range Resources Corporation,Energy,Oil Gas and Consumable Fuels,38.99,9186.48,United States and Canada,US,902.6,658.02,266.34,871.14,3210.01,2988.82,2347.35,0.2771,-0.0086,0.1101,0.1946,-0.0102
RRR,Red Rock Resorts Inc.,Consumer Discretionary,Hotels Restaurants and Leisure,62.415,6210.97,United States and Canada,US,186.21,188.07,154.05,176,2020.94,2011.48,1939.01,0.0375,0.2814,0.0838,0.069,0.1112
RRX,Regal Rexnord Corporation,Industrials,Electrical Equipment,204.084,13585.78,United States and Canada,US,286.5,279.5,196.2,-57.4,5995.5,5934.5,6033.8,0.0155,0.4185,0.1195,0.0824,0.1355
RS,Reliance Inc.,Materials,Metals and Mining,404.663,20657.45,United States and Canada,US,804.6,739.4,875.2,1335.9,14835.6,14294.3,13835,0.0849,0.3154,0.1789,0.1848,0.1808
RSI,Rush Street Interactive Inc.,Consumer Discretionary,Hotels Restaurants and Leisure,29.254,6808.23,United States and Canada,US,37.06,33.31,2.39,-18.3,1242.38,1134.43,924.08,0.282,1.1076,1.1226,0.1622,
RUM,Rumble Inc.,Communication Services,Interactive Media and Services,6.953,2364.63,United States and Canada,US,-109.45,-81.83,-338.36,-116.42,102.38,100.62,95.49,0.009,-0.2283,-0.1242,-0.0657,
RUN,Sunrun Inc.,Industrials,Electrical Equipment,12.025,2868.56,United States and Canada,US,567.58,449.95,-2846.17,-1604.5,3174.96,2957,2037.72,0.5236,0.3822,-0.1373,-0.2317,0.0667
RUSHA,Rush Enterprises Inc.,Industrials,Trading Companies and Distributors,67.525,5287.33,United States and Canada,US,264.91,263.78,304.15,347.06,7267.55,7434.19,7804.75,-0.0663,0.317,0.1994,0.1679,0.2151
RVMD,Revolution Medicines Inc.,Health Care,Biotechnology,148.93,31661.99,United States and Canada,US,-1371.7,-1131.3,-600.09,-436.37,,,,0,2.6511,0.797,0.3414,
RVTY,Revvity Inc.,Health Care,Life Sciences Tools and Services,100.331,11192.9,United States and Canada,US,239.68,241.2,270.38,693.09,2902.41,2856.05,2755.03,0.0479,0.0444,-0.0333,-0.0733,0.0645
RXO,RXO Inc.,Industrials,Ground Transportation,27.92,4604.58,United States and Canada,US,-105,-100,-290,4,5734,5742,4550,0.131,0.7385,0.0844,,
RYAN,Ryan Specialty Holdings Inc.,Financials,Insurance,34.761,9165.06,United States and Canada,US,108.69,63.4,94.67,61.04,3101.36,2994.58,2455.67,0.1956,-0.4671,-0.0626,,
RYN,Rayonier Inc.,Real Estate,Specialized REITs,20.485,6195.27,United States and Canada,US,465.37,474.38,359.15,173.49,678.35,484.49,987.93,-0.2913,-0.1415,-0.1196,-0.1081,-0.0241
RYTM,Rhythm Pharmaceuticals Inc.,Health Care,Biotechnology,86.565,5932.53,United States and Canada,US,-202.68,-196.54,-260.6,-184.68,217.16,189.76,130.13,0.5867,0.3351,0.7037,0.3529,
S,SentinelOne Inc.,Information Technology,Software,14.536,4982.99,United States and Canada,US,-318.71,-450.74,-288.44,-338.69,1048.91,1001.28,821.46,0.2138,-0.1906,-0.0003,,
SAH,Sonic Automotive Inc.,Consumer Discretionary,Specialty Retail,84.135,2659.01,United States and Canada,US,108.9,118.7,216,178.2,15190.8,15153.6,14224.3,0.0482,0.0979,0.2244,0.1249,0.1744
SAIA,Saia Inc.,Industrials,Ground Transportation,480.675,12786.88,United States and Canada,US,255.09,255.04,362.06,354.86,3252.94,3234.29,3209.07,0.0034,0.8838,0.1765,0.1849,0.3403
SAIC,Science Applications International Corporation,Industrials,Professional Services,115.244,4872.15,United States and Canada,US,405,358,362,477,7291,7262,7479,-0.029,0.1103,0.029,0.0417,0.0723
SAIL,SailPoint Inc.,Information Technology,Software,14.469,8206.94,United States and Canada,US,-157.42,-270.05,-315.83,-395.37,1121.09,1071.42,861.61,0.2396,-0.3578,,,
SANM,Sanmina Corporation,Information Technology,Electronic Equipment Instruments and Components,241.075,12921.07,United States and Canada,US,259.61,245.89,222.54,309.97,11340.92,8128.38,7568.33,0.4448,1.7464,0.6303,0.4179,0.2398
SARO,StandardAero Inc.,Industrials,Aerospace and Defense,25.246,8393.59,United States and Canada,US,294.4,277.42,10.97,-35.06,6253.78,6062.51,5237.16,0.1502,-0.1787,,,
SBAC,SBA Communications Corporation,Real Estate,Specialized REITs,203.089,21540.23,United States and Canada,US,1017.73,1053.63,749.54,501.81,2854.33,2815.14,2679.63,0.0627,-0.0964,-0.0322,-0.0854,0.0723
SBCF,Seacoast Banking Corporation of Florida,Financials,Banks,30.835,2966.98,United States and Canada,US,145.31,144.88,120.99,104.03,630.01,598.37,499.14,0.2442,0.186,0.0947,-0.0335,0.0634
SBRA,Sabra Health Care REIT Inc.,Real Estate,Health Care REITs,18.705,4717.22,United States and Canada,US,156.19,155.61,126.71,13.76,815.66,775.76,702.64,0.1325,0.0249,0.1681,0.0072,-0.0165
SCI,Service Corporation International,Consumer Discretionary,Diversified Consumer Services,72.453,9996.41,United States and Canada,US,535.54,542.61,518.65,537.32,4331.52,4309.23,4186.38,0.0276,-0.0878,0.0417,0.0566,0.1047
SDRL,Seadrill Limited,Energy,Energy Equipment and Services,44.945,2810.43,United States and Canada,US,-70,-77,446,300,1407,1379,1315,0.0924,0.6006,0.0626,,
SEB,Seaboard Corporation,Consumer Staples,Food Products,5244.515,5023.16,United States and Canada,US,583,496,88,226,9830,9746,9100,0.0656,0.9344,0.1139,0.0682,0.0641
SEI,Solaris Energy Infrastructure Inc.,Energy,Energy Equipment and Services,72.344,5320.32,United States and Canada,US,46.29,30.17,15.81,24.34,692.11,622.21,313.09,0.8629,1.732,1.049,0.4722,
SEIC,SEI Investments Company,Financials,Capital Markets,87.986,10582.34,United States and Canada,US,738.27,715.3,581.19,462.26,2368.22,2297.38,2125.15,0.0939,0.0584,0.1431,0.0702,0.0587
SEM,Select Medical Holdings Corporation,Health Care,Health Care Providers and Services,16.625,2061.78,United States and Canada,US,133.53,146.22,214.04,243.49,5521.13,5452.83,5187.1,0.0579,0.0988,-0.1636,-0.1678,0.0352
SEZL,Sezzle Inc.,Financials,Financial Services,124.268,4178.76,United States and Canada,US,148.27,133.13,78.52,7.1,480.91,450.28,271.13,0.4614,-0.0528,,,
SF,Stifel Financial Corp.,Financials,Capital Markets,70.806,10861.77,United States and Canada,US,882.21,683.78,731.38,522.54,5669.72,5491.33,4944.92,0.127,0.0986,0.2173,0.1018,0.162
SFBS,ServisFirst Bancshares Inc.,Financials,Banks,80.8,4416.76,United States and Canada,US,296.35,276.6,227.24,206.85,548.91,525.76,458.73,0.1506,0.0796,0.2224,0.0287,0.1217
SFD,Smithfield Foods Inc.,Consumer Staples,Food Products,26.84,10560.93,United States and Canada,US,1009,987,953,17,15560,15531,14142,0.0754,0.1368,,,
SFM,Sprouts Farmers Market Inc.,Consumer Staples,Consumer Staples Distribution and Retail,87.03,8184.68,United States and Canada,US,507.37,523.67,380.6,258.86,8898.9,8806.16,7719.29,0.1025,-0.4557,0.368,0.2457,0.1401
SFNC,Simmons First National Corporation,Financials,Banks,22.01,3192.86,United States and Canada,US,-361.4,-397.55,152.69,175.06,81.37,37.41,728.85,-0.888,0.1566,0.0614,-0.0638,-0.0069
SGI,Somnigroup International Inc.,Consumer Discretionary,Household Durables,69.255,14567.14,United States and Canada,US,521.4,384.1,384.3,368.1,7673.3,7476.5,4930.9,0.4353,0.0637,0.2239,0.1189,0.1668
SHAK,Shake Shack Inc.,Consumer Discretionary,Hotels Restaurants and Leisure,54.846,2346.4,United States and Canada,US,41.19,45.73,10.21,20.26,1491.14,1445.31,1252.61,0.1622,-0.5704,-0.0724,-0.1137,0.0461
SHC,Sotera Health Company,Health Care,Life Sciences Tools and Services,16.256,4635.67,United States and Canada,US,117.8,77.95,44.4,51.38,1189.14,1163.62,1100.44,0.0744,0.3479,0.0361,-0.0796,
SHO,Sunstone Hotel Investors Inc.,Real Estate,Hotel and Resort REITs,11.585,2158.18,United States and Canada,US,37.87,24.57,43.26,206.71,985.77,960.13,905.81,0.0683,0.3017,0.028,-0.0256,-0.0007
SHOO,Steven Madden Ltd.,Consumer Discretionary,Textiles Apparel and Luxury Goods,44.899,3281.46,United States and Canada,US,76.06,44.66,169.39,171.55,2633.67,2534.11,2282.93,0.1531,0.8289,0.1042,0.0013,0.0704
SIGI,Selective Insurance Group Inc.,Financials,Insurance,92.224,5521.41,United States and Canada,US,454.19,466.41,207.01,365.24,5410.67,5336.93,4861.66,0.0861,0.0835,-0.0261,0.0364,0.0939
SIRI,Sirius XM Holdings Inc.,Communication Services,Media,26.955,9073.59,United States and Canada,US,846,805,-1665,786,8581,8558,8699,-0.0028,0.1932,-0.1087,-0.1674,-0.0367
SITE,SiteOne Landscape Supply Inc.,Industrials,Trading Companies and Distributors,104.19,4616.47,United States and Canada,US,152.5,151.8,124.4,173.4,4705.5,4704.8,4540.6,0.0285,-0.1577,-0.1105,-0.0841,0.1397
SITM,SiTime Corporation,Information Technology,Semiconductors and Semiconductor Equipment,682.674,18020.43,United States and Canada,US,-24.24,-42.9,-93.6,-80.53,379.91,326.66,202.7,0.6519,2.1664,0.8303,0.4341,
SJM,The J. M. Smucker Company,Consumer Staples,Food Products,116.265,12401.07,United States and Canada,US,-138.7,-138.7,-1230.8,744,9050.9,9050.9,8726.1,0.0372,0.2127,-0.0884,-0.0312,-0.0213
SKT,Tanger Inc.,Real Estate,Retail REITs,39.945,4774.98,United States and Canada,US,123.84,114.78,98.59,99.15,611.24,595.14,537.35,0.1129,0.3157,0.22,0.1561,0.0072
SKWD,Skyward Specialty Insurance Group Inc.,Financials,Insurance,50.72,2056.34,United States and Canada,US,177.7,170.03,118.83,85.98,1563.88,1416.54,1150.2,0.2885,-0.1411,0.2791,,
SKY,Champion Homes Inc.,Consumer Discretionary,Household Durables,76.07,4175.78,United States and Canada,US,206.9,206.9,198.41,146.7,2663.64,2663.64,2483.45,0.0726,0.1614,0.0575,0.0908,
SKYW,SkyWest Inc.,Industrials,Passenger Airlines,85.985,3410.19,United States and Canada,US,429.48,428.33,322.96,34.34,4122.92,4058.2,3527.92,0.1226,-0.1398,0.3617,0.1211,0.1312
SLAB,Silicon Laboratories Inc.,Information Technology,Semiconductors and Semiconductor Equipment,217.89,7186.41,United States and Canada,US,-50.33,-64.91,-191.01,-34.52,820.55,784.76,584.39,0.2514,0.5972,0.1294,0.0942,0.1594
SLG,SL Green Realty Corp.,Real Estate,Office REITs,50.135,3860.54,United States and Canada,US,-151.55,-88.28,30.65,-543.52,937.37,946.9,706.58,0.4453,-0.232,0.2299,-0.1005,-0.0721
SLGN,Silgan Holdings Inc.,Materials,Containers and Packaging,39.405,4164.31,United States and Canada,US,283.48,288.4,276.38,325.96,6577.76,6483.17,5854.69,0.0955,-0.2771,-0.0562,-0.0153,0.045
SLM,SLM Corporation,Financials,Consumer Finance,21.51,4056.64,United States and Canada,US,748.26,744.85,608.33,581.39,1665.43,1651.71,1440.54,0.1493,-0.321,0.0833,0.0093,0.1211
SM,SM Energy Company,Energy,Oil Gas and Consumable Fuels,33.02,7916.5,United States and Canada,US,131,648,770.29,817.88,3617,3027,2574,0.2858,0.2321,0.0436,0.0871,0.0103
SMCI,Super Micro Computer Inc.,Information Technology,Technology Hardware Storage and Peripherals,29.211,17568.04,United States and Canada,US,1247.39,1048.85,1152.67,640,33700.21,21972.04,14989.25,0.5624,-0.324,0.0373,0.5142,0.2745
SMG,The Scotts Miracle-Gro Company,Materials,Chemicals,59.976,3489.52,United States and Canada,US,110.8,145.2,-34.9,-380.1,3470.8,3413.1,3552.7,0.0195,-0.0635,-0.0083,-0.2078,-0.0136
SMMT,Summit Therapeutics Inc.,Health Care,Biotechnology,13.195,10241.47,United States and Canada,US,-1206.1,-1079.59,-221.31,-614.93,,,,,-0.3261,0.9573,0.141,0.0345
SMR,NuScale Power Corporation,Industrials,Electrical Equipment,9.41,3439.18,United States and Canada,US,-385.8,-355.79,-136.62,-58.36,18.67,31.48,37.05,-0.6193,-0.7738,0.0608,-0.0131,
SMTC,Semtech Corporation,Information Technology,Semiconductors and Semiconductor Equipment,157.314,14653.98,United States and Canada,US,-33.16,-40.38,-161.9,-1092.03,1089.93,1049.97,909.29,0.1422,2.7509,0.9409,0.1885,0.2077
SN,SharkNinja Inc.,Consumer Discretionary,Household Durables,130.911,18526.57,United States and Canada,US,705,701.37,438.7,167.08,6589.36,6399.19,5528.64,0.1591,0.4617,,,
SNA,Snap-on Incorporated,Industrials,Machinery,380.145,19692.24,United States and Canada,US,1023.4,1016.9,1043.9,1011.1,5221.2,5156.1,5108.4,0.0299,0.1853,0.1238,0.0973,0.0931
SNAP,Snap Inc.,Communication Services,Interactive Media and Services,5.185,8592.38,United States and Canada,US,-409.85,-460.49,-697.86,-1322.48,6097.02,5931.45,5361.4,0.1026,-0.395,-0.1985,-0.3951,
SNDR,Schneider National Inc.,Industrials,Ground Transportation,37.735,6608.32,United States and Canada,US,97.9,103.6,117,238.5,5671,5674.3,5290.5,0.0554,0.558,0.124,0.1054,
SNEX,StoneX Group Inc.,Financials,Capital Markets,127.698,10120.26,United States and Canada,US,462.4,305.9,260.8,238.5,150539.7,130897.7,98704.3,0.2367,1.2519,0.6974,0.4515,0.3185
SNX,TD SYNNEX Corporation,Information Technology,Electronic Equipment Instruments and Components,270.184,21720.39,United States and Canada,US,987.04,827.66,689.09,626.91,65137.58,62508.09,58452.44,0.1039,1.1362,0.4256,0.1584,0.1102
SOFI,SoFi Technologies Inc.,Financials,Consumer Finance,15.921,20422.52,United States and Canada,US,576.93,481.32,498.67,-300.74,3908.43,3583.03,2643.15,0.4103,0.0572,0.2478,-0.066,
SOLS,Solstice Advanced Materials Inc.,Materials,Chemicals,78.029,12391.34,United States and Canada,US,188,237,594,621,3981,3886,3770,0.056,,,,
SOLV,Solventum Corporation,Health Care,Health Care Equipment and Supplies,78.59,13609.8,United States and Canada,US,1432,1556,479,1346,8262,8325,8254,-0.0055,0.0562,,,
SON,Sonoco Products Company,Materials,Containers and Packaging,48.634,4808.38,United States and Canada,US,1016.18,1003.01,163.95,474.96,7485.97,7518.75,5305.36,0.312,0.0767,-0.0821,-0.0631,0.0015
SOUN,SoundHound AI Inc.,Information Technology,Software,6.755,2923.36,United States and Canada,US,-168.97,-14.01,-350.68,-88.94,183.99,168.92,84.69,0.7998,-0.3065,0.3097,,
SPHR,Sphere Entertainment Co.,Communication Services,Entertainment,144.836,5184,United States and Canada,US,113.77,33.41,-462.47,-200.65,1325.88,1220.05,1072.41,0.2852,2.6373,0.761,0.1008,
SPXC,SPX Technologies Inc.,Industrials,Machinery,227.775,11403.52,United States and Canada,US,252.7,244,200.5,89.9,2349.3,2265.1,1983.9,0.1739,0.4182,0.39,0.3076,0.308
SR,Spire Inc.,Utilities,Gas Utilities,79.585,4704.81,United States and Canada,US,358.3,271.7,250.9,217.5,2600.7,2476.4,2593,0.1296,0.0868,0.0637,0.0101,0.0181
SRRK,Scholar Rock Holding Corporation,Health Care,Biotechnology,44.505,5332.96,United States and Canada,US,-408.73,-377.94,-246.29,-165.79,,,,,0.3482,0.8494,0.0706,
SSB,SouthState Bank Corporation,Financials,Banks,96.6,9460.78,United States and Canada,US,935.41,798.67,534.78,494.31,2676.52,2555.69,1701.74,0.4634,0.0851,0.11,0.0229,0.032
SSD,Simpson Manufacturing Co. Inc.,Industrials,Building Products,188.18,7741.41,United States and Canada,US,355.42,345.08,322.22,353.99,2381.88,2332.81,2232.14,0.0631,0.1996,0.1329,0.1111,0.1693
SSMR,Sunshine Silver Mining & Refining Company,Materials,Metals and Mining,14.21,2042.36,United States and Canada,US,-43.95,-34.74,-12.89,,0.46,0.5,0.1,,,,,
SSNC,SS&C Technologies Holdings Inc.,Industrials,Professional Services,67.463,16247.32,United States and Canada,US,810,796.9,760.5,607.1,6405.4,6272.2,5882,0.0746,-0.1696,0.0607,-0.0181,0.0868
SSRM,SSR Mining Inc.,Materials,Metals and Mining,35.09,5220.98,United States and Canada,US,230.52,395.75,-261.28,-98.01,1894.8,1629.64,995.62,0.6934,1.0788,0.2256,0.1019,0.0937
ST,Sensata Technologies Holding plc,Industrials,Electrical Equipment,48.026,6984.52,United States and Canada,US,48.5,31.3,128.5,-3.9,3728,3704.5,3932.8,-0.0285,0.674,0.0309,-0.0419,0.0293
STAG,STAG Industrial Inc.,Real Estate,Industrial REITs,37.86,7292.66,United States and Canada,US,244.12,273.52,189.22,192.84,863.82,845.18,767.38,0.0998,0.0387,0.0163,-0.0042,0.0523
STE,STERIS plc,Health Care,Health Care Equipment and Supplies,207.085,20212.01,United States and Canada,US,782.3,782.3,614.64,378.24,5935.9,5935.9,5459.52,0.0873,-0.1398,0.0002,0.0085,0.1133
STEP,StepStone Group Inc.,Financials,Capital Markets,41.452,4985.66,United States and Canada,US,-535.81,-535.81,-179.56,58.09,1993.6,1993.6,1174.83,0.6969,-0.2754,0.1838,0.0547,
STRL,Sterling Infrastructure Inc.,Industrials,Construction and Engineering,815.73,25031.45,United States and Canada,US,346.64,290.15,257.46,138.66,2884.78,2490.05,2115.76,0.3696,2.9897,1.4737,1.0195,0.6689
STUB,StubHub Holdings Inc.,Communication Services,Entertainment,10.295,3865.13,United States and Canada,US,-1835.71,-1905.93,-2.8,405.2,1793.63,1745.19,1770.64,-0.008,,,,
STWD,Starwood Property Trust Inc.,Real Estate,Mortgage Real Estate Investment Trusts (REITs),16.995,6300.87,United States and Canada,US,351.17,411.54,359.93,339.21,580.84,547.93,400.75,0.5101,-0.1628,-0.0359,-0.0868,-0.0208
STZ,Constellation Brands Inc.,Consumer Staples,Beverages,142.8,24485.47,United States and Canada,US,1686.7,1686.7,-81.4,1727.4,9139,9139,10208.7,-0.1048,-0.1552,-0.1604,-0.097,-0.0071
SUI,Sun Communities Inc.,Real Estate,Residential REITs,126.435,15900.46,United States and Canada,US,1395.3,1361.2,89,-213.3,2339.1,2298.5,2235.1,-0.2675,0.0081,-0.0103,-0.0644,0.0616
SUN,Sunoco LP,Energy,Oil Gas and Consumable Fuels,66.33,9080.23,United States and Canada,US,964,527,866,394,30712,25201,22693,0.3727,0.2396,0.1441,0.1159,0.0844
SUNB,Sunbelt Rentals Holdings Inc.,Industrials,Trading Companies and Distributors,79.549,32629.46,United States and Canada,US,1385.5,1510.5,1598.4,1617.7,10929.7,10791.7,10858.7,0.0037,0.3199,0.0662,0.0172,0.1915
SUNC,SunocoCorp LLC,Energy,Oil Gas and Consumable Fuels,66.839,3443.36,United States and Canada,US,365,462,874,394,30712,25201,22693,,,,,
SUPN,Supernus Pharmaceuticals Inc.,Health Care,Pharmaceuticals,45.36,2632.68,United States and Canada,US,-29.02,-38.55,73.86,1.32,776.83,718.95,661.82,0.1629,0.3683,0.0919,0.0777,0.0886
SWDR,Starwood Real Estate Income Trust Inc.,Real Estate,Diversified REITs,15.25,5902.12,United States and Canada,US,-627.29,-691.62,-684.88,-649.7,1558.33,1567.41,1674.35,-0.0571,,,,
SWK,Stanley Black & Decker Inc.,Industrials,Machinery,79.386,12341,United States and Canada,US,371.1,401.9,294.3,-310.5,15232.2,15130.4,15365.7,-0.0006,0.1652,-0.0209,-0.1714,-0.0346
SWKS,Skyworks Solutions Inc.,Information Technology,Semiconductors and Semiconductor Equipment,71.369,10734.32,United States and Canada,US,361.2,477.1,596,982.8,4044.3,4086.9,4178,0.0233,-0.0199,-0.119,-0.1604,0.0085
SWX,Southwest Gas Holdings Inc.,Utilities,Gas Utilities,89.159,6452.87,United States and Canada,US,464.33,439.83,198.81,150.89,1779.08,1940.38,5112.44,-0.6315,0.2432,0.1269,0.0567,0.0186
SXI,Standex International Corporation,Industrials,Machinery,293.728,3558.49,United States and Canada,US,98.98,55.76,73.07,138.99,885.39,790.11,720.63,0.1833,0.9029,0.2763,0.2492,0.128
SXT,Sensient Technologies Corporation,Materials,Chemicals,122.08,5196.82,United States and Canada,US,144.2,134.49,124.67,93.39,1655.62,1612.11,1557.23,0.058,0.2834,0.1729,0.0654,0.0553
SYBT,Stock Yards Bancorp Inc.,Financials,Banks,74.215,2305.78,United States and Canada,US,143.47,140.15,114.54,107.75,399.3,390.56,342.55,0.1303,-0.0255,0.168,0.0747,0.1035
SYF,Synchrony Financial,Financials,Consumer Finance,69.515,23382.78,United States and Canada,US,3600,3552,3499,2238,9892,9756,9392,0.1364,0.125,0.2723,0.0708,0.0847
SYM,Symbotic Inc.,Industrials,Machinery,41.821,25205.8,United States and Canada,US,-7.39,-16.94,-13.49,-23.87,2517.04,2246.92,1788.18,0.2152,0.4521,-0.0099,0.3322,
SYNA,Synaptics Incorporated,Information Technology,Semiconductors and Semiconductor Equipment,130.425,5039.32,United States and Canada,US,-48.1,-47.8,125.6,73.6,1172,1074.3,959.4,0.1281,1.0152,0.1693,-0.0158,0.0783
SYRE,Spyre Therapeutics Inc.,Health Care,Biotechnology,78.78,6841.35,United States and Canada,US,-179.44,-155.2,-208.02,-338.79,,,,,3.3767,1.8568,-0.1374,-0.0666
TALO,Talos Energy Inc.,Energy,Oil Gas and Consumable Fuels,15.425,2574.83,United States and Canada,US,-740.59,-494.29,-76.39,187.33,1738.97,1779.65,1972.19,-0.1541,0.7101,0.037,-0.0182,
TAP,Molson Coors Beverage Company,Consumer Staples,Beverages,40.775,7658.45,United States and Canada,US,-2109.3,-2139.6,1122.4,948.9,11187.8,11140.8,11627,-0.013,-0.2122,-0.1499,-0.0742,-0.089
TARS,Tarsus Pharmaceuticals Inc.,Health Care,Pharmaceuticals,63.6,2736.32,United States and Canada,US,-48.27,-66.42,-115.55,-135.89,535.08,451.36,182.95,1.2899,0.5527,0.5202,0.1251,
TBBK,The Bancorp Inc.,Financials,Banks,55.17,2296.97,United States and Canada,US,231.11,228.21,217.54,192.3,531.36,526.15,495.38,0.0579,0.0268,0.1541,0.1681,0.2332
TCBI,Texas Capital Bancshares Inc.,Financials,Banks,99.737,4355.61,United States and Canada,US,356.99,330.24,77.51,189.14,1245.29,1200.78,865.35,0.3968,0.3017,0.2399,0.0792,0.0743
TDC,Teradata Corporation,Information Technology,Software,32.472,3055.62,United States and Canada,US,421,130,114,62,1689,1663,1750,-0.0082,0.4634,-0.1285,-0.0742,0.0155
TDS,Telephone and Data Systems Inc.,Communication Services,Wireless Telecommunication Services,39.838,4535.56,United States and Canada,US,130.89,-6.24,-28,-500,1247.22,1228.21,4964,-0.7432,0.1659,0.746,0.0865,0.0366
TDW,Tidewater Inc.,Energy,Energy Equipment and Services,75.66,3762.62,United States and Canada,US,298.15,334.66,180.66,97.19,1345.56,1352.79,1345.84,-0.0092,0.572,0.1657,0.3975,
TDY,Teledyne Technologies Incorporated,Information Technology,Electronic Equipment Instruments and Components,615.581,28519.34,United States and Canada,US,933,894.8,819.2,885.7,6225.6,6115.4,5670,0.079,0.2355,0.1619,0.0773,0.2004
TE,T1 Energy Inc.,Information Technology,Semiconductors and Semiconductor Equipment,7.657,2138.38,United States and Canada,US,-372.01,-367.83,-450.15,-71.94,879.49,755.29,2.94,14.5955,4.3923,0.0119,-0.0537,
TECH,Bio-Techne Corporation,Health Care,Life Sciences Tools and Services,53.012,8300.02,United States and Canada,US,109.56,73.4,168.1,285.26,1210.81,1219.63,1159.06,0.0017,0.0286,-0.1221,-0.1373,0.0648
TEM,Tempus AI Inc.,Health Care,Life Sciences Tools and Services,48.142,8644.61,United States and Canada,US,-302.91,-245.03,-705.81,-214.12,1364.17,1271.79,693.4,0.6982,-0.3198,,,
TENB,Tenable Holdings Inc.,Information Technology,Software,26.656,2939.41,United States and Canada,US,-11.77,-36.12,-36.3,-78.28,1022.33,999.4,900.02,0.1074,-0.1511,-0.125,-0.0931,
TEX,Terex Corporation,Industrials,Machinery,61.026,6969.17,United States and Canada,US,111,221,335,518,5926,5421,5127,0.1702,0.2627,0.0383,0.0485,0.112
TFSL,TFS Financial Corporation,Financials,Banks,16.725,4663.05,United States and Canada,US,93.03,90.96,79.59,75.25,335,318.97,304.66,0.1016,0.2787,0.0938,-0.0468,-0.0071
TFX,Teleflex Incorporated,Health Care,Health Care Equipment and Supplies,129.97,5753.8,United States and Canada,US,-1008.8,-905.64,69.67,356.33,2126.72,1992.71,1699.55,0.5456,0.0612,-0.1811,-0.1986,-0.0292
TGTX,TG Therapeutics Inc.,Health Care,Biotechnology,47.885,6786.41,United States and Canada,US,461.9,447.18,23.38,12.67,700.35,616.29,329,0.8126,0.2496,0.203,0.0486,0.2091
THC,Tenet Healthcare Corporation,Health Care,Health Care Providers and Services,170.245,14664.39,United States and Canada,US,1703,1407,3200,611,21455,21310,20675,0.0451,0.0547,0.3262,0.1986,0.1939
THG,The Hanover Insurance Group Inc.,Financials,Insurance,198.39,6941.03,United States and Canada,US,721.1,662.5,426,35.3,6692.6,6594.4,6237.4,0.0641,0.1672,0.1966,0.0724,0.0892
THO,THOR Industries Inc.,Consumer Discretionary,Automobiles,75.157,3912.48,United States and Canada,US,262.46,258.56,265.31,374.27,9820.3,9579.49,10043.41,0.024,-0.1443,-0.0699,-0.0801,0.0122
TKR,The Timken Company,Industrials,Machinery,134.032,9314.49,United States and Canada,US,308.3,288.4,352.7,394.1,4672.8,4581.8,4573,0.0331,0.8554,0.1742,0.096,0.1488
TLN,Talen Energy Corporation,Utilities,Independent Power and Renewable Electricity Producers,341.445,15499.9,United States and Canada,US,-21,-219,998,613,3236,2626,2073,0.5506,0.2424,0.9471,,
TMDX,TransMedics Group Inc.,Health Care,Health Care Equipment and Supplies,74.603,2578.35,United States and Canada,US,171.92,190.29,35.46,-25.03,635.89,605.49,441.54,0.3024,-0.4779,-0.0203,0.2137,
TMHC,Taylor Morrison Home Corporation,Consumer Discretionary,Household Durables,71.576,6687.18,United States and Canada,US,667.66,782.5,883.31,768.93,7612.55,8121.48,8168.14,-0.0899,0.2187,0.1525,0.2075,0.1658
TNET,TriNet Group Inc.,Industrials,Professional Services,47.99,2204.88,United States and Canada,US,159,155,173,375,4881,4943,4989,-0.0236,-0.3912,-0.2336,-0.0828,0.0908
TNGX,Tango Therapeutics Inc.,Health Care,Biotechnology,28.865,4175.26,United States and Canada,US,-107.23,-101.59,-130.3,-101.74,56.99,62.38,42.07,0.3904,5.0897,1.0502,0.2128,
TNL,Travel + Leisure Co.,Consumer Discretionary,Hotels Restaurants and Leisure,72.171,4505.03,United States and Canada,US,236,230,411,396,4048,4021,3864,0.0428,0.4443,0.2078,0.0245,0.0065
TOL,Toll Brothers Inc.,Consumer Discretionary,Household Durables,141.47,13223.34,United States and Canada,US,1287.86,1346.49,1571.19,1372.07,11045.37,10966.72,10846.74,0.0362,0.2933,0.2388,0.1905,0.1732
TOST,Toast Inc.,Financials,Financial Services,24.207,14032.77,United States and Canada,US,412,342,19,-246,6446,6153,4960,0.2344,-0.44,0.0345,,
TOWN,TowneBank,Financials,Banks,35.045,3199.54,United States and Canada,US,166.81,169.53,161.36,153.21,877.21,811.78,693.83,0.2416,0.0235,0.1116,0.0211,0.0475
TPC,Tutor Perini Corporation,Industrials,Construction and Engineering,71.274,3750.06,United States and Canada,US,78.14,80.44,-163.72,-171.16,5685.86,5543.04,4326.92,0.2567,0.7055,1.1838,0.3729,0.1191
TPG,TPG Inc.,Financials,Capital Markets,41.249,15852.5,United States and Canada,US,157.74,184.59,23.48,92.13,3732.11,4270.07,3166.74,0.1073,-0.1959,0.1259,,
TPL,Texas Pacific Land Corporation,Energy,Oil Gas and Consumable Fuels,374.125,25805.06,United States and Canada,US,503.63,481.38,453.96,405.64,839.02,798.19,705.82,0.153,0.0203,0.341,0.1708,0.3506
TPR,Tapestry Inc.,Consumer Discretionary,Textiles Apparel and Luxury Goods,142.603,28812.18,United States and Canada,US,662.8,183.2,816,936,7850.8,7010.7,6671.2,0.1413,0.7444,0.4932,0.2633,0.1417
TR,Tootsie Roll Industries Inc.,Consumer Staples,Food Products,39.38,2939.87,United States and Canada,US,99.66,100.05,86.83,91.91,735.61,732.52,723.22,0.0238,0.2075,0.0377,0.0563,0.0321
TREX,Trex Company Inc.,Industrials,Building Products,43.202,4488.63,United States and Canada,US,191.38,190.41,226.39,205.38,1177.68,1174.27,1151.45,0.0198,-0.2385,-0.0923,-0.1552,0.1506
TRMB,Trimble Inc.,Information Technology,Software,49.275,11486.57,United States and Canada,US,456.2,424,1504.4,311.3,3686.6,3587.3,3683.3,0.0325,-0.3207,-0.0056,-0.0891,0.0661
TRMK,Trustmark Corporation,Financials,Banks,45.02,2638.42,United States and Canada,US,226.62,224.13,223.01,165.49,797.73,786.91,519.75,0.4658,0.2907,0.2491,0.0642,0.0631
TRN,Trinity Industries Inc.,Industrials,Machinery,33.015,2624.87,United States and Canada,US,255.2,253.1,138.4,106,2063.5,2156.9,3079.2,-0.2772,0.2477,0.1283,0.0208,0.0611
TRNO,Terreno Realty Corporation,Real Estate,Industrial REITs,66.201,7034.28,United States and Canada,US,424.3,402.99,184.5,151.46,490.4,476.38,382.62,0.2019,0.1145,0.0414,-0.001,0.1038
TROW,T. Rowe Price Group Inc.,Financials,Capital Markets,106.129,22739.9,United States and Canada,US,2094.8,2087.1,2100.1,1788.7,7407.9,7314.8,7093.6,0.0423,0.116,-0.0248,-0.1135,0.0383
TRU,TransUnion,Industrials,Professional Services,65.364,12602.18,United States and Canada,US,704.4,455.4,284.4,-206.2,4726.3,4576.3,4183.8,0.1099,-0.25,-0.0374,-0.0931,0.0721
TRUL,Trulieve Cannabis Corp.,Health Care,Pharmaceuticals,16.14,2225.42,United States and Canada,US,-81.11,-116.38,-155.1,-526.8,1170.17,1181.18,1186.49,-0.0464,2.196,0.4445,-0.1884,
TSCO,Tractor Supply Company,Consumer Discretionary,Specialty Retail,30.945,16229.09,United States and Canada,US,1081.24,1096.09,1101.24,1107.23,15649.14,15524.05,14883.23,0.0464,-0.3969,-0.1067,-0.0342,0.0523
TSN,Tyson Foods Inc.,Consumer Staples,Food Products,56.069,19743.54,United States and Canada,US,453,474,800,-648,55710,54441,53309,0.0391,0.0126,0.0363,-0.0623,-0.0077
TTAN,ServiceTitan Inc.,Information Technology,Software,69.88,6666.38,United States and Canada,US,-136.31,-159.85,-239.09,-195.15,1014.1,960.97,771.88,0.2409,-0.3246,,,
TTC,The Toro Company,Industrials,Machinery,91.88,8749.69,United States and Canada,US,339.8,316.1,418.9,329.7,4658.5,4510.4,4583.8,0.0248,0.2998,-0.017,-0.0274,0.0783
TTD,The Trade Desk Inc.,Communication Services,Media,18.655,8769.87,United States and Canada,US,432.62,443.3,393.08,178.94,2969.12,2896.28,2444.83,0.1555,-0.7422,-0.3691,-0.2082,
TTEK,Tetra Tech Inc.,Industrials,Commercial Services and Supplies,27.335,7094.11,United States and Canada,US,440.24,247.72,333.38,273.42,4403.13,4617.36,4321.86,-0.0334,-0.2328,-0.0451,0.0178,0.1618
TTMI,TTM Technologies Inc.,Information Technology,Electronic Equipment Instruments and Components,177.585,18440.99,United States and Canada,US,195.26,177.45,56.3,-18.72,3103.65,2906.34,2442.75,0.231,3.8547,1.3346,0.6367,0.3639
TVTX,Travere Therapeutics Inc.,Health Care,Biotechnology,48.055,4468.77,United States and Canada,US,-21.42,-25.55,-321.55,-111.4,536.2,490.73,233.18,0.9603,2.3096,0.4218,0.2605,0.1068
TW,Tradeweb Markets Inc.,Financials,Capital Markets,100.045,23613.22,United States and Canada,US,869.69,812.79,501.51,364.87,2158.54,2050.49,1721.67,0.1836,-0.2686,0.1218,0.0366,
TWLO,Twilio Inc.,Information Technology,IT Services,204.785,31081.01,United States and Canada,US,103.96,33.83,-109.4,-1015.44,5301.66,5067.22,4458.04,0.1567,0.7327,0.4729,-0.0925,
TWST,Twist Bioscience Corporation,Health Care,Biotechnology,69.405,4321.94,United States and Canada,US,-81.28,-77.67,-208.73,-204.62,409.48,376.57,312.97,0.1777,0.9745,0.5854,-0.0954,
TXG,10x Genomics Inc.,Health Care,Life Sciences Tools and Services,29.12,3696.96,United States and Canada,US,-22.66,-43.54,-182.63,-255.1,638.78,642.82,610.78,0.0226,1.7013,-0.1853,-0.3152,
TXNM,TXNM Energy Inc.,Utilities,Electric Utilities,57.282,6341.53,United States and Canada,US,146.18,151.36,242.15,87.82,2187.8,2165.61,1971.2,0.0846,0.009,0.0732,0.031,0.0521
TXRH,Texas Roadhouse Inc.,Consumer Discretionary,Hotels Restaurants and Leisure,166.363,10934.98,United States and Canada,US,415.32,405.55,433.59,304.88,6063.59,5878.07,5373.33,0.1025,-0.1143,0.1542,0.1102,0.1372
TXT,Textron Inc.,Industrials,Aerospace and Defense,92.785,16134.29,United States and Canada,US,934,921,824,921,15188,14799,13702,0.0948,0.2081,0.1239,0.0629,0.0912
TYL,Tyler Technologies Inc.,Information Technology,Software,298.615,12591.83,United States and Canada,US,315.73,315.6,263.03,165.92,2380.68,2332.34,2137.8,0.0868,-0.4887,-0.0839,-0.0706,0.0663
U,Unity Software Inc.,Information Technology,Software,26.663,11639.33,United States and Canada,US,-672.73,-402.76,-664.11,-822.01,1922.89,1849.65,1813.26,0.0755,0.1004,-0.0975,-0.2314,
UAA,Under Armour Inc.,Consumer Discretionary,Textiles Apparel and Luxury Goods,5.795,2435.46,United States and Canada,US,-495.64,-495.64,-201.27,232.04,4966.37,4966.37,5164.31,-0.0383,-0.1733,-0.0793,-0.2305,-0.1721
UAL,United Airlines Holdings Inc.,Industrials,Passenger Airlines,104.215,33825.03,United States and Canada,US,3665,3353,3149,2618,60465,59070,57063,0.0472,0.3254,0.273,0.1301,0.085
UBSI,United Bankshares Inc.,Financials,Banks,44.821,6161.75,United States and Canada,US,504.5,464.6,373,366.31,1231.75,1202.18,1009.61,0.1845,0.2286,0.1079,0.0342,0.0162
UCB,United Community Banks Inc.,Financials,Banks,33.845,4050.79,United States and Canada,US,340.97,328.1,252.4,187.54,1047.74,1014.35,901.17,0.1544,0.1603,0.0836,0,0.0573
UCTT,Ultra Clean Holdings Inc.,Information Technology,Semiconductors and Semiconductor Equipment,97.657,4377.8,United States and Canada,US,-194.1,-181.2,23.7,-31.1,2069.1,2054,2097.6,-0.0325,3.5274,0.3912,0.112,0.3297
UDR,UDR Inc.,Real Estate,Residential REITs,39.085,13965.68,United States and Canada,US,490.81,377.7,89.58,444.35,1766.69,1748.9,1700.18,0.036,-0.0598,-0.0278,-0.0491,0.0148
UE,Urban Edge Properties,Real Estate,Retail REITs,23.81,3174.19,United States and Canada,US,107.98,93.53,72.56,248.5,478.29,471.94,444.97,0.0547,0.2719,0.1694,0.0327,-0.0165
UEC,Uranium Energy Corp.,Energy,Oil Gas and Consumable Fuels,10.255,5074.92,United States and Canada,US,-103.67,-87.66,-29.22,-3.31,20.2,66.84,0.22,-0.6978,0.633,0.4884,0.2621,0.2619
UFPI,UFP Industries Inc.,Industrials,Building Products,81.685,4613.59,United States and Canada,US,266.81,294.79,414.56,514.31,6186.09,6320.34,6652.31,-0.064,-0.1664,-0.0256,0.0194,0.1099
UGI,UGI Corporation,Utilities,Gas Utilities,35.115,7528.44,United States and Canada,US,641,678,269,-1502,7359,7287,7210,0.0337,-0.0259,0.0611,-0.0596,-0.0211
UHAL,U-Haul Holding Company,Industrials,Ground Transportation,61.51,10885.64,United States and Canada,US,83.13,83.13,367.09,628.71,6037.82,6037.82,5828.66,0.0359,-0.0329,0.0363,0.0209,0.0523
UHS,Universal Health Services Inc.,Health Care,Health Care Providers and Services,145.5,8808.04,United States and Canada,US,1520.8,1488.8,1142.1,717.79,17760.29,17364.83,15827.93,0.1042,-0.1555,0.0218,-0.0193,0.0074
UI,Ubiquiti Inc.,Information Technology,Communications Equipment,570.245,34512.42,United States and Canada,US,942.1,711.92,349.96,407.64,3095.99,2573.55,1928.49,0.3334,0.4222,0.5,0.1219,0.3047
ULS,UL Solutions Inc.,Industrials,Professional Services,98.254,19804.38,United States and Canada,US,350,325,326,260,3106,3053,2870,0.0692,0.3947,,,
ULTA,Ulta Beauty Inc.,Consumer Discretionary,Specialty Retail,477.584,20531.01,United States and Canada,US,1188.9,1153.48,1201.12,1291.01,12708.31,12392.82,11295.65,0.113,0.0451,0.0407,0.0713,0.0712
UMBF,UMB Financial Corporation,Financials,Banks,131.355,9980.19,United States and Canada,US,882.5,702.4,441.24,350.02,2732.08,2497.76,1567.96,0.6487,0.2528,0.2587,0.069,0.0883
UNF,UniFirst Corporation,Industrials,Commercial Services and Supplies,275.956,4990.1,United States and Canada,US,135.55,148.27,145.47,103.67,2469.05,2432.35,2427.43,0.0076,0.4671,0.1519,0.038,0.0898
UNFI,United Natural Foods Inc.,Consumer Staples,Consumer Staples Distribution and Retail,49.925,3021.42,United States and Canada,US,-38,-118,-112,24,31206,31784,30980,-0.0322,1.256,0.3456,0.0711,0.0166
UNIT,Uniti Group Inc.,Communication Services,Diversified Telecommunication Services,12.117,2942.2,United States and Canada,US,1222.2,1304.7,93.4,-81.7,2928.1,2234.5,1166.9,1.4933,0.7394,0.1973,-0.0774,-0.1218
UNM,Unum Group,Financials,Insurance,91.39,14601.95,United States and Canada,US,781.4,738.5,1779.1,1283.8,13339.1,13075.5,12887.3,0.0439,0.1618,0.2609,0.2459,0.1015
UPST,Upstart Holdings Inc.,Financials,Consumer Finance,29.903,2862.06,United States and Canada,US,49.4,53.6,-128.58,-240.13,1173.71,1075.52,676.96,0.5467,-0.4834,-0.0232,-0.2493,
URBN,Urban Outfitters Inc.,Consumer Discretionary,Specialty Retail,76.315,6535.24,United States and Canada,US,472.28,464.92,402.46,287.67,6317.22,6165.38,5550.67,0.1123,0.1023,0.3241,0.1457,0.1122
USAC,USA Compression Partners LP,Energy,Energy Equipment and Services,27.921,4047.77,United States and Canada,US,129.15,111.32,99.58,68.27,1084.14,998.1,950.45,0.1218,0.1075,0.1166,0.1211,
USAR,USA Rare Earth Inc.,Materials,Metals and Mining,21.382,4886.29,United States and Canada,US,-416.38,-297.56,-15.73,-7.42,7.34,1.64,,,0.7174,,,
USFD,US Foods Holding Corp.,Consumer Staples,Consumer Staples Distribution and Retail,90.636,19960.01,United States and Canada,US,677,676,494,506,39683,39424,37877,0.0367,0.1927,0.2951,0.1773,0.1386
USLM,United States Lime & Minerals Inc.,Materials,Construction Materials,104.765,2997.93,United States and Canada,US,130.74,134.28,108.84,74.55,369.31,372.73,317.72,0.0949,0.0533,0.3992,0.2985,0.2461
UTHR,United Therapeutics Corporation,Health Care,Biotechnology,550.4,23362.68,United States and Canada,US,1287.4,1334.7,1195.1,984.8,3169.8,3182.7,2877.4,0.0587,0.9908,0.3394,0.2516,0.1731
UTI,Universal Technical Institute Inc.,Consumer Discretionary,Diversified Consumer Services,39.573,2178.94,United States and Canada,US,42.68,63.02,42,12.32,868.99,835.62,732.69,0.1103,0.2124,0.795,0.471,0.2849
UWMC,UWM Holdings Corporation,Financials,Financial Services,2.335,3738.54,United States and Canada,US,66.36,27.38,14.4,-13.23,3608.55,3458.7,2458.69,0.4512,-0.4669,-0.2432,-0.2555,
VAC,Marriott Vacations Worldwide Corporation,Consumer Discretionary,Hotels Restaurants and Leisure,91.3,3135.52,United States and Canada,US,-342,-308,218,254,3334,3334,3278,0.01,0.3546,-0.1099,-0.12,0.0417
VC,Visteon Corporation,Consumer Discretionary,Automobile Components,118.325,3158.57,United States and Canada,US,165,201,274,486,3788,3768,3866,-0.0204,0.2991,-0.0741,-0.0141,0.0486
VCTR,Victory Capital Holdings Inc.,Financials,Capital Markets,87.235,5454.9,United States and Canada,US,380.23,330.06,288.86,213.16,1474.52,1306.13,893.48,0.6434,0.3781,0.3892,0.2362,
VCYT,Veracyte Inc.,Health Care,Biotechnology,47.525,3792.15,United States and Canada,US,88.01,66.35,24.14,-74.4,541.74,517.14,445.76,0.1691,0.7016,0.2245,0.0563,0.2458
VECO,Veeco Instruments Inc.,Information Technology,Semiconductors and Semiconductor Equipment,68.865,4203.07,United States and Canada,US,23.12,35.39,73.71,-30.37,655.34,664.29,717.3,-0.0771,2.1926,0.3981,0.2215,0.1479
VEEV,Veeva Systems Inc.,Health Care,Health Care Technology,162.265,26358.86,United States and Canada,US,941.65,908.91,714.14,525.71,3319.22,3195.31,2746.62,0.1625,-0.4377,-0.0471,-0.1151,0.1688
VERA,Vera Therapeutics Inc.,Health Care,Biotechnology,33.136,2378.6,United States and Canada,US,-368.95,-299.62,-152.15,-95.99,,,,,0.4994,0.6195,0.1779,
VFC,V.F. Corporation,Consumer Discretionary,Textiles Apparel and Luxury Goods,17.212,6743.14,United States and Canada,US,254.92,254.92,-189.72,-968.88,9605.21,9605.21,9504.69,0.0106,0.3447,-0.0342,-0.2683,-0.1211
VG,Venture Global Inc.,Energy,Oil Gas and Consumable Fuels,13.775,34222.03,United States and Canada,US,2793,2697,1687,2811,15474,13769,4972,1.3983,-0.1781,,,
VIAV,Viavi Solutions Inc.,Information Technology,Communications Equipment,48.449,11870.92,United States and Canada,US,-55.1,34.8,-25.8,25.5,1365.7,1084.3,1000.4,0.3059,4.1707,0.7016,0.2237,0.2139
VICI,VICI Properties Inc.,Real Estate,Specialized REITs,28.305,30932.89,United States and Canada,US,3104.28,2775.49,2678.81,2513.54,4040.43,4006.12,3849.2,0.0408,-0.1285,-0.0429,-0.029,
VICR,Vicor Corporation,Industrials,Electrical Equipment,287.947,13125.03,United States and Canada,US,136.68,118.56,6.13,53.59,426.7,407.7,359.06,0.1559,5.3383,0.7096,0.2535,0.3902
VIRT,Virtu Financial Inc.,Financials,Capital Markets,55.21,8562.32,United States and Canada,US,550.99,468.36,276.42,142.04,3049.73,2845.2,2217.89,0.2687,0.3555,0.4414,0.1369,0.12
VISN,Vistance Networks Inc.,Information Technology,Communications Equipment,12.185,2748.57,United States and Canada,US,7007.7,2283.7,-315.5,-1506.8,2015.3,1931.6,1382.6,1.317,0.9653,0.3915,-0.1083,-0.0921
VKTX,Viking Therapeutics Inc.,Health Care,Biotechnology,27.488,3191.51,United States and Canada,US,-472.33,-359.64,-109.96,-85.89,,,,,-0.0505,0.0423,0.352,0.3544
VLTO,Veralto Corporation,Industrials,Commercial Services and Supplies,82.811,20338.32,United States and Canada,US,969,940,833,839,5593,5503,5193,0.0595,-0.1568,,,
VLY,Valley National Bancorp,Financials,Banks,14.185,7860.36,United States and Canada,US,655.84,597.98,380.27,498.51,1940.88,1844.2,1518.1,0.2766,0.5849,0.1917,0.0019,0.0424
VMI,Valmont Industries Inc.,Industrials,Construction and Engineering,523.139,10156.04,United States and Canada,US,371.05,350.27,348.26,150.85,4163.98,4104.1,4075.03,0.024,0.6216,0.2345,0.1725,0.1453
VNO,Vornado Realty Trust,Real Estate,Office REITs,37.833,7757.45,United States and Canada,US,795.27,904.96,70.39,105.49,1854.1,1864.57,1900.15,-0.0393,-0.0781,0.3473,-0.0543,-0.0889
VNOM,Viper Energy Inc.,Energy,Oil Gas and Consumable Fuels,44.844,16100.14,United States and Canada,US,-46,-68,359.25,200.09,1578,1325,817,0.8243,0.0705,,,
VNT,Vontier Corporation,Information Technology,Electronic Equipment Instruments and Components,28.135,3961.41,United States and Canada,US,412.5,406.1,422.2,376.9,3085.1,3075.6,2979,0.0408,-0.2342,-0.0292,-0.0419,
VOYA,Voya Financial Inc.,Financials,Financial Services,89.84,8145.46,United States and Canada,US,680,654,667,625,8251,8189,8050,0.0355,0.3403,0.0776,0.0667,0.1145
VOYG,Voyager Technologies Inc.,Industrials,Aerospace and Defense,46.961,2783.01,United States and Canada,US,-121.86,-104.81,-62.07,-25.44,167.16,166.42,144.18,0.1259,-0.1685,,,
VRNS,Varonis Systems Inc.,Information Technology,Software,32.956,3783.82,United States and Canada,US,-130.4,-129.32,-95.77,-100.92,660.24,623.53,550.95,0.1515,-0.3439,0.089,-0.0904,0.1462
VRSK,Verisk Analytics Inc.,Industrials,Professional Services,183.961,24102.91,United States and Canada,US,910.2,908.3,958.2,614.6,3102.3,3072.7,2881.7,0.0586,-0.4094,-0.0568,0.0133,0.0885
VRSN,VeriSign Inc.,Information Technology,IT Services,282.225,25715.13,United States and Canada,US,840.9,825.7,785.7,817.6,1683.2,1656.6,1557.4,0.0684,0.0086,0.0847,0.0501,0.1278
VSAT,Viasat Inc.,Information Technology,Communications Equipment,66.279,9051.65,United States and Canada,US,-34.09,-34.09,-574.96,-1068.9,4640.28,4640.28,4519.57,0.0267,5.0363,0.1503,0.0515,-0.0089
VSEC,VSE Corporation,Industrials,Aerospace and Defense,179.76,5043.55,United States and Canada,US,49.73,11.7,15.32,39.13,1180.81,1112.28,786.26,0.342,0.3,0.5003,0.2875,0.1783
VSH,Vishay Intertechnology Inc.,Information Technology,Electronic Equipment Instruments and Components,57.53,7830.17,United States and Canada,US,2.28,-8.98,-31.15,323.82,3193.05,3069.05,2937.59,0.0986,2.6182,0.2812,0.1989,0.1579
VSNT,Versant Media Group Inc.,Communication Services,Media,39.854,5639.26,United States and Canada,US,849,930,1363,1539,6669,6688,7062,-0.0413,,,,
VSXY,Victoria's Secret & Co.,Consumer Discretionary,Specialty Retail,75.88,6031.83,United States and Canada,US,211,161,165,109,6760,6553,6230,0.0861,2.6133,0.6109,,
VTRS,Viatris Inc.,Health Care,Pharmaceuticals,15.928,18548.99,United States and Canada,US,-296.5,-3514.9,-634.2,54.7,14562.6,14299.9,14739.3,0.0162,0.7737,0.1925,0.0025,-0.0976
VVV,Valvoline Inc.,Consumer Discretionary,Specialty Retail,36.968,4714.75,United States and Canada,US,93.5,210.7,211.5,1419.7,1858.4,1710.3,1619,0.1099,0.0272,-0.0015,0.0142,
VVX,V2X Inc.,Industrials,Aerospace and Defense,88.655,2775.83,United States and Canada,US,88.7,77.88,34.68,-22.57,4718.24,4480.04,4322.15,0.0903,0.9767,0.2413,0.1162,0.1294
W,Wayfair Inc.,Consumer Discretionary,Specialty Retail,73.184,9660.03,United States and Canada,US,-305,-313,-492,-738,12658,12457,11851,0.068,0.5259,0.1196,-0.2569,0.0676
WAFD,WaFd Inc.,Financials,Banks,36.436,2692.2,United States and Canada,US,252.29,226.07,200.04,257.43,750.81,717.73,704.02,0.0288,0.2521,0.0774,0.0197,0.0412
WAL,Western Alliance Bancorporation,Financials,Banks,80.475,8674.03,United States and Canada,US,952,969,787.7,722.4,3377.8,3318.9,3016.2,0.1077,0.0818,0.2722,-0.0371,0.0831
WAY,Waystar Holding Corp.,Health Care,Health Care Technology,18.37,3523.6,United States and Canada,US,126.1,112.09,-19.13,-51.33,1156.72,1099.28,943.55,0.1861,-0.5465,,,
WBHC,Wilson Bank Holding Company,Financials,Banks,1500,18431.91,United States and Canada,US,81.57,75.7,56.53,48.94,229.83,219.92,181.66,0.2114,,,,
WBI,WaterBridge Infrastructure LLC,Energy,Energy Equipment and Services,30.82,3804.92,United States and Canada,US,-2.73,-4.54,2.99,14.67,628.62,525.55,316.3,0.9874,,,,
WBS,Webster Financial Corporation,Financials,Banks,72.141,11688.75,United States and Canada,US,1022.12,1002.8,768.71,867.84,2730.21,2675.65,2366.79,0.1508,0.3384,0.2295,0.0478,0.0669
WCC,WESCO International Inc.,Industrials,Trading Companies and Distributors,338.139,16469.02,United States and Canada,US,675.6,640.2,717.6,765.5,24247.3,23510.9,21818.8,0.1116,0.9031,0.2968,0.2494,0.1929
WDAY,Workday Inc.,Information Technology,Software,132.908,32824.75,United States and Canada,US,847,693,526,1381,9854,9552,8446,0.1332,-0.4712,-0.1333,-0.1039,0.0552
WDFC,WD-40 Company,Consumer Staples,Household Products,224.265,3017.58,United States and Canada,US,79.99,90.99,69.64,65.99,636.48,619.99,590.56,0.0423,-0.0804,0.055,-0.0239,0.0691
WERN,Werner Enterprises Inc.,Industrials,Ground Transportation,43.327,2597.46,United States and Canada,US,-8.56,-14.4,34.23,112.38,3070.89,2974.4,3030.26,0.0328,0.5778,-0.0032,-0.009,0.0583
WES,Western Midstream Partners LP,Energy,Oil Gas and Consumable Fuels,44.42,17491.77,United States and Canada,US,1195.05,1154.5,1536.97,998.53,4049.87,3843.4,3605.22,0.1143,0.1505,0.1896,0.1459,0.004
WEX,WEX Inc.,Financials,Financial Services,136.745,4740.7,United States and Canada,US,310.3,304.1,309.6,266.6,2698,2660.8,2628.2,0.0329,-0.0275,-0.0882,-0.0783,0.0418
WFRD,Weatherford International plc,Energy,Energy Equipment and Services,98.95,7117.01,United States and Canada,US,463,431,506,417,4877,4918,5513,-0.0881,0.8934,0.1482,0.4441,
WH,Wyndham Hotels & Resorts Inc.,Consumer Discretionary,Hotels Restaurants and Leisure,75.919,5683.33,United States and Canada,US,193,193,289,289,1440,1429,1404,0.0169,-0.0851,0.0192,0.0012,
WHD,Cactus Inc.,Energy,Energy Equipment and Services,58.682,4704.94,United States and Canada,US,154.7,166.01,185.41,169.17,1187.08,1079.05,1129.81,0.045,0.2475,0.1347,0.0741,
WHR,Whirlpool Corporation,Consumer Discretionary,Household Durables,40.064,2597.07,United States and Canada,US,165,318,-323,481,15176,15524,16607,-0.0357,-0.5415,-0.3435,-0.2923,-0.1382
WING,Wingstop Inc.,Consumer Discretionary,Hotels Restaurants and Leisure,145.104,3951.55,United States and Canada,US,111.89,174.27,108.72,70.17,709.48,696.85,625.81,0.0896,-0.6191,-0.0839,-0.006,0.18
WK,Workiva Inc.,Information Technology,Software,48.38,2715.05,United States and Canada,US,14.2,-26.17,-55.04,-127.53,925.59,884.57,738.68,0.2032,-0.2865,-0.2143,-0.1363,0.1356
WLK,Westlake Corporation,Materials,Chemicals,88.4,11326.07,United States and Canada,US,-1637,-1508,602,479,10976,11170,12142,-0.0863,0.1024,-0.074,-0.029,0.0665
WLY,John Wiley & Sons Inc.,Communication Services,Media,44.014,2249.38,United States and Canada,US,154.36,84.16,-200.32,17.23,1671.17,1677.61,1872.99,-0.019,0.1286,0.0386,-0.0663,-0.0169
WMG,Warner Music Group Corp.,Communication Services,Entertainment,28.333,14778.93,United States and Canada,US,452,365,435,430,7129,6707,6426,0.1255,0.0628,0.0447,-0.0413,
WMK,Weis Markets Inc.,Consumer Staples,Consumer Staples Distribution and Retail,82.302,2036.53,United States and Canada,US,102,93.69,106.02,100.85,5012.85,4957.71,4791.73,0.0421,0.1044,0.0751,0.0893,0.0459
WMS,Advanced Drainage Systems Inc.,Industrials,Building Products,131.849,10099.07,United States and Canada,US,426.46,426.46,450.17,509.92,3050.38,3050.38,2904.24,0.0503,0.126,0.0764,0.0464,0.1746
WOLF,Wolfspeed Inc.,Information Technology,Semiconductors and Semiconductor Equipment,42.906,2074.04,United States and Canada,US,-519.6,-1609.2,-864.2,-329.9,712.5,757.6,807.2,-0.0641,,,,
WOR,Worthington Enterprises Inc.,Industrials,Machinery,57.98,2855.69,United States and Canada,US,111.82,96.05,110.62,256.53,1327.72,1153.76,1245.7,0.1499,-0.0481,-0.0169,-0.0221,0.0385
WPC,W. P. Carey Inc.,Real Estate,Diversified REITs,76.34,17003.9,United States and Canada,US,516.84,466.36,460.84,708.33,1742.2,1705.65,1576.39,0.0916,0.2052,0.0251,-0.0015,0.0122
WRB,W. R. Berkley Corporation,Financials,Insurance,68.34,26629.06,United States and Canada,US,1877.05,1779.4,1756.12,1381.36,14850.79,14707.86,13638.75,0.0661,-0.0559,0.2141,0.1514,0.1517
WRBY,Warby Parker Inc.,Consumer Discretionary,Specialty Retail,25.61,3142.74,United States and Canada,US,1.35,1.64,-20.39,-63.2,890.57,871.9,771.32,0.1201,0.1332,0.3046,,
WS,Worthington Steel Inc.,Materials,Metals and Mining,42.05,2136.41,United States and Canada,US,121.7,110.7,154.7,87.1,3347.5,3093.3,3430.6,0.0555,0.6653,,,
WSBC,WesBanco Inc.,Financials,Banks,35.64,3427.88,United States and Canada,US,320.73,223.1,151.51,159.03,1037.64,903.81,586.99,0.821,0.1243,0.0898,-0.0107,0.0119
WSC,WillScot Holdings Corporation,Industrials,Construction and Engineering,26.825,4855.18,United States and Canada,US,-67.92,-52.99,28.13,476.46,2270.52,2281.45,2395.72,-0.0412,-0.0491,-0.1741,-0.0188,
WSFS,WSFS Financial Corporation,Financials,Banks,73.786,3840.12,United States and Canada,US,308.28,287.35,263.67,269.16,1055.27,1016.78,984.95,0.0684,0.3864,0.2366,0.0722,0.0731
WSM,Williams-Sonoma Inc.,Consumer Discretionary,Specialty Retail,211.845,24944.03,United States and Canada,US,1088.54,1088.44,1125.25,949.76,7882.16,7806.82,7711.54,0.013,0.3616,0.4983,0.2006,0.2348
WSO,Watsco Inc.,Industrials,Trading Companies and Distributors,376.764,15172.79,United States and Canada,US,496.01,496.99,536.29,536.34,7241.21,7239.29,7618.32,-0.0453,-0.1549,0.023,0.0568,0.1087
WST,West Pharmaceutical Services Inc.,Health Care,Life Sciences Tools and Services,328.335,23196.08,United States and Canada,US,542.7,493.7,492.7,593.4,3221,3074.1,2893.2,0.1123,0.4657,-0.0194,-0.01,0.1565
WT,WisdomTree Inc.,Financials,Capital Markets,16.538,2477.35,United States and Canada,US,61.37,109.13,66.69,102.55,545.14,493.75,427.74,0.2418,0.6041,0.3209,0.1882,0.0472
WTFC,Wintrust Financial Corporation,Financials,Banks,153.585,10358.96,United States and Canada,US,862.19,823.84,695.04,622.63,2692.57,2628.17,2347.94,0.1296,0.2695,0.2969,0.137,0.1152
WTRG,Essential Utilities Inc.,Utilities,Water Utilities,37.614,10668.57,United States and Canada,US,556.97,616.37,595.31,498.23,2552.75,2474.61,2086.11,0.1307,-0.0128,-0.033,-0.0509,0.0107
WTS,Watts Water Technologies Inc.,Industrials,Machinery,316.62,10572.22,United States and Canada,US,366.4,340.8,291.2,262.1,2557.8,2438.5,2252.2,0.1422,0.2934,0.2201,0.1726,0.1859
WTTR,Select Water Solutions Inc.,Energy,Energy Equipment and Services,18.697,2582.89,United States and Canada,US,21.59,21.22,30.64,74.4,1398.92,1407.34,1452.08,-0.0418,1.0148,0.3249,0.2277,
WU,The Western Union Company,Financials,Financial Services,7.295,2279.21,United States and Canada,US,440.8,499.6,934.2,626,4049.8,4050.7,4209.7,-0.0228,-0.2114,-0.1477,-0.2179,-0.0929
WULF,TeraWulf Inc.,Information Technology,Software,24.229,12006.26,United States and Canada,US,-1027.63,-661.42,-72.42,-73.42,168.06,168.46,140.05,0.273,4.4941,1.6243,,
WWD,Woodward Inc.,Industrials,Aerospace and Defense,374.04,22286.37,United States and Canada,US,513.8,442.11,372.97,232.37,3997.73,3567.06,3324.25,0.1903,0.605,0.4936,0.2486,0.2048
WY,Weyerhaeuser Company,Real Estate,Specialized REITs,23.815,17171.63,United States and Canada,US,397,324,396,839,6869,6905,7124,-0.0313,-0.1296,-0.0704,-0.0758,-0.0247
WYNN,Wynn Resorts Limited,Consumer Discretionary,Hotels Restaurants and Leisure,105.65,10805.25,United States and Canada,US,375.04,327.33,501.08,729.99,7294.29,7137.92,7127.96,0.0472,0.2072,0.0111,-0.0364,0.0051
XE,X-Energy Inc.,Industrials,Electrical Equipment,18.351,7457.22,United States and Canada,US,-545.78,-389.78,-125.96,-231.22,117.08,94.26,83.99,,,,,
XMTR,Xometry Inc.,Industrials,Trading Companies and Distributors,83.705,4712.22,United States and Canada,US,-51.93,-61.74,-50.4,-67.47,740.8,686.63,545.53,0.291,1.475,0.5676,,
XPO,XPO Inc.,Industrials,Ground Transportation,221.41,25995.74,United States and Canada,US,348,316,387,189,8299,8157,8072,0.0363,0.8361,0.6566,0.0816,0.2253
XYL,Xylem Inc.,Industrials,Machinery,107.02,25437.96,United States and Canada,US,981,957,890,609,9091,9035,8562,0.0573,-0.1575,-0.0082,-0.0196,0.0882
YETI,YETI Holdings Inc.,Consumer Discretionary,Leisure Products,48.422,3668.37,United States and Canada,US,158.63,165.39,175.69,169.88,1897.78,1868.49,1829.87,0.0316,0.5367,0.1047,-0.126,
YOU,Clear Secure Inc.,Information Technology,Software,51.45,6876.87,United States and Canada,US,122.56,109.17,169.68,28.11,942.41,900.78,770.49,0.1739,1.0176,0.2981,,
YSS,York Space Systems Inc.,Industrials,Aerospace and Defense,30.64,3973.84,United States and Canada,US,-187.65,-84.54,-98.91,-29.66,396.29,386.2,253.53,,,,,
ZBH,Zimmer Biomet Holdings Inc.,Health Care,Health Care Equipment and Supplies,86.179,16672.4,United States and Canada,US,761.2,705.1,903.8,1024,8409.1,8231.5,7678.6,0.0923,-0.0855,-0.1407,-0.1144,-0.0319
ZBRA,Zebra Technologies Corporation,Information Technology,Electronic Equipment Instruments and Components,213.725,10180.45,United States and Canada,US,418,419,528,296,5583,5396,4981,0.0917,-0.2701,-0.08,-0.1591,0.1432
ZETA,Zeta Global Holdings Corp.,Information Technology,Software,19.489,4857.78,United States and Canada,US,-23.16,-31.51,-69.77,-187.48,1436.55,1304.67,1005.75,0.336,0.5167,0.2967,0.1869,
ZG,Zillow Group Inc.,Real Estate,Real Estate Management and Development,32.399,7383.84,United States and Canada,US,61,23,-112,-158,2693,2583,2236,0.1683,-0.5375,-0.0977,-0.2216,-0.0002
ZION,Zions Bancorporation National Association,Financials,Banks,65.771,9674.38,United States and Canada,US,962,899,784,680,3392,3313,3058,0.0921,0.3447,0.2859,0.0354,0.0891
ZM,Zoom Communications Inc.,Information Technology,Software,92.204,27037.18,United States and Canada,US,2071.22,1900.15,1010.24,637.46,4933.06,4868.77,4665.43,0.0498,0.1797,0.1112,-0.241,
ZS,Zscaler Inc.,Information Technology,Software,123.715,20005.89,United States and Canada,US,-77.39,-41.48,-57.71,-202.34,3173.56,2673.11,2167.77,0.2461,-0.5874,-0.0638,-0.0985,
ZTS,Zoetis Inc.,Health Care,Pharmaceuticals,80.156,33603.65,United States and Canada,US,2672,2673,2486,2344,9531,9467,9256,0.0288,-0.5181,-0.2103,-0.1514,0.0539
ZWS,Zurn Elkay Water Solutions Corporation,Industrials,Building Products,46.92,7829.63,United States and Canada,US,213.3,198,160.2,112.7,1740.1,1695.9,1566.5,0.1003,0.2922,0.2222,-0.0176,0.0808
