signal,kind,n_firings,n_turns,hit_rate,median_lead,median_nearest,pct_late,recall,fwd4,base4,edge4,fwd8,base8,edge8,fwd13,base13,edge13,p_value,fwd26,base26,edge26,ratio,theta,universe,n_peaks,n_troughs
wRSI > 70,top,19,9,31.57894736842105,2.5,2.5,0.0,44.44444444444444,2.1219313895866097,0.8975602697067887,1.2243711198798208,0.3194504644148541,1.7890824617309045,-1.4696319973160503,3.158293069350449,2.939417655362787,0.21887541398766208,0.5705,8.459067792431606,5.994033150042925,2.465034642388681,Semis / AI Hardware,12.666238997907845,Price ratios,9,8
wRSI > 75,top,11,9,36.36363636363637,6.0,6.0,0.0,22.22222222222222,1.9979012015510946,0.8975602697067887,1.1003409318443058,2.2895637497020185,1.7890824617309045,0.500481287971114,4.762753373227076,2.939417655362787,1.823335717864289,0.7885,7.643123695866202,5.994033150042925,1.6490905458232774,Semis / AI Hardware,12.666238997907845,Price ratios,9,8
Channel z > +1.5,top,24,9,29.166666666666668,3.0,2.5,30.0,55.55555555555556,2.2774660580995083,0.8975602697067887,1.3799057883927195,1.155787826040501,1.7890824617309045,-0.6332946356904035,3.4966360851881575,2.939417655362787,0.5572184298253706,0.6265,6.165620836304724,5.994033150042925,0.1715876862617991,Semis / AI Hardware,12.666238997907845,Price ratios,9,8
Channel z > +2.0,top,15,9,33.33333333333333,2.0,1.5,16.666666666666664,44.44444444444444,2.166837790659551,0.8975602697067887,1.269277520952762,0.32609078892239807,1.7890824617309045,-1.4629916728085064,0.9197035353778205,2.939417655362787,-2.0197141199849664,0.17,1.659196836535691,5.994033150042925,-4.334836313507234,Semis / AI Hardware,12.666238997907845,Price ratios,9,8
40w stretch z > +1.5,top,16,9,31.25,7.0,4.5,16.666666666666664,33.33333333333333,1.7570866834101342,0.8975602697067887,0.8595264137033455,2.1373711403002766,1.7890824617309045,0.3482886785693722,3.309111407943445,2.939417655362787,0.36969375258065806,0.61,6.1770190005444885,5.994033150042925,0.1829858505015638,Semis / AI Hardware,12.666238997907845,Price ratios,9,8
Composite > +1.0,top,37,9,27.027027027027028,4.0,2.0,23.076923076923077,77.77777777777779,-0.06686527499916331,0.8975602697067887,-0.964425544705952,1.5256448048469324,1.7890824617309045,-0.263437656883972,3.7848983128210127,2.939417655362787,0.8454806574582259,0.748,8.060453831175295,5.994033150042925,2.06642068113237,Semis / AI Hardware,12.666238997907845,Price ratios,9,8
Composite > +1.5,top,24,9,37.5,3.0,3.0,0.0,55.55555555555556,1.7266132089688024,0.8975602697067887,0.8290529392620137,1.0469200716338487,1.7890824617309045,-0.7421623900970558,2.981349185123017,2.939417655362787,0.04193152976023029,0.503,5.542433637908003,5.994033150042925,-0.4515995121349219,Semis / AI Hardware,12.666238997907845,Price ratios,9,8
Monthly RSI > 70,top,25,9,28.000000000000004,7.0,1.0,36.36363636363637,44.44444444444444,0.038936390093780915,0.8975602697067887,-0.8586238796130078,2.521745323374068,1.7890824617309045,0.7326628616431636,2.4620967888147134,2.939417655362787,-0.4773208665480735,0.396,6.640870999447706,5.994033150042925,0.6468378494047817,Semis / AI Hardware,12.666238997907845,Price ratios,9,8
13w ROC crosses < 0,top,25,9,12.0,8.0,-4.5,75.0,33.33333333333333,0.6614495797853531,0.8975602697067887,-0.23611068992143558,1.901952151640575,1.7890824617309045,0.11286968990967061,3.0266244511155804,2.939417655362787,0.08720679575279355,0.525,6.200848396979473,5.994033150042925,0.2068152469365483,Semis / AI Hardware,12.666238997907845,Price ratios,9,8
Ratio crosses < 40w MA,top,16,9,12.5,9.0,-5.0,75.0,22.22222222222222,2.6754750046314153,0.8975602697067887,1.7779147349246265,4.000696821449872,1.7890824617309045,2.2116143597189675,4.548556164890262,2.939417655362787,1.609138509527475,0.786,5.313234524726285,5.994033150042925,-0.6807986253166396,Semis / AI Hardware,12.666238997907845,Price ratios,9,8
Extended + ROC cross,top,5,9,20.0,8.0,-1.0,66.66666666666666,11.11111111111111,-0.3290889118983008,0.8975602697067887,-1.2266491816050895,0.07606826790903956,1.7890824617309045,-1.7130141938218648,0.1937793953759261,2.939417655362787,-2.745638259986861,0.219,1.391478776417705,5.994033150042925,-4.602554373625219,Semis / AI Hardware,12.666238997907845,Price ratios,9,8
wRSI < 30,bottom,3,8,100.0,0.0,0.0,0.0,37.5,8.186113481998639,0.8975602697067887,7.28855321229185,10.1750971391108,1.7890824617309045,8.386014677379896,12.403128868815495,2.939417655362787,9.463711213452708,0.03,17.923078046461292,5.994033150042925,11.929044896418368,Semis / AI Hardware,12.666238997907845,Price ratios,9,8
Channel z < -1.5,bottom,9,8,77.77777777777779,2.0,0.0,33.33333333333333,62.5,2.3472508635737763,0.8975602697067887,1.4496905938669875,5.376339383711063,1.7890824617309045,3.587256921980158,6.543933823586818,2.939417655362787,3.6045161682240314,0.1,13.31947750716623,5.994033150042925,7.325444357123305,Semis / AI Hardware,12.666238997907845,Price ratios,9,8
Channel z < -2.0,bottom,4,8,75.0,1.0,0.5,25.0,37.5,5.109476123999038,0.8975602697067887,4.211915854292249,2.2750043358858134,1.7890824617309045,0.48592187415490895,6.567575278670551,2.939417655362787,3.6281576233077644,0.1805,14.368817380392674,5.994033150042925,8.37478423034975,Semis / AI Hardware,12.666238997907845,Price ratios,9,8
40w stretch z < -1.5,bottom,10,8,80.0,4.0,3.0,22.22222222222222,62.5,0.5464087352579293,0.8975602697067887,-0.3511515344488594,2.171861390279409,1.7890824617309045,0.3827789285485046,1.8657813743536469,2.939417655362787,-1.07363628100914,0.648,6.656878614703913,5.994033150042925,0.6628454646609887,Semis / AI Hardware,12.666238997907845,Price ratios,9,8
Composite < -1.0,bottom,12,8,75.0,4.0,2.0,27.27272727272727,75.0,0.6257001587847357,0.8975602697067887,-0.271860110922053,2.8425551814743657,1.7890824617309045,1.0534727197434612,3.2930665582727716,2.939417655362787,0.35364890290998474,0.4135,8.568501180504134,5.994033150042925,2.574468030461209,Semis / AI Hardware,12.666238997907845,Price ratios,9,8
Composite < -1.5,bottom,9,8,77.77777777777779,2.0,2.0,22.22222222222222,62.5,2.792041076390144,0.8975602697067887,1.8944808066833554,3.578942027076722,1.7890824617309045,1.7898595653458174,5.946669260876618,2.939417655362787,3.007251605513831,0.1325,10.425762542068583,5.994033150042925,4.431729392025658,Semis / AI Hardware,12.666238997907845,Price ratios,9,8
13w ROC crosses > 0,bottom,27,8,11.11111111111111,11.0,-7.0,77.77777777777779,25.0,0.7629549384547643,0.8975602697067887,-0.13460533125202445,2.191901233571792,1.7890824617309045,0.4028187718408873,2.2799375170580722,2.939417655362787,-0.6594801383047146,0.6435,7.904916779493898,5.994033150042925,1.9108836294509732,Semis / AI Hardware,12.666238997907845,Price ratios,9,8
Ratio crosses > 40w MA,bottom,14,8,0.0,,-8.0,100.0,0.0,1.0415015668541447,0.8975602697067887,0.14394129714735604,1.3653218666514881,1.7890824617309045,-0.4237605950794163,2.959525095106312,2.939417655362787,0.020107439743525024,0.4925,4.94476909965099,5.994033150042925,-1.049264050391935,Semis / AI Hardware,12.666238997907845,Price ratios,9,8
Washed + ROC cross,bottom,3,8,66.66666666666666,7.5,-2.0,66.66666666666666,12.5,0.6634014032434207,0.8975602697067887,-0.23415886646336803,1.9209252064630569,1.7890824617309045,0.1318427447321524,0.026157628646346964,2.939417655362787,-2.91326002671644,0.7305,10.916843011171105,5.994033150042925,4.92280986112818,Semis / AI Hardware,12.666238997907845,Price ratios,9,8
Washed + MA cross,bottom,2,8,0.0,,-8.5,100.0,0.0,4.953573550672219,0.8975602697067887,4.056013280965431,5.505290992426037,1.7890824617309045,3.7162085306951322,8.35674066575305,2.939417655362787,5.4173230103902625,0.1475,15.169378196729454,5.994033150042925,9.17534504668653,Semis / AI Hardware,12.666238997907845,Price ratios,9,8
wRSI > 70,top,28,8,10.714285714285714,5.0,5.0,0.0,37.5,2.506917804105575,1.8552148933661952,0.6517029107393799,5.547589233201092,3.7901453924781405,1.7574438407229511,10.907410044345559,6.2736095066864195,4.633800537659139,0.9635,25.25812138513739,13.496193046420915,11.761928338716475,AI Hardware Basket,17.84299843368615,Price ratios,8,8
wRSI > 75,top,16,8,12.5,8.0,8.0,0.0,12.5,3.4295279250693422,1.8552148933661952,1.574313031703147,7.454601697434763,3.7901453924781405,3.664456304956622,14.074623478099442,6.2736095066864195,7.801013971413022,0.988,26.82750409782385,13.496193046420915,13.331311051402936,AI Hardware Basket,17.84299843368615,Price ratios,8,8
Channel z > +1.5,top,22,8,18.181818181818183,6.5,6.0,33.33333333333333,50.0,3.4225138077959723,1.8552148933661952,1.567298914429777,5.964242421912686,3.7901453924781405,2.174097029434545,10.555121143236287,6.2736095066864195,4.281511636549867,0.933,22.164740504421534,13.496193046420915,8.668547458000619,AI Hardware Basket,17.84299843368615,Price ratios,8,8
Channel z > +2.0,top,11,8,9.090909090909092,7.0,3.0,50.0,12.5,4.345257657052513,1.8552148933661952,2.4900427636863176,9.278798259185043,3.7901453924781405,5.488652866706903,15.232337561585023,6.2736095066864195,8.958728054898604,0.984,31.08490812584788,13.496193046420915,17.58871507942696,AI Hardware Basket,17.84299843368615,Price ratios,8,8
40w stretch z > +1.5,top,18,8,11.11111111111111,7.0,7.0,0.0,12.5,3.0273605092096036,1.8552148933661952,1.1721456158434085,6.7698625083861295,3.7901453924781405,2.979717115907989,12.880380781735706,6.2736095066864195,6.606771275049287,0.9835,27.33485738050876,13.496193046420915,13.838664334087843,AI Hardware Basket,17.84299843368615,Price ratios,8,8
Composite > +1.0,top,38,8,18.421052631578945,7.0,5.0,12.5,62.5,3.902249221554803,1.8552148933661952,2.047034328188608,5.721946785729804,3.7901453924781405,1.9318013932516633,10.64940860968785,6.2736095066864195,4.37579910300143,0.9705,22.942236935660056,13.496193046420915,9.44604388923914,AI Hardware Basket,17.84299843368615,Price ratios,8,8
Composite > +1.5,top,27,8,7.4074074074074066,6.5,6.0,33.33333333333333,25.0,1.8887971894965063,1.8552148933661952,0.03358229613031116,6.289034598685509,3.7901453924781405,2.4988892062073687,11.140926283197475,6.2736095066864195,4.867316776511055,0.9685,25.301506221450676,13.496193046420915,11.805313175029761,AI Hardware Basket,17.84299843368615,Price ratios,8,8
Monthly RSI > 70,top,41,8,14.634146341463413,5.0,1.0,45.45454545454545,62.5,2.7230142691448367,1.8552148933661952,0.8677993757786415,5.1146598914443135,3.7901453924781405,1.324514498966173,9.946073014402955,6.2736095066864195,3.672463507716536,0.9515,17.96989164313305,13.496193046420915,4.4736985967121345,AI Hardware Basket,17.84299843368615,Price ratios,8,8
13w ROC crosses < 0,top,18,8,5.555555555555555,8.0,-5.5,83.33333333333334,12.5,0.44545025650916664,1.8552148933661952,-1.4097646368570285,4.54961971926815,3.7901453924781405,0.7594743267900093,7.8270999767371485,6.2736095066864195,1.553490470050729,0.683,12.153790013502284,13.496193046420915,-1.3424030329186305,AI Hardware Basket,17.84299843368615,Price ratios,8,8
Ratio crosses < 40w MA,top,14,8,0.0,,-7.0,100.0,0.0,2.0523375092562026,1.8552148933661952,0.19712261589000746,6.480427032405985,3.7901453924781405,2.6902816399278446,10.574499348902489,6.2736095066864195,4.300889842216069,0.8805,15.820654655151358,13.496193046420915,2.3244616087304433,AI Hardware Basket,17.84299843368615,Price ratios,8,8
Extended + ROC cross,top,2,8,0.0,,-9.0,100.0,0.0,5.715422797271358,1.8552148933661952,3.860207903905162,-0.07797812156288852,3.7901453924781405,-3.868123514041029,0.0983188600253424,6.2736095066864195,-6.175290646661077,0.254,3.5210198376384003,13.496193046420915,-9.975173208782515,AI Hardware Basket,17.84299843368615,Price ratios,8,8
wRSI < 30,bottom,2,8,100.0,1.5,1.5,0.0,25.0,4.591445378550162,1.8552148933661952,2.7362304851839667,8.433280873195248,3.7901453924781405,4.643135480717107,4.8728729670646125,6.2736095066864195,-1.400736539621807,0.5275,15.35713221814379,13.496193046420915,1.8609391717228743,AI Hardware Basket,17.84299843368615,Price ratios,8,8
Channel z < -1.5,bottom,10,8,30.0,1.0,0.0,40.0,25.0,1.8344351096912326,1.8552148933661952,-0.020779783674962582,4.090251957316169,3.7901453924781405,0.30010656483802833,5.480805637422018,6.2736095066864195,-0.792803869264401,0.566,8.656161356288987,13.496193046420915,-4.840031690131928,AI Hardware Basket,17.84299843368615,Price ratios,8,8
Channel z < -2.0,bottom,2,8,50.0,5.0,1.0,50.0,12.5,-2.551586613822948,1.8552148933661952,-4.406801507189143,-0.642156689440049,3.7901453924781405,-4.4323020819181895,1.0448335657293306,6.2736095066864195,-5.228775940957089,0.705,10.034931271257541,13.496193046420915,-3.461261775163374,AI Hardware Basket,17.84299843368615,Price ratios,8,8
40w stretch z < -1.5,bottom,12,8,41.66666666666667,4.0,2.0,37.5,50.0,2.576203849425641,1.8552148933661952,0.7209889560594458,5.43048494103611,3.7901453924781405,1.6403395485579697,8.993396592734802,6.2736095066864195,2.719787086048383,0.2365,17.84121254334042,13.496193046420915,4.3450194969195035,AI Hardware Basket,17.84299843368615,Price ratios,8,8
Composite < -1.0,bottom,14,8,35.714285714285715,4.0,1.5,37.5,50.0,2.37733931347971,1.8552148933661952,0.5221244201135147,5.891557821887381,3.7901453924781405,2.1014124294092404,9.103853517880907,6.2736095066864195,2.8302440111944875,0.2045,15.87966260428964,13.496193046420915,2.3834695578687253,AI Hardware Basket,17.84299843368615,Price ratios,8,8
Composite < -1.5,bottom,7,8,42.857142857142854,2.0,1.0,25.0,37.5,3.2887825651891265,1.8552148933661952,1.4335676718229313,8.207197096224714,3.7901453924781405,4.417051703746574,8.529244319507528,6.2736095066864195,2.255634812821109,0.3095,18.10172726936339,13.496193046420915,4.605534222942476,AI Hardware Basket,17.84299843368615,Price ratios,8,8
13w ROC crosses > 0,bottom,16,8,6.25,3.0,-8.0,83.33333333333334,12.5,2.382041623385979,1.8552148933661952,0.5268267300197838,5.65593021700986,3.7901453924781405,1.86578482453172,6.924616391456464,6.2736095066864195,0.6510068847700445,0.4085,12.09745666941251,13.496193046420915,-1.3987363770084045,AI Hardware Basket,17.84299843368615,Price ratios,8,8
Ratio crosses > 40w MA,bottom,14,8,14.285714285714285,6.5,-1.0,60.0,25.0,0.4704533124077014,1.8552148933661952,-1.3847615809584939,3.5944921540419004,3.7901453924781405,-0.19565323843624016,8.483697350535646,6.2736095066864195,2.2100878438492266,0.2845,16.326673498101737,13.496193046420915,2.830480451680822,AI Hardware Basket,17.84299843368615,Price ratios,8,8
Washed + ROC cross,bottom,3,8,0.0,,-11.0,100.0,0.0,4.841204492645542,1.8552148933661952,2.985989599279347,5.113772702187814,3.7901453924781405,1.3236273097096731,4.75628361008753,6.2736095066864195,-1.5173258965988898,0.556,14.74128652280335,13.496193046420915,1.2450934763824346,AI Hardware Basket,17.84299843368615,Price ratios,8,8
wRSI > 70,top,13,10,15.384615384615385,6.0,6.0,0.0,20.0,-1.0530705420548705,0.17747093983568518,-1.2305414818905556,0.022763445362488737,0.34985912959540033,-0.3270956842329116,-0.19020278667657517,0.5164293732243099,-0.7066321599008851,0.335,1.0981839473479482,0.947645936360764,0.15053801098718422,Software,10.070618981975937,Price ratios,10,10
wRSI > 75,top,3,10,0.0,,,,0.0,-1.1737500536968686,0.17747093983568518,-1.3512209935325536,0.7992854126131784,0.34985912959540033,0.4494262830177781,1.8373958335935099,0.5164293732243099,1.3209664603692,0.619,3.2059871065618846,0.947645936360764,2.2583411702011205,Software,10.070618981975937,Price ratios,10,10
Channel z > +1.5,top,26,10,11.538461538461538,5.0,5.0,0.0,30.0,0.2125992480389497,0.17747093983568518,0.03512830820326451,0.49599021813423083,0.34985912959540033,0.1461310885388305,0.29242537218409925,0.5164293732243099,-0.22400400104021068,0.401,1.530175596823509,0.947645936360764,0.5825296604627449,Software,10.070618981975937,Price ratios,10,10
Channel z > +2.0,top,15,10,0.0,,,,0.0,0.020998550490298012,0.17747093983568518,-0.15647238934538718,0.38848401857152065,0.34985912959540033,0.03862488897612032,0.9042746282427466,0.5164293732243099,0.3878452550184367,0.5895,3.403790651487903,0.947645936360764,2.456144715127139,Software,10.070618981975937,Price ratios,10,10
40w stretch z > +1.5,top,17,10,11.76470588235294,6.0,6.0,0.0,20.0,-0.7419129852511475,0.17747093983568518,-0.9193839250868326,0.41647235912457364,0.34985912959540033,0.06661322952917331,0.700064341456537,0.5164293732243099,0.18363496823222702,0.553,1.7888461605507047,0.947645936360764,0.8412002241899407,Software,10.070618981975937,Price ratios,10,10
Composite > +1.0,top,32,10,15.625,6.0,5.0,16.666666666666664,40.0,0.3716603121645481,0.17747093983568518,0.1941893723288629,0.41340205602127045,0.34985912959540033,0.06354292642587012,0.9474561121175399,0.5164293732243099,0.43102673889322995,0.6365,1.4181174845533269,0.947645936360764,0.47047154819256287,Software,10.070618981975937,Price ratios,10,10
Composite > +1.5,top,23,10,8.695652173913043,6.5,6.5,0.0,20.0,-0.44491916051310876,0.17747093983568518,-0.6223901003487939,-0.4544718639387673,0.34985912959540033,-0.8043309935341676,0.91659923554753,0.5164293732243099,0.40016986232322005,0.6045,0.9171818359201488,0.947645936360764,-0.030464100440615205,Software,10.070618981975937,Price ratios,10,10
Monthly RSI > 70,top,16,10,12.5,9.0,9.0,0.0,10.0,1.6274777285289228,0.17747093983568518,1.4500067886932375,0.7807480009906447,0.34985912959540033,0.43088887139524434,2.9209436927229078,0.5164293732243099,2.404514319498598,0.9345,2.5663680269856073,0.947645936360764,1.6187220906248432,Software,10.070618981975937,Price ratios,10,10
13w ROC crosses < 0,top,19,10,10.526315789473683,10.5,-2.5,75.0,20.0,-0.33325071717412913,0.17747093983568518,-0.5107216570098143,0.26935565342898365,0.34985912959540033,-0.08050347616641668,1.1043451596798566,0.5164293732243099,0.5879157864555467,0.6655,1.0869294357083499,0.947645936360764,0.13928349934758588,Software,10.070618981975937,Price ratios,10,10
Ratio crosses < 40w MA,top,13,10,0.0,,-6.0,100.0,0.0,-0.5649088660892574,0.17747093983568518,-0.7423798059249426,0.1374840629470883,0.34985912959540033,-0.21237506664831204,0.2374101587686129,0.5164293732243099,-0.279019214455697,0.425,-0.47938838249370264,0.947645936360764,-1.4270343188544667,Software,10.070618981975937,Price ratios,10,10
Extended + ROC cross,top,6,10,0.0,,-11.0,100.0,0.0,0.1506303344730342,0.17747093983568518,-0.026840605362650982,0.6813264507558167,0.34985912959540033,0.33146732116041633,3.519315067100204,0.5164293732243099,3.0028856938758937,0.8825,2.9223517698983437,0.947645936360764,1.9747058335375796,Software,10.070618981975937,Price ratios,10,10
wRSI < 30,bottom,8,10,50.0,2.5,2.5,0.0,30.0,2.0037881785077025,0.17747093983568518,1.8263172386720172,0.9727464556925567,0.34985912959540033,0.6228873260971564,-3.184236150791313,0.5164293732243099,-3.7006655240156228,0.944,-3.8020788531730028,0.947645936360764,-4.749724789533767,Software,10.070618981975937,Price ratios,10,10
wRSI < 25,bottom,3,10,33.33333333333333,3.0,3.0,0.0,20.0,-1.3670047259260871,0.17747093983568518,-1.5444756657617722,-1.0532134574174492,0.34985912959540033,-1.4030725870128495,-1.875966555509046,0.5164293732243099,-2.3923959287333556,0.7625,0.39872178843537087,0.947645936360764,-0.5489241479253931,Software,10.070618981975937,Price ratios,10,10
Channel z < -1.5,bottom,15,10,53.333333333333336,2.5,1.0,22.22222222222222,50.0,-1.333973813462145,0.17747093983568518,-1.5114447532978303,-1.1860630615989192,0.34985912959540033,-1.5359221911943195,-1.0231654187813266,0.5164293732243099,-1.5395947920056365,0.817,0.5003062106463875,0.947645936360764,-0.4473397257143765,Software,10.070618981975937,Price ratios,10,10
Channel z < -2.0,bottom,13,10,46.15384615384615,4.0,2.5,25.0,50.0,0.71054980234939,0.17747093983568518,0.5330788625137048,-0.4437959408860065,0.34985912959540033,-0.7936550704814068,0.8313925318428388,0.5164293732243099,0.31496315861852886,0.4385,0.6041371744283762,0.947645936360764,-0.3435087619323878,Software,10.070618981975937,Price ratios,10,10
40w stretch z < -1.5,bottom,15,10,33.33333333333333,6.0,1.0,40.0,40.0,-2.0917891558452397,0.17747093983568518,-2.269260095680925,-1.4307738502637313,0.34985912959540033,-1.7806329798591316,-2.596211034494702,0.5164293732243099,-3.112640407719012,0.963,0.8522597533056689,0.947645936360764,-0.09538618305509505,Software,10.070618981975937,Price ratios,10,10
Composite < -1.0,bottom,20,10,45.0,5.0,0.5,30.0,60.0,-0.0908399032853124,0.17747093983568518,-0.26831084312099757,-0.7970178872722029,0.34985912959540033,-1.1468770168676032,-1.0502291930230367,0.5164293732243099,-1.5666585662473467,0.8655,1.4718300021944084,0.947645936360764,0.5241840658336444,Software,10.070618981975937,Price ratios,10,10
Composite < -1.5,bottom,15,10,46.666666666666664,6.0,5.0,28.57142857142857,50.0,-0.7759557898119361,0.17747093983568518,-0.9534267296476213,-1.651724039049014,0.34985912959540033,-2.001583168644414,-3.013522781169661,0.5164293732243099,-3.529952154393971,0.9805,-1.254203217740206,0.947645936360764,-2.20184915410097,Software,10.070618981975937,Price ratios,10,10
13w ROC crosses > 0,bottom,20,10,10.0,7.0,-4.5,83.33333333333334,10.0,1.1601658610607977,0.17747093983568518,0.9826949212251125,2.632477702283843,0.34985912959540033,2.2826185726884427,2.8875851183782726,0.5164293732243099,2.3711557451539624,0.0555,4.621411055437489,0.947645936360764,3.6737651190767253,Software,10.070618981975937,Price ratios,10,10
Ratio crosses > 40w MA,bottom,12,10,8.333333333333332,2.0,-7.0,75.0,10.0,1.3263531410194291,0.17747093983568518,1.1488822011837438,3.4536644250245945,0.34985912959540033,3.1038052954291944,3.8495700251590326,0.5164293732243099,3.3331406519347224,0.0355,4.612329725658703,0.947645936360764,3.6646837892979387,Software,10.070618981975937,Price ratios,10,10
Washed + ROC cross,bottom,5,10,40.0,7.0,-4.0,66.66666666666666,10.0,2.3032610295400735,0.17747093983568518,2.125790089704388,4.139755343457788,0.34985912959540033,3.789896213862387,3.9542647500032198,0.5164293732243099,3.43783537677891,0.1335,3.497433733244156,0.947645936360764,2.549787796883392,Software,10.070618981975937,Price ratios,10,10
wRSI > 70,top,8,10,37.5,2.0,2.0,0.0,30.0,0.444775681374568,-0.8647663362774148,1.309542017651983,-3.4683095751289263,-1.728342076695346,-1.7399674984335805,-2.0830591630771624,-2.9633170934131585,0.8802579303359961,0.5925,-0.9290264094370049,-5.660982148936007,4.731955739499003,Nuclear / Uranium,23.76552163542187,Price ratios,10,9
wRSI > 75,top,3,10,33.33333333333333,2.0,2.0,0.0,10.0,3.0056378556802805,-0.8647663362774148,3.8704041919576953,-6.70141702003301,-1.728342076695346,-4.973074943337664,-7.242804676588354,-2.9633170934131585,-4.279487583175195,0.3165,-10.520301639360996,-5.660982148936007,-4.859319490424989,Nuclear / Uranium,23.76552163542187,Price ratios,10,9
Channel z > +1.5,top,25,10,32.0,5.5,0.0,46.666666666666664,60.0,-1.5677860346206143,-0.8647663362774148,-0.7030196983431994,-1.7471806811724968,-1.728342076695346,-0.01883860447715091,-4.219357015665845,-2.9633170934131585,-1.2560399222526866,0.361,-3.2888272256443236,-5.660982148936007,2.3721549232916836,Nuclear / Uranium,23.76552163542187,Price ratios,10,9
Channel z > +2.0,top,15,10,53.333333333333336,4.0,2.5,20.0,60.0,-1.8393585310697802,-0.8647663362774148,-0.9745921947923654,-3.0792787018028474,-1.728342076695346,-1.3509366251075015,-4.382968616118894,-2.9633170934131585,-1.4196515227057351,0.367,-4.507532381060135,-5.660982148936007,1.1534497678758724,Nuclear / Uranium,23.76552163542187,Price ratios,10,9
40w stretch z > +1.5,top,19,10,42.10526315789473,2.0,1.0,11.11111111111111,60.0,0.712479485301287,-0.8647663362774148,1.577245821578702,-0.6516542838533751,-1.728342076695346,1.076687792841971,-2.077956195303647,-2.9633170934131585,0.8853608981095116,0.609,0.3342205862319716,-5.660982148936007,5.995202735167979,Nuclear / Uranium,23.76552163542187,Price ratios,10,9
Composite > +1.0,top,24,10,45.83333333333333,5.0,3.0,21.428571428571427,70.0,0.8231879608631115,-0.8647663362774148,1.6879542971405264,-0.9813886523886293,-1.728342076695346,0.7469534243067166,-1.8888789396098684,-2.9633170934131585,1.07443815380329,0.632,0.6096789824823048,-5.660982148936007,6.270661131418312,Nuclear / Uranium,23.76552163542187,Price ratios,10,9
Composite > +1.5,top,18,10,44.44444444444444,2.5,2.0,11.11111111111111,60.0,-0.633343490077319,-0.8647663362774148,0.2314228462000958,-3.9330498519044372,-1.728342076695346,-2.2047077752090916,-3.776496012613925,-2.9633170934131585,-0.8131789192007663,0.432,-2.923584216691034,-5.660982148936007,2.7373979322449733,Nuclear / Uranium,23.76552163542187,Price ratios,10,9
Monthly RSI > 70,top,1,10,100.0,12.0,12.0,0.0,10.0,-18.011845561393425,-0.8647663362774148,-17.14707922511601,-18.000507561600188,-1.728342076695346,-16.272165484904843,2.7260554702190465,-2.9633170934131585,5.689372563632205,0.694,-0.11029883305909705,-5.660982148936007,5.55068331587691,Nuclear / Uranium,23.76552163542187,Price ratios,10,9
13w ROC crosses < 0,top,25,10,16.0,4.0,-5.0,69.23076923076923,40.0,0.7382612164819229,-0.8647663362774148,1.6030275527593378,-1.131254808880917,-1.728342076695346,0.597087267814429,-1.8744135133150142,-2.9633170934131585,1.0889035800981444,0.6335,-0.22036198455566502,-5.660982148936007,5.440620164380342,Nuclear / Uranium,23.76552163542187,Price ratios,10,9
Ratio crosses < 40w MA,top,19,10,10.526315789473683,5.0,-4.0,75.0,20.0,3.0634795545431395,-0.8647663362774148,3.928245890820554,1.3436669475099319,-1.728342076695346,3.0720090242052778,4.08428982925862,-2.9633170934131585,7.047606922671779,0.9695,1.0119406460081866,-5.660982148936007,6.672922794944194,Nuclear / Uranium,23.76552163542187,Price ratios,10,9
Extended + ROC cross,top,7,10,28.57142857142857,3.5,-3.0,60.0,20.0,0.5929751530796096,-0.8647663362774148,1.4577414893570244,0.37056518511300496,-1.728342076695346,2.0989072618083506,-0.8088900680580241,-2.9633170934131585,2.1544270253551345,0.652,-2.3444876765011897,-5.660982148936007,3.3164944724348175,Nuclear / Uranium,23.76552163542187,Price ratios,10,9
Extended + MA cross,top,2,10,50.0,2.0,2.0,0.0,10.0,2.0906530934678313,-0.8647663362774148,2.955419429745246,-4.737899540228546,-1.728342076695346,-3.0095574635332003,-8.95371880513679,-2.9633170934131585,-5.9904017117236315,0.3065,-14.217781902231986,-5.660982148936007,-8.556799753295978,Nuclear / Uranium,23.76552163542187,Price ratios,10,9
wRSI < 30,bottom,9,9,44.44444444444444,1.5,1.5,0.0,44.44444444444444,5.757380865580583,-0.8647663362774148,6.622147201857998,6.606820300026077,-1.728342076695346,8.335162376721422,7.490462882727634,-2.9633170934131585,10.453779976140792,0.031,1.0462867961263154,-5.660982148936007,6.707268945062323,Nuclear / Uranium,23.76552163542187,Price ratios,10,9
wRSI < 25,bottom,2,9,50.0,6.0,6.0,0.0,11.11111111111111,1.2262224604285887,-0.8647663362774148,2.0909887967060037,2.1354684705293114,-1.728342076695346,3.8638105472246576,9.12960720844267,-2.9633170934131585,12.092924301855827,0.136,1.1191742891555947,-5.660982148936007,6.780156438091602,Nuclear / Uranium,23.76552163542187,Price ratios,10,9
Channel z < -1.5,bottom,5,9,40.0,7.0,3.0,50.0,22.22222222222222,1.4581633902326447,-0.8647663362774148,2.3229297265100595,5.711195845299968,-1.728342076695346,7.4395379219953135,10.0260465030712,-2.9633170934131585,12.989363596484358,0.0455,26.64186146525992,-5.660982148936007,32.30284361419593,Nuclear / Uranium,23.76552163542187,Price ratios,10,9
Channel z < -2.0,bottom,2,9,100.0,5.5,5.5,0.0,22.22222222222222,0.801677542477458,-0.8647663362774148,1.666443878754873,5.023842868135903,-1.728342076695346,6.7521849448312485,21.054018220976324,-2.9633170934131585,24.017335314389484,0.018,22.09925773370921,-5.660982148936007,27.760239882645216,Nuclear / Uranium,23.76552163542187,Price ratios,10,9
40w stretch z < -1.5,bottom,7,9,28.57142857142857,6.0,5.0,33.33333333333333,22.22222222222222,-0.38653656593414987,-0.8647663362774148,0.47822977034326497,2.3020822004429182,-1.728342076695346,4.030424277138264,9.52077055964052,-2.9633170934131585,12.484087653053678,0.032,10.857407690873229,-5.660982148936007,16.518389839809238,Nuclear / Uranium,23.76552163542187,Price ratios,10,9
Composite < -1.0,bottom,14,9,28.57142857142857,7.0,7.0,20.0,33.33333333333333,-1.562749681260397,-0.8647663362774148,-0.6979833449829821,3.8339063789771846,-1.728342076695346,5.56224845567253,6.245484076193208,-2.9633170934131585,9.208801169606366,0.02,20.098009546076796,-5.660982148936007,25.758991695012803,Nuclear / Uranium,23.76552163542187,Price ratios,10,9
Composite < -1.5,bottom,6,9,50.0,6.0,6.0,0.0,33.33333333333333,2.52262658156782,-0.8647663362774148,3.3873929178452347,2.6107149838482573,-1.728342076695346,4.339057060543603,12.287284702448385,-2.9633170934131585,15.250601795861543,0.0225,11.8338304218119,-5.660982148936007,17.494812570747907,Nuclear / Uranium,23.76552163542187,Price ratios,10,9
13w ROC crosses > 0,bottom,22,9,13.636363636363635,3.0,-3.0,70.0,33.33333333333333,1.7084784756484923,-0.8647663362774148,2.5732448119259073,1.7684110516546105,-1.728342076695346,3.4967531283499564,-0.09197445398774517,-2.9633170934131585,2.8713426394254133,0.1795,0.9481635847920619,-5.660982148936007,6.609145733728069,Nuclear / Uranium,23.76552163542187,Price ratios,10,9
Ratio crosses > 40w MA,bottom,21,9,14.285714285714285,5.0,-4.0,72.72727272727273,33.33333333333333,0.37349513521318384,-0.8647663362774148,1.2382614714905986,0.5276363748746514,-1.728342076695346,2.255978451569997,1.074356398401772,-2.9633170934131585,4.037673491814931,0.118,-1.9977721290800363,-5.660982148936007,3.663210019855971,Nuclear / Uranium,23.76552163542187,Price ratios,10,9
wRSI > 70,top,9,6,33.33333333333333,6.0,6.0,0.0,50.0,-0.33153504882951285,-0.31213652622182864,-0.01939852260768421,-1.2125525056855908,-0.5881382675410792,-0.6244142381445116,1.6251879178592046,-0.9785323858355062,2.6037203036947107,0.724,1.4236703886096285,-1.547120841032058,2.9707912296416863,Metals & Mining,19.16107234752572,Price ratios,6,5
wRSI > 75,top,5,6,40.0,4.0,4.0,0.0,33.33333333333333,0.6871214720867356,-0.31213652622182864,0.9992579983085642,0.7919754522204792,-0.5881382675410792,1.3801137197615585,2.9295113233386028,-0.9785323858355062,3.908043709174109,0.748,-3.08500200497347,-1.547120841032058,-1.5378811639414118,Metals & Mining,19.16107234752572,Price ratios,6,5
Channel z > +1.5,top,23,6,30.434782608695656,6.0,3.0,36.36363636363637,83.33333333333334,-1.475709733992222,-0.31213652622182864,-1.1635732077703933,0.74244351656613,-0.5881382675410792,1.3305817841072092,0.2934604664315746,-0.9785323858355062,1.2719928522670807,0.6735,2.4803770187126464,-1.547120841032058,4.027497859744704,Metals & Mining,19.16107234752572,Price ratios,6,5
Channel z > +2.0,top,12,6,41.66666666666667,2.0,1.5,16.666666666666664,50.0,0.4008891105906435,-0.31213652622182864,0.7130256368124721,0.5955374577075605,-0.5881382675410792,1.1836757252486398,0.7736004865485522,-0.9785323858355062,1.7521328723840583,0.683,-2.872066430039324,-1.547120841032058,-1.324945589007266,Metals & Mining,19.16107234752572,Price ratios,6,5
40w stretch z > +1.5,top,17,6,23.52941176470588,8.5,5.5,33.33333333333333,50.0,0.5018591740878615,-0.31213652622182864,0.8139957003096902,3.993985111821211,-0.5881382675410792,4.58212337936229,6.785550794593393,-0.9785323858355062,7.764083180428899,0.9875,9.788518568602111,-1.547120841032058,11.335639409634169,Metals & Mining,19.16107234752572,Price ratios,6,5
Composite > +1.0,top,23,6,34.78260869565217,5.5,3.0,27.27272727272727,83.33333333333334,1.0684695516465301,-0.31213652622182864,1.3806060778683586,3.9425656987856827,-0.5881382675410792,4.530703966326762,3.7241580364365747,-0.9785323858355062,4.702690422272081,0.951,3.6947935828975527,-1.547120841032058,5.241914423929611,Metals & Mining,19.16107234752572,Price ratios,6,5
Composite > +1.5,top,15,6,33.33333333333333,7.0,6.0,16.666666666666664,50.0,3.3540660807941753,-0.31213652622182864,3.666202607016004,5.4674949215599655,-0.5881382675410792,6.055633189101044,3.8057255582879503,-0.9785323858355062,4.784257944123457,0.913,6.7284548350698135,-1.547120841032058,8.275575676101871,Metals & Mining,19.16107234752572,Price ratios,6,5
Monthly RSI > 70,top,5,6,40.0,2.5,-5.0,60.0,33.33333333333333,-2.5441241418387617,-0.31213652622182864,-2.231987615616933,-4.04836779859752,-0.5881382675410792,-3.460229531056441,-7.139719223239739,-0.9785323858355062,-6.161186837404233,0.1475,-9.625199435451487,-1.547120841032058,-8.078078594419429,Metals & Mining,19.16107234752572,Price ratios,6,5
13w ROC crosses < 0,top,23,6,4.3478260869565215,11.0,-4.5,83.33333333333334,16.666666666666664,-2.3115470555435174,-0.31213652622182864,-1.9994105293216888,-1.6958522527947963,-0.5881382675410792,-1.1077139852537172,-3.263410879523832,-0.9785323858355062,-2.2848784936883257,0.2035,-2.8576876850527158,-1.547120841032058,-1.3105668440206577,Metals & Mining,19.16107234752572,Price ratios,6,5
Ratio crosses < 40w MA,top,14,6,7.142857142857142,12.0,-3.0,75.0,16.666666666666664,1.7969465903502844,-0.31213652622182864,2.109083116572113,1.2896746596502295,-0.5881382675410792,1.8778129271913087,1.9388954764323534,-0.9785323858355062,2.9174278622678598,0.786,8.61956244243838,-1.547120841032058,10.166683283470437,Metals & Mining,19.16107234752572,Price ratios,6,5
Extended + ROC cross,top,5,6,0.0,,-7.0,100.0,0.0,-5.5893211378238465,-0.31213652622182864,-5.277184611602018,-0.565767806669992,-0.5881382675410792,0.022370460871087183,-4.063715257020759,-0.9785323858355062,-3.0851828711852525,0.3085,0.36269869690751255,-1.547120841032058,1.9098195379395706,Metals & Mining,19.16107234752572,Price ratios,6,5
Extended + MA cross,top,1,6,0.0,,,,0.0,1.8308679672643269,-0.31213652622182864,2.1430044934861554,6.764710657265183,-0.5881382675410792,7.352848924806262,-0.40441509339890214,-0.9785323858355062,0.574117292436604,0.566,20.773409471299576,-1.547120841032058,22.320530312331634,Metals & Mining,19.16107234752572,Price ratios,6,5
wRSI < 30,bottom,8,5,37.5,3.0,3.0,0.0,40.0,-4.920963969049306,-0.31213652622182864,-4.608827442827478,-3.1771385050706966,-0.5881382675410792,-2.5890002375296173,-3.89748997479758,-0.9785323858355062,-2.918957588962074,0.7125,-0.8751486220658791,-1.547120841032058,0.671972218966179,Metals & Mining,19.16107234752572,Price ratios,6,5
wRSI < 25,bottom,8,5,37.5,2.0,2.0,0.0,40.0,2.795046372687661,-0.31213652622182864,3.1071828989094894,2.6066700086511885,-0.5881382675410792,3.194808276192268,3.9620301723535354,-0.9785323858355062,4.9405625581890416,0.144,7.3296416843670364,-1.547120841032058,8.876762525399094,Metals & Mining,19.16107234752572,Price ratios,6,5
Channel z < -1.5,bottom,15,5,33.33333333333333,5.0,2.0,37.5,60.0,-3.4878208622388005,-0.31213652622182864,-3.175684336016972,-2.538453408059509,-0.5881382675410792,-1.9503151405184296,-1.9136567268570472,-0.9785323858355062,-0.9351243410215411,0.594,5.971782461307563,-1.547120841032058,7.518903302339621,Metals & Mining,19.16107234752572,Price ratios,6,5
Channel z < -2.0,bottom,7,5,57.14285714285714,2.5,2.5,0.0,60.0,0.49932912385710776,-0.31213652622182864,0.8114656500789363,0.8625829406610892,-0.5881382675410792,1.4507212082021685,4.122352869136795,-0.9785323858355062,5.100885254972301,0.1665,13.194705082359809,-1.547120841032058,14.741825923391866,Metals & Mining,19.16107234752572,Price ratios,6,5
40w stretch z < -1.5,bottom,11,5,36.36363636363637,2.0,2.0,0.0,60.0,3.2641168658167,-0.31213652622182864,3.5762533920385287,2.6094077077705577,-0.5881382675410792,3.197545975311637,5.682868086212585,-0.9785323858355062,6.661400472048091,0.0695,6.643439241533686,-1.547120841032058,8.190560082565744,Metals & Mining,19.16107234752572,Price ratios,6,5
Composite < -1.0,bottom,22,5,22.727272727272727,3.0,2.0,28.57142857142857,60.0,-0.14548399984110058,-0.31213652622182864,0.16665252638072806,-1.7551707841515667,-0.5881382675410792,-1.1670325166104876,0.35554198449535207,-0.9785323858355062,1.3340743703308582,0.3085,1.5629535287571124,-1.547120841032058,3.1100743697891704,Metals & Mining,19.16107234752572,Price ratios,6,5
Composite < -1.5,bottom,11,5,45.45454545454545,5.0,5.0,0.0,60.0,-2.470727728556809,-0.31213652622182864,-2.1585912023349807,-1.3809495173816808,-0.5881382675410792,-0.7928112498406016,-3.1520475067977514,-0.9785323858355062,-2.173515120962245,0.689,-1.3269487207513775,-1.547120841032058,0.22017212028068056,Metals & Mining,19.16107234752572,Price ratios,6,5
13w ROC crosses > 0,bottom,20,5,5.0,13.0,-7.5,83.33333333333334,20.0,0.22059269788020672,-0.31213652622182864,0.5327292241020354,0.4467945606814966,-0.5881382675410792,1.0349328282225758,1.2695402438444048,-0.9785323858355062,2.248072629679911,0.226,3.7683849001037957,-1.547120841032058,5.315505741135854,Metals & Mining,19.16107234752572,Price ratios,6,5
Ratio crosses > 40w MA,bottom,15,5,6.666666666666667,10.0,-6.0,80.0,20.0,-0.4119549406586236,-0.31213652622182864,-0.09981841443679496,2.07656251257893,-0.5881382675410792,2.6647007801200093,3.559524471768024,-0.9785323858355062,4.5380568576035305,0.0975,8.667957522126695,-1.547120841032058,10.215078363158753,Metals & Mining,19.16107234752572,Price ratios,6,5
Washed + ROC cross,bottom,4,5,25.0,13.0,1.5,50.0,20.0,-2.5590460925915632,-0.31213652622182864,-2.2469095663697347,1.0952350329916065,-0.5881382675410792,1.6833733005326859,0.4830514556352892,-0.9785323858355062,1.4615838414707953,0.387,8.371779410258686,-1.547120841032058,9.918900251290744,Metals & Mining,19.16107234752572,Price ratios,6,5
wRSI > 70,top,9,5,11.11111111111111,1.0,1.0,0.0,20.0,2.7771230674331946,-1.0688959275876697,3.8460189950208643,7.6889251038984145,-2.018983340146515,9.707908444044929,12.495408214337171,-3.123583122009886,15.618991336347058,0.9935,10.672196694725136,-5.491278903903179,16.163475598628317,Rare Earth / Crit. Minerals,21.618144888551175,Price ratios,5,4
wRSI > 75,top,5,5,20.0,11.0,11.0,0.0,20.0,5.0766812218684745,-1.0688959275876697,6.145577149456145,7.770191057317271,-2.018983340146515,9.789174397463785,7.601371740680813,-3.123583122009886,10.7249548626907,0.9085,5.023212754205165,-5.491278903903179,10.514491658108344,Rare Earth / Crit. Minerals,21.618144888551175,Price ratios,5,4
Channel z > +1.5,top,27,5,14.814814814814813,6.5,1.0,50.0,60.0,1.5369257869783775,-1.0688959275876697,2.605821714566047,2.5092432595569316,-2.018983340146515,4.528226599703446,3.5619424758157674,-3.123583122009886,6.685525597825654,0.9705,4.02788750793077,-5.491278903903179,9.51916641183395,Rare Earth / Crit. Minerals,21.618144888551175,Price ratios,5,4
Channel z > +2.0,top,20,5,20.0,5.5,3.0,20.0,40.0,0.6246624510822583,-1.0688959275876697,1.693558378669928,1.7399787423315043,-2.018983340146515,3.7589620824780194,-0.9899287517176234,-3.123583122009886,2.1336543702922626,0.7105,1.595098006667877,-5.491278903903179,7.086376910571056,Rare Earth / Crit. Minerals,21.618144888551175,Price ratios,5,4
40w stretch z > +1.5,top,19,5,15.789473684210526,8.0,8.0,0.0,40.0,2.494188322190933,-1.0688959275876697,3.5630842497786026,6.429739060272797,-2.018983340146515,8.448722400419312,8.286447309230466,-3.123583122009886,11.410030431240353,0.996,13.046694605052991,-5.491278903903179,18.53797350895617,Rare Earth / Crit. Minerals,21.618144888551175,Price ratios,5,4
Composite > +1.0,top,26,5,23.076923076923077,6.0,3.0,14.285714285714285,60.0,2.884941101606864,-1.0688959275876697,3.9538370291945335,5.129072202460017,-2.018983340146515,7.1480555426065315,6.935604553644693,-3.123583122009886,10.059187675654579,0.9985,9.352678155964002,-5.491278903903179,14.843957059867181,Rare Earth / Crit. Minerals,21.618144888551175,Price ratios,5,4
Composite > +1.5,top,20,5,20.0,4.5,4.5,0.0,40.0,1.3979507495996164,-1.0688959275876697,2.466846677187286,5.8070341221745325,-2.018983340146515,7.8260174623210474,4.500156408421033,-3.123583122009886,7.623739530430919,0.9675,8.477641540057945,-5.491278903903179,13.968920443961125,Rare Earth / Crit. Minerals,21.618144888551175,Price ratios,5,4
Monthly RSI > 70,top,1,5,0.0,,,,0.0,-0.15944813693956617,-1.0688959275876697,0.9094477906481035,-2.2036341090790224,-2.018983340146515,-0.18465076893250743,-6.417845818023393,-3.123583122009886,-3.2942626960135066,0.433,-7.8771179219640715,-5.491278903903179,-2.385839018060892,Rare Earth / Crit. Minerals,21.618144888551175,Price ratios,5,4
13w ROC crosses < 0,top,24,5,8.333333333333332,3.0,-4.0,71.42857142857143,40.0,-0.30350483075066137,-1.0688959275876697,0.7653910968370083,-0.7578557689422042,-2.018983340146515,1.2611275712043106,0.4341133097854201,-3.123583122009886,3.557696431795306,0.833,5.6281933472965315,-5.491278903903179,11.11947225119971,Rare Earth / Crit. Minerals,21.618144888551175,Price ratios,5,4
Ratio crosses < 40w MA,top,14,5,7.142857142857142,9.0,-5.5,75.0,20.0,-0.3059960078737848,-1.0688959275876697,0.7628999197138849,1.1893247832266456,-2.018983340146515,3.2083081233731603,-0.4839833400626021,-3.123583122009886,2.6395997819472843,0.7475,8.286992288547983,-5.491278903903179,13.778271192451163,Rare Earth / Crit. Minerals,21.618144888551175,Price ratios,5,4
Extended + ROC cross,top,8,5,25.0,3.0,1.0,33.33333333333333,40.0,4.042342262530453,-1.0688959275876697,5.111238190118122,2.615929718678795,-2.018983340146515,4.63491305882531,1.006685151795895,-3.123583122009886,4.130268273805781,0.7705,6.480122337727496,-5.491278903903179,11.971401241630677,Rare Earth / Crit. Minerals,21.618144888551175,Price ratios,5,4
Extended + MA cross,top,3,5,0.0,,,,0.0,0.9184617874218833,-1.0688959275876697,1.9873577150095532,1.7705742467178525,-2.018983340146515,3.789557586864367,3.1448159693081528,-3.123583122009886,6.268399091318039,0.7765,11.978314317239045,-5.491278903903179,17.469593221142226,Rare Earth / Crit. Minerals,21.618144888551175,Price ratios,5,4
wRSI < 30,bottom,13,4,23.076923076923077,7.0,7.0,0.0,50.0,-1.973607030478561,-1.0688959275876697,-0.9047111028908912,-5.506399700410371,-2.018983340146515,-3.4874163602638557,-8.181350820064129,-3.123583122009886,-5.057767698054242,0.8685,-16.763474322561564,-5.491278903903179,-11.272195418658384,Rare Earth / Crit. Minerals,21.618144888551175,Price ratios,5,4
wRSI < 25,bottom,8,4,37.5,4.0,4.0,0.0,50.0,-3.052436340460665,-1.0688959275876697,-1.9835404128729954,-4.602233187923904,-2.018983340146515,-2.583249847777389,-4.98073074745343,-3.123583122009886,-1.857147625443544,0.597,-9.224091221763828,-5.491278903903179,-3.732812317860649,Rare Earth / Crit. Minerals,21.618144888551175,Price ratios,5,4
Channel z < -1.5,bottom,14,4,28.57142857142857,6.5,5.5,33.33333333333333,75.0,-1.629304174806165,-1.0688959275876697,-0.5604082472184952,-5.685185903409746,-2.018983340146515,-3.666202563263231,-8.633288881302665,-3.123583122009886,-5.509705759292778,0.903,-10.904428271668166,-5.491278903903179,-5.413149367764987,Rare Earth / Crit. Minerals,21.618144888551175,Price ratios,5,4
Channel z < -2.0,bottom,8,4,25.0,7.0,7.0,33.33333333333333,50.0,-2.6439962931951735,-1.0688959275876697,-1.5751003656075038,-6.1841922165301195,-2.018983340146515,-4.165208876383605,-8.478046653103442,-3.123583122009886,-5.354463531093556,0.8235,-13.729534152201463,-5.491278903903179,-8.238255248298284,Rare Earth / Crit. Minerals,21.618144888551175,Price ratios,5,4
40w stretch z < -1.5,bottom,9,4,22.22222222222222,9.0,9.0,0.0,25.0,-1.5668018741117948,-1.0688959275876697,-0.4979059465241251,-7.136586710564361,-2.018983340146515,-5.117603370417846,-10.434582609078625,-3.123583122009886,-7.310999487068738,0.9125,-15.750350765231609,-5.491278903903179,-10.25907186132843,Rare Earth / Crit. Minerals,21.618144888551175,Price ratios,5,4
Composite < -1.0,bottom,24,4,16.666666666666664,6.5,4.0,42.857142857142854,75.0,-1.5344038312832737,-1.0688959275876697,-0.465507903695604,-4.282642666286165,-2.018983340146515,-2.26365932613965,-7.095194902052829,-3.123583122009886,-3.971611780042943,0.8845,-10.858360009939394,-5.491278903903179,-5.367081106036215,Rare Earth / Crit. Minerals,21.618144888551175,Price ratios,5,4
Composite < -1.5,bottom,11,4,36.36363636363637,9.0,9.0,0.0,50.0,-2.5025464081159243,-1.0688959275876697,-1.4336504805282546,-6.845820030237894,-2.018983340146515,-4.826836690091379,-9.157831860329061,-3.123583122009886,-6.0342487383191745,0.894,-14.987527974221258,-5.491278903903179,-9.496249070318079,Rare Earth / Crit. Minerals,21.618144888551175,Price ratios,5,4
13w ROC crosses > 0,bottom,25,4,4.0,12.0,-5.0,80.0,25.0,-0.7064866263429704,-1.0688959275876697,0.3624093012446993,-0.9865101123459801,-2.018983340146515,1.0324732278005349,1.3679738656063662,-3.123583122009886,4.491556987616253,0.107,4.847947442307303,-5.491278903903179,10.339226346210483,Rare Earth / Crit. Minerals,21.618144888551175,Price ratios,5,4
Ratio crosses > 40w MA,bottom,13,4,7.6923076923076925,11.0,-6.0,75.0,25.0,2.328741014589474,-1.0688959275876697,3.3976369421771437,2.9653766742836263,-2.018983340146515,4.984360014430141,8.57437883224889,-3.123583122009886,11.697961954258776,0.0115,11.216253607154318,-5.491278903903179,16.707532511057497,Rare Earth / Crit. Minerals,21.618144888551175,Price ratios,5,4
Washed + ROC cross,bottom,3,4,33.33333333333333,10.0,3.5,50.0,25.0,-5.042508761038447,-1.0688959275876697,-3.9736128334507774,-12.961159409958178,-2.018983340146515,-10.942176069811662,-18.13462580851888,-3.123583122009886,-15.011042686508993,0.963,-7.76666993733478,-5.491278903903179,-2.2753910334316005,Rare Earth / Crit. Minerals,21.618144888551175,Price ratios,5,4
wRSI > 70,top,7,10,71.42857142857143,2.0,2.0,0.0,30.0,0.3891111724622723,-0.14093881871887098,0.5300499911811433,-1.9809106532871439,-0.26206571971383313,-1.7188449335733107,-2.9850360481780447,-0.5511520228302119,-2.4338840253478327,0.373,-4.0854254600699855,-1.333390620323666,-2.7520348397463197,Gold Miners,26.842054998452042,Price ratios,10,10
wRSI > 75,top,4,10,50.0,7.5,7.5,0.0,20.0,-7.118057166721512,-0.14093881871887098,-6.977118348002641,-4.441928039301063,-0.26206571971383313,-4.1798623195872295,-0.9285227049050571,-0.5511520228302119,-0.37737068207484514,0.4735,0.792928320534676,-1.333390620323666,2.126318940858342,Gold Miners,26.842054998452042,Price ratios,10,10
Channel z > +1.5,top,19,10,31.57894736842105,4.0,0.5,40.0,50.0,3.0798049576396003,-0.14093881871887098,3.2207437763584714,0.7437986057580085,-0.26206571971383313,1.0058643254718416,3.2116915234226555,-0.5511520228302119,3.7628435462528675,0.82,8.14303800128172,-1.333390620323666,9.476428621605386,Gold Miners,26.842054998452042,Price ratios,10,10
Channel z > +2.0,top,14,10,28.57142857142857,5.5,1.0,42.857142857142854,30.0,5.143015001404743,-0.14093881871887098,5.283953820123614,2.0985229151838523,-0.26206571971383313,2.3605886348976854,6.536363604602171,-0.5511520228302119,7.087515627432382,0.9315,5.038844470037462,-1.333390620323666,6.372235090361128,Gold Miners,26.842054998452042,Price ratios,10,10
40w stretch z > +1.5,top,16,10,43.75,5.0,5.0,22.22222222222222,60.0,6.8830774213928985,-0.14093881871887098,7.024016240111769,2.459756748629906,-0.26206571971383313,2.7218224683437393,7.731549058174422,-0.5511520228302119,8.282701081004634,0.9665,3.906007939364881,-1.333390620323666,5.2393985596885475,Gold Miners,26.842054998452042,Price ratios,10,10
Composite > +1.0,top,25,10,36.0,6.0,4.0,30.76923076923077,60.0,2.859817481549485,-0.14093881871887098,3.000756300268356,1.157224537089095,-0.26206571971383313,1.4192902568029282,1.884585001030339,-0.5511520228302119,2.435737023860551,0.7465,4.904141462072122,-1.333390620323666,6.237532082395788,Gold Miners,26.842054998452042,Price ratios,10,10
Composite > +1.5,top,13,10,38.46153846153847,5.0,5.0,16.666666666666664,40.0,7.916280491979138,-0.14093881871887098,8.05721931069801,4.8230179298610745,-0.26206571971383313,5.085083649574908,11.665941688529095,-0.5511520228302119,12.217093711359308,0.992,7.748542730211747,-1.333390620323666,9.081933350535413,Gold Miners,26.842054998452042,Price ratios,10,10
Monthly RSI > 70,top,4,10,50.0,8.0,4.0,33.33333333333333,10.0,5.021050762461638,-0.14093881871887098,5.161989581180508,1.205560111132904,-0.26206571971383313,1.4676258308467371,0.9942182984133465,-0.5511520228302119,1.5453703212435586,0.586,-5.102710845393404,-1.333390620323666,-3.7693202250697384,Gold Miners,26.842054998452042,Price ratios,10,10
13w ROC crosses < 0,top,29,10,13.793103448275861,10.5,-3.0,69.23076923076923,30.0,1.7581392192711127,-0.14093881871887098,1.8990780379899836,1.6569447449677235,-0.26206571971383313,1.9190104646815567,1.822915204061109,-0.5511520228302119,2.374067226891321,0.7585,4.640214930234937,-1.333390620323666,5.973605550558603,Gold Miners,26.842054998452042,Price ratios,10,10
Ratio crosses < 40w MA,top,14,10,7.142857142857142,11.0,-9.5,83.33333333333334,10.0,2.1906734450321084,-0.14093881871887098,2.3316122637509795,1.9375050171038974,-0.26206571971383313,2.1995707368177304,2.90293881105161,-0.5511520228302119,3.454090833881822,0.7535,13.067197958035186,-1.333390620323666,14.400588578358851,Gold Miners,26.842054998452042,Price ratios,10,10
Extended + ROC cross,top,6,10,16.666666666666664,2.0,-2.5,75.0,10.0,8.739953619924943,-0.14093881871887098,8.880892438643814,11.200669618783955,-0.26206571971383313,11.462735338497788,4.126097022658333,-0.5511520228302119,4.677249045488544,0.765,10.817165541783638,-1.333390620323666,12.150556162107303,Gold Miners,26.842054998452042,Price ratios,10,10
Extended + MA cross,top,1,10,0.0,,,,0.0,46.642633240148456,-0.14093881871887098,46.78357205886733,67.98065129566567,-0.26206571971383313,68.2427170153795,51.19775082736637,-0.5511520228302119,51.74890285019658,0.996,72.86722812736532,-1.333390620323666,74.20061874768899,Gold Miners,26.842054998452042,Price ratios,10,10
wRSI < 30,bottom,5,10,20.0,6.0,2.0,50.0,10.0,-0.7375219484900188,-0.14093881871887098,-0.5965831297711479,-0.004513481355092708,-0.26206571971383313,0.2575522383587404,10.523008269112795,-0.5511520228302119,11.074160291943008,0.102,5.794103932216787,-1.333390620323666,7.127494552540453,Gold Miners,26.842054998452042,Price ratios,10,10
wRSI < 25,bottom,2,10,50.0,4.0,4.0,0.0,10.0,4.524191255781607,-0.14093881871887098,4.665130074500477,8.686178166785908,-0.26206571971383313,8.948243886499741,12.161613824140261,-0.5511520228302119,12.712765846970473,0.165,11.645828873719077,-1.333390620323666,12.979219494042743,Gold Miners,26.842054998452042,Price ratios,10,10
Channel z < -1.5,bottom,5,10,40.0,5.0,1.0,50.0,20.0,0.8627669878005741,-0.14093881871887098,1.003705806519445,6.416608726817413,-0.26206571971383313,6.678674446531246,9.69081205391311,-0.5511520228302119,10.241964076743322,0.099,21.720857463098874,-1.333390620323666,23.05424808342254,Gold Miners,26.842054998452042,Price ratios,10,10
40w stretch z < -1.5,bottom,5,10,40.0,0.5,0.5,0.0,20.0,11.427797495239327,-0.14093881871887098,11.568736313958198,18.659699895203183,-0.26206571971383313,18.921765614917014,6.5478865667376684,-0.5511520228302119,7.09903858956788,0.2065,8.202081393519808,-1.333390620323666,9.535472013843474,Gold Miners,26.842054998452042,Price ratios,10,10
Composite < -1.0,bottom,15,10,40.0,5.0,0.0,33.33333333333333,60.0,4.236062390427914,-0.14093881871887098,4.377001209146785,6.75137232018105,-0.26206571971383313,7.013438039894883,9.41308574832506,-0.5511520228302119,9.964237771155272,0.022,10.728683373699894,-1.333390620323666,12.06207399402356,Gold Miners,26.842054998452042,Price ratios,10,10
Composite < -1.5,bottom,6,10,50.0,0.0,0.0,0.0,30.0,1.3437976846950086,-0.14093881871887098,1.4847365034138795,6.766318989679839,-0.26206571971383313,7.028384709393672,15.303679378795758,-0.5511520228302119,15.85483140162597,0.015,14.302593282770532,-1.333390620323666,15.635983903094198,Gold Miners,26.842054998452042,Price ratios,10,10
13w ROC crosses > 0,bottom,27,10,14.814814814814813,4.5,-6.0,66.66666666666666,40.0,-0.8161224498928539,-0.14093881871887098,-0.675183631173983,0.049023621462374115,-0.26206571971383313,0.31108934117620723,2.3724127808435767,-0.5511520228302119,2.9235648036737887,0.2135,3.307027220482109,-1.333390620323666,4.6404178408057755,Gold Miners,26.842054998452042,Price ratios,10,10
Ratio crosses > 40w MA,bottom,16,10,25.0,8.0,-5.0,55.55555555555556,30.0,1.5335930640819937,-0.14093881871887098,1.6745318828008646,2.6737946977881846,-0.26206571971383313,2.9358604175020178,4.7887805772532,-0.5511520228302119,5.3399326000834115,0.1105,4.793449038578984,-1.333390620323666,6.12683965890265,Gold Miners,26.842054998452042,Price ratios,10,10
Washed + ROC cross,bottom,4,10,25.0,4.0,-3.5,75.0,10.0,4.890133518110565,-0.14093881871887098,5.031072336829435,14.923332651653702,-0.26206571971383313,15.185398371367535,16.97852698490728,-0.5511520228302119,17.529679007737492,0.031,14.327412382843065,-1.333390620323666,15.66080300316673,Gold Miners,26.842054998452042,Price ratios,10,10
wRSI > 70,top,5,12,80.0,3.0,3.0,0.0,33.33333333333333,0.370920454280812,-0.2189695987896102,0.5898900530704222,2.2134023973266475,-0.4433429699496657,2.6567453672763133,1.9580867410572729,-0.7548281511166518,2.7129148921739246,0.7225,5.223264159037713,-1.4729028102435304,6.6961669692812436,Energy,14.760863939750088,Price ratios,12,12
wRSI > 75,top,3,12,66.66666666666666,4.0,4.0,0.0,16.666666666666664,9.76967880620571,-0.2189695987896102,9.988648404995319,1.344762098290638,-0.4433429699496657,1.788105068240304,4.564805344141695,-0.7548281511166518,5.319633495258347,0.8235,12.827699954563727,-1.4729028102435304,14.300602764807257,Energy,14.760863939750088,Price ratios,12,12
Channel z > +1.5,top,12,12,33.33333333333333,5.0,-2.0,57.14285714285714,25.0,3.176269614275086,-0.2189695987896102,3.3952392130646962,1.9893632444849294,-0.4433429699496657,2.432706214434595,5.811193125882681,-0.7548281511166518,6.566021276999333,0.9655,9.21611753262383,-1.4729028102435304,10.68902034286736,Energy,14.760863939750088,Price ratios,12,12
Channel z > +2.0,top,8,12,62.5,5.0,2.0,28.57142857142857,25.0,1.730676148829324,-0.2189695987896102,1.9496457476189342,5.3800267689953065,-0.4433429699496657,5.823369738944972,5.71133296868455,-0.7548281511166518,6.4661611198012015,0.9355,5.852864895541804,-1.4729028102435304,7.325767705785334,Energy,14.760863939750088,Price ratios,12,12
40w stretch z > +1.5,top,15,12,66.66666666666666,6.0,4.0,25.0,50.0,-0.5504774967226828,-0.2189695987896102,-0.33150789793307256,2.4310363665216084,-0.4433429699496657,2.874379336471274,0.2593829135384449,-0.7548281511166518,1.0142110646550968,0.655,0.6895965451584998,-1.4729028102435304,2.16249935540203,Energy,14.760863939750088,Price ratios,12,12
Composite > +1.0,top,18,12,55.55555555555556,4.5,1.0,35.714285714285715,58.333333333333336,1.8051518610577983,-0.2189695987896102,2.0241214598474087,1.8466158041438747,-0.4433429699496657,2.2899587740935403,2.1542719287826992,-0.7548281511166518,2.909100079899351,0.8565,3.839676171412796,-1.4729028102435304,5.312578981656326,Energy,14.760863939750088,Price ratios,12,12
Composite > +1.5,top,10,12,70.0,3.0,2.0,12.5,58.333333333333336,3.456836761196226,-0.2189695987896102,3.6758063599858364,0.829783510655805,-0.4433429699496657,1.2731264806054707,1.3368642338194459,-0.7548281511166518,2.0916923849360978,0.746,3.0946244631690494,-1.4729028102435304,4.56752727341258,Energy,14.760863939750088,Price ratios,12,12
Monthly RSI > 70,top,3,12,66.66666666666666,0.5,0.0,33.33333333333333,16.666666666666664,-7.464966217798093,-0.2189695987896102,-7.245996619008483,-8.008136356234496,-0.4433429699496657,-7.564793386284831,-10.170284019309147,-0.7548281511166518,-9.415455868192495,0.049,-11.59619179723959,-1.4729028102435304,-10.123288986996059,Energy,14.760863939750088,Price ratios,12,12
13w ROC crosses < 0,top,26,12,15.384615384615385,6.5,-5.0,69.23076923076923,33.33333333333333,0.9767905827272667,-0.2189695987896102,1.195760181516877,-1.421749506537066,-0.4433429699496657,-0.9784065365874003,-0.5830342521185375,-0.7548281511166518,0.17179389899811426,0.547,1.3702279912746367,-1.4729028102435304,2.843130801518167,Energy,14.760863939750088,Price ratios,12,12
Ratio crosses < 40w MA,top,14,12,14.285714285714285,9.5,-3.0,77.77777777777779,16.666666666666664,-1.5188987729430796,-0.2189695987896102,-1.2999291741534695,-0.09463691423860407,-0.4433429699496657,0.3487060557110616,1.72116435044757,-0.7548281511166518,2.475992501564222,0.7815,4.280459108307415,-1.4729028102435304,5.7533619185509455,Energy,14.760863939750088,Price ratios,12,12
Extended + ROC cross,top,2,12,50.0,1.0,-2.0,50.0,8.333333333333332,4.123807566302884,-0.2189695987896102,4.342777165092494,0.3240412526945464,-0.4433429699496657,0.7673842226442121,7.807541763855919,-0.7548281511166518,8.562369914972571,0.8705,13.649436917281381,-1.4729028102435304,15.122339727524912,Energy,14.760863939750088,Price ratios,12,12
wRSI < 30,bottom,12,12,41.66666666666667,5.0,5.0,0.0,25.0,1.3110328943382037,-0.2189695987896102,1.5300024931278138,-2.8802774356735017,-0.4433429699496657,-2.436934465723836,2.2333453060507633,-0.7548281511166518,2.9881734571674152,0.172,0.43101194114856806,-1.4729028102435304,1.9039147513920984,Energy,14.760863939750088,Price ratios,12,12
wRSI < 25,bottom,4,12,25.0,7.0,3.0,50.0,8.333333333333332,0.614283648487951,-0.2189695987896102,0.8332532472775612,-3.8899230424253632,-0.4433429699496657,-3.4465800724756974,-4.190078800239524,-0.7548281511166518,-3.4352506491228723,0.73,-14.144918613279696,-1.4729028102435304,-12.672015803036166,Energy,14.760863939750088,Price ratios,12,12
Channel z < -1.5,bottom,23,12,30.434782608695656,7.0,1.0,41.66666666666667,41.66666666666667,1.2561797833821824,-0.2189695987896102,1.4751493821717925,-2.0360864899779627,-0.4433429699496657,-1.5927435200282969,-2.408237715271996,-0.7548281511166518,-1.6534095641553441,0.767,-3.095098455650946,-1.4729028102435304,-1.6221956454074156,Energy,14.760863939750088,Price ratios,12,12
Channel z < -2.0,bottom,11,12,54.54545454545454,4.5,1.0,14.285714285714285,25.0,-0.32255191205293765,-0.2189695987896102,-0.10358231326332745,-3.4612402746922997,-0.4433429699496657,-3.017897304742634,-2.1577818388560743,-0.7548281511166518,-1.4029536877394224,0.6345,-1.6180447531285813,-1.4729028102435304,-0.1451419428850509,Energy,14.760863939750088,Price ratios,12,12
40w stretch z < -1.5,bottom,9,12,33.33333333333333,6.0,4.0,40.0,25.0,-0.1535253262905861,-0.2189695987896102,0.0654442724990241,-2.678529711543491,-0.4433429699496657,-2.235186741593825,-2.7137239339464654,-0.7548281511166518,-1.9588957828298135,0.6855,-4.574139893306057,-1.4729028102435304,-3.101237083062527,Energy,14.760863939750088,Price ratios,12,12
Composite < -1.0,bottom,29,12,27.586206896551722,4.5,1.5,20.0,41.66666666666667,-0.0007111201316556098,-0.2189695987896102,0.21825847865795459,-1.8974570038937077,-0.4433429699496657,-1.454114033944042,-2.7802500366009455,-0.7548281511166518,-2.0254218854842936,0.8325,-5.153600771251878,-1.4729028102435304,-3.680697961008348,Energy,14.760863939750088,Price ratios,12,12
Composite < -1.5,bottom,15,12,40.0,3.5,1.0,14.285714285714285,33.33333333333333,1.6997211918139792,-0.2189695987896102,1.9186907906035895,-2.515467675074315,-0.4433429699496657,-2.072124705124649,-0.7770583643274234,-0.7548281511166518,-0.022230213210771566,0.5045,-4.920129395179503,-1.4729028102435304,-3.4472265849359722,Energy,14.760863939750088,Price ratios,12,12
13w ROC crosses > 0,bottom,28,12,25.0,9.0,-3.5,66.66666666666666,58.333333333333336,-0.349924216695091,-0.2189695987896102,-0.1309546179054808,0.06219656048236111,-0.4433429699496657,0.5055395304320268,0.7734822603384655,-0.7548281511166518,1.5283104114551174,0.2405,0.7406607822515927,-1.4729028102435304,2.213563592495123,Energy,14.760863939750088,Price ratios,12,12
Ratio crosses > 40w MA,bottom,15,12,20.0,11.0,-5.0,70.0,25.0,1.299831049909524,-0.2189695987896102,1.5188006486991341,1.7553937260128052,-0.4433429699496657,2.198736695962471,1.1124754042182607,-0.7548281511166518,1.8673035553349124,0.2405,6.2670223443844275,-1.4729028102435304,7.739925154627958,Energy,14.760863939750088,Price ratios,12,12
Washed + ROC cross,bottom,5,12,60.0,11.0,11.0,0.0,25.0,-4.048396579929863,-0.2189695987896102,-3.8294269811402524,-5.873162810914523,-0.4433429699496657,-5.429819840964857,-8.717422048097236,-0.7548281511166518,-7.962593896980584,0.959,1.965704853390487,-1.4729028102435304,3.4386076636340173,Energy,14.760863939750088,Price ratios,12,12
wRSI > 70,top,5,10,80.0,1.5,1.5,0.0,40.0,2.727888939440626,-0.45765496446533976,3.1855439039059656,-3.559887627252351,-0.9477669708042294,-2.6121206564481216,0.7648372898467397,-1.6050501438899647,2.3698874337367046,0.6465,1.4243143716567386,-3.4109656440721943,4.835280015728933,Oil & Gas E&P,22.11324670795745,Price ratios,10,10
wRSI > 75,top,2,10,100.0,2.0,2.0,0.0,20.0,-9.62016898002246,-0.45765496446533976,-9.16251401555712,-15.134390511001405,-0.9477669708042294,-14.186623540197175,-7.290557842652168,-1.6050501438899647,-5.685507698762203,0.299,1.817819721556846,-3.4109656440721943,5.22878536562904,Oil & Gas E&P,22.11324670795745,Price ratios,10,10
Channel z > +1.5,top,14,10,42.857142857142854,5.0,2.0,45.45454545454545,40.0,1.9567549910227624,-0.45765496446533976,2.414409955488102,2.145639793119372,-0.9477669708042294,3.0934067639236016,1.3598576619605385,-1.6050501438899647,2.964907805850503,0.779,5.1127831313057275,-3.4109656440721943,8.523748775377921,Oil & Gas E&P,22.11324670795745,Price ratios,10,10
Channel z > +2.0,top,9,10,55.55555555555556,5.0,2.0,28.57142857142857,30.0,1.0153591618143456,-0.45765496446533976,1.4730141262796854,3.2325645558668654,-0.9477669708042294,4.180331526671095,6.606680963225718,-1.6050501438899647,8.211731107115682,0.9495,4.031349527213743,-3.4109656440721943,7.442315171285937,Oil & Gas E&P,22.11324670795745,Price ratios,10,10
40w stretch z > +1.5,top,15,10,60.0,6.0,5.0,27.27272727272727,60.0,0.8807513156948141,-0.45765496446533976,1.338406280160154,2.302278460539704,-0.9477669708042294,3.2500454313439335,3.492518924874227,-1.6050501438899647,5.097569068764192,0.8805,2.961628068670931,-3.4109656440721943,6.372593712743125,Oil & Gas E&P,22.11324670795745,Price ratios,10,10
Composite > +1.0,top,19,10,42.10526315789473,6.0,4.0,38.46153846153847,70.0,1.3461070886967088,-0.45765496446533976,1.8037620531620486,-0.5180380576646753,-0.9477669708042294,0.4297289131395542,1.1846581247261956,-1.6050501438899647,2.7897082686161605,0.7865,1.2063659310508026,-3.4109656440721943,4.617331575122996,Oil & Gas E&P,22.11324670795745,Price ratios,10,10
Composite > +1.5,top,10,10,70.0,3.0,2.5,12.5,60.0,1.7087953795115396,-0.45765496446533976,2.166450343976879,-2.543584123216612,-0.9477669708042294,-1.5958171524123825,-1.5689341127466574,-1.6050501438899647,0.0361160311433073,0.5175,-0.8953766524054801,-3.4109656440721943,2.5155889916667142,Oil & Gas E&P,22.11324670795745,Price ratios,10,10
13w ROC crosses < 0,top,29,10,6.896551724137931,7.0,-5.0,80.0,20.0,-1.2337969601294956,-0.45765496446533976,-0.7761419956641558,-1.990134408736725,-0.9477669708042294,-1.0423674379324956,-2.6956768675009317,-1.6050501438899647,-1.090626723610967,0.361,-3.728800922442656,-3.4109656440721943,-0.3178352783704619,Oil & Gas E&P,22.11324670795745,Price ratios,10,10
Ratio crosses < 40w MA,top,15,10,0.0,,-11.0,100.0,0.0,0.42264597921151453,-0.45765496446533976,0.8803009436768543,1.4198278596948166,-0.9477669708042294,2.367594830499046,2.144746141973419,-1.6050501438899647,3.7497962858633835,0.8195,1.6994332936443866,-3.4109656440721943,5.110398937716581,Oil & Gas E&P,22.11324670795745,Price ratios,10,10
Extended + ROC cross,top,5,10,60.0,11.0,-2.5,50.0,30.0,5.240536511621949,-0.45765496446533976,5.698191476087288,3.4477313749647487,-0.9477669708042294,4.395498345768978,10.098505586103085,-1.6050501438899647,11.70355572999305,0.948,-0.3734632211001806,-3.4109656440721943,3.037502422972014,Oil & Gas E&P,22.11324670795745,Price ratios,10,10
wRSI < 30,bottom,14,10,28.57142857142857,4.0,4.0,0.0,20.0,3.15966939135402,-0.45765496446533976,3.6173243558193597,-1.7409781304557572,-0.9477669708042294,-0.7932111596515278,-1.747811321299484,-1.6050501438899647,-0.1427611774095192,0.508,-14.000242275294664,-3.4109656440721943,-10.58927663122247,Oil & Gas E&P,22.11324670795745,Price ratios,10,10
wRSI < 25,bottom,5,10,40.0,7.0,7.0,0.0,20.0,-2.29173789514453,-0.45765496446533976,-1.8340829306791901,-1.0258854358004155,-0.9477669708042294,-0.07811846499618602,2.7849857280433055,-1.6050501438899647,4.39003587193327,0.2435,-14.549132709759679,-3.4109656440721943,-11.138167065687485,Oil & Gas E&P,22.11324670795745,Price ratios,10,10
Channel z < -1.5,bottom,24,10,29.166666666666668,10.0,4.0,22.22222222222222,40.0,-1.9340291578861486,-0.45765496446533976,-1.4763741934208088,-2.953758640311934,-0.9477669708042294,-2.0059916695077042,-4.818597980491792,-1.6050501438899647,-3.2135478366018275,0.852,-10.602244670326852,-3.4109656440721943,-7.191279026254659,Oil & Gas E&P,22.11324670795745,Price ratios,10,10
Channel z < -2.0,bottom,15,10,40.0,6.5,5.0,14.285714285714285,30.0,3.480056365000516,-0.45765496446533976,3.9377113294658557,-3.306098386677178,-0.9477669708042294,-2.3583314158729483,0.045521373764261124,-1.6050501438899647,1.6505715176542257,0.332,-2.068126885074287,-3.4109656440721943,1.3428387589979072,Oil & Gas E&P,22.11324670795745,Price ratios,10,10
40w stretch z < -1.5,bottom,11,10,27.27272727272727,4.0,2.0,25.0,20.0,-0.12563302642315657,-0.45765496446533976,0.33202193804218316,-0.4611633389852312,-0.9477669708042294,0.48660363181899824,-0.7639936102314603,-1.6050501438899647,0.8410565336585044,0.415,-14.607280621880978,-3.4109656440721943,-11.196314977808784,Oil & Gas E&P,22.11324670795745,Price ratios,10,10
Composite < -1.0,bottom,32,10,18.75,7.0,5.0,25.0,50.0,-0.294405273361926,-0.45765496446533976,0.16324969110341375,-3.076129636002978,-0.9477669708042294,-2.1283626651987486,-4.823550414477289,-1.6050501438899647,-3.2185002705873242,0.8795,-8.725162114904556,-3.4109656440721943,-5.314196470832362,Oil & Gas E&P,22.11324670795745,Price ratios,10,10
Composite < -1.5,bottom,19,10,31.57894736842105,5.5,3.0,14.285714285714285,30.0,2.734861294916932,-0.45765496446533976,3.192516259382272,-2.901382674252037,-0.9477669708042294,-1.9536157034478077,1.0296933428891701,-1.6050501438899647,2.6347434867791346,0.23,-7.237226771789032,-3.4109656440721943,-3.826261127716838,Oil & Gas E&P,22.11324670795745,Price ratios,10,10
13w ROC crosses > 0,bottom,27,10,11.11111111111111,12.0,-3.5,83.33333333333334,30.0,-1.6337968492213761,-0.45765496446533976,-1.1761418847560363,-2.450555572004656,-0.9477669708042294,-1.5027886012004266,-4.494828352255296,-1.6050501438899647,-2.8897782083653314,0.8205,-2.6461238024105405,-3.4109656440721943,0.7648418416616538,Oil & Gas E&P,22.11324670795745,Price ratios,10,10
Ratio crosses > 40w MA,bottom,14,10,0.0,,-5.0,100.0,0.0,2.9279236397858566,-0.45765496446533976,3.3855786042511964,7.9863038296704625,-0.9477669708042294,8.934070800474691,2.4980566919090497,-1.6050501438899647,4.103106835799014,0.171,4.586389607472499,-3.4109656440721943,7.997355251544693,Oil & Gas E&P,22.11324670795745,Price ratios,10,10
Washed + ROC cross,bottom,6,10,16.666666666666664,7.0,-1.5,50.0,10.0,-6.963510285231461,-0.45765496446533976,-6.505855320766122,-10.578976167473456,-0.9477669708042294,-9.631209196669227,-11.092180272532266,-1.6050501438899647,-9.4871301286423,0.9455,-13.198149624053345,-3.4109656440721943,-9.787183979981151,Oil & Gas E&P,22.11324670795745,Price ratios,10,10
wRSI > 70,top,4,10,75.0,0.0,0.0,0.0,30.0,-0.52653953327754,-0.770910425392358,0.244370892114818,0.4083549450953319,-1.5166195380084795,1.9249744831038114,5.4486316088139,-2.4954788098856677,7.944110418699568,0.8385,-12.11248884960161,-4.952822452628012,-7.159666396973598,Oil Services,22.837388564714768,Price ratios,10,9
wRSI > 75,top,2,10,100.0,9.5,9.5,0.0,20.0,-2.333999204071391,-0.770910425392358,-1.5630887786790328,2.8086935968313798,-1.5166195380084795,4.32531313483986,7.528632407186686,-2.4954788098856677,10.024111217072354,0.833,-7.728544831647427,-4.952822452628012,-2.775722379019415,Oil Services,22.837388564714768,Price ratios,10,9
Channel z > +1.5,top,14,10,42.857142857142854,4.5,0.0,40.0,50.0,2.22181707741585,-0.770910425392358,2.992727502808208,-2.6515486177523457,-1.5166195380084795,-1.1349290797438663,1.5372351758501177,-2.4954788098856677,4.032713985735786,0.816,0.6185401757760813,-4.952822452628012,5.571362628404093,Oil Services,22.837388564714768,Price ratios,10,9
Channel z > +2.0,top,6,10,83.33333333333334,5.0,5.0,0.0,30.0,2.6239876934367192,-0.770910425392358,3.394898118829077,-0.046411872180917836,-1.5166195380084795,1.4702076658275616,-1.2544416679191084,-2.4954788098856677,1.2410371419665593,0.5975,-7.81922388187555,-4.952822452628012,-2.8664014292475386,Oil Services,22.837388564714768,Price ratios,10,9
40w stretch z > +1.5,top,13,10,61.53846153846154,5.5,3.0,22.22222222222222,50.0,-0.17451636391656608,-0.770910425392358,0.5963940614757919,3.205722042051932,-1.5166195380084795,4.722341580060411,-0.9118874017532307,-2.4954788098856677,1.583591408132437,0.636,-4.407923379890956,-4.952822452628012,0.5448990727370555,Oil Services,22.837388564714768,Price ratios,10,9
Composite > +1.0,top,18,10,55.55555555555556,5.5,5.0,30.76923076923077,60.0,1.9987162165832473,-0.770910425392358,2.7696266419756053,-0.7794325573806192,-1.5166195380084795,0.7371869806278603,0.6118799731209139,-2.4954788098856677,3.107358783006582,0.78,-3.7245099102464794,-4.952822452628012,1.2283125423815324,Oil Services,22.837388564714768,Price ratios,10,9
Composite > +1.5,top,11,10,81.81818181818183,7.0,5.0,11.11111111111111,60.0,-2.5575698989070585,-0.770910425392358,-1.7866594735147006,1.4076924224176455,-1.5166195380084795,2.9243119604261247,-5.7777783531003815,-2.4954788098856677,-3.2822995432147137,0.2655,-12.251341013479875,-4.952822452628012,-7.298518560851863,Oil Services,22.837388564714768,Price ratios,10,9
13w ROC crosses < 0,top,26,10,3.8461538461538463,8.0,-5.5,100.0,10.0,-2.175657952650489,-0.770910425392358,-1.404747527258131,-4.404304789393069,-1.5166195380084795,-2.8876852513845894,-3.877214378222393,-2.4954788098856677,-1.3817355683367252,0.3435,1.426424590375485,-4.952822452628012,6.379247043003497,Oil Services,22.837388564714768,Price ratios,10,9
Ratio crosses < 40w MA,top,14,10,7.142857142857142,9.0,-5.5,83.33333333333334,10.0,1.8768316983333038,-0.770910425392358,2.6477421237256618,2.0317598808541524,-1.5166195380084795,3.548379418862632,5.260387776965262,-2.4954788098856677,7.75586658685093,0.947,4.4005598138852635,-4.952822452628012,9.353382266513275,Oil Services,22.837388564714768,Price ratios,10,9
Extended + ROC cross,top,4,10,25.0,8.0,-4.0,100.0,10.0,1.3973185637534686,-0.770910425392358,2.1682289891458266,2.1975057633759114,-1.5166195380084795,3.714125301384391,-4.066287478772097,-2.4954788098856677,-1.570808668886429,0.435,14.058685749193605,-4.952822452628012,19.011508201821616,Oil Services,22.837388564714768,Price ratios,10,9
Extended + MA cross,top,1,10,0.0,,,,0.0,-13.507962641259152,-0.770910425392358,-12.737052215866793,-12.61575898344539,-1.5166195380084795,-11.099139445436911,13.09648956528986,-2.4954788098856677,15.591968375175528,0.8665,40.311080615372276,-4.952822452628012,45.26390306800029,Oil Services,22.837388564714768,Price ratios,10,9
wRSI < 30,bottom,15,9,20.0,1.0,1.0,0.0,22.22222222222222,-2.77928769986684,-0.770910425392358,-2.008377274474482,-2.5652735828362716,-1.5166195380084795,-1.0486540448277921,-3.319326619914868,-2.4954788098856677,-0.8238478100292004,0.582,-17.592325882280768,-4.952822452628012,-12.639503429652756,Oil Services,22.837388564714768,Price ratios,10,9
wRSI < 25,bottom,9,9,11.11111111111111,6.0,6.0,0.0,11.11111111111111,-1.539451349700638,-0.770910425392358,-0.7685409243082799,-2.8243476796613955,-1.5166195380084795,-1.307728141652916,-1.825166960104083,-2.4954788098856677,0.6703118497815848,0.44,-13.77835663589827,-4.952822452628012,-8.825534183270257,Oil Services,22.837388564714768,Price ratios,10,9
Channel z < -1.5,bottom,24,9,25.0,6.0,3.0,45.45454545454545,44.44444444444444,0.14309129334696088,-0.770910425392358,0.9140017187393189,-2.626746911015445,-1.5166195380084795,-1.1101273730069656,-1.356804481870079,-2.4954788098856677,1.1386743280155887,0.357,-2.8531865349777257,-4.952822452628012,2.099635917650286,Oil Services,22.837388564714768,Price ratios,10,9
Channel z < -2.0,bottom,15,9,33.33333333333333,3.0,2.5,16.666666666666664,44.44444444444444,-2.664315332010512,-0.770910425392358,-1.8934049066181542,1.401525121970445,-1.5166195380084795,2.9181446599789247,-3.1886018714434217,-2.4954788098856677,-0.6931230615577539,0.562,-11.646934350897851,-4.952822452628012,-6.694111898269839,Oil Services,22.837388564714768,Price ratios,10,9
40w stretch z < -1.5,bottom,10,9,10.0,6.0,2.0,50.0,11.11111111111111,-2.4780404783900543,-0.770910425392358,-1.7071300529976963,-2.182598492584559,-1.5166195380084795,-0.6659789545760795,-1.1603408740447851,-2.4954788098856677,1.3351379358408826,0.3975,-15.537351336326992,-4.952822452628012,-10.58452888369898,Oil Services,22.837388564714768,Price ratios,10,9
Composite < -1.0,bottom,33,9,24.242424242424242,7.0,2.5,30.0,44.44444444444444,0.7964145067429297,-0.770910425392358,1.5673249321352878,-3.1457186409895153,-1.5166195380084795,-1.6290991029810358,-2.7805813832760347,-2.4954788098856677,-0.28510257339036693,0.5155,-6.463124937962515,-4.952822452628012,-1.5103024853345035,Oil Services,22.837388564714768,Price ratios,10,9
Composite < -1.5,bottom,20,9,25.0,5.0,4.0,16.666666666666664,44.44444444444444,-1.832145180176807,-0.770910425392358,-1.061234754784449,-0.9618296197385519,-1.5166195380084795,0.5547899182699276,-3.2345485918115555,-2.4954788098856677,-0.7390697819258878,0.567,-9.387971415777546,-4.952822452628012,-4.435148963149534,Oil Services,22.837388564714768,Price ratios,10,9
13w ROC crosses > 0,bottom,26,9,11.538461538461538,5.0,-6.0,72.72727272727273,33.33333333333333,-2.196710049071549,-0.770910425392358,-1.425799623679191,-2.3312859102807484,-1.5166195380084795,-0.8146663722722689,-4.820249927902977,-2.4954788098856677,-2.3247711180173094,0.7725,1.749267578784209,-4.952822452628012,6.7020900314122205,Oil Services,22.837388564714768,Price ratios,10,9
Ratio crosses > 40w MA,bottom,14,9,0.0,,-10.0,100.0,0.0,3.2328544808887876,-0.770910425392358,4.003764906281146,2.641559997505027,-1.5166195380084795,4.158179535513506,9.141562852253644,-2.4954788098856677,11.637041662139312,0.0085,6.244843513160611,-4.952822452628012,11.197665965788623,Oil Services,22.837388564714768,Price ratios,10,9
Washed + ROC cross,bottom,4,9,25.0,5.0,5.0,0.0,11.11111111111111,-2.3860295972599364,-0.770910425392358,-1.6151191718675784,-6.93273779487893,-1.5166195380084795,-5.416118256870451,-13.24829277525346,-2.4954788098856677,-10.752813965367793,0.9205,-10.056186113504538,-4.952822452628012,-5.103363660876526,Oil Services,22.837388564714768,Price ratios,10,9
wRSI > 70,top,10,11,40.0,8.0,8.0,0.0,27.27272727272727,-0.9007976346608458,0.10315830363010223,-1.003955938290948,0.4841137698512344,0.23856891731745253,0.24554485253378186,-1.033904154869757,0.39665426397945797,-1.4305584188492149,0.2215,-0.5733944928580957,0.8358892328801217,-1.4092837257382174,Aerospace & Defense,9.215855159010971,Price ratios,11,10
wRSI > 75,top,5,11,20.0,7.0,7.0,0.0,9.090909090909092,-1.5752429552565328,0.10315830363010223,-1.678401258886635,-0.08893972155422647,0.23856891731745253,-0.327508638871679,-2.0975480997375273,0.39665426397945797,-2.4942023637169854,0.175,-1.2129808532309667,0.8358892328801217,-2.0488700861110885,Aerospace & Defense,9.215855159010971,Price ratios,11,10
Channel z > +1.5,top,14,11,50.0,11.0,3.0,33.33333333333333,36.36363636363637,1.7240687178737062,0.10315830363010223,1.620910414243604,0.6275793962309095,0.23856891731745253,0.38901047891345697,-0.051734845864878753,0.39665426397945797,-0.4483891098443367,0.3825,0.14001509228828238,0.8358892328801217,-0.6958741405918394,Aerospace & Defense,9.215855159010971,Price ratios,11,10
Channel z > +2.0,top,10,11,60.0,5.5,3.0,14.285714285714285,27.27272727272727,-1.6680523776631617,0.10315830363010223,-1.771210681293264,-1.3204890991487919,0.23856891731745253,-1.5590580164662444,-1.4637773386912447,0.39665426397945797,-1.8604316026707026,0.1615,-4.356367344812658,0.8358892328801217,-5.192256577692779,Aerospace & Defense,9.215855159010971,Price ratios,11,10
40w stretch z > +1.5,top,13,11,38.46153846153847,7.0,7.0,0.0,27.27272727272727,-1.8543302243959177,0.10315830363010223,-1.95748852802602,0.22564378230446758,0.23856891731745253,-0.01292513501298495,-1.0360612121106931,0.39665426397945797,-1.432715476090151,0.1805,0.8040942632147183,0.8358892328801217,-0.031794969665403405,Aerospace & Defense,9.215855159010971,Price ratios,11,10
Composite > +1.0,top,20,11,25.0,6.0,4.5,16.666666666666664,27.27272727272727,0.5908851125040316,0.10315830363010223,0.4877268088739294,0.6151235828466939,0.23856891731745253,0.37655466552924133,0.7500571799032935,0.39665426397945797,0.3534029159238355,0.589,1.7102163920834736,0.8358892328801217,0.8743271592033519,Aerospace & Defense,9.215855159010971,Price ratios,11,10
Composite > +1.5,top,14,11,42.857142857142854,5.5,3.0,14.285714285714285,27.27272727272727,-0.5893533814335257,0.10315830363010223,-0.6925116850636279,-0.22890093832198147,0.23856891731745253,-0.467469855639434,-1.2144683269777996,0.39665426397945797,-1.6111225909572575,0.153,-0.5268827658078669,0.8358892328801217,-1.3627719986879887,Aerospace & Defense,9.215855159010971,Price ratios,11,10
Monthly RSI > 70,top,10,11,30.0,4.0,2.5,25.0,18.181818181818183,-1.5050468016369924,0.10315830363010223,-1.6082051052670947,-0.5434211540838761,0.23856891731745253,-0.7819900714013287,-1.0950091148485608,0.39665426397945797,-1.4916633788280187,0.206,-1.982099633305665,0.8358892328801217,-2.817988866185787,Aerospace & Defense,9.215855159010971,Price ratios,11,10
13w ROC crosses < 0,top,29,11,10.344827586206897,7.0,-3.0,81.81818181818183,27.27272727272727,0.02179484042927222,0.10315830363010223,-0.08136346320083,0.3451956966894548,0.23856891731745253,0.1066267793720023,1.4158843777067667,0.39665426397945797,1.0192301137273088,0.7955,1.1291099893372978,0.8358892328801217,0.29322075645717605,Aerospace & Defense,9.215855159010971,Price ratios,11,10
Ratio crosses < 40w MA,top,22,11,18.181818181818183,11.0,-1.5,62.5,27.27272727272727,0.7567321238217154,0.10315830363010223,0.6535738201916131,0.433214845549481,0.23856891731745253,0.19464592823202845,2.383269351364469,0.39665426397945797,1.986615087385011,0.935,0.17244663146748307,0.8358892328801217,-0.6634426014126387,Aerospace & Defense,9.215855159010971,Price ratios,11,10
Extended + ROC cross,top,2,11,0.0,,-4.0,100.0,0.0,2.3516585158677437,0.10315830363010223,2.2485002122376416,0.5421953095459953,0.23856891731745253,0.3036263922285427,5.8192374674787,0.39665426397945797,5.422583203499243,0.921,-0.6988668966783353,0.8358892328801217,-1.534756129558457,Aerospace & Defense,9.215855159010971,Price ratios,11,10
wRSI < 30,bottom,4,10,100.0,2.0,2.0,0.0,40.0,-1.0893164809374214,0.10315830363010223,-1.1924747845675236,-0.951955453409042,0.23856891731745253,-1.1905243707264945,0.22221714077990917,0.39665426397945797,-0.1744371231995488,0.55,-4.791952675430961,0.8358892328801217,-5.627841908311083,Aerospace & Defense,9.215855159010971,Price ratios,11,10
wRSI < 25,bottom,1,10,100.0,1.0,1.0,0.0,20.0,-4.343153533858601,0.10315830363010223,-4.446311837488703,-11.18401478833766,0.23856891731745253,-11.422583705655112,-3.7790841307117184,0.39665426397945797,-4.175738394691177,0.8135,-16.65309909290005,0.8358892328801217,-17.48898832578017,Aerospace & Defense,9.215855159010971,Price ratios,11,10
Channel z < -1.5,bottom,11,10,27.27272727272727,6.0,-2.0,75.0,30.0,-1.459182880592414,0.10315830363010223,-1.5623411842225163,-2.871621938667853,0.23856891731745253,-3.1101908559853055,-6.180510188946383,0.39665426397945797,-6.577164452925841,0.999,-7.741225767169712,0.8358892328801217,-8.577115000049833,Aerospace & Defense,9.215855159010971,Price ratios,11,10
Channel z < -2.0,bottom,6,10,66.66666666666666,5.5,1.0,50.0,30.0,-5.818463529969322,0.10315830363010223,-5.921621833599424,-4.386611205068916,0.23856891731745253,-4.625180122386368,-13.533599066397686,0.39665426397945797,-13.930253330377145,1.0,-11.491288955071946,0.8358892328801217,-12.327178187952068,Aerospace & Defense,9.215855159010971,Price ratios,11,10
40w stretch z < -1.5,bottom,13,10,53.84615384615385,4.0,-0.5,50.0,60.0,-1.9582546260746383,0.10315830363010223,-2.0614129297047405,-0.354162066032184,0.23856891731745253,-0.5927309833496365,-3.5330364369903866,0.39665426397945797,-3.9296907009698447,0.984,-5.206470230200877,0.8358892328801217,-6.042359463080999,Aerospace & Defense,9.215855159010971,Price ratios,11,10
Composite < -1.0,bottom,19,10,36.84210526315789,6.0,0.5,50.0,70.0,-0.1196096634421045,0.10315830363010223,-0.22276796707220672,0.023599856469777396,0.23856891731745253,-0.21496906084767514,-1.5535238825971447,0.39665426397945797,-1.9501781465766026,0.9175,-2.4675853577624975,0.8358892328801217,-3.3034745906426193,Aerospace & Defense,9.215855159010971,Price ratios,11,10
Composite < -1.5,bottom,9,10,66.66666666666666,5.0,0.0,50.0,40.0,-6.555226250615424,0.10315830363010223,-6.658384554245526,-2.5163395286792776,0.23856891731745253,-2.75490844599673,-7.836519724076,0.39665426397945797,-8.233173988055459,0.999,-6.570679214317934,0.8358892328801217,-7.406568447198056,Aerospace & Defense,9.215855159010971,Price ratios,11,10
13w ROC crosses > 0,bottom,30,10,6.666666666666667,12.0,-3.0,77.77777777777779,20.0,-1.1901137586932256,0.10315830363010223,-1.2932720623233278,-1.7399749311483843,0.23856891731745253,-1.9785438484658369,-0.5255667853882808,0.39665426397945797,-0.9222210493677387,0.8105,-0.9469356168069945,0.8358892328801217,-1.7828248496871162,Aerospace & Defense,9.215855159010971,Price ratios,11,10
Ratio crosses > 40w MA,bottom,19,10,5.263157894736842,12.0,-4.0,85.71428571428571,10.0,0.6126178039009536,0.10315830363010223,0.5094595002708513,-0.7977721401918757,0.23856891731745253,-1.0363410575093281,-0.21594699291028702,0.39665426397945797,-0.612601256889745,0.684,-0.18595457873743493,0.8358892328801217,-1.0218438116175568,Aerospace & Defense,9.215855159010971,Price ratios,11,10
Washed + ROC cross,bottom,5,10,20.0,12.0,-5.0,66.66666666666666,10.0,-0.8434347705521205,0.10315830363010223,-0.9465930741822227,-2.4439619629413967,0.23856891731745253,-2.6825308802588492,-1.4790123976024905,0.39665426397945797,-1.8756666615819484,0.774,-5.171081035261467,0.8358892328801217,-6.006970268141588,Aerospace & Defense,9.215855159010971,Price ratios,11,10
wRSI > 70,top,4,6,100.0,1.0,1.0,0.0,50.0,-2.448489253647204,0.09080518441390775,-2.5392944380611118,-2.453012497855428,0.2132737597491755,-2.666286257604604,-7.881278460967037,0.44031490565492415,-8.321593366621961,0.005,-3.6137743850151614,1.0964469337614102,-4.710221318776572,Infrastructure,9.78609663760343,Price ratios,6,5
wRSI > 75,top,1,6,100.0,0.0,0.0,0.0,16.666666666666664,-6.305997542035369,0.09080518441390775,-6.396802726449277,-0.7894721866175569,0.2132737597491755,-1.0027459463667325,-7.535446117324529,0.44031490565492415,-7.975761022979453,0.0815,-6.986388764318974,1.0964469337614102,-8.082835698080384,Infrastructure,9.78609663760343,Price ratios,6,5
Channel z > +1.5,top,6,6,50.0,1.0,1.0,0.0,33.33333333333333,-2.215959243787091,0.09080518441390775,-2.306764428200999,-1.5033499078123125,0.2132737597491755,-1.716623667561488,-1.9637318083085127,0.44031490565492415,-2.404046713963437,0.1435,-0.49955365264400814,1.0964469337614102,-1.5960005864054183,Infrastructure,9.78609663760343,Price ratios,6,5
40w stretch z > +1.5,top,3,6,33.33333333333333,1.0,-3.0,50.0,16.666666666666664,-1.8882420932154382,0.09080518441390775,-1.979047277629346,-4.976975212028467,0.2132737597491755,-5.190248971777643,-6.528055932843916,0.44031490565492415,-6.96837083849884,0.027,-4.494398314098258,1.0964469337614102,-5.590845247859669,Infrastructure,9.78609663760343,Price ratios,6,5
Composite > +1.0,top,10,6,40.0,4.0,4.0,20.0,50.0,-0.06877648849447078,0.09080518441390775,-0.15958167290837855,-1.8575604792492082,0.2132737597491755,-2.070834238998384,-1.3563887123280585,0.44031490565492415,-1.7967036179829825,0.1595,-0.7087963333803768,1.0964469337614102,-1.805243267141787,Infrastructure,9.78609663760343,Price ratios,6,5
Composite > +1.5,top,5,6,60.0,1.0,0.5,25.0,33.33333333333333,-2.4985661421382526,0.09080518441390775,-2.5893713265521603,-2.1659865168292924,0.2132737597491755,-2.379260276578468,-4.633596207657446,0.44031490565492415,-5.07391111331237,0.0235,-2.5853446439197625,1.0964469337614102,-3.6817915776811727,Infrastructure,9.78609663760343,Price ratios,6,5
Monthly RSI > 70,top,1,6,100.0,0.0,0.0,0.0,16.666666666666664,-7.486775807514978,0.09080518441390775,-7.577580991928886,-11.382496105052464,0.2132737597491755,-11.595769864801639,-10.275255116518844,0.44031490565492415,-10.715570022173768,0.038,-3.551199133107763,1.0964469337614102,-4.647646066869173,Infrastructure,9.78609663760343,Price ratios,6,5
13w ROC crosses < 0,top,10,6,10.0,4.0,-4.0,80.0,16.666666666666664,-0.6141372321790683,0.09080518441390775,-0.7049424165929761,-1.1972655699505552,0.2132737597491755,-1.4105393296997306,-0.4115065925089898,0.44031490565492415,-0.851821498163914,0.3245,4.202798310300537,1.0964469337614102,3.1063513765391266,Infrastructure,9.78609663760343,Price ratios,6,5
Ratio crosses < 40w MA,top,11,6,18.181818181818183,8.5,-5.0,60.0,33.33333333333333,0.3185885542217204,0.09080518441390775,0.22778336980781264,0.33187391419820983,0.2132737597491755,0.11860015444903432,3.3652860727386846,0.44031490565492415,2.9249711670837604,0.9575,4.241222409109923,1.0964469337614102,3.144775475348513,Infrastructure,9.78609663760343,Price ratios,6,5
Extended + ROC cross,top,3,6,0.0,,-7.0,100.0,0.0,-1.4784713596371384,0.09080518441390775,-1.569276544051046,-2.722152428840859,0.2132737597491755,-2.935426188590035,-0.6321614936925624,0.44031490565492415,-1.0724763993474866,0.385,1.7242548838137806,1.0964469337614102,0.6278079500523703,Infrastructure,9.78609663760343,Price ratios,6,5
wRSI < 30,bottom,1,5,100.0,0.0,0.0,0.0,20.0,6.411398077693908,0.09080518441390775,6.320592893280001,5.977594830744781,0.2132737597491755,5.764321070995606,8.157410528050235,0.44031490565492415,7.717095622395311,0.0885,4.1594513241547615,1.0964469337614102,3.0630043903933513,Infrastructure,9.78609663760343,Price ratios,6,5
Channel z < -1.5,bottom,7,5,42.857142857142854,3.0,1.0,40.0,40.0,1.749162595217894,0.09080518441390775,1.6583574108039862,2.230792274776341,0.2132737597491755,2.0175185150271653,5.405403938665021,0.44031490565492415,4.965089033010097,0.0185,3.3991712510576697,1.0964469337614102,2.3027243172962595,Infrastructure,9.78609663760343,Price ratios,6,5
Channel z < -2.0,bottom,4,5,75.0,0.0,0.0,0.0,40.0,3.815657896572862,0.09080518441390775,3.7248527121589543,1.9901548234037298,0.2132737597491755,1.7768810636545544,3.907130691012132,0.44031490565492415,3.4668157853572077,0.145,4.909234283257276,1.0964469337614102,3.8127873494958657,Infrastructure,9.78609663760343,Price ratios,6,5
40w stretch z < -1.5,bottom,5,5,60.0,4.0,2.0,25.0,40.0,-1.116022249739892,0.09080518441390775,-1.2068274341537997,1.5508164646201779,0.2132737597491755,1.3375427048710025,2.3191453193236873,0.44031490565492415,1.878830413668763,0.233,3.3806391765122488,1.0964469337614102,2.2841922427508385,Infrastructure,9.78609663760343,Price ratios,6,5
Composite < -1.0,bottom,6,5,50.0,4.0,1.0,40.0,40.0,-0.3664368835261204,0.09080518441390775,-0.4572420679400282,1.5451283911015712,0.2132737597491755,1.3318546313523956,2.698190139709864,0.44031490565492415,2.2578752340549397,0.1935,2.7963489533293306,1.0964469337614102,1.6999020195679204,Infrastructure,9.78609663760343,Price ratios,6,5
Composite < -1.5,bottom,4,5,75.0,3.0,3.0,0.0,40.0,1.6379969079056442,0.09080518441390775,1.5471917234917365,0.7936036022184808,0.2132737597491755,0.5803298424693053,1.4525463758181607,0.44031490565492415,1.0122314701632367,0.3875,4.889960605014099,1.0964469337614102,3.7935136712526885,Infrastructure,9.78609663760343,Price ratios,6,5
13w ROC crosses > 0,bottom,10,5,10.0,4.0,-10.0,80.0,20.0,-0.9700763927267854,0.09080518441390775,-1.0608815771406932,2.080047527551385,0.2132737597491755,1.8667737678022092,1.0987331004043677,0.44031490565492415,0.6584181947494435,0.3565,2.8210370580106368,1.0964469337614102,1.7245901242492265,Infrastructure,9.78609663760343,Price ratios,6,5
Ratio crosses > 40w MA,bottom,11,5,9.090909090909092,5.0,-7.0,75.0,20.0,0.39579442702197115,0.09080518441390775,0.30498924260806337,0.4989108662719999,0.2132737597491755,0.28563710652282437,1.3399582865211983,0.44031490565492415,0.8996433808662742,0.3045,2.673088522334947,1.0964469337614102,1.576641588573537,Infrastructure,9.78609663760343,Price ratios,6,5
Washed + ROC cross,bottom,1,5,0.0,,-10.0,100.0,0.0,4.403735299526068,0.09080518441390775,4.31293011511216,8.961063860501262,0.2132737597491755,8.747790100752088,3.281925456718704,0.44031490565492415,2.8416105510637797,0.316,-1.5480591122865706,1.0964469337614102,-2.644506046047981,Infrastructure,9.78609663760343,Price ratios,6,5
Washed + MA cross,bottom,2,5,50.0,5.0,1.0,50.0,20.0,-3.7988241055922134,0.09080518441390775,-3.889629290006121,-3.412936305546083,0.2132737597491755,-3.6262100652952585,-3.1275639971976803,0.44031490565492415,-3.5678789028526046,0.8375,-0.1664288411390713,1.0964469337614102,-1.2628757749004815,Infrastructure,9.78609663760343,Price ratios,6,5
wRSI > 70,top,7,10,42.857142857142854,2.0,2.0,0.0,30.0,-4.771016326542986,-0.20484863754244956,-4.566167689000537,-4.364349283117121,-0.3959019017488131,-3.9684473813683074,-3.5801108406793563,-0.6071687399615279,-2.9729421007178285,0.1525,-5.1391329308064115,-1.1569294948004785,-3.982203436005933,Utilities,12.013453509537559,Price ratios,10,9
wRSI > 75,top,1,10,0.0,,,,0.0,-4.115573364801706,-0.20484863754244956,-3.910724727259256,-1.2630092619634548,-0.3959019017488131,-0.8671073602146416,0.33333089938540894,-0.6071687399615279,0.9404996393469368,0.5975,-4.981596827732004,-1.1569294948004785,-3.8246673329315257,Utilities,12.013453509537559,Price ratios,10,9
Channel z > +1.5,top,12,10,50.0,2.0,2.0,14.285714285714285,40.0,-3.2404612907608024,-0.20484863754244956,-3.0356126532183527,-4.257962824326106,-0.3959019017488131,-3.862060922577293,-4.329443178172917,-0.6071687399615279,-3.722274438211389,0.032,-6.03719670985141,-1.1569294948004785,-4.880267215050932,Utilities,12.013453509537559,Price ratios,10,9
Channel z > +2.0,top,6,10,66.66666666666666,4.0,4.0,0.0,20.0,-2.538216333219897,-0.20484863754244956,-2.333367695677447,-2.116637805599877,-0.3959019017488131,-1.7207359038510637,-2.3872982381869483,-0.6071687399615279,-1.7801294982254205,0.275,-4.97417732495192,-1.1569294948004785,-3.817247830151441,Utilities,12.013453509537559,Price ratios,10,9
40w stretch z > +1.5,top,11,10,45.45454545454545,4.0,4.0,0.0,40.0,2.103083708725902,-0.20484863754244956,2.3079323462683514,-1.5614298566493252,-0.3959019017488131,-1.165527954900512,-1.4420014216449863,-0.6071687399615279,-0.8348326816834585,0.3535,-1.8942242731646517,-1.1569294948004785,-0.7372947783641732,Utilities,12.013453509537559,Price ratios,10,9
Composite > +1.0,top,18,10,38.88888888888889,5.0,4.5,12.5,50.0,0.08881083405520668,-0.20484863754244956,0.29365947159765626,-1.6240093569520153,-0.3959019017488131,-1.2281074552032023,-2.8068223637986844,-0.6071687399615279,-2.1996536238371567,0.0915,-2.1769671604215723,-1.1569294948004785,-1.0200376656210939,Utilities,12.013453509537559,Price ratios,10,9
Composite > +1.5,top,13,10,46.15384615384615,3.0,2.0,14.285714285714285,50.0,-1.1463508300797238,-0.20484863754244956,-0.9415021925372743,-3.3629104535495666,-0.3959019017488131,-2.9670085518007534,-3.5683932071673423,-0.6071687399615279,-2.9612244672058146,0.0635,-4.809508378245009,-1.1569294948004785,-3.65257888344453,Utilities,12.013453509537559,Price ratios,10,9
13w ROC crosses < 0,top,27,10,7.4074074074074066,6.0,-3.0,75.0,20.0,-0.5728820371517226,-0.20484863754244956,-0.36803339960927306,-0.9640025385009442,-0.3959019017488131,-0.5681006367521311,0.36054423538828667,-0.6071687399615279,0.9677129753498146,0.759,-0.686762307601408,-1.1569294948004785,0.47016718719907047,Utilities,12.013453509537559,Price ratios,10,9
Ratio crosses < 40w MA,top,22,10,0.0,,-5.5,100.0,0.0,-0.2143842359771528,-0.20484863754244956,-0.009535598434703252,0.9074585981705222,-0.3959019017488131,1.3033604999193353,0.9499095357199784,-0.6071687399615279,1.5570782756815063,0.845,1.3486922829635124,-1.1569294948004785,2.5056217777639906,Utilities,12.013453509537559,Price ratios,10,9
Extended + ROC cross,top,5,10,20.0,10.0,-1.0,75.0,10.0,-2.814344536921889,-0.20484863754244956,-2.6094958993794393,-0.6847919338964271,-0.3959019017488131,-0.288890032147614,0.20145115361524413,-0.6071687399615279,0.808619893576772,0.611,-5.100871638041573,-1.1569294948004785,-3.9439421432410944,Utilities,12.013453509537559,Price ratios,10,9
wRSI < 30,bottom,4,9,25.0,0.0,0.0,0.0,11.11111111111111,0.06100629295567861,-0.20484863754244956,0.26585493049812814,2.297650209613675,-0.3959019017488131,2.693552111362488,3.278090812751802,-0.6071687399615279,3.88525955271333,0.1475,0.1558326415961293,-1.1569294948004785,1.3127621363966078,Utilities,12.013453509537559,Price ratios,10,9
wRSI < 25,bottom,1,9,0.0,,,,0.0,-3.541040222730607,-0.20484863754244956,-3.3361915851881574,-3.11836231464101,-0.3959019017488131,-2.7224604128921968,3.796202566755724,-0.6071687399615279,4.403371306717252,0.254,3.6756711151741284,-1.1569294948004785,4.832600609974607,Utilities,12.013453509537559,Price ratios,10,9
Channel z < -1.5,bottom,14,9,42.857142857142854,1.0,1.0,0.0,44.44444444444444,0.8396967133820314,-0.20484863754244956,1.044545350924481,0.805387859175579,-0.3959019017488131,1.201289760924392,1.7835420333246408,-0.6071687399615279,2.3907107732861688,0.11,3.7062695630463702,-1.1569294948004785,4.863199057846849,Utilities,12.013453509537559,Price ratios,10,9
Channel z < -2.0,bottom,5,9,20.0,4.0,4.0,0.0,11.11111111111111,0.047862775456712824,-0.20484863754244956,0.2527114129991624,2.9573455107552893,-0.3959019017488131,3.3532474125041025,1.7322274239992865,-0.6071687399615279,2.3393961639608145,0.221,3.5493356910693263,-1.1569294948004785,4.706265185869805,Utilities,12.013453509537559,Price ratios,10,9
40w stretch z < -1.5,bottom,9,9,33.33333333333333,1.0,1.0,0.0,22.22222222222222,-0.8749181737566645,-0.20484863754244956,-0.670069536214215,2.6346620368339124,-0.3959019017488131,3.0305639385827257,1.0196976205261512,-0.6071687399615279,1.626866360487679,0.2625,-2.465751074589506,-1.1569294948004785,-1.3088215797890277,Utilities,12.013453509537559,Price ratios,10,9
Composite < -1.0,bottom,22,9,31.818181818181817,7.0,3.0,22.22222222222222,55.55555555555556,-0.2886807148840069,-0.20484863754244956,-0.08383207734155732,-0.41771342969801306,-0.3959019017488131,-0.021811527949199938,-0.9292866570921741,-0.6071687399615279,-0.3221179171306462,0.574,-0.24939626969141626,-1.1569294948004785,0.9075332251090622,Utilities,12.013453509537559,Price ratios,10,9
Composite < -1.5,bottom,10,9,30.0,1.0,1.0,0.0,33.33333333333333,-1.0193677300039974,-0.20484863754244956,-0.8145190924615479,1.6715219155090308,-0.3959019017488131,2.067423817257844,0.9189507929987012,-0.6071687399615279,1.526119532960229,0.254,-0.6586783035066064,-1.1569294948004785,0.4982511912938721,Utilities,12.013453509537559,Price ratios,10,9
13w ROC crosses > 0,bottom,27,9,11.11111111111111,9.0,-5.0,66.66666666666666,33.33333333333333,0.36449840468064076,-0.20484863754244956,0.5693470422230903,-0.7355689161761666,-0.3959019017488131,-0.3396670144273535,-2.7152963596026125,-0.6071687399615279,-2.1081276196410847,0.951,-0.7272696380728418,-1.1569294948004785,0.4296598567276366,Utilities,12.013453509537559,Price ratios,10,9
Ratio crosses > 40w MA,bottom,18,9,5.555555555555555,13.0,-5.0,85.71428571428571,11.11111111111111,0.727333710246512,-0.20484863754244956,0.9321823477889616,1.3313553137634697,-0.3959019017488131,1.727257215512283,-0.07071435419022581,-0.6071687399615279,0.536454385771302,0.3715,0.816714393932275,-1.1569294948004785,1.9736438887327534,Utilities,12.013453509537559,Price ratios,10,9
Washed + ROC cross,bottom,4,9,75.0,5.0,5.0,0.0,33.33333333333333,-3.55056386221756,-0.20484863754244956,-3.3457152246751103,-3.9658528315669517,-0.3959019017488131,-3.5699509298181384,-1.2444537954060393,-0.6071687399615279,-0.6372850554445114,0.5545,1.8250005200610344,-1.1569294948004785,2.981930014861513,Utilities,12.013453509537559,Price ratios,10,9
wRSI > 70,top,4,8,75.0,2.0,2.0,0.0,37.5,-2.503995665303724,-0.24243590936119044,-2.2615597559425336,-3.8999071826368388,-0.48958755701446033,-3.4103196256223782,-6.262086574413838,-0.7879382370173578,-5.47414833739648,0.0155,-8.567130389118685,-1.58039112839869,-6.986739260719995,Cons. Staples,8.542212154024277,Price ratios,8,7
wRSI > 75,top,2,8,100.0,2.0,2.0,0.0,25.0,-1.8453190983925782,-0.24243590936119044,-1.6028831890313877,-5.085553730085241,-0.48958755701446033,-4.595966173070781,-7.727957367100096,-0.7879382370173578,-6.940019130082739,0.0255,-7.9429962150966595,-1.58039112839869,-6.36260508669797,Cons. Staples,8.542212154024277,Price ratios,8,7
Channel z > +1.5,top,10,8,40.0,4.5,2.0,33.33333333333333,37.5,1.1975403519175964,-0.24243590936119044,1.439976261278787,-0.3584116503728973,-0.48958755701446033,0.13117590664156303,-1.7155517103237408,-0.7879382370173578,-0.927613473306383,0.313,-2.6808084123216713,-1.58039112839869,-1.1004172839229813,Cons. Staples,8.542212154024277,Price ratios,8,7
Channel z > +2.0,top,8,8,37.5,2.0,0.0,40.0,37.5,-2.5685108819930007,-0.24243590936119044,-2.3260749726318104,-2.998411020195228,-0.48958755701446033,-2.508823463180768,-3.681825292315434,-0.7879382370173578,-2.893887055298076,0.063,-4.943935369800943,-1.58039112839869,-3.3635442414022534,Cons. Staples,8.542212154024277,Price ratios,8,7
40w stretch z > +1.5,top,12,8,41.66666666666667,2.0,2.0,0.0,50.0,0.22264025253163636,-0.24243590936119044,0.4650761618928268,-1.7155256438664257,-0.48958755701446033,-1.2259380868519654,-2.2457904864549594,-0.7879382370173578,-1.4578522494376016,0.184,-3.082626029469651,-1.58039112839869,-1.502234901070961,Cons. Staples,8.542212154024277,Price ratios,8,7
Composite > +1.0,top,18,8,38.88888888888889,2.0,1.5,12.5,62.5,-0.008541999638364169,-0.24243590936119044,0.23389390972282628,-1.401344566574295,-0.48958755701446033,-0.9117570095598346,-2.330139186641765,-0.7879382370173578,-1.5422009496244073,0.1105,-3.287228933759313,-1.58039112839869,-1.7068378053606228,Cons. Staples,8.542212154024277,Price ratios,8,7
Composite > +1.5,top,11,8,36.36363636363637,2.5,2.0,20.0,50.0,-0.8830409922173937,-0.24243590936119044,-0.6406050828562033,-3.4969349240812546,-0.48958755701446033,-3.007347367066794,-2.2631422424496663,-0.7879382370173578,-1.4752040054323086,0.1805,-3.056514480249453,-1.58039112839869,-1.476123351850763,Cons. Staples,8.542212154024277,Price ratios,8,7
13w ROC crosses < 0,top,22,8,9.090909090909092,7.5,-6.5,75.0,25.0,-0.24103371991093306,-0.24243590936119044,0.001402189450257385,-0.9095768375366863,-0.48958755701446033,-0.41998928052222595,-0.8680098491493234,-0.7879382370173578,-0.08007161213196567,0.4725,-2.869312106260547,-1.58039112839869,-1.2889209778618569,Cons. Staples,8.542212154024277,Price ratios,8,7
Ratio crosses < 40w MA,top,13,8,7.6923076923076925,3.0,-4.0,80.0,12.5,0.23194033883488546,-0.24243590936119044,0.47437624819607593,-0.5131168377677362,-0.48958755701446033,-0.023529280753275872,0.02032444496258207,-0.7879382370173578,0.8082626819799399,0.699,-1.163598086630411,-1.58039112839869,0.416793041768279,Cons. Staples,8.542212154024277,Price ratios,8,7
Extended + ROC cross,top,5,8,20.0,12.0,-3.0,66.66666666666666,12.5,-0.4719843735457818,-0.24243590936119044,-0.22954846418459138,-0.5568339837548875,-0.48958755701446033,-0.06724642674042713,0.07903159496450707,-0.7879382370173578,0.8669698319818648,0.6565,-2.6660407994383784,-1.58039112839869,-1.0856496710396883,Cons. Staples,8.542212154024277,Price ratios,8,7
wRSI < 30,bottom,10,7,30.0,4.0,4.0,0.0,42.857142857142854,-0.6362362555310097,-0.24243590936119044,-0.3938003461698193,-0.2356296122373104,-0.48958755701446033,0.25395794477714995,0.8840073778965696,-0.7879382370173578,1.6719456149139273,0.1615,-1.2200498183466828,-1.58039112839869,0.3603413100520072,Cons. Staples,8.542212154024277,Price ratios,8,7
wRSI < 25,bottom,2,7,0.0,,,,0.0,0.653663555549111,-0.24243590936119044,0.8960994649103015,1.9397681607732864,-0.48958755701446033,2.4293557177877467,-0.8121382152123546,-0.7879382370173578,-0.024199978194996863,0.468,-6.395212979629306,-1.58039112839869,-4.814821851230615,Cons. Staples,8.542212154024277,Price ratios,8,7
Channel z < -1.5,bottom,15,7,33.33333333333333,4.0,1.0,44.44444444444444,57.14285714285714,0.7437505798023779,-0.24243590936119044,0.9861864891635683,1.0449665858725066,-0.48958755701446033,1.534554142886967,3.2824943124686494,-0.7879382370173578,4.070432549486007,0.0015,0.8133423260316419,-1.58039112839869,2.3937334544303317,Cons. Staples,8.542212154024277,Price ratios,8,7
Channel z < -2.0,bottom,6,7,50.0,3.0,3.0,0.0,28.57142857142857,0.5434779333609197,-0.24243590936119044,0.7859138427221101,-1.5104828093581713,-0.48958755701446033,-1.020895252343711,-1.1800610379231398,-0.7879382370173578,-0.392122800905782,0.5625,-2.2316059602647154,-1.58039112839869,-0.6512148318660254,Cons. Staples,8.542212154024277,Price ratios,8,7
40w stretch z < -1.5,bottom,11,7,27.27272727272727,6.0,5.0,25.0,28.57142857142857,0.37338405683221154,-0.24243590936119044,0.615819966193402,-1.016411437454188,-0.48958755701446033,-0.5268238804397276,-0.34801928429001533,-0.7879382370173578,0.43991895272734244,0.3915,-1.3828532090209895,-1.58039112839869,0.1975379193777005,Cons. Staples,8.542212154024277,Price ratios,8,7
Composite < -1.0,bottom,31,7,22.58064516129032,7.0,4.0,36.36363636363637,71.42857142857143,-0.4816576288599143,-0.24243590936119044,-0.23922171949872387,-0.14726435797902315,-0.48958755701446033,0.3423231990354372,0.19144562378930505,-0.7879382370173578,0.9793838608066628,0.1635,-1.4343535328778816,-1.58039112839869,0.14603759552080842,Cons. Staples,8.542212154024277,Price ratios,8,7
Composite < -1.5,bottom,15,7,26.666666666666668,4.5,2.0,20.0,42.857142857142854,-0.3272966239706085,-0.24243590936119044,-0.08486071460941805,-0.79900397304631,-0.48958755701446033,-0.30941641603184966,0.7783539281789277,-0.7879382370173578,1.5662921651962853,0.1155,-1.9446690733032723,-1.58039112839869,-0.3642779449045823,Cons. Staples,8.542212154024277,Price ratios,8,7
13w ROC crosses > 0,bottom,22,7,4.545454545454546,12.0,-4.0,83.33333333333334,14.285714285714285,1.3666698117683702,-0.24243590936119044,1.6091057211295607,0.8878792834454694,-0.48958755701446033,1.3774668404599297,-1.1375353256938132,-0.7879382370173578,-0.34959708867645545,0.6155,-1.9765096915608353,-1.58039112839869,-0.39611856316214533,Cons. Staples,8.542212154024277,Price ratios,8,7
Ratio crosses > 40w MA,bottom,13,7,0.0,,-4.0,100.0,0.0,1.0850099724883906,-0.24243590936119044,1.3274458818495811,0.4555273089355498,-0.48958755701446033,0.9451148659500102,-1.290287155950826,-0.7879382370173578,-0.5023489189334682,0.625,-2.6999134082014513,-1.58039112839869,-1.1195222798027613,Cons. Staples,8.542212154024277,Price ratios,8,7
Washed + ROC cross,bottom,4,7,25.0,12.0,2.5,50.0,14.285714285714285,-0.29480380859183697,-0.24243590936119044,-0.052367899230646525,-2.313578450454898,-0.48958755701446033,-1.8239908934404376,-0.944231208637833,-0.7879382370173578,-0.15629297162047529,0.5025,-2.5905120042006318,-1.58039112839869,-1.0101208758019418,Cons. Staples,8.542212154024277,Price ratios,8,7
wRSI > 70,top,4,9,75.0,6.0,6.0,0.0,22.22222222222222,0.13242398379687825,-0.08360992176710186,0.2160339055639801,1.3892677935628872,-0.1644920582704316,1.5537598518333189,-2.006149471683749,-0.26602550116322343,-1.7401239705205258,0.2525,-3.3096431469530225,-0.6023935748342607,-2.7072495721187617,Health Care,8.037010388448353,Price ratios,9,9
wRSI > 75,top,2,9,100.0,6.0,6.0,0.0,22.22222222222222,1.8024143027170814,-0.08360992176710186,1.8860242244841832,3.0396436458455467,-0.1644920582704316,3.2041357041159784,-1.4590872577421088,-0.26602550116322343,-1.1930617565788855,0.3625,-6.998110507684996,-0.6023935748342607,-6.3957169328507355,Health Care,8.037010388448353,Price ratios,9,9
Channel z > +1.5,top,12,9,41.66666666666667,6.0,0.0,28.57142857142857,44.44444444444444,0.8398538792674678,-0.08360992176710186,0.9234638010345697,-1.0248491778872975,-0.1644920582704316,-0.8603571196168659,-0.7779208980815217,-0.26602550116322343,-0.5118953969182982,0.357,-2.7320327690436024,-0.6023935748342607,-2.1296391942093416,Health Care,8.037010388448353,Price ratios,9,9
Channel z > +2.0,top,9,9,44.44444444444444,5.5,5.0,20.0,33.33333333333333,-1.4837948903678981,-0.08360992176710186,-1.4001849686007963,-0.7662568337623712,-0.1644920582704316,-0.6017647754919396,-1.6931760201750046,-0.26602550116322343,-1.4271505190117812,0.1985,-2.398791707011125,-0.6023935748342607,-1.796398132176864,Health Care,8.037010388448353,Price ratios,9,9
40w stretch z > +1.5,top,14,9,28.57142857142857,7.0,0.0,42.857142857142854,44.44444444444444,-0.015665913231612087,-0.08360992176710186,0.06794400853548976,-1.000258671851453,-0.1644920582704316,-0.8357666135810214,-0.9534475551862512,-0.26602550116322343,-0.6874220540230278,0.3085,-2.865262296214743,-0.6023935748342607,-2.262868721380482,Health Care,8.037010388448353,Price ratios,9,9
Composite > +1.0,top,16,9,37.5,6.0,4.0,33.33333333333333,44.44444444444444,0.9086513482736988,-0.08360992176710186,0.9922612700408007,-0.1631165606411767,-0.1644920582704316,0.0013754976292549015,-0.7384142291533531,-0.26602550116322343,-0.47238872799012965,0.3525,-1.8638489091258577,-0.6023935748342607,-1.2614553342915968,Health Care,8.037010388448353,Price ratios,9,9
Composite > +1.5,top,11,9,54.54545454545454,6.0,5.0,14.285714285714285,44.44444444444444,0.5539663255278438,-0.08360992176710186,0.6375762472949456,-0.8127530012759615,-0.1644920582704316,-0.6482609430055299,-0.4639618707402008,-0.26602550116322343,-0.19793636957697736,0.443,-2.560802154834451,-0.6023935748342607,-1.95840858000019,Health Care,8.037010388448353,Price ratios,9,9
Monthly RSI > 70,top,4,9,25.0,7.0,3.0,50.0,11.11111111111111,0.965110265628427,-0.08360992176710186,1.048720187395529,0.5305758030085928,-0.1644920582704316,0.6950678612790243,0.19868194000843564,-0.26602550116322343,0.4647074411716591,0.551,-1.2329475531435041,-0.6023935748342607,-0.6305539783092434,Health Care,8.037010388448353,Price ratios,9,9
13w ROC crosses < 0,top,26,9,11.538461538461538,10.0,-5.0,72.72727272727273,33.33333333333333,-0.4478517032301185,-0.08360992176710186,-0.36424178146301667,-1.2294242390900547,-0.1644920582704316,-1.064932180819623,-1.6783120809326824,-0.26602550116322343,-1.412286579769459,0.0815,-1.400287699697586,-0.6023935748342607,-0.7978941248633252,Health Care,8.037010388448353,Price ratios,9,9
Ratio crosses < 40w MA,top,17,9,11.76470588235294,7.5,-4.0,75.0,22.22222222222222,-1.3718309653249674,-0.08360992176710186,-1.2882210435578656,-1.1951810920145773,-0.1644920582704316,-1.0306890337441457,-0.634136718096002,-0.26602550116322343,-0.3681112169327786,0.405,-2.757538001712971,-0.6023935748342607,-2.15514442687871,Health Care,8.037010388448353,Price ratios,9,9
Extended + ROC cross,top,5,9,40.0,12.5,-3.0,60.0,22.22222222222222,-0.3872167930394066,-0.08360992176710186,-0.30360687127230473,-1.546723935185248,-0.1644920582704316,-1.3822318769148163,-1.9997110392165673,-0.26602550116322343,-1.733685538053344,0.2215,-5.320885780927245,-0.6023935748342607,-4.718492206092985,Health Care,8.037010388448353,Price ratios,9,9
wRSI < 30,bottom,7,9,85.71428571428571,2.0,2.0,0.0,66.66666666666666,1.2001685531645823,-0.08360992176710186,1.283778474931684,2.8535413751022722,-0.1644920582704316,3.018033433372704,0.9855508425319046,-0.26602550116322343,1.251576343695128,0.2605,-2.867749849048112,-0.6023935748342607,-2.2653562742138513,Health Care,8.037010388448353,Price ratios,9,9
wRSI < 25,bottom,3,9,100.0,0.0,0.0,0.0,33.33333333333333,3.4085819568707265,-0.08360992176710186,3.4921918786378283,4.451895926057969,-0.1644920582704316,4.616387984328401,6.5522572166070825,-0.26602550116322343,6.818282717770306,0.009,2.098888235590931,-0.6023935748342607,2.7012818104251917,Health Care,8.037010388448353,Price ratios,9,9
Channel z < -1.5,bottom,29,9,34.48275862068966,5.0,1.5,37.5,77.77777777777779,0.5800910387350982,-0.08360992176710186,0.6637009605022,0.5675203365601407,-0.1644920582704316,0.7320123948305722,0.4428789749034324,-0.26602550116322343,0.7089044760666559,0.2375,-1.2076883665366487,-0.6023935748342607,-0.605294791702388,Health Care,8.037010388448353,Price ratios,9,9
Channel z < -2.0,bottom,17,9,41.17647058823529,6.0,2.0,30.0,44.44444444444444,1.0721903066190768,-0.08360992176710186,1.1558002283861786,0.3586535339661775,-0.1644920582704316,0.5231455922366091,1.3847523182017019,-0.26602550116322343,1.6507778193649254,0.103,-0.8756929559742617,-0.6023935748342607,-0.27329938114000096,Health Care,8.037010388448353,Price ratios,9,9
40w stretch z < -1.5,bottom,15,9,40.0,4.0,1.5,25.0,44.44444444444444,1.0494665597443358,-0.08360992176710186,1.1330764815114376,0.9417926208182966,-0.1644920582704316,1.1062846790887282,0.9572746355692784,-0.26602550116322343,1.2233001367325018,0.1965,-0.937623638499156,-0.6023935748342607,-0.3352300636648953,Health Care,8.037010388448353,Price ratios,9,9
Composite < -1.0,bottom,36,9,30.555555555555557,5.0,1.5,38.88888888888889,88.88888888888889,0.25825361801531144,-0.08360992176710186,0.3418635397824133,-0.047585051880636144,-0.1644920582704316,0.11690700638979545,0.39150165387013947,-0.26602550116322343,0.6575271550333629,0.2445,-1.1562548570053381,-0.6023935748342607,-0.5538612821710774,Health Care,8.037010388448353,Price ratios,9,9
Composite < -1.5,bottom,20,9,45.0,4.0,0.5,25.0,66.66666666666666,0.9098551402016841,-0.08360992176710186,0.9934650619687859,0.7506375371724383,-0.1644920582704316,0.9151295954428699,0.6609108306869864,-0.26602550116322343,0.9269363318502098,0.2005,-0.6381634537417928,-0.6023935748342607,-0.03576987890753214,Health Care,8.037010388448353,Price ratios,9,9
13w ROC crosses > 0,bottom,23,9,4.3478260869565215,10.0,-8.0,88.88888888888889,11.11111111111111,0.25295749759515834,-0.08360992176710186,0.3365674193622602,-0.48747421065705593,-0.1644920582704316,-0.3229821523866243,-1.6980851242314174,-0.26602550116322343,-1.4320596230681941,0.895,-1.919437557825628,-0.6023935748342607,-1.3170439829913674,Health Care,8.037010388448353,Price ratios,9,9
Ratio crosses > 40w MA,bottom,15,9,0.0,,-7.0,100.0,0.0,0.18792229440697475,-0.08360992176710186,0.27153221617407663,-0.08556154987126575,-0.1644920582704316,0.07893050839916584,-0.6816025888733767,-0.26602550116322343,-0.4155770877101532,0.606,-3.1135859356803666,-0.6023935748342607,-2.5111923608461058,Health Care,8.037010388448353,Price ratios,9,9
Washed + ROC cross,bottom,8,9,0.0,,-9.0,100.0,0.0,0.6378005806419507,-0.08360992176710186,0.7214105024090525,1.0524684178150336,-0.1644920582704316,1.2169604760854653,-1.6956098777334243,-0.26602550116322343,-1.429584376570201,0.7825,-3.6539934595805654,-0.6023935748342607,-3.0515998847463046,Health Care,8.037010388448353,Price ratios,9,9
Washed + MA cross,bottom,2,9,0.0,,-7.0,100.0,0.0,0.3919656439187902,-0.08360992176710186,0.47557556568589204,0.7543064272615696,-0.1644920582704316,0.9187984855320012,-1.434482112620783,-0.26602550116322343,-1.1684566114575596,0.644,-10.518873157071285,-0.6023935748342607,-9.916479582237024,Health Care,8.037010388448353,Price ratios,9,9
wRSI > 70,top,18,8,33.33333333333333,3.0,3.0,0.0,50.0,0.6718771626063361,0.44216500771077266,0.22971215489556346,1.0153327709914994,0.8734630370020569,0.14186973398944258,1.6120531038119155,1.469916846166739,0.14213625764517657,0.524,2.4790812968128204,3.1875978749116882,-0.7085165780988678,TSX Technology,14.563132745272933,Price ratios,8,8
wRSI > 75,top,9,8,22.22222222222222,5.5,5.5,0.0,25.0,2.5606997254297905,0.44216500771077266,2.118534717719018,2.1911112733036857,0.8734630370020569,1.3176482363016289,2.025689499962798,1.469916846166739,0.5557726537960592,0.568,3.011753046322316,3.1875978749116882,-0.17584482858937234,TSX Technology,14.563132745272933,Price ratios,8,8
Channel z > +1.5,top,15,8,33.33333333333333,5.0,3.0,16.666666666666664,37.5,-0.1807752983133123,0.44216500771077266,-0.622940306024085,1.6477411319950535,0.8734630370020569,0.7742780949929966,1.9678319768528778,1.469916846166739,0.4979151306861389,0.5845,4.493145228440015,3.1875978749116882,1.3055473535283264,TSX Technology,14.563132745272933,Price ratios,8,8
Channel z > +2.0,top,7,8,28.57142857142857,5.0,5.0,0.0,12.5,0.27620023235789265,0.44216500771077266,-0.16596477535288,4.426336068083727,0.8734630370020569,3.5528730310816705,4.557731723412037,1.469916846166739,3.0878148772452985,0.7965,5.219656706195309,3.1875978749116882,2.0320588312836207,TSX Technology,14.563132745272933,Price ratios,8,8
40w stretch z > +1.5,top,10,8,20.0,8.0,8.0,0.0,12.5,3.848466393573362,0.44216500771077266,3.4063013858625895,2.954281431363969,0.8734630370020569,2.080818394361912,1.8298164346588617,1.469916846166739,0.3598995884921228,0.5385,5.06286720401741,3.1875978749116882,1.8752693291057216,TSX Technology,14.563132745272933,Price ratios,8,8
Composite > +1.0,top,23,8,30.434782608695656,7.0,5.0,22.22222222222222,50.0,2.544298752128482,0.44216500771077266,2.1021337444177095,2.2179785942601793,0.8734630370020569,1.3445155572581224,3.7621237355015937,1.469916846166739,2.292206889334855,0.8605,5.397110078975131,3.1875978749116882,2.2095122040634427,TSX Technology,14.563132745272933,Price ratios,8,8
Composite > +1.5,top,14,8,35.714285714285715,4.0,3.5,16.666666666666664,37.5,2.0752659471655024,0.44216500771077266,1.6331009394547298,0.0016756490128500953,0.8734630370020569,-0.8717873879892067,2.464607240029985,1.469916846166739,0.9946903938632463,0.624,3.133317302121075,3.1875978749116882,-0.054280572790613046,TSX Technology,14.563132745272933,Price ratios,8,8
Monthly RSI > 70,top,26,8,11.538461538461538,6.0,-2.0,57.14285714285714,25.0,2.367189989858034,0.44216500771077266,1.9250249821472614,2.3982157999736717,0.8734630370020569,1.5247527629716149,4.075242269247505,1.469916846166739,2.6053254230807665,0.9215,7.120663029766829,3.1875978749116882,3.933065154855141,TSX Technology,14.563132745272933,Price ratios,8,8
13w ROC crosses < 0,top,23,8,4.3478260869565215,11.0,-3.5,87.5,12.5,0.4469770158627032,0.44216500771077266,0.004812008151930558,0.2773337625819207,0.8734630370020569,-0.5961292744201361,-0.33160323513995704,1.469916846166739,-1.801520081306696,0.2145,3.451088632123954,3.1875978749116882,0.2634907572122658,TSX Technology,14.563132745272933,Price ratios,8,8
Ratio crosses < 40w MA,top,17,8,5.88235294117647,11.0,-7.0,83.33333333333334,12.5,1.5714912509379377,0.44216500771077266,1.1293262432271651,0.9345124177345381,0.8734630370020569,0.06104938073248123,0.9137254391064991,1.469916846166739,-0.5561914070602398,0.4285,-0.7452180320221213,3.1875978749116882,-3.9328159069338096,TSX Technology,14.563132745272933,Price ratios,8,8
Extended + ROC cross,top,4,8,0.0,,-3.5,100.0,0.0,-2.79416521578946,0.44216500771077266,-3.2363302235002327,-1.6152882031229998,0.8734630370020569,-2.4887512401250564,0.42602205156647166,1.469916846166739,-1.0438947946002672,0.3945,7.148294970497426,3.1875978749116882,3.960697095585738,TSX Technology,14.563132745272933,Price ratios,8,8
wRSI < 30,bottom,4,8,50.0,5.5,5.5,0.0,25.0,-4.517068736673354,0.44216500771077266,-4.959233744384127,-7.814379740876909,0.8734630370020569,-8.687842777878966,-8.57819185352757,1.469916846166739,-10.04810869969431,0.9785,-12.130420650331754,3.1875978749116882,-15.318018525243442,TSX Technology,14.563132745272933,Price ratios,8,8
wRSI < 25,bottom,4,8,75.0,5.0,5.0,0.0,25.0,-1.5804758585207357,0.44216500771077266,-2.0226408662315083,-7.192576115357066,0.8734630370020569,-8.066039152359123,-3.886693256102721,1.469916846166739,-5.35661010226946,0.8565,-6.151691185427204,3.1875978749116882,-9.339289060338892,TSX Technology,14.563132745272933,Price ratios,8,8
Channel z < -1.5,bottom,15,8,46.666666666666664,4.0,-0.5,50.0,62.5,-0.446664982609837,0.44216500771077266,-0.8888299903206096,0.3032359450788868,0.8734630370020569,-0.57022709192317,-0.11890052889616763,1.469916846166739,-1.5888173750629064,0.724,1.784110305899984,3.1875978749116882,-1.4034875690117041,TSX Technology,14.563132745272933,Price ratios,8,8
Channel z < -2.0,bottom,9,8,55.55555555555556,7.0,3.0,28.57142857142857,37.5,-1.3118233716246008,0.44216500771077266,-1.7539883793353734,-3.8171299269903156,0.8734630370020569,-4.690592963992373,-2.771665767588863,1.469916846166739,-4.241582613755602,0.895,-0.15982484390769733,3.1875978749116882,-3.3474227188193857,TSX Technology,14.563132745272933,Price ratios,8,8
40w stretch z < -1.5,bottom,12,8,41.66666666666667,7.0,2.0,28.57142857142857,37.5,-1.4304924538144377,0.44216500771077266,-1.8726574615252103,-2.4517933838634267,0.8734630370020569,-3.3252564208654833,-1.9424663242973506,1.469916846166739,-3.4123831704640892,0.8945,-2.208486506406292,3.1875978749116882,-5.39608438131798,TSX Technology,14.563132745272933,Price ratios,8,8
Composite < -1.0,bottom,18,8,50.0,7.0,3.0,33.33333333333333,62.5,-1.7634887262488539,0.44216500771077266,-2.2056537339596267,-2.1351888745716683,0.8734630370020569,-3.0086519115737254,-2.6892583964279266,1.469916846166739,-4.1591752425946655,0.958,-0.7998236779038068,3.1875978749116882,-3.987421552815495,TSX Technology,14.563132745272933,Price ratios,8,8
Composite < -1.5,bottom,9,8,66.66666666666666,5.5,5.0,14.285714285714285,62.5,-3.6550396428254794,0.44216500771077266,-4.097204650536252,-3.6510462887602966,0.8734630370020569,-4.524509325762353,-5.657236322463973,1.469916846166739,-7.127153168630712,0.983,-4.629155330927645,3.1875978749116882,-7.816753205839333,TSX Technology,14.563132745272933,Price ratios,8,8
13w ROC crosses > 0,bottom,27,8,7.4074074074074066,10.0,-6.0,77.77777777777779,25.0,-0.4609338511211715,0.44216500771077266,-0.9030988588319442,0.20131557378243342,0.8734630370020569,-0.6721474632196234,1.6044299386954455,1.469916846166739,0.13451309252870658,0.466,5.295545309183092,3.1875978749116882,2.107947434271404,TSX Technology,14.563132745272933,Price ratios,8,8
Ratio crosses > 40w MA,bottom,18,8,0.0,,-5.5,100.0,0.0,-0.05672032348938741,0.44216500771077266,-0.4988853312001601,0.29457607164284194,0.8734630370020569,-0.5788869653592149,1.2096134705605714,1.469916846166739,-0.26030337560616745,0.544,-0.11169527762957146,3.1875978749116882,-3.2992931525412597,TSX Technology,14.563132745272933,Price ratios,8,8
Washed + ROC cross,bottom,4,8,0.0,,-6.0,100.0,0.0,-1.0804990552536253,0.44216500771077266,-1.522664062964398,-1.7947740017698695,0.8734630370020569,-2.6682370387719265,-0.9300499578190711,1.469916846166739,-2.39996680398581,0.7055,-4.338272309335733,3.1875978749116882,-7.525870184247421,TSX Technology,14.563132745272933,Price ratios,8,8
Washed + MA cross,bottom,2,8,0.0,,-5.0,100.0,0.0,-3.0319480390920694,0.44216500771077266,-3.474113046802842,-7.814934682998687,0.8734630370020569,-8.688397720000744,-8.590596194291555,1.469916846166739,-10.060513040458293,0.9255,-24.07638821909216,3.1875978749116882,-27.263986094003847,TSX Technology,14.563132745272933,Price ratios,8,8
wRSI > 70,top,28,6,21.428571428571427,6.5,6.0,14.285714285714285,66.66666666666666,0.6937568004218589,1.3782172081392716,-0.6844604077174127,2.7305951595709055,2.763398397073794,-0.03280323750288838,4.8834517022368304,4.5703108122880804,0.31314088994875,0.587,10.114807729749241,9.543622185185125,0.5711855445641163,Cdn Growth Basket,13.34057958352621,Price ratios,6,6
wRSI > 75,top,16,6,12.5,3.5,0.0,33.33333333333333,33.33333333333333,0.8549173512125703,1.3782172081392716,-0.5232998569267013,3.859181750101043,2.763398397073794,1.0957833530272492,5.916680295621832,4.5703108122880804,1.3463694833337518,0.7275,13.698500889210269,9.543622185185125,4.154878704025144,Cdn Growth Basket,13.34057958352621,Price ratios,6,6
Channel z > +1.5,top,22,6,4.545454545454546,7.0,-1.0,66.66666666666666,16.666666666666664,0.557703615811043,1.3782172081392716,-0.8205135923282286,3.392862037822637,2.763398397073794,0.6294636407488432,4.868108253232814,4.5703108122880804,0.29779744094473326,0.566,10.38142623181882,9.543622185185125,0.8378040466336945,Cdn Growth Basket,13.34057958352621,Price ratios,6,6
Channel z > +2.0,top,12,6,8.333333333333332,6.0,2.0,50.0,16.666666666666664,1.8902847463630004,1.3782172081392716,0.5120675382237287,3.1618293206614623,2.763398397073794,0.3984309235876684,6.851308995523081,4.5703108122880804,2.280998183235001,0.797,8.24793914671541,9.543622185185125,-1.2956830384697149,Cdn Growth Basket,13.34057958352621,Price ratios,6,6
40w stretch z > +1.5,top,14,6,14.285714285714285,3.5,0.0,33.33333333333333,33.33333333333333,0.8462016183583753,1.3782172081392716,-0.5320155897808964,4.757383975633241,2.763398397073794,1.993985578559447,5.5100697172917155,4.5703108122880804,0.939758905003635,0.647,14.312921112036717,9.543622185185125,4.769298926851592,Cdn Growth Basket,13.34057958352621,Price ratios,6,6
Composite > +1.0,top,37,6,21.62162162162162,6.0,2.0,11.11111111111111,66.66666666666666,1.5505498744747277,1.3782172081392716,0.17233266633545608,2.4395406885890285,2.763398397073794,-0.32385770848476536,4.065664459406102,4.5703108122880804,-0.504646352881978,0.385,9.55577992751053,9.543622185185125,0.012157742325404897,Cdn Growth Basket,13.34057958352621,Price ratios,6,6
Composite > +1.5,top,21,6,9.523809523809524,4.0,1.0,33.33333333333333,33.33333333333333,0.6699740535967121,1.3782172081392716,-0.7082431545425595,3.60119302228716,2.763398397073794,0.8377946252133661,5.561381022249288,4.5703108122880804,0.9910702099612072,0.6875,14.132705992926564,9.543622185185125,4.589083807741439,Cdn Growth Basket,13.34057958352621,Price ratios,6,6
Monthly RSI > 70,top,50,6,12.0,6.5,4.0,45.45454545454545,66.66666666666666,2.3549831136023625,1.3782172081392716,0.9767659054630908,2.980415354904997,2.763398397073794,0.21701695783120334,5.196107655835399,4.5703108122880804,0.6257968435473185,0.69,9.95252836993312,9.543622185185125,0.40890618474799467,Cdn Growth Basket,13.34057958352621,Price ratios,6,6
13w ROC crosses < 0,top,25,6,0.0,,-6.5,100.0,0.0,2.3033325964838207,1.3782172081392716,0.9251153883445491,4.833167782322841,2.763398397073794,2.069769385249047,8.134334863013208,4.5703108122880804,3.564024050725128,0.9695,14.407120819825485,9.543622185185125,4.86349863464036,Cdn Growth Basket,13.34057958352621,Price ratios,6,6
Ratio crosses < 40w MA,top,11,6,0.0,,-7.0,100.0,0.0,0.5577314357901166,1.3782172081392716,-0.820485772349155,1.9876329638622936,2.763398397073794,-0.7757654332115003,5.571853788190433,4.5703108122880804,1.0015429759023524,0.657,15.191127094521573,9.543622185185125,5.6475049093364476,Cdn Growth Basket,13.34057958352621,Price ratios,6,6
Extended + ROC cross,top,2,6,0.0,,-4.0,100.0,0.0,4.6100346516785855,1.3782172081392716,3.231817443539314,2.4764257248634625,2.763398397073794,-0.2869726722103314,4.31842313454217,4.5703108122880804,-0.25188767774591003,0.5115,12.639936314757172,9.543622185185125,3.096314129572047,Cdn Growth Basket,13.34057958352621,Price ratios,6,6
Channel z < -1.5,bottom,8,6,12.5,7.0,-1.0,66.66666666666666,16.666666666666664,0.21481914050827522,1.3782172081392716,-1.1633980676309963,2.5624171526547976,2.763398397073794,-0.20098124441899623,3.4713283709328437,4.5703108122880804,-1.0989824413552367,0.605,11.452051615535696,9.543622185185125,1.908429430350571,Cdn Growth Basket,13.34057958352621,Price ratios,6,6
Channel z < -2.0,bottom,5,6,40.0,6.0,2.0,33.33333333333333,16.666666666666664,4.454879492366996,1.3782172081392716,3.0766622842277247,5.317300836263136,2.763398397073794,2.5539024391893426,7.18502525091426,4.5703108122880804,2.614714438626179,0.2545,18.407822921629805,9.543622185185125,8.86420073644468,Cdn Growth Basket,13.34057958352621,Price ratios,6,6
40w stretch z < -1.5,bottom,8,6,50.0,3.0,1.0,20.0,50.0,3.7249736704066585,1.3782172081392716,2.346756462267387,2.872681923514253,2.763398397073794,0.10928352644045924,8.162423774538437,4.5703108122880804,3.592112962250357,0.122,12.48692948143539,9.543622185185125,2.943307296250264,Cdn Growth Basket,13.34057958352621,Price ratios,6,6
Composite < -1.0,bottom,12,6,33.33333333333333,1.5,0.0,20.0,50.0,3.5027042685785275,1.3782172081392716,2.1244870604392556,4.181228624771683,2.763398397073794,1.4178302276978894,8.85536792460207,4.5703108122880804,4.28505711231399,0.067,17.68622012448606,9.543622185185125,8.142597939300934,Cdn Growth Basket,13.34057958352621,Price ratios,6,6
Composite < -1.5,bottom,3,6,33.33333333333333,7.0,3.0,50.0,16.666666666666664,-3.3109859020843846,1.3782172081392716,-4.689203110223656,-0.931108188889033,2.763398397073794,-3.6945065859628268,-2.562854833455782,4.5703108122880804,-7.133165645743862,0.9155,4.695632537605738,9.543622185185125,-4.847989647579387,Cdn Growth Basket,13.34057958352621,Price ratios,6,6
13w ROC crosses > 0,bottom,24,6,4.166666666666666,11.0,-7.0,80.0,16.666666666666664,1.8858475262136036,1.3782172081392716,0.507630318074332,4.9888110017658915,2.763398397073794,2.2254126046920977,8.291744885152394,4.5703108122880804,3.721434072864313,0.028,15.203227880963537,9.543622185185125,5.659605695778412,Cdn Growth Basket,13.34057958352621,Price ratios,6,6
Ratio crosses > 40w MA,bottom,14,6,7.142857142857142,2.0,-5.0,80.0,16.666666666666664,0.6086269958173227,1.3782172081392716,-0.7695902123219489,4.174120681990699,2.763398397073794,1.410722284916905,7.3708528767880654,4.5703108122880804,2.800542064499985,0.1395,15.09273314775949,9.543622185185125,5.549110962574366,Cdn Growth Basket,13.34057958352621,Price ratios,6,6
Washed + ROC cross,bottom,3,6,0.0,,-7.0,100.0,0.0,0.39209301667979907,1.3782172081392716,-0.9861241914594725,2.5113094978410966,2.763398397073794,-0.2520888992326973,2.5236083453529194,4.5703108122880804,-2.046702466935161,0.6455,11.958299445783341,9.543622185185125,2.414677260598216,Cdn Growth Basket,13.34057958352621,Price ratios,6,6
Washed + MA cross,bottom,4,6,0.0,,-13.0,100.0,0.0,3.551543398116436,1.3782172081392716,2.173326189977164,2.97599636212064,2.763398397073794,0.21259796504684614,6.422546792604019,4.5703108122880804,1.852235980315939,0.3495,20.431114224055474,9.543622185185125,10.887492038870349,Cdn Growth Basket,13.34057958352621,Price ratios,6,6
wRSI > 70,top,5,10,40.0,4.0,4.0,0.0,20.0,4.135158155629488,-0.08105764459649047,4.216215800225978,5.4262152157902825,-0.17756134909681648,5.603776564887099,12.30241818905532,-0.333983040851643,12.636401229906964,0.985,13.267457889234759,-0.6540814485268525,13.921539337761612,TSX Energy,17.199171108639707,Price ratios,10,10
wRSI > 75,top,4,10,75.0,3.0,3.0,0.0,20.0,-2.2200459458383914,-0.08105764459649047,-2.138988301241901,5.240280490201415,-0.17756134909681648,5.417841839298231,3.5430747176108115,-0.333983040851643,3.8770577584624544,0.747,9.93681031450325,-0.6540814485268525,10.590891763030102,TSX Energy,17.199171108639707,Price ratios,10,10
Channel z > +1.5,top,14,10,42.857142857142854,5.5,0.5,50.0,50.0,2.860015837049083,-0.08105764459649047,2.9410734816455735,2.7983188047715886,-0.17756134909681648,2.975880153868405,6.2698968419394365,-0.333983040851643,6.603879882791079,0.977,11.376319959403082,-0.6540814485268525,12.030401407929935,TSX Energy,17.199171108639707,Price ratios,10,10
Channel z > +2.0,top,9,10,55.55555555555556,4.0,3.5,16.666666666666664,30.0,2.0191679631795996,-0.08105764459649047,2.10022560777609,5.085389267300908,-0.17756134909681648,5.262950616397724,7.651305274188711,-0.333983040851643,7.9852883150403535,0.965,18.97512650129566,-0.6540814485268525,19.62920794982251,TSX Energy,17.199171108639707,Price ratios,10,10
40w stretch z > +1.5,top,13,10,46.15384615384615,6.0,6.0,14.285714285714285,50.0,3.3212808527607365,-0.08105764459649047,3.402338497357227,5.088942064861677,-0.17756134909681648,5.266503413958493,6.568636865275151,-0.333983040851643,6.902619906126794,0.975,11.402597069850211,-0.6540814485268525,12.056678518377064,TSX Energy,17.199171108639707,Price ratios,10,10
Composite > +1.0,top,20,10,55.00000000000001,5.0,3.0,26.666666666666668,70.0,1.146530137516429,-0.08105764459649047,1.2275877821129195,1.6660074376978389,-0.17756134909681648,1.8435687867946553,3.420902594400638,-0.333983040851643,3.754885635252281,0.916,9.164746755681378,-0.6540814485268525,9.81882820420823,TSX Energy,17.199171108639707,Price ratios,10,10
Composite > +1.5,top,11,10,54.54545454545454,4.0,4.0,14.285714285714285,50.0,3.086808531290615,-0.08105764459649047,3.1678661758871054,2.2061899936496685,-0.17756134909681648,2.383751342746485,5.819420144178594,-0.333983040851643,6.153403185030237,0.9505,16.59625352245962,-0.6540814485268525,17.250334970986472,TSX Energy,17.199171108639707,Price ratios,10,10
Monthly RSI > 70,top,5,10,80.0,5.5,2.0,20.0,20.0,-4.194876478234948,-0.08105764459649047,-4.113818833638458,-1.01048802798821,-0.17756134909681648,-0.8329266788913936,-4.0436092589721735,-0.333983040851643,-3.7096262181205306,0.25,-2.470726617394214,-0.6540814485268525,-1.8166451688673615,TSX Energy,17.199171108639707,Price ratios,10,10
13w ROC crosses < 0,top,25,10,8.0,13.0,-6.5,90.0,20.0,-0.3972735463244606,-0.08105764459649047,-0.31621590172797015,-1.789656230778121,-0.17756134909681648,-1.6120948816813045,0.5268958405056274,-0.333983040851643,0.8608788813572704,0.658,-0.859740528141181,-0.6540814485268525,-0.2056590796143285,TSX Energy,17.199171108639707,Price ratios,10,10
Ratio crosses < 40w MA,top,18,10,11.11111111111111,9.5,-7.0,81.81818181818183,20.0,0.655854650109285,-0.08105764459649047,0.7369122947057755,0.09504278569517716,-0.17756134909681648,0.27260413479199364,-0.5670893373919191,-0.333983040851643,-0.23310629654027615,0.482,-1.246411260423601,-0.6540814485268525,-0.5923298118967486,TSX Energy,17.199171108639707,Price ratios,10,10
Extended + ROC cross,top,2,10,50.0,13.0,-8.5,100.0,10.0,3.511608245553905,-0.08105764459649047,3.5926658901503954,-0.6951848531052685,-0.17756134909681648,-0.517623504008452,8.05812952974187,-0.333983040851643,8.392112570593513,0.8525,-7.83214921017244,-0.6540814485268525,-7.178067761645587,TSX Energy,17.199171108639707,Price ratios,10,10
Extended + MA cross,top,1,10,0.0,,,,0.0,-6.315180781512398,-0.08105764459649047,-6.234123136915907,2.4896811368097627,-0.17756134909681648,2.6672424859065793,-6.754749770826052,-0.333983040851643,-6.420766729974409,0.274,8.0277271461632,-0.6540814485268525,8.681808594690052,TSX Energy,17.199171108639707,Price ratios,10,10
wRSI < 30,bottom,7,10,14.285714285714285,3.0,3.0,0.0,10.0,-5.724139343504709,-0.08105764459649047,-5.643081698908219,-3.964530072791547,-0.17756134909681648,-3.7869687236947303,-3.7846449213875886,-0.333983040851643,-3.4506618805359457,0.795,-10.377413440382957,-0.6540814485268525,-9.723331991856105,TSX Energy,17.199171108639707,Price ratios,10,10
wRSI < 25,bottom,5,10,20.0,2.0,2.0,0.0,10.0,0.15125375942919073,-0.08105764459649047,0.23231140402568118,1.7333323586778568,-0.17756134909681648,1.9108937077746733,6.106402798644663,-0.333983040851643,6.440385839496306,0.1165,-4.275556068498896,-0.6540814485268525,-3.6214746199720436,TSX Energy,17.199171108639707,Price ratios,10,10
Channel z < -1.5,bottom,26,10,26.923076923076923,7.0,0.0,36.36363636363637,40.0,1.7854156050316732,-0.08105764459649047,1.8664732496281637,-0.3922868564747039,-0.17756134909681648,-0.21472550737788743,1.5816629001891918,-0.333983040851643,1.9156459410408346,0.213,0.18177348785915262,-0.6540814485268525,0.835854936386005,TSX Energy,17.199171108639707,Price ratios,10,10
Channel z < -2.0,bottom,15,10,20.0,4.0,-0.5,50.0,30.0,-1.5569432281797178,-0.08105764459649047,-1.4758855835832272,0.3412559128446597,-0.17756134909681648,0.5188172619414761,2.3607174873527357,-0.333983040851643,2.6947005282043786,0.185,0.6993990963683141,-0.6540814485268525,1.3534805448951666,TSX Energy,17.199171108639707,Price ratios,10,10
40w stretch z < -1.5,bottom,12,10,25.0,3.0,1.5,25.0,20.0,-1.010511327801351,-0.08105764459649047,-0.9294536832048604,0.9548104745483451,-0.17756134909681648,1.1323718236451616,-0.7237063288576753,-0.333983040851643,-0.3897232880060323,0.5335,-3.802950382799272,-0.6540814485268525,-3.1488689342724197,TSX Energy,17.199171108639707,Price ratios,10,10
Composite < -1.0,bottom,30,10,26.666666666666668,4.5,0.0,27.27272727272727,50.0,1.44669469593276,-0.08105764459649047,1.5277523405292506,0.30324830374486234,-0.17756134909681648,0.4808096528416788,1.0149339378965294,-0.333983040851643,1.3489169787481723,0.2805,-1.4406902994629012,-0.6540814485268525,-0.7866088509360487,TSX Energy,17.199171108639707,Price ratios,10,10
Composite < -1.5,bottom,18,10,16.666666666666664,4.0,3.0,40.0,30.0,-1.3015485722394289,-0.08105764459649047,-1.2204909276429383,-1.1998639558985613,-0.17756134909681648,-1.022302606801745,-0.44871076844429364,-0.333983040851643,-0.11472772759265065,0.5115,-5.541257287627137,-0.6540814485268525,-4.887175839100284,TSX Energy,17.199171108639707,Price ratios,10,10
13w ROC crosses > 0,bottom,29,10,20.689655172413794,9.0,-3.0,64.70588235294117,60.0,-0.981427919840091,-0.08105764459649047,-0.9003702752436006,-1.6156146673741245,-0.17756134909681648,-1.438053318277308,-1.1029731352968015,-0.333983040851643,-0.7689900944451585,0.6205,-0.4899658450965584,-0.6540814485268525,0.16411560343029408,TSX Energy,17.199171108639707,Price ratios,10,10
Ratio crosses > 40w MA,bottom,20,10,15.0,10.0,-4.0,72.72727272727273,30.0,-0.3588886181745245,-0.08105764459649047,-0.27783097357803405,1.1456997017967496,-0.17756134909681648,1.323261050893566,-1.898690822877932,-0.333983040851643,-1.564707782026289,0.6945,-0.10285525945592118,-0.6540814485268525,0.5512261890709312,TSX Energy,17.199171108639707,Price ratios,10,10
Washed + ROC cross,bottom,9,10,11.11111111111111,7.0,2.0,50.0,10.0,-3.4990533369111287,-0.08105764459649047,-3.4179956923146384,-4.685435613655861,-0.17756134909681648,-4.507874264559045,-6.897260365811204,-0.333983040851643,-6.563277324959561,0.954,-10.778896155833154,-0.6540814485268525,-10.124814707306301,TSX Energy,17.199171108639707,Price ratios,10,10
Washed + MA cross,bottom,2,10,0.0,,-3.0,100.0,0.0,-3.705345756262501,-0.08105764459649047,-3.6242881116660106,-2.368176833334873,-0.17756134909681648,-2.1906154842380565,-3.0278013855432886,-0.333983040851643,-2.6938183446916457,0.612,-2.599845486286556,-0.6540814485268525,-1.9457640377597036,TSX Energy,17.199171108639707,Price ratios,10,10
wRSI > 70,top,8,11,37.5,3.0,3.0,0.0,27.27272727272727,0.03674086626021689,0.34555350242708865,-0.30881263616687177,2.8404628564437817,0.6623052692937986,2.178157587149983,4.155529006583848,1.0481291628837073,3.1073998437001404,0.794,14.318736085006119,2.1872896269337736,12.131446458072345,Cdn Energy Producers,16.100629706809734,Price ratios,11,11
wRSI > 75,top,4,11,25.0,1.0,1.0,0.0,9.090909090909092,-1.9704555158305905,0.34555350242708865,-2.316009018257679,5.546986400744562,0.6623052692937986,4.884681131450764,5.529963563999172,1.0481291628837073,4.481834401115465,0.8075,13.707066469729988,2.1872896269337736,11.519776842796214,Cdn Energy Producers,16.100629706809734,Price ratios,11,11
Channel z > +1.5,top,14,11,21.428571428571427,6.0,-0.5,50.0,27.27272727272727,3.2041601578652212,0.34555350242708865,2.8586066554381326,6.221185869596371,0.6623052692937986,5.558880600302572,9.37136741935092,1.0481291628837073,8.323238256467212,0.9955,18.51790874359785,2.1872896269337736,16.330619116664078,Cdn Energy Producers,16.100629706809734,Price ratios,11,11
Channel z > +2.0,top,11,11,36.36363636363637,7.0,4.0,20.0,18.181818181818183,7.305749824948908,0.34555350242708865,6.960196322521819,8.936137092997777,0.6623052692937986,8.27383182370398,13.45862772850508,1.0481291628837073,12.410498565621372,1.0,25.589814034304688,2.1872896269337736,23.402524407370915,Cdn Energy Producers,16.100629706809734,Price ratios,11,11
40w stretch z > +1.5,top,14,11,28.57142857142857,2.0,1.5,33.33333333333333,36.36363636363637,-0.257510421932568,0.34555350242708865,-0.6030639243596567,1.8752788887738976,0.6623052692937986,1.212973619480099,3.4068480244639714,1.0481291628837073,2.358718861580264,0.787,12.754970907674629,2.1872896269337736,10.567681280740855,Cdn Energy Producers,16.100629706809734,Price ratios,11,11
Composite > +1.0,top,19,11,42.10526315789473,3.0,3.0,20.0,54.54545454545454,2.435162317229151,0.34555350242708865,2.0896088148020624,3.6394365010617715,0.6623052692937986,2.977131231767973,6.041678122933541,1.0481291628837073,4.993548960049834,0.9715,13.006063795413672,2.1872896269337736,10.818774168479898,Cdn Energy Producers,16.100629706809734,Price ratios,11,11
Composite > +1.5,top,11,11,18.181818181818183,4.0,0.0,50.0,18.181818181818183,-0.6598653125367447,0.34555350242708865,-1.0054188149638335,7.061178902154082,0.6623052692937986,6.398873632860283,8.426944719599952,1.0481291628837073,7.378815556716244,0.9825,22.33735711321318,2.1872896269337736,20.150067486279408,Cdn Energy Producers,16.100629706809734,Price ratios,11,11
Monthly RSI > 70,top,7,11,28.57142857142857,4.5,2.0,33.33333333333333,18.181818181818183,2.2040391312231913,0.34555350242708865,1.8584856287961027,3.9642382183379525,0.6623052692937986,3.301932949044154,6.642319097361893,1.0481291628837073,5.594189934478186,0.9185,4.064651060641058,2.1872896269337736,1.8773614337072844,Cdn Energy Producers,16.100629706809734,Price ratios,11,11
13w ROC crosses < 0,top,26,11,7.6923076923076925,12.0,-6.0,81.81818181818183,18.181818181818183,0.34114667851453734,0.34555350242708865,-0.0044068239125513164,0.3260087863348156,0.6623052692937986,-0.336296482958983,2.0541325183056838,1.0481291628837073,1.0060033554219765,0.688,4.001706384572514,2.1872896269337736,1.8144167576387402,Cdn Energy Producers,16.100629706809734,Price ratios,11,11
Ratio crosses < 40w MA,top,14,11,7.142857142857142,10.0,-8.0,88.88888888888889,9.090909090909092,1.1663101497026973,0.34555350242708865,0.8207566472756087,-1.7151534767780496,0.6623052692937986,-2.377458746071848,0.2598680905333861,1.0481291628837073,-0.7882610723503212,0.42,0.952866294404157,2.1872896269337736,-1.2344233325296166,Cdn Energy Producers,16.100629706809734,Price ratios,11,11
Extended + ROC cross,top,2,11,50.0,13.0,3.5,50.0,9.090909090909092,6.737708225396254,0.34555350242708865,6.392154722969165,16.026584837696824,0.6623052692937986,15.364279568403026,27.60301659200438,1.0481291628837073,26.554887429120672,0.9995,29.49838459744184,2.1872896269337736,27.31109497050807,Cdn Energy Producers,16.100629706809734,Price ratios,11,11
wRSI < 30,bottom,7,11,42.857142857142854,3.0,3.0,0.0,18.181818181818183,-3.607976460638824,0.34555350242708865,-3.9535299630659124,-1.7689248288508739,0.6623052692937986,-2.4312300981446726,-0.995587331560312,1.0481291628837073,-2.0437164944440194,0.6875,-4.448064829082715,2.1872896269337736,-6.635354456016488,Cdn Energy Producers,16.100629706809734,Price ratios,11,11
wRSI < 25,bottom,3,11,66.66666666666666,1.5,1.5,0.0,18.181818181818183,3.714277753082125,0.34555350242708865,3.3687242506550366,6.895533856609685,0.6623052692937986,6.233228587315886,8.372294683897515,1.0481291628837073,7.324165521013807,0.1255,1.8304936879886655,2.1872896269337736,-0.3567959389451081,Cdn Energy Producers,16.100629706809734,Price ratios,11,11
Channel z < -1.5,bottom,27,11,37.03703703703704,5.5,3.5,28.57142857142857,54.54545454545454,-0.30759269235177933,0.34555350242708865,-0.6531461947788679,1.2415371855239623,0.6623052692937986,0.5792319162301637,-0.5944287559802506,1.0481291628837073,-1.6425579188639579,0.7905,-2.1539405147145056,2.1872896269337736,-4.341230141648279,Cdn Energy Producers,16.100629706809734,Price ratios,11,11
Channel z < -2.0,bottom,13,11,38.46153846153847,3.0,2.5,16.666666666666664,36.36363636363637,-1.794447451773614,0.34555350242708865,-2.1400009542007026,0.8149652434788407,0.6623052692937986,0.15265997418504207,-0.6666421286409896,1.0481291628837073,-1.7147712915246969,0.7025,-4.803566691715077,2.1872896269337736,-6.99085631864885,Cdn Energy Producers,16.100629706809734,Price ratios,11,11
40w stretch z < -1.5,bottom,10,11,40.0,7.0,3.0,20.0,27.27272727272727,1.8578761273612507,0.34555350242708865,1.5123226249341621,2.2670961641792364,0.6623052692937986,1.6047908948854377,2.655999342949135,1.0481291628837073,1.6078701800654276,0.317,-4.0098983486203625,2.1872896269337736,-6.197187975554137,Cdn Energy Producers,16.100629706809734,Price ratios,11,11
Composite < -1.0,bottom,34,11,29.411764705882355,3.0,2.0,28.57142857142857,63.63636363636363,0.4128451961645721,0.34555350242708865,0.06729169373748345,1.2998870645144207,0.6623052692937986,0.6375817952206221,0.5182508312905038,1.0481291628837073,-0.5298783315932035,0.63,-0.5910805554587901,2.1872896269337736,-2.778370182392564,Cdn Energy Producers,16.100629706809734,Price ratios,11,11
Composite < -1.5,bottom,18,11,38.88888888888889,3.0,2.5,12.5,45.45454545454545,1.5575015191270234,0.34555350242708865,1.2119480166999348,2.6126608493622117,0.6623052692937986,1.950355580068413,3.890532428307984,1.0481291628837073,2.842403265424277,0.126,-0.9498425166094544,2.1872896269337736,-3.1371321435432282,Cdn Energy Producers,16.100629706809734,Price ratios,11,11
13w ROC crosses > 0,bottom,28,11,17.857142857142858,9.0,-5.0,73.33333333333333,45.45454545454545,-1.2036987831743093,0.34555350242708865,-1.549252285601398,-0.2171361153865568,0.6623052692937986,-0.8794413846803555,-2.1934401178720107,1.0481291628837073,-3.241569280755718,0.9435,0.6374618415472774,2.1872896269337736,-1.5498277853864963,Cdn Energy Producers,16.100629706809734,Price ratios,11,11
Ratio crosses > 40w MA,bottom,17,11,23.52941176470588,10.0,-3.5,70.0,36.36363636363637,-0.03698366150748777,0.34555350242708865,-0.38253716393457643,2.104644243724363,0.6623052692937986,1.4423389744305641,0.397882226881237,1.0481291628837073,-0.6502469360024703,0.5785,1.647325359917327,2.1872896269337736,-0.5399642670164466,Cdn Energy Producers,16.100629706809734,Price ratios,11,11
Washed + ROC cross,bottom,10,11,30.0,9.0,3.5,50.0,27.27272727272727,0.81422265736099,0.34555350242708865,0.4686691549339013,-0.8144363106155896,0.6623052692937986,-1.4767415799093881,-3.8434666963070425,1.0481291628837073,-4.891595859190749,0.938,-3.1103693402081714,2.1872896269337736,-5.297658967141945,Cdn Energy Producers,16.100629706809734,Price ratios,11,11
Washed + MA cross,bottom,2,11,50.0,9.0,9.0,0.0,9.090909090909092,-4.801458847007489,0.34555350242708865,-5.147012349434578,-5.59972846875686,0.6623052692937986,-6.2620337380506585,-7.858858748036335,1.0481291628837073,-8.906987910920042,0.9015,-6.6470848814380865,2.1872896269337736,-8.83437450837186,Cdn Energy Producers,16.100629706809734,Price ratios,11,11
wRSI > 70,top,7,11,71.42857142857143,6.0,6.0,0.0,36.36363636363637,-0.6091548870356933,-0.053086136704490215,-0.5560687503312031,-1.2794296849401097,-0.11401357613541896,-1.1654161088046906,-0.30235787585544127,-0.2943200584707605,-0.00803781738468079,0.5155,-5.350551522353261,-0.5892122637745497,-4.761339258578712,TSX Materials,15.942333869038272,Price ratios,11,11
wRSI > 75,top,3,11,66.66666666666666,2.5,2.5,0.0,18.181818181818183,-6.544837222389578,-0.053086136704490215,-6.491751085685088,-7.853368842734528,-0.11401357613541896,-7.739355266599109,-2.9042869494790775,-0.2943200584707605,-2.609966891008317,0.331,-8.956410344930266,-0.5892122637745497,-8.367198081155715,TSX Materials,15.942333869038272,Price ratios,11,11
Channel z > +1.5,top,17,11,41.17647058823529,6.0,4.0,36.36363636363637,45.45454545454545,3.048982563880064,-0.053086136704490215,3.1020687005845544,1.9805936219408384,-0.11401357613541896,2.0946071980762575,2.294595287768032,-0.2943200584707605,2.5889153462387924,0.8555,1.716108350430528,-0.5892122637745497,2.3053206142050775,TSX Materials,15.942333869038272,Price ratios,11,11
Channel z > +2.0,top,15,11,46.666666666666664,5.0,2.0,45.45454545454545,36.36363636363637,1.5638049992879746,-0.053086136704490215,1.6168911359924647,-0.028661659606465644,-0.11401357613541896,0.08535191652895331,-0.45112333060337806,-0.2943200584707605,-0.15680327213261758,0.4625,-0.1682926580546302,-0.5892122637745497,0.4209196057199195,TSX Materials,15.942333869038272,Price ratios,11,11
40w stretch z > +1.5,top,18,11,50.0,5.0,1.0,33.33333333333333,63.63636363636363,2.120248682618897,-0.053086136704490215,2.1733348193233875,1.5937175841820828,-0.11401357613541896,1.7077311603175018,1.0718125562774259,-0.2943200584707605,1.3661326147481865,0.714,-0.28077194579281667,-0.5892122637745497,0.30844031798173305,TSX Materials,15.942333869038272,Price ratios,11,11
Composite > +1.0,top,23,11,47.82608695652174,5.0,0.0,33.33333333333333,72.72727272727273,-0.5303492424370042,-0.053086136704490215,-0.477263105732514,0.5836895601843988,-0.11401357613541896,0.6977031363198177,-0.6015256676843717,-0.2943200584707605,-0.3072056092136112,0.445,-1.2681773426867928,-0.5892122637745497,-0.6789650789122431,TSX Materials,15.942333869038272,Price ratios,11,11
Composite > +1.5,top,15,11,60.0,5.0,2.0,27.27272727272727,54.54545454545454,2.5448148511931548,-0.053086136704490215,2.597900987897645,4.033543774374331,-0.11401357613541896,4.14755735050975,2.5578006994900764,-0.2943200584707605,2.852120757960837,0.8645,-0.5185300465352124,-0.5892122637745497,0.07068221723933732,TSX Materials,15.942333869038272,Price ratios,11,11
Monthly RSI > 70,top,4,11,75.0,2.0,2.0,0.0,18.181818181818183,-4.448935826176015,-0.053086136704490215,-4.395849689471525,1.7317607389100238,-0.11401357613541896,1.8457743150454426,0.25918796784926723,-0.2943200584707605,0.5535080263200277,0.589,-1.9346938826232032,-0.5892122637745497,-1.3454816188486536,TSX Materials,15.942333869038272,Price ratios,11,11
13w ROC crosses < 0,top,28,11,14.285714285714285,6.0,-5.0,66.66666666666666,36.36363636363637,1.4656913419827653,-0.053086136704490215,1.5187774786872554,0.6469568176177998,-0.11401357613541896,0.7609703937532187,0.8350402679118263,-0.2943200584707605,1.1293603263825869,0.737,4.054812082970495,-0.5892122637745497,4.644024346745044,TSX Materials,15.942333869038272,Price ratios,11,11
Ratio crosses < 40w MA,top,20,11,15.0,9.0,-6.0,72.72727272727273,27.27272727272727,1.376664705744706,-0.053086136704490215,1.429750842449196,1.9706052599712476,-0.11401357613541896,2.0846188361066664,1.2529095104135979,-0.2943200584707605,1.5472295688843585,0.766,3.7388011557544236,-0.5892122637745497,4.328013419528974,TSX Materials,15.942333869038272,Price ratios,11,11
Extended + ROC cross,top,4,11,25.0,5.0,-3.0,66.66666666666666,9.090909090909092,2.158795028931351,-0.053086136704490215,2.2118811656358415,2.336799588243138,-0.11401357613541896,2.4508131643785567,0.5697862504606748,-0.2943200584707605,0.8641063089314353,0.578,3.1489911522371887,-0.5892122637745497,3.7382034160117383,TSX Materials,15.942333869038272,Price ratios,11,11
Extended + MA cross,top,2,11,0.0,,-1.0,100.0,0.0,-4.825133387069336,-0.053086136704490215,-4.772047250364846,-3.8538018119132214,-0.11401357613541896,-3.7397882357778025,-5.468266673295446,-0.2943200584707605,-5.173946614824685,0.243,-14.554948391384565,-0.5892122637745497,-13.965736127610015,TSX Materials,15.942333869038272,Price ratios,11,11
wRSI < 30,bottom,4,11,25.0,5.0,5.0,0.0,9.090909090909092,-0.06184158664415407,-0.053086136704490215,-0.008755449939663852,1.66729150989261,-0.11401357613541896,1.7813050860280288,5.753014384853877,-0.2943200584707605,6.047334443324638,0.1065,3.343455419251282,-0.5892122637745497,3.932667683025832,TSX Materials,15.942333869038272,Price ratios,11,11
wRSI < 25,bottom,2,11,0.0,,,,0.0,0.41339721482351877,-0.053086136704490215,0.46648335152800896,0.8665239925634616,-0.11401357613541896,0.9805375686988805,1.2295530680124012,-0.2943200584707605,1.5238731264831618,0.392,3.057553273426156,-0.5892122637745497,3.6467655372007055,TSX Materials,15.942333869038272,Price ratios,11,11
Channel z < -1.5,bottom,3,11,100.0,5.0,5.0,0.0,27.27272727272727,-0.4782054296097534,-0.053086136704490215,-0.4251192929052632,3.418203062940036,-0.11401357613541896,3.532216639075455,9.025445570962713,-0.2943200584707605,9.319765629433473,0.0635,16.078236233310115,-0.5892122637745497,16.667448497084663,TSX Materials,15.942333869038272,Price ratios,11,11
40w stretch z < -1.5,bottom,4,11,50.0,1.5,1.5,0.0,27.27272727272727,6.240905182303946,-0.053086136704490215,6.293991319008436,16.16763336757984,-0.11401357613541896,16.28164694371526,11.665713686413277,-0.2943200584707605,11.960033744884036,0.0135,10.499987335424542,-0.5892122637745497,11.089199599199093,TSX Materials,15.942333869038272,Price ratios,11,11
Composite < -1.0,bottom,15,11,53.333333333333336,3.5,2.0,20.0,72.72727272727273,3.967044999591724,-0.053086136704490215,4.020131136296214,5.622683404040069,-0.11401357613541896,5.736696980175489,5.790688810841578,-0.2943200584707605,6.085008869312339,0.02,10.47586725230315,-0.5892122637745497,11.0650795160777,TSX Materials,15.942333869038272,Price ratios,11,11
Composite < -1.5,bottom,6,11,50.0,5.0,5.0,0.0,27.27272727272727,3.5289235559942713,-0.053086136704490215,3.5820096926987617,7.342611497720179,-0.11401357613541896,7.456625073855598,3.5925624335300848,-0.2943200584707605,3.8868824920008453,0.188,5.745507343654644,-0.5892122637745497,6.334719607429194,TSX Materials,15.942333869038272,Price ratios,11,11
13w ROC crosses > 0,bottom,30,11,10.0,4.0,-5.0,76.92307692307693,18.181818181818183,-0.5854276226693965,-0.053086136704490215,-0.5323414859649063,0.1692659383969727,-0.11401357613541896,0.28327951453239164,-0.21032145924753673,-0.2943200584707605,0.08399859922322375,0.4815,2.606628506284218,-0.5892122637745497,3.1958407700587674,TSX Materials,15.942333869038272,Price ratios,11,11
Ratio crosses > 40w MA,bottom,21,11,23.809523809523807,10.0,-3.0,54.54545454545454,45.45454545454545,-0.7950463651462828,-0.053086136704490215,-0.7419602284417925,-0.0017577651582291408,-0.11401357613541896,0.11225581097718981,-0.932186657339144,-0.2943200584707605,-0.6378665988683835,0.592,0.8671141335595403,-0.5892122637745497,1.4563263973340899,TSX Materials,15.942333869038272,Price ratios,11,11
Washed + ROC cross,bottom,1,11,100.0,11.0,-1.0,100.0,9.090909090909092,13.21673857493142,-0.053086136704490215,13.26982471163591,29.76280897594443,-0.11401357613541896,29.87682255207985,12.906604224961281,-0.2943200584707605,13.200924283432041,0.0955,30.444601078497,-0.5892122637745497,31.03381334227155,TSX Materials,15.942333869038272,Price ratios,11,11
Washed + MA cross,bottom,1,11,100.0,11.0,-1.0,100.0,9.090909090909092,13.21673857493142,-0.053086136704490215,13.26982471163591,29.76280897594443,-0.11401357613541896,29.87682255207985,12.906604224961281,-0.2943200584707605,13.200924283432041,0.104,30.444601078497,-0.5892122637745497,31.03381334227155,TSX Materials,15.942333869038272,Price ratios,11,11
wRSI > 70,top,8,9,37.5,5.0,5.0,0.0,33.33333333333333,1.1657215397284302,0.21693289192796084,0.9487886478004693,0.18601970605384294,0.42377674471931365,-0.2377570386654707,-0.5582693977653292,0.6900606111397752,-1.2483300089051044,0.19,-0.9370580458671339,1.2892289628461868,-2.226287008713321,TSX Financials,7.000000000000001,Price ratios,9,8
wRSI > 75,top,4,9,75.0,3.0,3.0,0.0,33.33333333333333,0.24707223993613303,0.21693289192796084,0.030139348008172195,-3.181817381607574,0.42377674471931365,-3.6055941263268876,-4.603395371184294,0.6900606111397752,-5.293455982324069,0.0055,-2.9801616936092103,1.2892289628461868,-4.269390656455397,TSX Financials,7.000000000000001,Price ratios,9,8
Channel z > +1.5,top,6,9,66.66666666666666,5.5,2.0,20.0,22.22222222222222,0.49765059770222386,0.21693289192796084,0.280717705774263,0.42122510661460666,0.42377674471931365,-0.002551638104706988,-0.4321496898708366,0.6900606111397752,-1.122210301010612,0.283,-0.4881324097508483,1.2892289628461868,-1.7773613725970352,TSX Financials,7.000000000000001,Price ratios,9,8
Channel z > +2.0,top,4,9,75.0,5.0,2.5,25.0,22.22222222222222,0.47127990803070563,0.21693289192796084,0.2543470161027448,0.03281131274823745,0.42377674471931365,-0.3909654319710762,-3.060392760584426,0.6900606111397752,-3.750453371724201,0.042,-4.4809396256520975,1.2892289628461868,-5.770168588498285,TSX Financials,7.000000000000001,Price ratios,9,8
40w stretch z > +1.5,top,13,9,30.76923076923077,4.5,4.5,0.0,33.33333333333333,0.06077990487027755,0.21693289192796084,-0.1561529870576833,0.34302299722254187,0.42377674471931365,-0.08075374749677178,0.15887370120732935,0.6900606111397752,-0.5311869099324459,0.2955,0.7308368582175379,1.2892289628461868,-0.558392104628649,TSX Financials,7.000000000000001,Price ratios,9,8
Composite > +1.0,top,20,9,35.0,3.0,3.0,22.22222222222222,55.55555555555556,0.2127203581254873,0.21693289192796084,-0.004212533802473523,-0.02169309449275496,0.42377674471931365,-0.4454698392120686,-0.5131805024439423,0.6900606111397752,-1.2032411135837175,0.071,0.0664965798162625,1.2892289628461868,-1.2227323830299244,TSX Financials,7.000000000000001,Price ratios,9,8
Composite > +1.5,top,11,9,36.36363636363637,4.5,4.0,20.0,33.33333333333333,-0.038393373930559443,0.21693289192796084,-0.25532626585852025,-0.20761130478015924,0.42377674471931365,-0.6313880494994729,-0.398521904139696,0.6900606111397752,-1.0885825152794713,0.174,-1.6236465239983677,1.2892289628461868,-2.9128754868445546,TSX Financials,7.000000000000001,Price ratios,9,8
Monthly RSI > 70,top,3,9,66.66666666666666,1.0,0.0,33.33333333333333,22.22222222222222,-0.6891016414543444,0.21693289192796084,-0.9060345333823052,-5.939786478355657,0.42377674471931365,-6.363563223074971,-8.149610609373859,0.6900606111397752,-8.839671220513635,0.016,-6.94536725443351,1.2892289628461868,-8.234596217279696,TSX Financials,7.000000000000001,Price ratios,9,8
13w ROC crosses < 0,top,29,9,10.344827586206897,11.0,-5.5,70.0,33.33333333333333,0.3143878837727162,0.21693289192796084,0.09745499184475537,-0.19003245445939185,0.42377674471931365,-0.6138091991787055,0.5433859906268891,0.6900606111397752,-0.14667462051288616,0.44,1.9030051447590668,1.2892289628461868,0.61377618191288,TSX Financials,7.000000000000001,Price ratios,9,8
Ratio crosses < 40w MA,top,22,9,4.545454545454546,11.0,-7.0,80.0,11.11111111111111,0.2600634118630097,0.21693289192796084,0.04313051993504885,0.3847309957206859,0.42377674471931365,-0.03904574899862773,0.14506465146306244,0.6900606111397752,-0.5449959596767128,0.25,1.3674382687275968,1.2892289628461868,0.07820930588140995,TSX Financials,7.000000000000001,Price ratios,9,8
Extended + ROC cross,top,3,9,0.0,,-5.0,100.0,0.0,1.0585459618424646,0.21693289192796084,0.8416130699145038,0.3873264347434069,0.42377674471931365,-0.03645030997590676,0.5852832713677314,0.6900606111397752,-0.10477733977204384,0.4865,3.7349856704506355,1.2892289628461868,2.4457567076044486,TSX Financials,7.000000000000001,Price ratios,9,8
wRSI < 30,bottom,3,8,33.33333333333333,4.0,4.0,0.0,12.5,-0.03979607555595699,0.21693289192796084,-0.2567289674839178,3.313933543622453,0.42377674471931365,2.8901567989031394,1.4770906678669204,0.6900606111397752,0.7870300567271452,0.3545,2.5934640093114414,1.2892289628461868,1.3042350464652546,TSX Financials,7.000000000000001,Price ratios,9,8
wRSI < 25,bottom,1,8,100.0,0.0,0.0,0.0,25.0,7.970357349904211,0.21693289192796084,7.753424457976251,5.128916082373203,0.42377674471931365,4.705139337653889,4.156527010216848,0.6900606111397752,3.466466399077073,0.155,12.671276963254119,1.2892289628461868,11.382048000407933,TSX Financials,7.000000000000001,Price ratios,9,8
Channel z < -1.5,bottom,15,8,33.33333333333333,5.0,-0.5,50.0,50.0,0.6516304298983577,0.21693289192796084,0.4346975379703969,0.7119471574280524,0.42377674471931365,0.2881704127087387,1.5648625932573077,0.6900606111397752,0.8748019821175325,0.1765,2.2871825327465927,1.2892289628461868,0.9979535699004058,TSX Financials,7.000000000000001,Price ratios,9,8
Channel z < -2.0,bottom,8,8,50.0,5.0,0.0,50.0,37.5,0.44929730631252524,0.21693289192796084,0.2323644143845644,0.43392877656942974,0.42377674471931365,0.010152031850116094,1.9738854455175383,0.6900606111397752,1.283824834377763,0.174,3.7668786793263864,1.2892289628461868,2.4776497164801996,TSX Financials,7.000000000000001,Price ratios,9,8
40w stretch z < -1.5,bottom,10,8,60.0,4.0,1.0,37.5,62.5,0.14823828678452,0.21693289192796084,-0.06869460514344083,0.6437322223858732,0.42377674471931365,0.2199554776665596,2.1274033070843954,0.6900606111397752,1.4373426959446203,0.115,3.8700668200443653,1.2892289628461868,2.5808378571981785,TSX Financials,7.000000000000001,Price ratios,9,8
Composite < -1.0,bottom,21,8,38.095238095238095,4.0,0.0,41.66666666666667,75.0,0.5327104368457698,0.21693289192796084,0.31577754491780896,0.9038457372729379,0.42377674471931365,0.4800689925536243,1.957381434667869,0.6900606111397752,1.267320823528094,0.065,2.8928542500576744,1.2892289628461868,1.6036252872114876,TSX Financials,7.000000000000001,Price ratios,9,8
Composite < -1.5,bottom,9,8,55.55555555555556,5.0,1.5,33.33333333333333,50.0,0.2915111604913473,0.21693289192796084,0.07457826856338645,0.14670326670238965,0.42377674471931365,-0.277073478016924,1.5972336782584253,0.6900606111397752,0.9071730671186501,0.235,3.0060171220190757,1.2892289628461868,1.7167881591728889,TSX Financials,7.000000000000001,Price ratios,9,8
13w ROC crosses > 0,bottom,32,8,12.5,4.0,-5.0,55.55555555555556,50.0,-0.06127234949110416,0.21693289192796084,-0.278205241419065,0.5838070876734888,0.42377674471931365,0.16003034295417512,1.562196670190954,0.6900606111397752,0.8721360590511787,0.101,1.4927751930427167,1.2892289628461868,0.20354623019652984,TSX Financials,7.000000000000001,Price ratios,9,8
Ratio crosses > 40w MA,bottom,23,8,13.043478260869565,11.0,-1.5,50.0,37.5,0.3608775645295797,0.21693289192796084,0.14394467260161886,0.47800104001413735,0.42377674471931365,0.0542242952948237,0.4707439228084341,0.6900606111397752,-0.21931668833134116,0.622,2.016257115217282,1.2892289628461868,0.7270281523710951,TSX Financials,7.000000000000001,Price ratios,9,8
Washed + ROC cross,bottom,6,8,33.33333333333333,5.5,-4.0,50.0,25.0,-0.12129658834876629,0.21693289192796084,-0.3382294802767271,-0.22360093840208695,0.42377674471931365,-0.6473776831214006,0.7084889270314328,0.6900606111397752,0.01842831589165761,0.4865,2.0294292468414636,1.2892289628461868,0.7402002839952768,TSX Financials,7.000000000000001,Price ratios,9,8
Washed + MA cross,bottom,2,8,50.0,10.0,10.0,0.0,12.5,-1.2480850696924448,0.21693289192796084,-1.4650179616204055,-5.139523289641367,0.42377674471931365,-5.563300034360681,-4.307517227958668,0.6900606111397752,-4.997577839098443,0.965,-4.848826955008289,1.2892289628461868,-6.1380559178544765,TSX Financials,7.000000000000001,Price ratios,9,8
wRSI > 70,top,4,7,50.0,7.0,7.0,0.0,28.57142857142857,0.3764152921047925,0.08931613556166872,0.2870991565431238,0.901141909257791,0.17572649678083602,0.725415412476955,-2.7824672301662687,0.29599226090280345,-3.078459491069072,0.1075,-0.7837887449232167,0.46900765698586666,-1.2527964019090834,TSX Industrials,7.405328578496982,Price ratios,7,6
wRSI > 75,top,2,7,50.0,5.0,5.0,0.0,14.285714285714285,-0.7058096287842819,0.08931613556166872,-0.7951257643459506,-0.569117687295928,0.17572649678083602,-0.7448441840767641,-2.037960224590718,0.29599226090280345,-2.3339524854935214,0.2455,-0.7975268085607223,0.46900765698586666,-1.2665344655465889,TSX Industrials,7.405328578496982,Price ratios,7,6
Channel z > +1.5,top,7,7,28.57142857142857,9.0,9.0,0.0,14.285714285714285,-0.4876354251812923,0.08931613556166872,-0.5769515607429611,-0.1660405510200572,0.17572649678083602,-0.3417670478008932,0.7039884646754675,0.29599226090280345,0.40799620377266405,0.592,0.5021536178788436,0.46900765698586666,0.033145960892976944,TSX Industrials,7.405328578496982,Price ratios,7,6
Channel z > +2.0,top,1,7,0.0,,,,0.0,-0.13549920515036895,0.08931613556166872,-0.22481534071203768,0.6310825690985178,0.17572649678083602,0.45535607231768177,-1.715767287290626,0.29599226090280345,-2.0117595481934294,0.3495,1.9913625656674983,0.46900765698586666,1.5223549086816317,TSX Industrials,7.405328578496982,Price ratios,7,6
40w stretch z > +1.5,top,6,7,50.0,6.0,4.5,25.0,28.57142857142857,0.8619856037965445,0.08931613556166872,0.7726694682348758,0.25178759723487215,0.17572649678083602,0.07606110045403613,-0.9913852087472551,0.29599226090280345,-1.2873774696500586,0.275,0.8749235925782833,0.46900765698586666,0.4059159355924167,TSX Industrials,7.405328578496982,Price ratios,7,6
Composite > +1.0,top,15,7,53.333333333333336,7.0,5.0,11.11111111111111,71.42857142857143,-0.19987473057591884,0.08931613556166872,-0.28919086613758754,-0.6957538433201749,0.17572649678083602,-0.8714803401010109,-0.9707013070171174,0.29599226090280345,-1.266693567919921,0.163,-1.6231071555917551,0.46900765698586666,-2.0921148125776217,TSX Industrials,7.405328578496982,Price ratios,7,6
Composite > +1.5,top,7,7,71.42857142857143,8.0,8.0,0.0,42.857142857142854,0.011922072136513482,0.08931613556166872,-0.07739406342515523,-0.4788247522948948,0.17572649678083602,-0.6545512490757308,-0.575974934185558,0.29599226090280345,-0.8719671950883614,0.326,-0.14306813848198985,0.46900765698586666,-0.6120757954678565,TSX Industrials,7.405328578496982,Price ratios,7,6
Monthly RSI > 70,top,4,7,50.0,5.0,5.0,0.0,14.285714285714285,-0.3681665524498473,0.08931613556166872,-0.45748268801151604,-1.824290482942026,0.17572649678083602,-2.000016979722862,-1.732460534600494,0.29599226090280345,-2.0284527955032976,0.2075,-1.7895099708664737,0.46900765698586666,-2.2585176278523402,TSX Industrials,7.405328578496982,Price ratios,7,6
13w ROC crosses < 0,top,20,7,10.0,7.0,-2.0,75.0,28.57142857142857,0.18037529140959235,0.08931613556166872,0.09105915584792364,-0.26488796851042384,0.17572649678083602,-0.44061446529125986,0.1960530096136806,0.29599226090280345,-0.09993925128912284,0.4615,1.2345088075950863,0.46900765698586666,0.7655011506092196,TSX Industrials,7.405328578496982,Price ratios,7,6
Ratio crosses < 40w MA,top,17,7,0.0,,-5.0,100.0,0.0,0.20737639676444378,0.08931613556166872,0.11806026120277506,-0.10334939927060044,0.17572649678083602,-0.27907589605143646,0.5713865734530296,0.29599226090280345,0.2753943125502261,0.604,-0.24088632861687398,0.46900765698586666,-0.7098939856027406,TSX Industrials,7.405328578496982,Price ratios,7,6
Extended + ROC cross,top,1,7,0.0,,-2.0,100.0,0.0,-6.154240717443759,0.08931613556166872,-6.243556853005428,-2.8029418270298367,0.17572649678083602,-2.978668323810673,,0.29599226090280345,,,,0.46900765698586666,,TSX Industrials,7.405328578496982,Price ratios,7,6
wRSI < 30,bottom,7,6,85.71428571428571,2.0,2.0,0.0,66.66666666666666,-0.31649244779233016,0.08931613556166872,-0.4058085833539989,0.5643796957330813,0.17572649678083602,0.3886531989522453,3.2773583218454396,0.29599226090280345,2.9813660609426362,0.052,0.8059162711437536,0.46900765698586666,0.336908614157887,TSX Industrials,7.405328578496982,Price ratios,7,6
wRSI < 25,bottom,3,6,100.0,1.0,1.0,0.0,50.0,1.5098925587391676,0.08931613556166872,1.4205764231774989,1.5590000343805126,0.17572649678083602,1.3832735375996765,5.349268752293267,0.29599226090280345,5.053276491390464,0.038,5.788505404648206,0.46900765698586666,5.319497747662339,TSX Industrials,7.405328578496982,Price ratios,7,6
Channel z < -1.5,bottom,13,6,61.53846153846154,5.0,1.0,27.27272727272727,83.33333333333334,0.9238893040338877,0.08931613556166872,0.834573168472219,0.05646734529382281,0.17572649678083602,-0.11925915148701322,2.8880178117136928,0.29599226090280345,2.5920255508108894,0.0305,3.91378656224226,0.46900765698586666,3.4447789052563933,TSX Industrials,7.405328578496982,Price ratios,7,6
Channel z < -2.0,bottom,9,6,55.55555555555556,4.0,0.5,37.5,66.66666666666666,-0.2672168950267845,0.08931613556166872,-0.3565330305884532,1.485012203293972,0.17572649678083602,1.309285706513136,3.5515528741034226,0.29599226090280345,3.255560613200619,0.02,4.6612306101477055,0.46900765698586666,4.1922229531618385,TSX Industrials,7.405328578496982,Price ratios,7,6
40w stretch z < -1.5,bottom,11,6,54.54545454545454,6.5,4.0,25.0,66.66666666666666,-0.6078350345363869,0.08931613556166872,-0.6971511700980556,0.056367949607070304,0.17572649678083602,-0.1193585471737657,1.742046811639596,0.29599226090280345,1.4460545507367926,0.1575,0.991958412321276,0.46900765698586666,0.5229507553354094,TSX Industrials,7.405328578496982,Price ratios,7,6
Composite < -1.0,bottom,20,6,40.0,6.5,3.0,33.33333333333333,83.33333333333334,-0.3106462799601556,0.08931613556166872,-0.3999624155218243,0.07784671777135257,0.17572649678083602,-0.09787977900948344,0.39470399409934837,0.29599226090280345,0.09871173319654492,0.4805,1.6397566491438837,0.46900765698586666,1.1707489921580172,TSX Industrials,7.405328578496982,Price ratios,7,6
Composite < -1.5,bottom,12,6,50.0,6.5,4.5,25.0,66.66666666666666,0.5154378716251417,0.08931613556166872,0.4261217360634729,0.8529188541434186,0.17572649678083602,0.6771923573625827,2.556183321928108,0.29599226090280345,2.2601910610253046,0.0555,2.3620437391344558,0.46900765698586666,1.8930360821485892,TSX Industrials,7.405328578496982,Price ratios,7,6
13w ROC crosses > 0,bottom,15,6,0.0,,-6.0,100.0,0.0,1.031525505212798,0.08931613556166872,0.9422093696511293,1.8651810452551354,0.17572649678083602,1.6894545484742993,1.283769492752541,0.29599226090280345,0.9877772318497375,0.2215,-0.7802010824087934,0.46900765698586666,-1.24920873939466,TSX Industrials,7.405328578496982,Price ratios,7,6
Ratio crosses > 40w MA,bottom,17,6,11.76470588235294,8.5,-9.0,66.66666666666666,16.666666666666664,-0.8745141395851952,0.08931613556166872,-0.9638302751468639,-0.972388116506234,0.17572649678083602,-1.14811461328707,-1.2779911603856093,0.29599226090280345,-1.5739834212884127,0.888,-1.8621081963292248,0.46900765698586666,-2.3311158533150915,TSX Industrials,7.405328578496982,Price ratios,7,6
Washed + ROC cross,bottom,3,6,0.0,,-4.0,100.0,0.0,0.7616886663874537,0.08931613556166872,0.672372530825785,5.463777596199989,0.17572649678083602,5.288051099419153,4.319432353835999,0.29599226090280345,4.023440092933195,0.08,3.659233778279384,0.46900765698586666,3.1902261212935175,TSX Industrials,7.405328578496982,Price ratios,7,6
Washed + MA cross,bottom,1,6,100.0,4.0,4.0,0.0,16.666666666666664,-6.177744014992803,0.08931613556166872,-6.267060150554472,-4.236638058447484,0.17572649678083602,-4.41236455522832,-2.0181245346831855,0.29599226090280345,-2.314116795585989,0.664,1.913130115487638,0.46900765698586666,1.4441224585017713,TSX Industrials,7.405328578496982,Price ratios,7,6
wRSI > 70,top,7,10,57.14285714285714,0.5,0.5,0.0,30.0,-1.011640814669295,-0.1546664815777672,-0.8569743330915278,-0.10350275174049507,-0.3092341471883256,0.20573139544783053,-3.0793344552577,-0.46334691699106495,-2.6159875382666353,0.11,-0.7050868908483007,-1.0022666758043137,0.29717978495601305,TSX Utilities,9.299705499745183,Price ratios,10,9
wRSI > 75,top,2,10,50.0,5.0,5.0,0.0,10.0,-0.3571464677534053,-0.1546664815777672,-0.20247998617563812,-1.0584586637928326,-0.3092341471883256,-0.7492245166045071,-3.820222853725047,-0.46334691699106495,-3.356875936733982,0.2185,-0.7679463869571297,-1.0022666758043137,0.23432028884718403,TSX Utilities,9.299705499745183,Price ratios,10,9
Channel z > +1.5,top,7,10,42.857142857142854,4.0,3.5,25.0,20.0,0.27851805512817723,-0.1546664815777672,0.4331845367059444,0.6826403223983899,-0.3092341471883256,0.9918744695867154,-0.2353491946041682,-0.46334691699106495,0.22799772238689675,0.52,2.813285158429236,-1.0022666758043137,3.81555183423355,TSX Utilities,9.299705499745183,Price ratios,10,9
Channel z > +2.0,top,4,10,50.0,6.0,6.0,0.0,10.0,-1.258580282910224,-0.1546664815777672,-1.1039138013324568,0.6515075322931723,-0.3092341471883256,0.9607416794814978,-1.240361645610885,-0.46334691699106495,-0.7770147286198201,0.4105,4.627865124720293,-1.0022666758043137,5.630131800524606,TSX Utilities,9.299705499745183,Price ratios,10,9
40w stretch z > +1.5,top,10,10,40.0,3.5,3.5,0.0,30.0,-2.676919212637692,-0.1546664815777672,-2.522252731059925,-1.6808643502365448,-0.3092341471883256,-1.3716302030482193,-1.5093641869260839,-0.46334691699106495,-1.046017269935019,0.294,-1.1338313848621333,-1.0022666758043137,-0.13156470905781958,TSX Utilities,9.299705499745183,Price ratios,10,9
Composite > +1.0,top,17,10,47.05882352941176,3.5,2.0,27.27272727272727,60.0,-0.7236383373598378,-0.1546664815777672,-0.5689718557820707,-2.1172549918978296,-0.3092341471883256,-1.808020844709504,-1.7676068759123142,-0.46334691699106495,-1.3042599589212494,0.171,-3.074219980583843,-1.0022666758043137,-2.0719533047795293,TSX Utilities,9.299705499745183,Price ratios,10,9
Composite > +1.5,top,8,10,62.5,1.0,1.0,0.0,40.0,-1.2910089319720832,-0.1546664815777672,-1.136342450394316,-0.45880689456529167,-0.3092341471883256,-0.14957274737696608,-3.054941872293383,-0.46334691699106495,-2.5915949553023183,0.102,-1.4062142934212307,-1.0022666758043137,-0.403947617616917,TSX Utilities,9.299705499745183,Price ratios,10,9
Monthly RSI > 70,top,2,10,100.0,6.0,6.0,0.0,10.0,-0.655946058376855,-0.1546664815777672,-0.5012795767990879,1.318099309538268,-0.3092341471883256,1.6273334567265936,-2.787053236219844,-0.46334691699106495,-2.323706319228779,0.2845,-1.8132646214850556,-1.0022666758043137,-0.8109979456807419,TSX Utilities,9.299705499745183,Price ratios,10,9
13w ROC crosses < 0,top,19,10,5.263157894736842,5.0,-9.5,87.5,10.0,-0.7742351389976762,-0.1546664815777672,-0.619568657419909,-0.8557062290222838,-0.3092341471883256,-0.5464720818339581,-0.8037676988021263,-0.46334691699106495,-0.34042078181106133,0.4105,1.127079062761514,-1.0022666758043137,2.129345738565828,TSX Utilities,9.299705499745183,Price ratios,10,9
Ratio crosses < 40w MA,top,15,10,6.666666666666667,12.0,-6.0,88.88888888888889,10.0,-0.8378959507868229,-0.1546664815777672,-0.6832294692090557,-0.14494172338750783,-0.3092341471883256,0.16429242380081777,-0.5109750990244182,-0.46334691699106495,-0.04762818203335323,0.497,-0.696274085882519,-1.0022666758043137,0.3059925899217947,TSX Utilities,9.299705499745183,Price ratios,10,9
Extended + ROC cross,top,2,10,0.0,,-10.5,100.0,0.0,-6.271545203742357,-0.1546664815777672,-6.116878722164589,-8.42436061656252,-0.3092341471883256,-8.115126469374195,-8.637788120275232,-0.46334691699106495,-8.174441203284166,0.0175,-10.04917406245374,-1.0022666758043137,-9.046907386649426,TSX Utilities,9.299705499745183,Price ratios,10,9
wRSI < 30,bottom,10,9,40.0,2.0,1.0,20.0,44.44444444444444,1.232984262373512,-0.1546664815777672,1.3876507439512793,2.6122550377460216,-0.3092341471883256,2.921489184934347,2.3909320153217584,-0.46334691699106495,2.8542789323128233,0.057,2.00951739858635,-1.0022666758043137,3.011784074390664,TSX Utilities,9.299705499745183,Price ratios,10,9
wRSI < 25,bottom,1,9,100.0,0.0,0.0,0.0,11.11111111111111,7.425635442898892,-0.1546664815777672,7.580301924476659,8.36829859927144,-0.3092341471883256,8.677532746459766,5.866282251589272,-0.46334691699106495,6.329629168580337,0.143,5.215804296568138,-1.0022666758043137,6.218070972372452,TSX Utilities,9.299705499745183,Price ratios,10,9
Channel z < -1.5,bottom,15,9,26.666666666666668,5.5,-2.0,55.55555555555556,33.33333333333333,-1.3016003408116437,-0.1546664815777672,-1.1469338592338765,-0.43860768880647755,-0.3092341471883256,-0.12937354161815195,-0.009668122913124577,-0.46334691699106495,0.4536787940779404,0.3885,1.0366366972000616,-1.0022666758043137,2.0389033730043753,TSX Utilities,9.299705499745183,Price ratios,10,9
Channel z < -2.0,bottom,7,9,42.857142857142854,1.0,0.5,25.0,33.33333333333333,1.061459608581415,-0.1546664815777672,1.2161260901591822,2.483571206228379,-0.3092341471883256,2.7928053534167043,1.7527871674011644,-0.46334691699106495,2.2161340843922295,0.1485,4.57379510425226,-1.0022666758043137,5.576061780056573,TSX Utilities,9.299705499745183,Price ratios,10,9
40w stretch z < -1.5,bottom,12,9,33.33333333333333,3.5,3.5,0.0,33.33333333333333,0.7114802790498947,-0.1546664815777672,0.8661467606276619,1.2084705485870197,-0.3092341471883256,1.5177046957753453,1.0920119935758024,-0.46334691699106495,1.5553589105668673,0.1775,-0.3633399521427363,-1.0022666758043137,0.6389267236615774,TSX Utilities,9.299705499745183,Price ratios,10,9
Composite < -1.0,bottom,23,9,26.08695652173913,7.0,5.0,33.33333333333333,44.44444444444444,-1.4850936158671708,-0.1546664815777672,-1.3304271342894036,-0.40775677953642475,-0.3092341471883256,-0.09852263234809916,-1.1737985386980045,-0.46334691699106495,-0.7104516217069397,0.7205,0.3253638898363589,-1.0022666758043137,1.3276305656406726,TSX Utilities,9.299705499745183,Price ratios,10,9
Composite < -1.5,bottom,15,9,26.666666666666668,4.5,3.0,33.33333333333333,44.44444444444444,0.6550628615018079,-0.1546664815777672,0.8097293430795751,0.5174539154019028,-0.3092341471883256,0.8266880625902284,1.5190983049902747,-0.46334691699106495,1.9824452219813395,0.102,0.7974961894549172,-1.0022666758043137,1.7997628652592308,TSX Utilities,9.299705499745183,Price ratios,10,9
13w ROC crosses > 0,bottom,20,9,20.0,11.5,-3.0,63.63636363636363,44.44444444444444,-0.1772501594112657,-0.1546664815777672,-0.022583677833498517,0.005021137863764391,-0.3092341471883256,0.31425528505209,0.5582965304942709,-0.46334691699106495,1.0216434474853358,0.232,0.5871725848991679,-1.0022666758043137,1.5894392607034815,TSX Utilities,9.299705499745183,Price ratios,10,9
Ratio crosses > 40w MA,bottom,15,9,6.666666666666667,10.0,-5.0,80.0,11.11111111111111,-0.48873651826196884,-0.1546664815777672,-0.33407003668420165,-1.1828791207231042,-0.3092341471883256,-0.8736449735347787,-2.1694179906178825,-0.46334691699106495,-1.7060710736268176,0.869,-3.0674309265209905,-1.0022666758043137,-2.065164250716677,TSX Utilities,9.299705499745183,Price ratios,10,9
Washed + ROC cross,bottom,5,9,20.0,12.0,-10.0,66.66666666666666,11.11111111111111,-0.3046111683627495,-0.1546664815777672,-0.1499446867849823,0.7717411083427892,-0.3092341471883256,1.0809752555311147,1.0911419183294193,-0.46334691699106495,1.5544888353204842,0.275,2.465429718160459,-1.0022666758043137,3.467696393964773,TSX Utilities,9.299705499745183,Price ratios,10,9
wRSI > 70,top,3,9,66.66666666666666,12.0,12.0,0.0,22.22222222222222,-2.0987030103302162,-0.2608919831470271,-1.8378110271831891,-0.48524947634746773,-0.5302174766353966,0.04496800028792891,-0.5452476595891026,-0.871297706496336,0.3260500469072334,0.5775,-1.4245450311178927,-1.7939823534739483,0.36943732235605564,TSX vs S&P 500,7.41491441863715,Price ratios,9,8
wRSI > 75,top,1,9,0.0,,,,0.0,-3.6412151044351138,-0.2608919831470271,-3.380323121288087,-2.9606547567180286,-0.5302174766353966,-2.430437280082632,-5.463555149427346,-0.871297706496336,-4.59225744293101,0.12,-0.09882836990120492,-1.7939823534739483,1.6951539835727434,TSX vs S&P 500,7.41491441863715,Price ratios,9,8
Channel z > +1.5,top,19,9,47.368421052631575,5.0,2.0,30.76923076923077,55.55555555555556,0.10699711994877767,-0.2608919831470271,0.3678891030958048,-1.0257241819426792,-0.5302174766353966,-0.4955067053072826,-0.6847805644070382,-0.871297706496336,0.18651714208929782,0.579,-2.1665538087816922,-1.7939823534739483,-0.37257145530774394,TSX vs S&P 500,7.41491441863715,Price ratios,9,8
Channel z > +2.0,top,10,9,70.0,5.0,3.0,22.22222222222222,44.44444444444444,0.6581335412905709,-0.2608919831470271,0.919025524437598,-0.482991815342445,-0.5302174766353966,0.04722566129295164,-0.4704684820530291,-0.871297706496336,0.4008292244433069,0.62,-2.085892149140205,-1.7939823534739483,-0.29190979566625663,TSX vs S&P 500,7.41491441863715,Price ratios,9,8
40w stretch z > +1.5,top,11,9,45.45454545454545,4.0,4.0,0.0,33.33333333333333,-0.11067456757020633,-0.2608919831470271,0.15021741557682078,-1.2850444154450207,-0.5302174766353966,-0.754826938809624,0.004633995658247111,-0.871297706496336,0.875931702154583,0.7695,-1.0840645982382533,-1.7939823534739483,0.709917755235695,TSX vs S&P 500,7.41491441863715,Price ratios,9,8
Composite > +1.0,top,23,9,39.130434782608695,5.0,4.0,18.181818181818183,55.55555555555556,-0.5510300788520569,-0.2608919831470271,-0.2901380957050298,-1.009057670413409,-0.5302174766353966,-0.47884019377801246,-0.7395301682464969,-0.871297706496336,0.1317675382498391,0.5795,-1.3950447949298235,-1.7939823534739483,0.3989375585441248,TSX vs S&P 500,7.41491441863715,Price ratios,9,8
Composite > +1.5,top,10,9,50.0,1.0,0.5,16.666666666666664,44.44444444444444,0.18365784163773985,-0.2608919831470271,0.44454982478476696,-0.5734892882640297,-0.5302174766353966,-0.04327181162863303,-1.177207073115345,-0.871297706496336,-0.305909366619009,0.4255,-1.3627978663366074,-1.7939823534739483,0.4311844871373409,TSX vs S&P 500,7.41491441863715,Price ratios,9,8
Monthly RSI > 70,top,1,9,100.0,4.0,4.0,0.0,11.11111111111111,2.5500376196091246,-0.2608919831470271,2.8109296027561514,-4.376623846655847,-0.5302174766353966,-3.8464063700204507,-4.927331715680861,-0.871297706496336,-4.056034009184525,0.172,-3.1423118362729263,-1.7939823534739483,-1.348329482798978,TSX vs S&P 500,7.41491441863715,Price ratios,9,8
13w ROC crosses < 0,top,32,9,12.5,6.0,-2.5,60.0,33.33333333333333,-0.3533799107491416,-0.2608919831470271,-0.0924879276021145,-0.5572151690897453,-0.5302174766353966,-0.026997692454348687,-0.46796945208718754,-0.871297706496336,0.40332825440914843,0.7,-1.1310501040866652,-1.7939823534739483,0.6629322493872831,TSX vs S&P 500,7.41491441863715,Price ratios,9,8
Ratio crosses < 40w MA,top,19,9,5.263157894736842,5.0,-4.0,83.33333333333334,11.11111111111111,-0.5163793268021871,-0.2608919831470271,-0.25548734365516,-1.4030428203245988,-0.5302174766353966,-0.8728253436892022,-1.37126671606835,-0.871297706496336,-0.49996900957201407,0.2975,-1.394456004335079,-1.7939823534739483,0.3995263491388692,TSX vs S&P 500,7.41491441863715,Price ratios,9,8
Extended + ROC cross,top,7,9,28.57142857142857,6.0,-3.0,60.0,22.22222222222222,-0.032166834545218785,-0.2608919831470271,0.22872514860180831,0.29858743217722356,-0.5302174766353966,0.8288049088126201,-1.1576652897435575,-0.871297706496336,-0.28636758324722156,0.431,-2.8281276956136487,-1.7939823534739483,-1.0341453421397004,TSX vs S&P 500,7.41491441863715,Price ratios,9,8
Extended + MA cross,top,3,9,0.0,,-4.5,100.0,0.0,-1.776191543997237,-0.2608919831470271,-1.51529956085021,-3.051286102783102,-0.5302174766353966,-2.5210686261477058,-7.530014841467239,-0.871297706496336,-6.658717134970903,0.0005,-8.431893164491948,-1.7939823534739483,-6.637910811017999,TSX vs S&P 500,7.41491441863715,Price ratios,9,8
wRSI < 30,bottom,9,8,44.44444444444444,3.0,3.0,0.0,37.5,-0.17665958685044725,-0.2608919831470271,0.08423239629657986,0.5591038029935855,-0.5302174766353966,1.0893212796289822,0.444376035970632,-0.871297706496336,1.315673742466968,0.147,-0.45938702159733386,-1.7939823534739483,1.3345953318766144,TSX vs S&P 500,7.41491441863715,Price ratios,9,8
wRSI < 25,bottom,3,8,33.33333333333333,7.0,7.0,0.0,12.5,-0.2650377132083048,-0.2608919831470271,-0.004145730061277719,-0.3214093143085332,-0.5302174766353966,0.20880816232686344,1.144123507373307,-0.871297706496336,2.015421213869643,0.194,-1.4164472108621151,-1.7939823534739483,0.3775351426118332,TSX vs S&P 500,7.41491441863715,Price ratios,9,8
Channel z < -1.5,bottom,8,8,37.5,1.0,1.0,0.0,25.0,1.6247877180450065,-0.2608919831470271,1.8856797011920337,1.2224052285412845,-0.5302174766353966,1.7526227051766812,1.8283084150777467,-0.871297706496336,2.6996061215740825,0.024,1.2381592123839436,-1.7939823534739483,3.032141565857892,TSX vs S&P 500,7.41491441863715,Price ratios,9,8
Channel z < -2.0,bottom,4,8,50.0,3.0,3.0,0.0,25.0,2.4350719612609764,-0.2608919831470271,2.6959639444080032,2.2683524090357703,-0.5302174766353966,2.798569885671167,3.099387495977124,-0.871297706496336,3.97068520247346,0.031,2.3341398780295814,-1.7939823534739483,4.1281222315035295,TSX vs S&P 500,7.41491441863715,Price ratios,9,8
40w stretch z < -1.5,bottom,10,8,30.0,5.0,5.0,0.0,37.5,0.4552920994703202,-0.2608919831470271,0.7161840826173473,0.8882651646196038,-0.5302174766353966,1.4184826412550005,1.8562619943955305,-0.871297706496336,2.7275597008918666,0.021,0.009810730965024028,-1.7939823534739483,1.8037930844389722,TSX vs S&P 500,7.41491441863715,Price ratios,9,8
Composite < -1.0,bottom,20,8,25.0,4.0,3.0,16.666666666666664,50.0,-0.21220892886270323,-0.2608919831470271,0.04868305428432387,0.4412835981279318,-0.5302174766353966,0.9715010747633284,0.3307384833111081,-0.871297706496336,1.202036189807444,0.0895,-0.5190804948572391,-1.7939823534739483,1.2749018586167091,TSX vs S&P 500,7.41491441863715,Price ratios,9,8
Composite < -1.5,bottom,9,8,33.33333333333333,1.0,1.0,0.0,25.0,1.064979678353665,-0.2608919831470271,1.325871661500692,1.0858198906424523,-0.5302174766353966,1.616037367277849,1.5300475554333437,-0.871297706496336,2.40134526192968,0.03,-0.4881450466711821,-1.7939823534739483,1.3058373068027662,TSX vs S&P 500,7.41491441863715,Price ratios,9,8
13w ROC crosses > 0,bottom,33,8,9.090909090909092,12.0,-6.0,66.66666666666666,37.5,-1.0030589639688359,-0.2608919831470271,-0.7421669808218088,-1.3007724016683557,-0.5302174766353966,-0.7705549250329591,-1.3060306873671832,-0.871297706496336,-0.4347329808708472,0.752,-2.4826077790893404,-1.7939823534739483,-0.6886254256153921,TSX vs S&P 500,7.41491441863715,Price ratios,9,8
Ratio crosses > 40w MA,bottom,20,8,15.0,9.0,-3.0,57.14285714285714,37.5,-1.366020951025849,-0.2608919831470271,-1.1051289678788219,-1.9161876750580389,-0.5302174766353966,-1.3859701984226422,-2.0816795249975457,-0.871297706496336,-1.2103818185012098,0.916,-2.164382628355303,-1.7939823534739483,-0.37040027488135485,TSX vs S&P 500,7.41491441863715,Price ratios,9,8
Washed + ROC cross,bottom,1,8,0.0,,,,0.0,-1.2103195705756797,-0.2608919831470271,-0.9494275874286526,-3.3929762031978394,-0.5302174766353966,-2.8627587265624426,-3.0463386869208686,-0.871297706496336,-2.1750409804245328,0.718,-4.944029423736939,-1.7939823534739483,-3.150047070262991,TSX vs S&P 500,7.41491441863715,Price ratios,9,8
wRSI > 70,top,23,11,30.434782608695656,10.0,6.0,12.5,45.45454545454545,-0.7439703410392395,0.33507460819625245,-1.079044949235492,0.8035515802006717,0.6654413218397381,0.1381102583609336,1.3792268144134663,1.1006129272562617,0.2786138871572046,0.586,3.894157852909729,2.3849153744027807,1.5092424785069483,Growth / Value,7.000000000000001,Price ratios,11,10
wRSI > 75,top,9,11,11.11111111111111,7.0,3.0,50.0,9.090909090909092,0.8027062071941482,0.33507460819625245,0.46763159899789575,2.7383630689947855,0.6654413218397381,2.072921747155047,5.641204391450673,1.1006129272562617,4.540591464194411,0.996,8.121043689140228,2.3849153744027807,5.7361283147374476,Growth / Value,7.000000000000001,Price ratios,11,10
Channel z > +1.5,top,20,11,40.0,5.5,4.0,27.27272727272727,54.54545454545454,0.8851588211019663,0.33507460819625245,0.5500842129057139,0.9568812335750593,0.6654413218397381,0.29143991173532113,2.253742425348746,1.1006129272562617,1.1531294980924842,0.8295,2.7573648242824818,2.3849153744027807,0.3724494498797011,Growth / Value,7.000000000000001,Price ratios,11,10
Channel z > +2.0,top,14,11,57.14285714285714,7.5,5.0,11.11111111111111,36.36363636363637,-0.0648617026928533,0.33507460819625245,-0.39993631088910575,1.5221698933154892,0.6654413218397381,0.8567285714757511,1.136335014582438,1.1006129272562617,0.03572208732617632,0.4945,2.15473828144389,2.3849153744027807,-0.23017709295889066,Growth / Value,7.000000000000001,Price ratios,11,10
40w stretch z > +1.5,top,17,11,23.52941176470588,5.5,2.5,33.33333333333333,27.27272727272727,1.1750428767548164,0.33507460819625245,0.839968268558564,0.8451319893127336,0.6654413218397381,0.17969066747299545,3.513768587937024,1.1006129272562617,2.4131556606807623,0.965,4.656097922407623,2.3849153744027807,2.2711825480048424,Growth / Value,7.000000000000001,Price ratios,11,10
Composite > +1.0,top,33,11,36.36363636363637,3.0,3.0,7.6923076923076925,72.72727272727273,0.5844564188402024,0.33507460819625245,0.24938181064394993,0.907863722408632,0.6654413218397381,0.24242240056889386,0.7372945891526965,1.1006129272562617,-0.3633183381035652,0.348,2.8057645507815963,2.3849153744027807,0.4208491763788156,Growth / Value,7.000000000000001,Price ratios,11,10
Composite > +1.5,top,21,11,47.61904761904761,3.5,3.0,9.090909090909092,63.63636363636363,-0.2630156371430831,0.33507460819625245,-0.5980902453393355,0.5806831081634055,0.6654413218397381,-0.08475821367633263,0.30761752888818805,1.1006129272562617,-0.7929953983680736,0.253,0.9793505832782876,2.3849153744027807,-1.405564791124493,Growth / Value,7.000000000000001,Price ratios,11,10
Monthly RSI > 70,top,22,11,31.818181818181817,6.0,0.0,41.66666666666667,45.45454545454545,-0.3687097231618212,0.33507460819625245,-0.7037843313580736,0.5647727802303162,0.6654413218397381,-0.10066854160942196,0.9010004546601539,1.1006129272562617,-0.19961247259610782,0.425,2.2245929867436747,2.3849153744027807,-0.160322387659106,Growth / Value,7.000000000000001,Price ratios,11,10
13w ROC crosses < 0,top,20,11,15.0,6.0,-2.0,72.72727272727273,27.27272727272727,-0.15021972294532007,0.33507460819625245,-0.4852943311415725,0.7245344084404338,0.6654413218397381,0.05909308660069568,-0.07141514881841116,1.1006129272562617,-1.1720280760746729,0.162,2.5043013021161356,2.3849153744027807,0.11938592771335488,Growth / Value,7.000000000000001,Price ratios,11,10
Ratio crosses < 40w MA,top,9,11,0.0,,-8.0,100.0,0.0,-1.1373396887039164,0.33507460819625245,-1.472414296900169,-1.7561512901654852,0.6654413218397381,-2.4215926120052234,-0.7303982567254249,1.1006129272562617,-1.8310111839816865,0.1465,1.2013621563319865,2.3849153744027807,-1.1835532180707942,Growth / Value,7.000000000000001,Price ratios,11,10
Extended + ROC cross,top,3,11,33.33333333333333,5.0,2.0,50.0,9.090909090909092,-0.5819872162271386,0.33507460819625245,-0.917061824423391,0.2783396715102822,0.6654413218397381,-0.3871016503294559,0.6559371642785602,1.1006129272562617,-0.4446757629777015,0.4425,-3.399065153011797,2.3849153744027807,-5.7839805274145775,Growth / Value,7.000000000000001,Price ratios,11,10
wRSI < 30,bottom,4,10,100.0,2.5,2.5,0.0,40.0,1.5389270291254835,0.33507460819625245,1.203852420929231,2.7912059888771603,0.6654413218397381,2.125764667037422,6.812097423838075,1.1006129272562617,5.7114844965818135,0.018,7.029188084261945,2.3849153744027807,4.644272709859164,Growth / Value,7.000000000000001,Price ratios,11,10
wRSI < 25,bottom,1,10,100.0,4.0,4.0,0.0,10.0,-0.38425740359353533,0.33507460819625245,-0.7193320117897878,2.2858123914873962,0.6654413218397381,1.620371069647658,3.0099789081524664,1.1006129272562617,1.9093659808962047,0.317,11.268852596747703,2.3849153744027807,8.883937222344922,Growth / Value,7.000000000000001,Price ratios,11,10
Channel z < -1.5,bottom,11,10,45.45454545454545,4.0,2.5,37.5,30.0,-0.4816910321592079,0.33507460819625245,-0.8167656403554604,-0.790603793907302,0.6654413218397381,-1.45604511574704,0.6691281430050575,1.1006129272562617,-0.4314847842512042,0.6005,1.7755725498984423,2.3849153744027807,-0.6093428245043384,Growth / Value,7.000000000000001,Price ratios,11,10
Channel z < -2.0,bottom,8,10,50.0,5.5,2.0,20.0,20.0,-0.5822583850893361,0.33507460819625245,-0.9173329932855886,-0.6140972482716027,0.6654413218397381,-1.2795385701113409,-0.9120677083155238,1.1006129272562617,-2.0126806355717854,0.8305,-0.5233527053463912,2.3849153744027807,-2.908268079749172,Growth / Value,7.000000000000001,Price ratios,11,10
40w stretch z < -1.5,bottom,15,10,53.333333333333336,6.0,2.0,27.27272727272727,50.0,-1.01308725750416,0.33507460819625245,-1.3481618657004124,0.36682721090531434,0.6654413218397381,-0.2986141109344238,-0.45679851181779557,1.1006129272562617,-1.5574114390740572,0.8765,0.5233971519583316,2.3849153744027807,-1.861518222444449,Growth / Value,7.000000000000001,Price ratios,11,10
Composite < -1.0,bottom,20,10,55.00000000000001,3.0,2.0,21.428571428571427,70.0,-0.2511382257926503,0.33507460819625245,-0.5862128339889028,0.46427174402923915,0.6654413218397381,-0.201169577810499,0.7294163725116477,1.1006129272562617,-0.371196554744614,0.6165,2.3298449892978987,2.3849153744027807,-0.055070385104881936,Growth / Value,7.000000000000001,Price ratios,11,10
Composite < -1.5,bottom,12,10,58.333333333333336,7.0,3.5,30.0,50.0,0.48933019024661545,0.33507460819625245,0.154255582050363,1.486482037248881,0.6654413218397381,0.8210407154091428,2.227734717022601,1.1006129272562617,1.1271217897663395,0.238,5.52707574011497,2.3849153744027807,3.1421603657121895,Growth / Value,7.000000000000001,Price ratios,11,10
13w ROC crosses > 0,bottom,23,10,8.695652173913043,12.0,-6.0,80.0,20.0,1.00221649655076,0.33507460819625245,0.6671418883545076,2.0960174254991313,0.6654413218397381,1.4305761036593931,1.5694023040579141,1.1006129272562617,0.46878937680165245,0.319,4.287012524365993,2.3849153744027807,1.9020971499632124,Growth / Value,7.000000000000001,Price ratios,11,10
Ratio crosses > 40w MA,bottom,8,10,12.5,4.0,-8.0,83.33333333333334,10.0,0.520802055568799,0.33507460819625245,0.18572744737254654,1.449198015683395,0.6654413218397381,0.7837566938436569,3.2564057965814004,1.1006129272562617,2.155792869325139,0.121,6.458888184567715,2.3849153744027807,4.073972810164934,Growth / Value,7.000000000000001,Price ratios,11,10
Washed + ROC cross,bottom,5,10,0.0,,-9.0,100.0,0.0,0.7829925651082201,0.33507460819625245,0.4479179569119677,-0.3460731343585206,0.6654413218397381,-1.0115144561982587,-0.3408724666338848,1.1006129272562617,-1.4414853938901464,0.7105,1.273743608462837,2.3849153744027807,-1.1111717659399436,Growth / Value,7.000000000000001,Price ratios,11,10
wRSI > 70,top,5,7,80.0,5.0,5.0,0.0,57.14285714285714,0.14237920876131413,0.11023503878700504,0.03214416997430909,-0.07739726794790514,0.22560525223964356,-0.3030025201875487,-2.2360591299210952,0.39847971855183717,-2.6345388484729324,0.068,-3.4447795713193816,0.8154221574219952,-4.260201728741377,Momentum / Market,7.000000000000001,Price ratios,7,6
wRSI > 75,top,2,7,100.0,4.5,4.5,0.0,28.57142857142857,1.7263917541017193,0.11023503878700504,1.6161567153147143,2.5550946352673853,0.22560525223964356,2.3294893830277417,-1.5235787273600476,0.39847971855183717,-1.9220584459118848,0.2535,-3.13194715621391,0.8154221574219952,-3.9473693136359054,Momentum / Market,7.000000000000001,Price ratios,7,6
Channel z > +1.5,top,12,7,33.33333333333333,4.5,0.5,33.33333333333333,28.57142857142857,-0.6290029723109252,0.11023503878700504,-0.7392380110979302,0.47128287468600477,0.22560525223964356,0.2456776224463612,-0.3343041792787975,0.39847971855183717,-0.7327838978306347,0.2585,0.25107456544301454,0.8154221574219952,-0.5643475919789807,Momentum / Market,7.000000000000001,Price ratios,7,6
Channel z > +2.0,top,5,7,40.0,6.0,2.0,50.0,28.57142857142857,-0.28070074582156046,0.11023503878700504,-0.3909357846085655,-0.3784884832603755,0.22560525223964356,-0.6040937355000191,0.6038003494687165,0.39847971855183717,0.20532063091687935,0.5485,0.08648979515944284,0.8154221574219952,-0.7289323622625523,Momentum / Market,7.000000000000001,Price ratios,7,6
40w stretch z > +1.5,top,9,7,44.44444444444444,4.5,-2.0,55.55555555555556,57.14285714285714,-1.0193334229430324,0.11023503878700504,-1.1295684617300374,-1.9670532847921496,0.22560525223964356,-2.192658537031793,-2.029997453043338,0.39847971855183717,-2.428477171595175,0.035,-3.9109899101664913,0.8154221574219952,-4.726412067588487,Momentum / Market,7.000000000000001,Price ratios,7,6
Composite > +1.0,top,18,7,44.44444444444444,4.0,1.0,38.46153846153847,85.71428571428571,-0.7926751170102564,0.11023503878700504,-0.9029101557972614,-0.2508384901362719,0.22560525223964356,-0.47644374237591547,-1.1547317729142248,0.39847971855183717,-1.553211491466062,0.059,-1.7233851875164312,0.8154221574219952,-2.5388073449384265,Momentum / Market,7.000000000000001,Price ratios,7,6
Composite > +1.5,top,9,7,33.33333333333333,5.0,-1.0,57.14285714285714,42.857142857142854,-0.6625833996355709,0.11023503878700504,-0.7728184384225759,-0.1780762200641052,0.22560525223964356,-0.40368147230374873,-0.5728104241112781,0.39847971855183717,-0.9712901426631153,0.2375,-1.8842053627489492,0.8154221574219952,-2.6996275201709445,Momentum / Market,7.000000000000001,Price ratios,7,6
Monthly RSI > 70,top,3,7,33.33333333333333,2.0,2.0,0.0,14.285714285714285,1.168039595095971,0.11023503878700504,1.057804556308966,-1.5851126465074843,0.22560525223964356,-1.8107178987471277,-1.962735990321433,0.39847971855183717,-2.36121570887327,0.156,-2.587159820626023,0.8154221574219952,-3.402581978048018,Momentum / Market,7.000000000000001,Price ratios,7,6
13w ROC crosses < 0,top,24,7,16.666666666666664,8.0,-3.0,63.63636363636363,57.14285714285714,0.5854185637447085,0.11023503878700504,0.47518352495770344,1.9037231162857609,0.22560525223964356,1.6781178640461172,0.5705356161331063,0.39847971855183717,0.17205589758126916,0.5995,0.19518391443591152,0.8154221574219952,-0.6202382429860837,Momentum / Market,7.000000000000001,Price ratios,7,6
Ratio crosses < 40w MA,top,16,7,25.0,12.5,1.5,50.0,57.14285714285714,0.7932347921106446,0.11023503878700504,0.6829997533236396,0.4426652360064417,0.22560525223964356,0.21705998376679814,2.0564005452713223,0.39847971855183717,1.6579208267194852,0.9355,1.1014890602789227,0.8154221574219952,0.2860669028569275,Momentum / Market,7.000000000000001,Price ratios,7,6
Extended + ROC cross,top,3,7,33.33333333333333,12.0,-11.0,66.66666666666666,14.285714285714285,1.1057367839179877,0.11023503878700504,0.9955017451309827,1.842523544190067,0.22560525223964356,1.6169182919504235,1.4567451586676086,0.39847971855183717,1.0582654401157714,0.7065,1.450173870346531,0.8154221574219952,0.6347517129245358,Momentum / Market,7.000000000000001,Price ratios,7,6
Extended + MA cross,top,1,7,100.0,12.0,12.0,0.0,14.285714285714285,1.0030733786236201,0.11023503878700504,0.8928383398366151,7.5529523588731,0.22560525223964356,7.327347106633456,9.432680757505496,0.39847971855183717,9.03420103895366,0.98,6.235521540011235,0.8154221574219952,5.42009938258924,Momentum / Market,7.000000000000001,Price ratios,7,6
wRSI < 30,bottom,4,6,50.0,10.0,10.0,0.0,33.33333333333333,0.8469011769766194,0.11023503878700504,0.7366661381896144,-1.4325533298175182,0.22560525223964356,-1.6581585820571618,-1.2878448666077595,0.39847971855183717,-1.6863245851595967,0.803,-0.4471746658571696,0.8154221574219952,-1.2625968232791647,Momentum / Market,7.000000000000001,Price ratios,7,6
wRSI < 25,bottom,1,6,0.0,,,,0.0,0.056626479514521044,0.11023503878700504,-0.053608559272483994,1.8028381864340526,0.22560525223964356,1.577232934194409,-1.6159512288393851,0.39847971855183717,-2.0144309473912223,0.7105,-4.953270763988482,0.8154221574219952,-5.768692921410477,Momentum / Market,7.000000000000001,Price ratios,7,6
Channel z < -1.5,bottom,18,6,27.77777777777778,5.0,3.0,16.666666666666664,50.0,0.6993016323512317,0.11023503878700504,0.5890665935642266,0.43002026433035767,0.22560525223964356,0.2044150120907141,0.6661734076156933,0.39847971855183717,0.26769368906385616,0.3785,0.17942335119708763,0.8154221574219952,-0.6359988062249076,Momentum / Market,7.000000000000001,Price ratios,7,6
Channel z < -2.0,bottom,9,6,33.33333333333333,9.0,9.0,0.0,33.33333333333333,-0.6943062551903577,0.11023503878700504,-0.8045412939773627,-0.9121272694204584,0.22560525223964356,-1.137732521660102,-0.7215386638498325,0.39847971855183717,-1.1200183824016696,0.799,-0.7029242897770057,0.8154221574219952,-1.518346447199001,Momentum / Market,7.000000000000001,Price ratios,7,6
40w stretch z < -1.5,bottom,8,6,12.5,9.0,9.0,0.0,16.666666666666664,-1.1379543066143833,0.11023503878700504,-1.2481893454013884,-0.7978323594869856,0.22560525223964356,-1.0234376117266293,-1.2084792367934667,0.39847971855183717,-1.6069589553453039,0.8665,-1.413193956309984,0.8154221574219952,-2.228616113731979,Momentum / Market,7.000000000000001,Price ratios,7,6
Composite < -1.0,bottom,19,6,26.31578947368421,5.0,3.0,16.666666666666664,50.0,0.34568099966374966,0.11023503878700504,0.23544596087674463,0.13121826995332253,0.22560525223964356,-0.09438698228632103,0.187834186234296,0.39847971855183717,-0.21064553231754116,0.5755,0.560212094219566,0.8154221574219952,-0.2552100632024292,Momentum / Market,7.000000000000001,Price ratios,7,6
Composite < -1.5,bottom,14,6,28.57142857142857,5.0,5.0,0.0,33.33333333333333,0.5104564778721493,0.11023503878700504,0.4002214390851443,0.3814887611641916,0.22560525223964356,0.15588350892454805,0.8293810735249946,0.39847971855183717,0.4309013549731574,0.3535,0.5452003638825024,0.8154221574219952,-0.2702217935394928,Momentum / Market,7.000000000000001,Price ratios,7,6
13w ROC crosses > 0,bottom,22,6,9.090909090909092,6.5,-4.0,71.42857142857143,33.33333333333333,0.03478005219200116,0.11023503878700504,-0.07545498659500388,0.8374113520579395,0.22560525223964356,0.6118060998182959,0.7647822763380825,0.39847971855183717,0.3663025577862453,0.3345,1.0586629634414702,0.8154221574219952,0.24324080601947495,Momentum / Market,7.000000000000001,Price ratios,7,6
Ratio crosses > 40w MA,bottom,17,6,5.88235294117647,7.0,-2.0,80.0,16.666666666666664,1.9761876358918897,0.11023503878700504,1.8659525971048847,1.7706122094456087,0.22560525223964356,1.545006957205965,2.8613880222866457,0.39847971855183717,2.4629083037348085,0.0075,1.77821577300182,0.8154221574219952,0.9627936155798248,Momentum / Market,7.000000000000001,Price ratios,7,6
Washed + ROC cross,bottom,3,6,0.0,,-5.0,100.0,0.0,-0.6625233385028443,0.11023503878700504,-0.7727583772898493,-0.21093643405394694,0.22560525223964356,-0.43654168629359047,0.2532967315222086,0.39847971855183717,-0.14518298702962856,0.5295,-0.38331216683030017,0.8154221574219952,-1.1987343242522954,Momentum / Market,7.000000000000001,Price ratios,7,6
Washed + MA cross,bottom,1,6,0.0,,-1.0,100.0,0.0,7.215696429276486,0.11023503878700504,7.105461390489481,3.627348072513348,0.22560525223964356,3.401742820273704,3.412953097134941,0.39847971855183717,3.0144733785831037,0.182,4.0626055734539035,0.8154221574219952,3.247183416031908,Momentum / Market,7.000000000000001,Price ratios,7,6
wRSI > 70,top,9,6,11.11111111111111,7.0,3.0,50.0,16.666666666666664,-1.8209470475656364,0.45816360516507065,-2.279110652730707,3.0398732237907455,0.9329285821445799,2.106944641646166,3.026212046908095,1.45301886114382,1.573193185764275,0.6935,5.505764411429043,3.092978403063089,2.412786008365954,High Beta / Low Vol,15.238683122271377,Price ratios,6,6
wRSI > 75,top,6,6,16.666666666666664,2.0,2.0,0.0,16.666666666666664,-1.9924673527497274,0.45816360516507065,-2.450630957914798,-1.4853246202159793,0.9329285821445799,-2.4182532023605594,3.4146050888555073,1.45301886114382,1.9615862277116873,0.679,1.389362710956077,3.092978403063089,-1.703615692107012,High Beta / Low Vol,15.238683122271377,Price ratios,6,6
Channel z > +1.5,top,17,6,23.52941176470588,5.5,3.0,20.0,33.33333333333333,0.24335486133937453,0.45816360516507065,-0.21480874382569612,0.7521077606937947,0.9329285821445799,-0.18082082145078515,1.8219357186462315,1.45301886114382,0.36891685750241154,0.571,2.157958338140007,3.092978403063089,-0.9350200649230822,High Beta / Low Vol,15.238683122271377,Price ratios,6,6
Channel z > +2.0,top,9,6,11.11111111111111,7.0,-1.0,66.66666666666666,16.666666666666664,0.903671073375803,0.45816360516507065,0.44550746821073234,3.8981249444214123,0.9329285821445799,2.9651963622768323,3.6676542367928153,1.45301886114382,2.2146353756489954,0.7285,11.588283509940704,3.092978403063089,8.495305106877614,High Beta / Low Vol,15.238683122271377,Price ratios,6,6
40w stretch z > +1.5,top,14,6,14.285714285714285,5.0,1.0,33.33333333333333,16.666666666666664,-0.6331485419764756,0.45816360516507065,-1.0913121471415463,2.495893499071517,0.9329285821445799,1.5629649169269373,5.065423716133177,1.45301886114382,3.612404854989357,0.9045,13.272777528323058,3.092978403063089,10.179799125259969,High Beta / Low Vol,15.238683122271377,Price ratios,6,6
Composite > +1.0,top,22,6,13.636363636363635,3.0,2.0,25.0,33.33333333333333,-0.11587922691689787,0.45816360516507065,-0.5740428320819685,1.0444335055436431,0.9329285821445799,0.11150492339906326,3.4905248015390784,1.45301886114382,2.0375059403952585,0.823,7.644590432548306,3.092978403063089,4.5516120294852165,High Beta / Low Vol,15.238683122271377,Price ratios,6,6
Composite > +1.5,top,17,6,17.647058823529413,9.0,5.0,25.0,33.33333333333333,-0.12608154683261474,0.45816360516507065,-0.5842451519976855,1.6303358338280791,0.9329285821445799,0.6974072516834993,2.372321765590371,1.45301886114382,0.919302904446551,0.642,6.559676718231993,3.092978403063089,3.4666983151689035,High Beta / Low Vol,15.238683122271377,Price ratios,6,6
Monthly RSI > 70,top,6,6,16.666666666666664,1.0,-3.0,50.0,16.666666666666664,-1.4689808147310022,0.45816360516507065,-1.9271444198960728,-0.5499454564740693,0.9329285821445799,-1.4828740386186492,-0.1850089181286522,1.45301886114382,-1.6380277792724722,0.3445,-0.6490028348182548,3.092978403063089,-3.741981237881344,High Beta / Low Vol,15.238683122271377,Price ratios,6,6
13w ROC crosses < 0,top,25,6,4.0,9.0,-8.0,80.0,16.666666666666664,-1.504395636432357,0.45816360516507065,-1.9625592415974276,0.0683450394943111,0.9329285821445799,-0.8645835426502687,2.3284872871141733,1.45301886114382,0.8754684259703533,0.686,3.5378394802252493,3.092978403063089,0.44486107716216017,High Beta / Low Vol,15.238683122271377,Price ratios,6,6
Ratio crosses < 40w MA,top,13,6,0.0,,-8.0,100.0,0.0,-0.8848772819296039,0.45816360516507065,-1.3430408870946746,-0.2982825765581589,0.9329285821445799,-1.2312111587027388,2.565550451488281,1.45301886114382,1.112531590344461,0.6515,3.15046631881333,3.092978403063089,0.057487915750241037,High Beta / Low Vol,15.238683122271377,Price ratios,6,6
Extended + ROC cross,top,3,6,0.0,,-13.0,100.0,0.0,0.2833229565507877,0.45816360516507065,-0.17484064861428295,-4.486717761049997,0.9329285821445799,-5.419646343194577,-6.45214042764658,1.45301886114382,-7.905159288790401,0.115,-6.075696827407123,3.092978403063089,-9.168675230470212,High Beta / Low Vol,15.238683122271377,Price ratios,6,6
wRSI < 30,bottom,4,6,50.0,2.5,2.5,0.0,33.33333333333333,1.150427293702244,0.45816360516507065,0.6922636885371733,4.073784048799151,0.9329285821445799,3.140855466654571,17.763518970138726,1.45301886114382,16.310500108994905,0.0035,17.690062426585335,3.092978403063089,14.597084023522246,High Beta / Low Vol,15.238683122271377,Price ratios,6,6
wRSI < 25,bottom,2,6,100.0,1.5,1.5,0.0,33.33333333333333,8.884864691703731,0.45816360516507065,8.42670108653866,18.772792111254944,0.9329285821445799,17.839863529110364,38.513052746376644,1.45301886114382,37.060033885232826,0.0,42.91227581658704,3.092978403063089,39.819297413523955,High Beta / Low Vol,15.238683122271377,Price ratios,6,6
Channel z < -1.5,bottom,5,6,40.0,4.0,4.0,33.33333333333333,33.33333333333333,-0.8702181938575176,0.45816360516507065,-1.3283817990225883,2.615331594037656,0.9329285821445799,1.682403011893076,14.767514758882845,1.45301886114382,13.314495897739025,0.0015,19.655387242439105,3.092978403063089,16.562408839376015,High Beta / Low Vol,15.238683122271377,Price ratios,6,6
Channel z < -2.0,bottom,3,6,66.66666666666666,2.0,2.0,0.0,33.33333333333333,4.647746084699425,0.45816360516507065,4.189582479534354,12.28771256767113,0.9329285821445799,11.35478398552655,30.161403295519715,1.45301886114382,28.708384434375894,0.0,36.11145880788076,3.092978403063089,33.018480404817666,High Beta / Low Vol,15.238683122271377,Price ratios,6,6
40w stretch z < -1.5,bottom,6,6,50.0,4.0,4.0,0.0,50.0,1.7877162432261173,0.45816360516507065,1.3295526380610467,3.8574408383245995,0.9329285821445799,2.9245122561800194,12.89201546196127,1.45301886114382,11.43899660081745,0.0065,9.87903034969696,3.092978403063089,6.7860519466338705,High Beta / Low Vol,15.238683122271377,Price ratios,6,6
Composite < -1.0,bottom,13,6,30.76923076923077,4.5,3.0,33.33333333333333,50.0,1.1632652000379688,0.45816360516507065,0.7051015948728983,3.434770890252772,0.9329285821445799,2.501842308108192,8.872902510530468,1.45301886114382,7.419883649386648,0.004,11.064332837818842,3.092978403063089,7.971354434755753,High Beta / Low Vol,15.238683122271377,Price ratios,6,6
Composite < -1.5,bottom,6,6,33.33333333333333,4.0,4.0,0.0,33.33333333333333,-0.4783593324562852,0.45816360516507065,-0.9365229376213559,4.225792849015164,0.9329285821445799,3.292864266870584,12.01670258470867,1.45301886114382,10.56368372356485,0.0105,9.749438105268618,3.092978403063089,6.656459702205529,High Beta / Low Vol,15.238683122271377,Price ratios,6,6
13w ROC crosses > 0,bottom,23,6,0.0,,-7.5,100.0,0.0,0.9090786537256826,0.45816360516507065,0.450915048560612,3.293472078138436,0.9329285821445799,2.3605434959938565,3.046554674376515,1.45301886114382,1.593535813232695,0.2465,4.4868780419884455,3.092978403063089,1.3938996389253564,High Beta / Low Vol,15.238683122271377,Price ratios,6,6
Ratio crosses > 40w MA,bottom,13,6,7.6923076923076925,8.0,-6.0,66.66666666666666,16.666666666666664,1.4048196246938245,0.45816360516507065,0.9466560195287539,1.0840823859847162,0.9329285821445799,0.15115380384013632,1.9733389711311895,1.45301886114382,0.5203201099873696,0.423,5.9579188530267055,3.092978403063089,2.8649404499636164,High Beta / Low Vol,15.238683122271377,Price ratios,6,6
Washed + ROC cross,bottom,2,6,0.0,,-3.0,100.0,0.0,-2.214231559424918,0.45816360516507065,-2.6723951645899886,0.6721337347744938,0.9329285821445799,-0.26079484737008607,1.2112409535559088,1.45301886114382,-0.24177790758791118,0.5025,-6.126966043158439,3.092978403063089,-9.219944446221529,High Beta / Low Vol,15.238683122271377,Price ratios,6,6
wRSI > 70,top,3,5,33.33333333333333,0.0,0.0,0.0,20.0,-1.3459544788047857,-0.11131263228276843,-1.2346418465220173,-1.1928659937781878,-0.21532685834511986,-0.9775391354330679,-2.9013352010214675,-0.3540024101472666,-2.5473327908742007,0.047,-4.055131459520401,-0.770410752524379,-3.284720706996022,Equal Wt / Cap Wt,7.000000000000001,Price ratios,5,4
Channel z > +1.5,top,10,5,20.0,5.0,1.0,33.33333333333333,20.0,-0.3272092323108055,-0.11131263228276843,-0.21589660002803707,-0.38717488689414714,-0.21532685834511986,-0.17184802854902728,-1.180417370690433,-0.3540024101472666,-0.8264149605431665,0.1285,-2.4453691602843755,-0.770410752524379,-1.6749584077599966,Equal Wt / Cap Wt,7.000000000000001,Price ratios,5,4
Channel z > +2.0,top,4,5,25.0,0.0,0.0,0.0,20.0,0.7076109565532118,-0.11131263228276843,0.8189235888359803,-0.7539818735483872,-0.21532685834511986,-0.5386550152032673,-2.10779659323744,-0.3540024101472666,-1.7537941830901735,0.082,-2.5208469190195926,-0.770410752524379,-1.7504361664952137,Equal Wt / Cap Wt,7.000000000000001,Price ratios,5,4
40w stretch z > +1.5,top,9,5,11.11111111111111,3.0,-1.0,50.0,20.0,-0.6507780880806587,-0.11131263228276843,-0.5394654557978903,-0.03898186832750905,-0.21532685834511986,0.1763449900176108,-1.2223631705542373,-0.3540024101472666,-0.8683607604069707,0.1555,-0.5823291111688851,-0.770410752524379,0.18808164135549388,Equal Wt / Cap Wt,7.000000000000001,Price ratios,5,4
Composite > +1.0,top,15,5,20.0,3.0,1.0,40.0,40.0,-0.8545135641894068,-0.11131263228276843,-0.7432009319066384,-0.8579201349543611,-0.21532685834511986,-0.6425932766092413,-1.6441493838095387,-0.3540024101472666,-1.2901469736622722,0.034,-2.4226991384624723,-0.770410752524379,-1.6522883859380935,Equal Wt / Cap Wt,7.000000000000001,Price ratios,5,4
Composite > +1.5,top,7,5,42.857142857142854,2.0,2.0,0.0,40.0,-0.5966494010093939,-0.11131263228276843,-0.48533676872662546,-0.36299439475708,-0.21532685834511986,-0.14766753641196015,-2.2966696478718833,-0.3540024101472666,-1.9426672377246168,0.0235,-3.8903712575848206,-0.770410752524379,-3.1199605050604418,Equal Wt / Cap Wt,7.000000000000001,Price ratios,5,4
13w ROC crosses < 0,top,25,5,4.0,11.0,-6.0,83.33333333333334,20.0,-0.43417203429434265,-0.11131263228276843,-0.3228594020115742,-0.6907860427158171,-0.21532685834511986,-0.47545918437069723,-0.5584702003192984,-0.3540024101472666,-0.20446779017203182,0.3285,-0.8297399388510133,-0.770410752524379,-0.05932918632663431,Equal Wt / Cap Wt,7.000000000000001,Price ratios,5,4
Ratio crosses < 40w MA,top,15,5,6.666666666666667,12.0,-7.5,75.0,20.0,0.16882263063719977,-0.11131263228276843,0.2801352629199682,-0.08852610914765904,-0.21532685834511986,0.12680074919746082,-0.19562561288317043,-0.3540024101472666,0.15837679726409615,0.582,-1.6615523265718515,-0.770410752524379,-0.8911415740474725,Equal Wt / Cap Wt,7.000000000000001,Price ratios,5,4
Extended + ROC cross,top,2,5,0.0,,-9.0,100.0,0.0,-3.2709367788260724,-0.11131263228276843,-3.159624146543304,-3.8092045751491996,-0.21532685834511986,-3.5938777168040796,-5.3798576433242316,-0.3540024101472666,-5.025855233176965,0.0055,-7.0833730907102765,-0.770410752524379,-6.312962338185898,Equal Wt / Cap Wt,7.000000000000001,Price ratios,5,4
wRSI < 30,bottom,17,4,17.647058823529413,0.0,0.0,0.0,50.0,0.07957943985624383,-0.11131263228276843,0.19089207213901227,0.12308662074185313,-0.21532685834511986,0.338413479086973,-0.03774351727344099,-0.3540024101472666,0.3162588928738256,0.3195,-1.535730322653654,-0.770410752524379,-0.7653195701292751,Equal Wt / Cap Wt,7.000000000000001,Price ratios,5,4
wRSI < 25,bottom,7,4,14.285714285714285,7.0,7.0,0.0,25.0,0.4313104873824985,-0.11131263228276843,0.5426231196652669,0.17245022348830905,-0.21532685834511986,0.3877770818334289,0.4113471671521002,-0.3540024101472666,0.7653495772993668,0.1885,-1.800150550266055,-0.770410752524379,-1.029739797741676,Equal Wt / Cap Wt,7.000000000000001,Price ratios,5,4
Channel z < -1.5,bottom,24,4,20.833333333333336,2.0,0.5,33.33333333333333,75.0,0.15498876234390732,-0.11131263228276843,0.26630139462667574,0.2645990390626847,-0.21532685834511986,0.47992589740780456,0.616023049819978,-0.3540024101472666,0.9700254599672447,0.0255,-0.025950587994509,-0.770410752524379,0.74446016452987,Equal Wt / Cap Wt,7.000000000000001,Price ratios,5,4
Channel z < -2.0,bottom,9,4,22.22222222222222,6.5,2.5,50.0,50.0,-0.16025512406054254,-0.11131263228276843,-0.048942491777774114,-0.3262836381630188,-0.21532685834511986,-0.11095677981789895,0.3377521696089353,-0.3540024101472666,0.6917545797562019,0.192,1.9292936410812405,-0.770410752524379,2.6997043936056193,Equal Wt / Cap Wt,7.000000000000001,Price ratios,5,4
40w stretch z < -1.5,bottom,17,4,29.411764705882355,2.0,1.0,20.0,75.0,-0.23563976670757447,-0.11131263228276843,-0.12432713442480604,-0.2149062896114116,-0.21532685834511986,0.00042056873370827086,-0.015257657633517444,-0.3540024101472666,0.33874475251374914,0.297,-0.8311200063879798,-0.770410752524379,-0.06070925386360082,Equal Wt / Cap Wt,7.000000000000001,Price ratios,5,4
Composite < -1.0,bottom,35,4,14.285714285714285,7.0,4.0,28.57142857142857,75.0,0.10409553432127223,-0.11131263228276843,0.21540816660404066,-0.13499207889974477,-0.21532685834511986,0.08033477944537509,-0.2090585194815493,-0.3540024101472666,0.14494389066571728,0.3725,-0.9813972096027709,-0.770410752524379,-0.21098645707839192,Equal Wt / Cap Wt,7.000000000000001,Price ratios,5,4
Composite < -1.5,bottom,20,4,25.0,2.0,1.0,20.0,75.0,-0.14224553414472146,-0.11131263228276843,-0.030932901861953035,0.016600828277369396,-0.21532685834511986,0.23192768662248925,0.30824702823803063,-0.3540024101472666,0.6622494383852973,0.1125,-0.5783785683457238,-0.770410752524379,0.1920321841786552,Equal Wt / Cap Wt,7.000000000000001,Price ratios,5,4
13w ROC crosses > 0,bottom,22,4,9.090909090909092,7.0,-4.5,75.0,25.0,-0.5315941163742304,-0.11131263228276843,-0.42028148409146193,-0.9958015043813927,-0.21532685834511986,-0.7804746460362728,-0.8159383162430827,-0.3540024101472666,-0.4619359060958161,0.814,-1.3886085012377156,-0.770410752524379,-0.6181977487133367,Equal Wt / Cap Wt,7.000000000000001,Price ratios,5,4
Ratio crosses > 40w MA,bottom,14,4,0.0,,-11.0,100.0,0.0,0.004383604509624764,-0.11131263228276843,0.11569623679239319,-0.22670398021370583,-0.21532685834511986,-0.011377121868585971,-0.8691250260316747,-0.3540024101472666,-0.5151226158844082,0.796,-1.4542626787524364,-0.770410752524379,-0.6838519262280575,Equal Wt / Cap Wt,7.000000000000001,Price ratios,5,4
Washed + ROC cross,bottom,5,4,40.0,7.0,-0.5,50.0,25.0,-1.3841391993776653,-0.11131263228276843,-1.2728265670948968,-2.2016159810214475,-0.21532685834511986,-1.9862891226763277,-1.8750569094359348,-0.3540024101472666,-1.5210544992886683,0.9125,-0.11883703678476465,-0.770410752524379,0.6515737157396143,Equal Wt / Cap Wt,7.000000000000001,Price ratios,5,4
wRSI > 70,top,5,11,100.0,3.0,3.0,0.0,36.36363636363637,-0.15553058413693144,-0.17723561818744243,0.021705034050510996,0.1417965232536119,-0.3481649747748522,0.4899614980284641,-1.287687171373706,-0.5728742282514273,-0.7148129431222786,0.3645,-5.688554172348972,-1.23103681071002,-4.457517361638953,Small / Large,7.959321702544902,Price ratios,11,10
wRSI > 75,top,2,11,100.0,7.0,7.0,0.0,9.090909090909092,2.3541496652645266,-0.17723561818744243,2.5313852834519692,0.08710206838778989,-0.3481649747748522,0.4352670431626421,-2.576328088010599,-0.5728742282514273,-2.003453859759172,0.2675,-7.716827938013837,-1.23103681071002,-6.485791127303816,Small / Large,7.959321702544902,Price ratios,11,10
Channel z > +1.5,top,14,11,42.857142857142854,5.0,3.0,40.0,36.36363636363637,-0.3729730893070335,-0.17723561818744243,-0.19573747111959106,-1.1787629438149942,-0.3481649747748522,-0.830597969040142,-2.2745316385277903,-0.5728742282514273,-1.701657410276363,0.096,-4.202063407048429,-1.23103681071002,-2.9710265963384086,Small / Large,7.959321702544902,Price ratios,11,10
Channel z > +2.0,top,9,11,66.66666666666666,3.0,2.0,14.285714285714285,36.36363636363637,-0.38285300533985983,-0.17723561818744243,-0.2056173871524174,-1.0486555269519604,-0.3481649747748522,-0.7004905521771082,-2.2951350063708396,-0.5728742282514273,-1.7222607781194124,0.1435,-6.339674620839204,-1.23103681071002,-5.108637810129183,Small / Large,7.959321702544902,Price ratios,11,10
40w stretch z > +1.5,top,15,11,53.333333333333336,3.0,2.0,11.11111111111111,54.54545454545454,0.00630711470428329,-0.17723561818744243,0.18354273289172574,-0.38228953553005607,-0.3481649747748522,-0.03412456075520387,0.13145606357403292,-0.5728742282514273,0.7043302918254603,0.7295,-2.726942124960825,-1.23103681071002,-1.495905314250805,Small / Large,7.959321702544902,Price ratios,11,10
Composite > +1.0,top,17,11,52.94117647058824,4.0,1.0,18.181818181818183,54.54545454545454,0.7806215709285935,-0.17723561818744243,0.9578571891160359,-0.0506490148716372,-0.3481649747748522,0.297515959903215,0.8763381161971653,-0.5728742282514273,1.4492123444485925,0.8785,-2.5572186195782414,-1.23103681071002,-1.3261818088682213,Small / Large,7.959321702544902,Price ratios,11,10
Composite > +1.5,top,9,11,66.66666666666666,5.5,5.5,0.0,36.36363636363637,0.3646928809271446,-0.17723561818744243,0.541928499114587,1.239862516355001,-0.3481649747748522,1.588027491129853,0.40878058560694924,-0.5728742282514273,0.9816548138583765,0.725,-3.4497902002272234,-1.23103681071002,-2.2187533895172034,Small / Large,7.959321702544902,Price ratios,11,10
13w ROC crosses < 0,top,28,11,21.428571428571427,7.0,-1.0,57.14285714285714,45.45454545454545,0.8429626737723672,-0.17723561818744243,1.0201982919598096,-0.3451836308704929,-0.3481649747748522,0.0029813439043592793,-0.5702376581592281,-0.5728742282514273,0.0026365700921991975,0.5265,-0.7074066252796981,-1.23103681071002,0.5236301854303219,Small / Large,7.959321702544902,Price ratios,11,10
Ratio crosses < 40w MA,top,17,11,11.76470588235294,8.0,-4.5,80.0,18.181818181818183,-1.0609763261298566,-0.17723561818744243,-0.8837407079424142,-0.2529292892295191,-0.3481649747748522,0.09523568554533307,-1.6724143243305458,-0.5728742282514273,-1.0995400960791186,0.181,-4.504039375430319,-1.23103681071002,-3.2730025647202994,Small / Large,7.959321702544902,Price ratios,11,10
Extended + ROC cross,top,6,11,16.666666666666664,6.0,-1.0,80.0,9.090909090909092,0.8455709537232329,-0.17723561818744243,1.0228065719106754,0.3049362447410349,-0.3481649747748522,0.6531012195158872,-0.8874287257267247,-0.5728742282514273,-0.3145544974752974,0.424,-2.387289644803352,-1.23103681071002,-1.156252834093332,Small / Large,7.959321702544902,Price ratios,11,10
Extended + MA cross,top,1,11,0.0,,-1.0,100.0,0.0,-0.41048734262933984,-0.17723561818744243,-0.2332517244418974,-1.6226275193927053,-0.3481649747748522,-1.2744625446178532,-2.151765348868706,-0.5728742282514273,-1.5788911206172789,0.348,-4.014292061988833,-1.23103681071002,-2.783255251278813,Small / Large,7.959321702544902,Price ratios,11,10
wRSI < 30,bottom,8,10,62.5,4.0,4.0,0.0,50.0,-0.19257702788845193,-0.17723561818744243,-0.0153414097010095,1.1327860700050487,-0.3481649747748522,1.4809510447799008,0.7103153505877411,-0.5728742282514273,1.2831895788391683,0.2195,-0.542109835619331,-1.23103681071002,0.688926975090689,Small / Large,7.959321702544902,Price ratios,11,10
wRSI < 25,bottom,2,10,100.0,1.5,1.5,0.0,20.0,1.5798373317814862,-0.17723561818744243,1.7570729499689286,2.3480742498261264,-0.3481649747748522,2.6962392246009785,2.7478173369873793,-0.5728742282514273,3.3206915652388065,0.134,4.10848028102595,-1.23103681071002,5.339517091735971,Small / Large,7.959321702544902,Price ratios,11,10
Channel z < -1.5,bottom,17,10,35.294117647058826,3.5,0.0,33.33333333333333,40.0,0.07064566426384263,-0.17723561818744243,0.24788128245128505,0.30705763638967104,-0.3481649747748522,0.6552226111645232,-0.5710962425195399,-0.5728742282514273,0.001777985731887366,0.4985,1.109018428740455,-1.23103681071002,2.340055239450475,Small / Large,7.959321702544902,Price ratios,11,10
Channel z < -2.0,bottom,8,10,25.0,4.5,0.0,50.0,20.0,-0.7701160267834044,-0.17723561818744243,-0.592880408595962,-0.7013479873030636,-0.3481649747748522,-0.3531830125282114,0.3627477261935421,-0.5728742282514273,0.9356219544449694,0.271,0.8928959890703346,-1.23103681071002,2.1239327997803548,Small / Large,7.959321702544902,Price ratios,11,10
40w stretch z < -1.5,bottom,8,10,37.5,3.0,1.5,25.0,30.0,0.42467322005403796,-0.17723561818744243,0.6019088382414803,0.8367431912712248,-0.3481649747748522,1.184908166046077,0.36687608067766386,-0.5728742282514273,0.9397503089290912,0.299,-0.4731615480582374,-1.23103681071002,0.7578752626517826,Small / Large,7.959321702544902,Price ratios,11,10
Composite < -1.0,bottom,27,10,33.33333333333333,6.0,3.0,35.714285714285715,60.0,-0.2776163732723429,-0.17723561818744243,-0.10038075508490046,-0.2482391483531676,-0.3481649747748522,0.0999258264216846,-0.21132150948641282,-0.5728742282514273,0.3615527187650145,0.359,0.29937289047917054,-1.23103681071002,1.5304097011891906,Small / Large,7.959321702544902,Price ratios,11,10
Composite < -1.5,bottom,14,10,42.857142857142854,3.5,1.5,25.0,60.0,0.6223912334725531,-0.17723561818744243,0.7996268516599956,0.9967486551190022,-0.3481649747748522,1.3449136298938544,0.3228593263914137,-0.5728742282514273,0.895733554642841,0.222,-0.6473761928910876,-1.23103681071002,0.5836606178189324,Small / Large,7.959321702544902,Price ratios,11,10
13w ROC crosses > 0,bottom,26,10,7.6923076923076925,6.5,-8.0,80.0,20.0,-0.42126090057314963,-0.17723561818744243,-0.2440252823857072,-1.4027489916226668,-0.3481649747748522,-1.0545840168478144,-1.7183309453232913,-0.5728742282514273,-1.145456717071864,0.886,-2.2140131536942547,-1.23103681071002,-0.9829763429842346,Small / Large,7.959321702544902,Price ratios,11,10
Ratio crosses > 40w MA,bottom,16,10,6.25,9.0,-4.0,75.0,10.0,-0.46526478007855665,-0.17723561818744243,-0.2880291618911142,0.17975450574425889,-0.3481649747748522,0.5279194805191111,-0.7448535271489348,-0.5728742282514273,-0.17197929889750752,0.5565,-1.1172187965219778,-1.23103681071002,0.11381801418804227,Small / Large,7.959321702544902,Price ratios,11,10
Washed + ROC cross,bottom,3,10,0.0,,-9.0,100.0,0.0,0.3269317928036937,-0.17723561818744243,0.5041674109911362,-0.7661237711591329,-0.3481649747748522,-0.4179587963842807,0.31049702764175774,-0.5728742282514273,0.883371255893185,0.3545,5.182647964414566,-1.23103681071002,6.413684775124587,Small / Large,7.959321702544902,Price ratios,11,10
wRSI > 70,top,5,14,40.0,2.0,0.0,33.33333333333333,14.285714285714285,-0.1808123902220494,0.08935198569187772,-0.2701643759139271,-2.3998397388573034,0.17762137524655264,-2.577461114103856,-2.105806558675045,0.22710374917325218,-2.3329103078482976,0.2145,-5.635681087694648,0.3490549248132782,-5.984736012507926,Cyclicals / Defensives,10.711565430333172,Price ratios,14,14
wRSI > 75,top,3,14,66.66666666666666,8.0,8.0,0.0,14.285714285714285,-1.6761317853300632,0.08935198569187772,-1.7654837710219409,-1.3584026593063792,0.17762137524655264,-1.536024034552932,-0.22126743317741152,0.22710374917325218,-0.4483711823506637,0.4365,-6.440741377994878,0.3490549248132782,-6.789796302808156,Cyclicals / Defensives,10.711565430333172,Price ratios,14,14
Channel z > +1.5,top,14,14,35.714285714285715,7.0,4.0,37.5,28.57142857142857,-0.45384038742493643,0.08935198569187772,-0.5431923731168141,-0.9773457717341972,0.17762137524655264,-1.1549671469807499,-0.25580404331576834,0.22710374917325218,-0.4829077924890205,0.367,-3.052884352627882,0.3490549248132782,-3.4019392774411603,Cyclicals / Defensives,10.711565430333172,Price ratios,14,14
Channel z > +2.0,top,6,14,66.66666666666666,2.5,1.0,20.0,21.428571428571427,-0.9629232375265714,0.08935198569187772,-1.0522752232184491,-2.4349727693701197,0.17762137524655264,-2.6125941446166725,-4.085884156366382,0.22710374917325218,-4.312987905539634,0.058,-6.8509982090911485,0.3490549248132782,-7.200053133904427,Cyclicals / Defensives,10.711565430333172,Price ratios,14,14
40w stretch z > +1.5,top,10,14,30.0,7.0,3.0,40.0,14.285714285714285,0.44373147369451527,0.08935198569187772,0.3543794880026375,1.9069423629011162,0.17762137524655264,1.7293209876545634,2.578065686526344,0.22710374917325218,2.3509619373530914,0.8765,1.3731180944612045,0.3490549248132782,1.0240631696479263,Cyclicals / Defensives,10.711565430333172,Price ratios,14,14
Composite > +1.0,top,21,14,38.095238095238095,5.5,4.0,20.0,42.857142857142854,-0.29380013965537755,0.08935198569187772,-0.3831521253472553,-0.055456682506610955,0.17762137524655264,-0.2330780577531636,-0.3499021436452881,0.22710374917325218,-0.5770058928185403,0.337,-1.4752721812595557,0.3490549248132782,-1.8243271060728339,Cyclicals / Defensives,10.711565430333172,Price ratios,14,14
Composite > +1.5,top,10,14,60.0,4.0,4.0,14.285714285714285,28.57142857142857,0.4652764992597236,0.08935198569187772,0.37592451356784584,0.4769319811905267,0.17762137524655264,0.2993106059439741,-0.9109238523499098,0.22710374917325218,-1.138027601523162,0.279,-4.147017394909949,0.3490549248132782,-4.496072319723227,Cyclicals / Defensives,10.711565430333172,Price ratios,14,14
13w ROC crosses < 0,top,26,14,15.384615384615385,12.0,-2.5,71.42857142857143,28.57142857142857,-0.35800895551276235,0.08935198569187772,-0.4473609412046401,-0.7900928113262272,0.17762137524655264,-0.9677141865727799,-0.8863941051310936,0.22710374917325218,-1.113497854304346,0.2035,-0.47449521080228274,0.3490549248132782,-0.823550135615561,Cyclicals / Defensives,10.711565430333172,Price ratios,14,14
Ratio crosses < 40w MA,top,15,14,6.666666666666667,4.0,-5.0,88.88888888888889,7.142857142857142,0.6719588866677192,0.08935198569187772,0.5826069009758414,1.0975094639178749,0.17762137524655264,0.9198880886713222,0.7600899495641792,0.22710374917325218,0.532986200390927,0.6285,2.0136117229057424,0.3490549248132782,1.6645567980924643,Cyclicals / Defensives,10.711565430333172,Price ratios,14,14
Extended + ROC cross,top,4,14,25.0,3.0,-1.0,66.66666666666666,7.142857142857142,0.36588419808172845,0.08935198569187772,0.2765322123898507,-1.4485087013563156,0.17762137524655264,-1.6261300766028683,-2.428810055776551,0.22710374917325218,-2.6559138049498032,0.217,-7.90626051028082,0.3490549248132782,-8.255315435094099,Cyclicals / Defensives,10.711565430333172,Price ratios,14,14
wRSI < 30,bottom,7,14,57.14285714285714,3.5,2.0,20.0,21.428571428571427,0.2332767347187821,0.08935198569187772,0.14392474902690439,-0.0772291486435966,0.17762137524655264,-0.2548505238901492,2.0520662841392823,0.22710374917325218,1.8249625349660301,0.237,-1.2025071241467502,0.3490549248132782,-1.5515620489600284,Cyclicals / Defensives,10.711565430333172,Price ratios,14,14
wRSI < 25,bottom,2,14,100.0,2.5,2.5,0.0,14.285714285714285,-2.3675389625698764,0.08935198569187772,-2.456890948261754,0.646426132326289,0.17762137524655264,0.46880475707973635,7.28199819299623,0.22710374917325218,7.054894443822978,0.062,1.9828803228378766,0.3490549248132782,1.6338253980245985,Cyclicals / Defensives,10.711565430333172,Price ratios,14,14
Channel z < -1.5,bottom,14,14,35.714285714285715,5.0,1.0,37.5,28.57142857142857,2.1732108879536054,0.08935198569187772,2.0838589022617278,1.4879619912226756,0.17762137524655264,1.310340615976123,3.4205657688232582,0.22710374917325218,3.193462019650006,0.0415,5.029756689586229,0.3490549248132782,4.680701764772951,Cyclicals / Defensives,10.711565430333172,Price ratios,14,14
Channel z < -2.0,bottom,4,14,75.0,2.0,1.0,25.0,21.428571428571427,-1.3123750544681045,0.08935198569187772,-1.4017270401599822,1.4018285168413525,0.17762137524655264,1.2242071415947997,3.3836306213208047,0.22710374917325218,3.1565268721475523,0.1835,2.3110137478456947,0.3490549248132782,1.9619588230324165,Cyclicals / Defensives,10.711565430333172,Price ratios,14,14
40w stretch z < -1.5,bottom,9,14,66.66666666666666,3.0,2.0,14.285714285714285,35.714285714285715,0.8686018561352994,0.08935198569187772,0.7792498704434216,1.0253751609037138,0.17762137524655264,0.8477537856571612,4.942757304095403,0.22710374917325218,4.715653554922151,0.013,1.1954428017874161,0.3490549248132782,0.846387876974138,Cyclicals / Defensives,10.711565430333172,Price ratios,14,14
Composite < -1.0,bottom,18,14,38.88888888888889,6.0,3.0,30.0,35.714285714285715,1.0315776259054918,0.08935198569187772,0.9422256402136141,-0.33372007734736653,0.17762137524655264,-0.5113414525939192,1.3602517221577388,0.22710374917325218,1.1331479729844867,0.2405,1.680776968648086,0.3490549248132782,1.3317220438348079,Cyclicals / Defensives,10.711565430333172,Price ratios,14,14
Composite < -1.5,bottom,12,14,58.333333333333336,1.0,1.0,12.5,35.714285714285715,2.159820801319609,0.08935198569187772,2.0704688156277316,0.6600243817595276,0.17762137524655264,0.48240300651297496,3.4840790432542668,0.22710374917325218,3.2569752940810144,0.04,0.0298995241628582,0.3490549248132782,-0.31915540065042003,Cyclicals / Defensives,10.711565430333172,Price ratios,14,14
13w ROC crosses > 0,bottom,26,14,19.230769230769234,8.0,-4.0,66.66666666666666,35.714285714285715,-0.25320611581304975,0.08935198569187772,-0.3425581015049275,-1.0446477870650193,0.17762137524655264,-1.222269162311572,0.2088666460912296,0.22710374917325218,-0.018237103082022588,0.502,-0.587638416074837,0.3490549248132782,-0.9366933408881153,Cyclicals / Defensives,10.711565430333172,Price ratios,14,14
Ratio crosses > 40w MA,bottom,16,14,18.75,6.0,-2.0,72.72727272727273,21.428571428571427,0.704971340192525,0.08935198569187772,0.6156193545006473,0.49159350618633657,0.17762137524655264,0.31397213093978393,1.5567224705518778,0.22710374917325218,1.3296187213786257,0.206,3.5684757810098504,0.3490549248132782,3.2194208561965723,Cyclicals / Defensives,10.711565430333172,Price ratios,14,14
Washed + ROC cross,bottom,3,14,0.0,,-10.5,100.0,0.0,-3.6001780579262324,0.08935198569187772,-3.68953004361811,-2.5752335271484497,0.17762137524655264,-2.7528549023950024,-2.742720650088067,0.22710374917325218,-2.9698243992613196,0.801,-5.211742186214418,0.3490549248132782,-5.560797111027696,Cyclicals / Defensives,10.711565430333172,Price ratios,14,14
Washed + MA cross,bottom,1,14,0.0,,,,0.0,1.927643981875149,0.08935198569187772,1.8382919961832713,4.643876470125186,0.17762137524655264,4.466255094878633,3.779850754735592,0.22710374917325218,3.5527470055623396,0.293,9.164541525915059,0.3490549248132782,8.81548660110178,Cyclicals / Defensives,10.711565430333172,Price ratios,14,14
wRSI > 70,top,9,8,22.22222222222222,7.0,7.0,0.0,12.5,0.6336269618392509,0.2467580372557523,0.38686892458349864,0.4972495045806727,0.48957889537579563,0.007670609204877055,-0.30851716699941134,0.7748447282332598,-1.0833618952326711,0.2175,1.3095310519379426,1.5668243807709412,-0.2572933288329986,Credit Risk Appetite,7.180039880623333,Price ratios,8,8
wRSI > 75,top,3,8,0.0,,,,0.0,0.20940121127764888,0.2467580372557523,-0.037356825978103414,0.4415420896944411,0.48957889537579563,-0.048036805681354544,0.4879735911457128,0.7748447282332598,-0.28687113708754697,0.3875,0.5764736544614679,1.5668243807709412,-0.9903507263094733,Credit Risk Appetite,7.180039880623333,Price ratios,8,8
Channel z > +1.5,top,3,8,0.0,,,,0.0,-1.3586165879126793,0.2467580372557523,-1.6053746251684315,-1.4348835693675213,0.48957889537579563,-1.9244624647433168,-1.6447271595084818,0.7748447282332598,-2.419571887741742,0.134,-0.6886870857396846,1.5668243807709412,-2.255511466510626,Credit Risk Appetite,7.180039880623333,Price ratios,8,8
40w stretch z > +1.5,top,7,8,0.0,,,,0.0,0.748157388168442,0.2467580372557523,0.5013993509126897,2.634018852349773,0.48957889537579563,2.1444399569739776,3.2964615904082413,0.7748447282332598,2.5216168621749815,0.959,4.433722403290468,1.5668243807709412,2.8668980225195266,Credit Risk Appetite,7.180039880623333,Price ratios,8,8
Composite > +1.0,top,26,8,11.538461538461538,3.0,3.0,0.0,25.0,-0.23948421845193352,0.2467580372557523,-0.4862422557076858,-0.054068467079836195,0.48957889537579563,-0.5436473624556318,0.41383244115955914,0.7748447282332598,-0.36101228707370064,0.3315,1.4837888181990353,1.5668243807709412,-0.08303556257190592,Credit Risk Appetite,7.180039880623333,Price ratios,8,8
Composite > +1.5,top,5,8,0.0,,,,0.0,0.8323286212597347,0.2467580372557523,0.5855705840039824,0.7061632416737074,0.48957889537579563,0.21658434629791173,0.1446710382248284,0.7748447282332598,-0.6301736900084314,0.315,1.4010006866798852,1.5668243807709412,-0.16582369409105602,Credit Risk Appetite,7.180039880623333,Price ratios,8,8
Monthly RSI > 70,top,12,8,16.666666666666664,5.0,1.0,33.33333333333333,12.5,0.6854368347752327,0.2467580372557523,0.43867879751948036,0.7878374704473057,0.48957889537579563,0.29825857507151005,1.3456686841049061,0.7748447282332598,0.5708239558716464,0.6735,2.6084123804401242,1.5668243807709412,1.041587999669183,Credit Risk Appetite,7.180039880623333,Price ratios,8,8
13w ROC crosses < 0,top,27,8,3.7037037037037033,12.0,-3.0,66.66666666666666,12.5,-0.023854901378563616,0.2467580372557523,-0.2706129386343159,0.30718644187100747,0.48957889537579563,-0.18239245350478817,0.8511717140835994,0.7748447282332598,0.07632698585033959,0.5285,1.4733028014157665,1.5668243807709412,-0.09352157935517469,Credit Risk Appetite,7.180039880623333,Price ratios,8,8
Ratio crosses < 40w MA,top,19,8,0.0,,-6.5,100.0,0.0,0.22976848646924128,0.2467580372557523,-0.016989550786511015,0.4526970724214311,0.48957889537579563,-0.03688182295436454,1.1326046738697895,0.7748447282332598,0.3577599456365297,0.6235,1.9468106383429962,1.5668243807709412,0.37998625757205495,Credit Risk Appetite,7.180039880623333,Price ratios,8,8
Extended + ROC cross,top,4,8,0.0,,,,0.0,-0.6694290748483267,0.2467580372557523,-0.916187112104079,-0.08326581116644971,0.48957889537579563,-0.5728447065422453,0.9888186540203958,0.7748447282332598,0.21397392578713603,0.497,2.2514558688295243,1.5668243807709412,0.6846314880585831,Credit Risk Appetite,7.180039880623333,Price ratios,8,8
wRSI < 30,bottom,5,8,60.0,0.0,0.0,0.0,37.5,2.005536735535973,0.2467580372557523,1.7587786982802205,2.6751411727221353,0.48957889537579563,2.1855622773463397,4.481181902349971,0.7748447282332598,3.7063371741167113,0.0145,4.558875991740945,1.5668243807709412,2.9920516109700035,Credit Risk Appetite,7.180039880623333,Price ratios,8,8
wRSI < 25,bottom,1,8,100.0,1.0,1.0,0.0,12.5,0.1973045199300305,0.2467580372557523,-0.049453517325721785,-3.089950864791846,0.48957889537579563,-3.5795297601676417,0.585766453696035,0.7748447282332598,-0.1890782745372248,0.566,3.523057986423961,1.5668243807709412,1.9562336056530196,Credit Risk Appetite,7.180039880623333,Price ratios,8,8
Channel z < -1.5,bottom,15,8,26.666666666666668,2.0,0.0,42.857142857142854,37.5,1.4563346122686531,0.2467580372557523,1.2095765750129008,1.326059807840512,0.48957889537579563,0.8364809124647163,2.7914756525198823,0.7748447282332598,2.0166309242866225,0.026,4.438121051962279,1.5668243807709412,2.8712966711913372,Credit Risk Appetite,7.180039880623333,Price ratios,8,8
Channel z < -2.0,bottom,8,8,50.0,2.0,0.5,33.33333333333333,37.5,1.0656448025428644,0.2467580372557523,0.8188867652871121,1.2336739468233797,0.48957889537579563,0.7440950514475841,3.339828125842062,0.7748447282332598,2.564983397608802,0.0315,5.409811130689196,1.5668243807709412,3.8429867499182544,Credit Risk Appetite,7.180039880623333,Price ratios,8,8
40w stretch z < -1.5,bottom,14,8,28.57142857142857,3.5,3.0,20.0,37.5,0.3600154758627215,0.2467580372557523,0.11325743860696919,1.2874853877386199,0.48957889537579563,0.7979064923628243,1.9595759779982451,0.7748447282332598,1.1847312497649853,0.1355,1.2071362085713215,1.5668243807709412,-0.3596881721996197,Credit Risk Appetite,7.180039880623333,Price ratios,8,8
Composite < -1.0,bottom,18,8,22.22222222222222,4.0,1.0,42.857142857142854,37.5,-0.38196743384363113,0.2467580372557523,-0.6287254710993835,0.988141333075396,0.48957889537579563,0.49856243769960035,0.8727913166344982,0.7748447282332598,0.09794658840123838,0.481,1.0621542787135292,1.5668243807709412,-0.504670102057412,Credit Risk Appetite,7.180039880623333,Price ratios,8,8
Composite < -1.5,bottom,12,8,33.33333333333333,2.0,1.0,20.0,37.5,1.7542348682751159,0.2467580372557523,1.5074768310193636,1.7207850217250797,0.48957889537579563,1.2312061263492842,3.1059018493821173,0.7748447282332598,2.3310571211488575,0.02,3.4390248825341114,1.5668243807709412,1.8722005017631702,Credit Risk Appetite,7.180039880623333,Price ratios,8,8
13w ROC crosses > 0,bottom,28,8,7.142857142857142,5.5,-4.0,60.0,25.0,-0.6904167392016387,0.2467580372557523,-0.937174776457391,-0.11168496058741227,0.48957889537579563,-0.6012638559632079,-0.0016883332162853173,0.7748447282332598,-0.7765330614495451,0.8395,1.507383855724559,1.5668243807709412,-0.05944052504638231,Credit Risk Appetite,7.180039880623333,Price ratios,8,8
Ratio crosses > 40w MA,bottom,19,8,5.263157894736842,6.0,-4.0,66.66666666666666,12.5,-0.8236320219474519,0.2467580372557523,-1.0703900592032043,-0.7786339416990219,0.48957889537579563,-1.2682128370748176,0.07562558878018272,0.7748447282332598,-0.6992191394530771,0.782,1.3576218905609843,1.5668243807709412,-0.20920249020995696,Credit Risk Appetite,7.180039880623333,Price ratios,8,8
Washed + ROC cross,bottom,5,8,20.0,6.0,-4.0,66.66666666666666,12.5,-2.6245926968442745,0.2467580372557523,-2.8713507341000266,-1.2678995778026467,0.48957889537579563,-1.7574784731784423,0.041013713132060925,0.7748447282332598,-0.7338310151011989,0.69,-0.09410604238059506,1.5668243807709412,-1.6609304231515363,Credit Risk Appetite,7.180039880623333,Price ratios,8,8
Washed + MA cross,bottom,2,8,0.0,,,,0.0,-0.1690992843448591,0.2467580372557523,-0.4158573216006114,0.9083043182694928,0.48957889537579563,0.41872542289369713,2.226423805380473,0.7748447282332598,1.4515790771472132,0.3225,3.1853934383521465,1.5668243807709412,1.6185690575812053,Credit Risk Appetite,7.180039880623333,Price ratios,8,8
wRSI > 70,top,5,7,0.0,,,,0.0,7.0099232050405105,-0.0210172594855812,7.030940464526092,3.7390302272234477,-0.11427226971292807,3.853302496936376,10.401196912043629,-0.20829227998989916,10.609489192033529,0.981,12.38283185894338,-0.771614364311663,13.154446223255043,Copper / Gold,18.31832064581428,Price ratios,7,7
wRSI > 75,top,3,7,0.0,,,,0.0,-0.8803433990495176,-0.0210172594855812,-0.8593261395639364,-1.7789304606841212,-0.11427226971292807,-1.664658190971193,-0.37327841184567134,-0.20829227998989916,-0.16498613185577218,0.5125,-2.815371390194688,-0.771614364311663,-2.043757025883025,Copper / Gold,18.31832064581428,Price ratios,7,7
Channel z > +1.5,top,14,7,28.57142857142857,7.0,4.0,20.0,28.57142857142857,-0.2729117810915652,-0.0210172594855812,-0.251894521605984,-0.0883769669216165,-0.11427226971292807,0.025895302791311567,-0.11780006763132948,-0.20829227998989916,0.09049221235856968,0.5325,-1.8858406851288618,-0.771614364311663,-1.114226320817199,Copper / Gold,18.31832064581428,Price ratios,7,7
Channel z > +2.0,top,6,7,50.0,0.0,0.0,0.0,28.57142857142857,-4.3433243535918615,-0.0210172594855812,-4.3223070941062804,-4.315891668204513,-0.11427226971292807,-4.201619398491585,-6.308899339815719,-0.20829227998989916,-6.10060705982582,0.091,-6.378679259481654,-0.771614364311663,-5.607064895169991,Copper / Gold,18.31832064581428,Price ratios,7,7
40w stretch z > +1.5,top,12,7,8.333333333333332,2.0,2.0,0.0,14.285714285714285,2.749231037662596,-0.0210172594855812,2.770248297148177,1.470831329408998,-0.11427226971292807,1.5851035991219262,3.921625052455423,-0.20829227998989916,4.129917332445322,0.902,5.791509037756021,-0.771614364311663,6.563123402067684,Copper / Gold,18.31832064581428,Price ratios,7,7
Composite > +1.0,top,17,7,23.52941176470588,4.5,4.5,0.0,42.857142857142854,1.0463440116136666,-0.0210172594855812,1.067361271099248,0.4313438889860296,-0.11427226971292807,0.5456161586989576,1.4891158616676992,-0.20829227998989916,1.6974081416575983,0.737,0.6897812620201661,-0.771614364311663,1.461395626331829,Copper / Gold,18.31832064581428,Price ratios,7,7
Composite > +1.5,top,13,7,30.76923076923077,0.0,0.0,0.0,42.857142857142854,-0.7344135101329344,-0.0210172594855812,-0.7133962506473532,-0.3502467553013868,-0.11427226971292807,-0.23597448558845874,0.737402901480273,-0.20829227998989916,0.9456951814701722,0.6455,-0.2774464039336394,-0.771614364311663,0.4941679603780236,Copper / Gold,18.31832064581428,Price ratios,7,7
Monthly RSI > 70,top,1,7,0.0,,,,0.0,-2.323181390452056,-0.0210172594855812,-2.302164130966475,-4.3648126619621035,-0.11427226971292807,-4.250540392249175,-2.627475581182004,-0.20829227998989916,-2.419183301192105,0.403,-2.7322060617456456,-0.771614364311663,-1.9605916974339825,Copper / Gold,18.31832064581428,Price ratios,7,7
13w ROC crosses < 0,top,25,7,12.0,9.0,-1.0,57.14285714285714,28.57142857142857,0.8009534283963156,-0.0210172594855812,0.8219706878818968,-1.0518182684393276,-0.11427226971292807,-0.9375459987263995,-1.5387956528339046,-0.20829227998989916,-1.3305033728440054,0.26,0.38792392887926397,-0.771614364311663,1.159538293190927,Copper / Gold,18.31832064581428,Price ratios,7,7
Ratio crosses < 40w MA,top,16,7,6.25,13.0,-3.0,80.0,14.285714285714285,-0.9212255444495692,-0.0210172594855812,-0.900208284963988,-1.9700603343528174,-0.11427226971292807,-1.8557880646398892,-2.4603643071742995,-0.20829227998989916,-2.2520720271844006,0.219,-7.681851795630537,-0.771614364311663,-6.910237431318874,Copper / Gold,18.31832064581428,Price ratios,7,7
Extended + ROC cross,top,5,7,20.0,11.0,5.0,50.0,14.285714285714285,-1.3386824660820917,-0.0210172594855812,-1.3176652065965104,-2.489607354566936,-0.11427226971292807,-2.375335084854008,-2.781597526459148,-0.20829227998989916,-2.573305246469249,0.331,-0.3122760389364765,-0.771614364311663,0.4593383253751865,Copper / Gold,18.31832064581428,Price ratios,7,7
Extended + MA cross,top,1,7,0.0,,-1.0,100.0,0.0,-0.8430239998954869,-0.0210172594855812,-0.8220067404099057,-5.032217013311502,-0.11427226971292807,-4.917944743598574,-3.9691338808790944,-0.20829227998989916,-3.7608416008891954,0.3475,-8.203901116881928,-0.771614364311663,-7.432286752570265,Copper / Gold,18.31832064581428,Price ratios,7,7
wRSI < 30,bottom,5,7,40.0,0.0,0.0,0.0,28.57142857142857,3.771371370009917,-0.0210172594855812,3.7923886294954983,2.3962539299913304,-0.11427226971292807,2.5105261997042585,4.038479062806252,-0.20829227998989916,4.246771342796151,0.1735,4.999747567921348,-0.771614364311663,5.771361932233011,Copper / Gold,18.31832064581428,Price ratios,7,7
wRSI < 25,bottom,1,7,0.0,,,,0.0,-6.171544846697019,-0.0210172594855812,-6.150527587211438,-2.6491666985441364,-0.11427226971292807,-2.5348944288312083,-1.4264586756809083,-0.20829227998989916,-1.2181663956910092,0.5275,-10.91955913624475,-0.771614364311663,-10.147944771933087,Copper / Gold,18.31832064581428,Price ratios,7,7
Channel z < -1.5,bottom,15,7,33.33333333333333,6.0,0.0,37.5,42.857142857142854,2.1556907058594827,-0.0210172594855812,2.176707965345064,1.0704927959899533,-0.11427226971292807,1.1847650657028814,2.955374283740419,-0.20829227998989916,3.163666563730318,0.1285,3.809768700267761,-0.771614364311663,4.581383064579424,Copper / Gold,18.31832064581428,Price ratios,7,7
Channel z < -2.0,bottom,7,7,42.857142857142854,6.0,0.0,40.0,28.57142857142857,2.7304033015542504,-0.0210172594855812,2.7514205610398315,2.109984762391853,-0.11427226971292807,2.224257032104781,3.1272650211172723,-0.20829227998989916,3.3355573011071713,0.2075,7.828700030029536,-0.771614364311663,8.600314394341199,Copper / Gold,18.31832064581428,Price ratios,7,7
40w stretch z < -1.5,bottom,9,7,33.33333333333333,8.0,4.0,25.0,28.57142857142857,-0.9869040123534967,-0.0210172594855812,-0.9658867528679155,-1.9714546964896273,-0.11427226971292807,-1.8571824267766992,0.8780264932335076,-0.20829227998989916,1.0863187732234068,0.3495,-4.037080476342488,-0.771614364311663,-3.2654661120308246,Copper / Gold,18.31832064581428,Price ratios,7,7
Composite < -1.0,bottom,22,7,27.27272727272727,4.0,2.0,33.33333333333333,57.14285714285714,1.0583823816085205,-0.0210172594855812,1.0793996410941018,2.204398692671814,-0.11427226971292807,2.318670962384742,1.1482874513469434,-0.20829227998989916,1.3565797313368426,0.273,2.07983917470986,-0.771614364311663,2.851453539021523,Copper / Gold,18.31832064581428,Price ratios,7,7
Composite < -1.5,bottom,11,7,36.36363636363637,5.5,1.5,33.33333333333333,42.857142857142854,-0.1718268346100227,-0.0210172594855812,-0.15080957512444151,0.3069646166808068,-0.11427226971292807,0.4212368863937349,3.2027704968776987,-0.20829227998989916,3.4110627768675976,0.1455,1.6730150349888313,-0.771614364311663,2.4446293993004944,Copper / Gold,18.31832064581428,Price ratios,7,7
13w ROC crosses > 0,bottom,27,7,3.7037037037037033,13.0,-7.0,80.0,14.285714285714285,-0.4670270224343574,-0.0210172594855812,-0.4460097629487762,-0.7327357962086586,-0.11427226971292807,-0.6184635264957306,-2.756936701493722,-0.20829227998989916,-2.548644421503823,0.89,-2.736552000646434,-0.771614364311663,-1.964937636334771,Copper / Gold,18.31832064581428,Price ratios,7,7
Ratio crosses > 40w MA,bottom,17,7,5.88235294117647,12.0,-4.0,66.66666666666666,14.285714285714285,-2.903533243073789,-0.0210172594855812,-2.882515983588208,-3.8373946039574025,-0.11427226971292807,-3.7231223342444744,-3.289122760981769,-0.20829227998989916,-3.08083048099187,0.888,-8.600152843632362,-0.771614364311663,-7.828538479320699,Copper / Gold,18.31832064581428,Price ratios,7,7
Washed + ROC cross,bottom,4,7,25.0,13.0,13.0,0.0,14.285714285714285,2.4807711649086794,-0.0210172594855812,2.5017884243942605,-2.506854553297239,-0.11427226971292807,-2.3925822835843107,-6.131526589255956,-0.20829227998989916,-5.923234309266057,0.883,2.6224807420184155,-0.771614364311663,3.3940951063300786,Copper / Gold,18.31832064581428,Price ratios,7,7
wRSI > 70,top,5,10,80.0,3.0,3.0,0.0,30.0,-1.4367608725936456,-0.5174751809401325,-0.9192856916535131,3.176389600119549,-1.0338533658677713,4.21024296598732,-3.9332805458224613,-1.6991793034893992,-2.234101242333062,0.371,2.454392254700678,-3.3486671137525734,5.803059368453251,Energy vs Tech (US),18.29685492031743,Price ratios,10,10
wRSI > 75,top,3,10,66.66666666666666,3.5,3.5,0.0,20.0,12.487290186190963,-0.5174751809401325,13.004765367131096,-1.6820577814593705,-1.0338533658677713,-0.6482044155915991,-0.5927705616753217,-1.6991793034893992,1.1064087418140773,0.5995,6.698820435047374,-3.3486671137525734,10.047487548799946,Energy vs Tech (US),18.29685492031743,Price ratios,10,10
Channel z > +1.5,top,10,10,30.0,6.0,-2.0,60.0,20.0,3.5940360734697263,-0.5174751809401325,4.111511254409859,3.423700197405084,-1.0338533658677713,4.457553563272855,7.908172670045394,-1.6991793034893992,9.607351973534794,0.985,12.79508346884285,-3.3486671137525734,16.143750582595423,Energy vs Tech (US),18.29685492031743,Price ratios,10,10
Channel z > +2.0,top,7,10,57.14285714285714,7.5,3.5,33.33333333333333,20.0,2.003930279112319,-0.5174751809401325,2.5214054600524514,7.149608392796476,-1.0338533658677713,8.183461758664247,7.78704686764412,-1.6991793034893992,9.48622617113352,0.957,8.537987251675926,-3.3486671137525734,11.886654365428498,Energy vs Tech (US),18.29685492031743,Price ratios,10,10
40w stretch z > +1.5,top,12,10,41.66666666666667,7.0,5.0,28.57142857142857,30.0,-1.176286911674531,-0.5174751809401325,-0.6588117307343985,3.7362808960148315,-1.0338533658677713,4.770134261882603,-2.7780888007208286,-1.6991793034893992,-1.0789094972314295,0.401,-2.2662794152104273,-3.3486671137525734,1.0823876985421461,Energy vs Tech (US),18.29685492031743,Price ratios,10,10
Composite > +1.0,top,15,10,40.0,4.0,1.0,33.33333333333333,40.0,0.4335620830633225,-0.5174751809401325,0.951037264003455,0.635081471570975,-1.0338533658677713,1.6689348374387465,-0.28248042338501494,-1.6991793034893992,1.4166988801043843,0.6675,2.0170966379543223,-3.3486671137525734,5.365763751706895,Energy vs Tech (US),18.29685492031743,Price ratios,10,10
Composite > +1.5,top,9,10,55.55555555555556,5.0,2.0,37.5,40.0,1.5331795522202232,-0.5174751809401325,2.0506547331603557,0.9463370562050836,-1.0338533658677713,1.9801904220728548,-0.2574827430986326,-1.6991793034893992,1.4416965603907665,0.657,4.374340108106858,-3.3486671137525734,7.723007221859431,Energy vs Tech (US),18.29685492031743,Price ratios,10,10
Monthly RSI > 70,top,1,10,0.0,,-9.0,100.0,0.0,-13.627159526414923,-0.5174751809401325,-13.10968434547479,-11.301116254288113,-1.0338533658677713,-10.26726288842034,-18.1265719437401,-1.6991793034893992,-16.4273926402507,0.076,-31.774798836318098,-3.3486671137525734,-28.426131722565525,Energy vs Tech (US),18.29685492031743,Price ratios,10,10
13w ROC crosses < 0,top,21,10,4.761904761904762,9.0,-6.0,88.88888888888889,10.0,-1.706657469659371,-0.5174751809401325,-1.1891822887192385,-1.6537530501615056,-1.0338533658677713,-0.6198996842937343,-2.058507630548577,-1.6991793034893992,-0.35932832705917783,0.4695,-2.9133035378460765,-3.3486671137525734,0.4353635759064969,Energy vs Tech (US),18.29685492031743,Price ratios,10,10
Ratio crosses < 40w MA,top,17,10,5.88235294117647,11.0,-3.0,83.33333333333334,10.0,-2.0197188325587905,-0.5174751809401325,-1.5022436516186581,-4.082504926733453,-1.0338533658677713,-3.0486515608656815,0.3078357106072038,-1.6991793034893992,2.007015014096603,0.739,-0.734566310296785,-3.3486671137525734,2.6141008034557887,Energy vs Tech (US),18.29685492031743,Price ratios,10,10
Extended + ROC cross,top,3,10,0.0,,-11.0,100.0,0.0,-6.434073549939282,-0.5174751809401325,-5.91659836899915,-9.06506284515997,-1.0338533658677713,-8.031209479292198,-1.596751227365914,-1.6991793034893992,0.10242807612348526,0.5385,-2.961497389419866,-3.3486671137525734,0.38716972433270724,Energy vs Tech (US),18.29685492031743,Price ratios,10,10
Extended + MA cross,top,1,10,0.0,,,,0.0,-0.4122281089358082,-0.5174751809401325,0.10524707200432426,-3.150690886059071,-1.0338533658677713,-2.1168375201912997,-5.848426485043234,-1.6991793034893992,-4.149247181553835,0.3845,-6.100691353591603,-3.3486671137525734,-2.75202423983903,Energy vs Tech (US),18.29685492031743,Price ratios,10,10
wRSI < 30,bottom,18,10,22.22222222222222,4.5,1.0,20.0,20.0,0.8867088374183998,-0.5174751809401325,1.4041840183585323,-4.0792413775745215,-1.0338533658677713,-3.04538801170675,-4.7547580580821664,-1.6991793034893992,-3.0555787545927675,0.833,-7.258926571908069,-3.3486671137525734,-3.9102594581554957,Energy vs Tech (US),18.29685492031743,Price ratios,10,10
wRSI < 25,bottom,6,10,33.33333333333333,4.0,4.0,0.0,10.0,-0.14991537118131015,-0.5174751809401325,0.3675598097588223,-5.53857264996482,-1.0338533658677713,-4.504719284097049,-6.835602381370943,-1.6991793034893992,-5.136423077881544,0.815,-18.17654031246462,-3.3486671137525734,-14.827873198712048,Energy vs Tech (US),18.29685492031743,Price ratios,10,10
Channel z < -1.5,bottom,20,10,25.0,3.0,0.0,28.57142857142857,40.0,1.2696211429831235,-0.5174751809401325,1.7870963239232558,-3.4257558085021538,-1.0338533658677713,-2.3919024426343825,-2.8702405707982077,-1.6991793034893992,-1.1710612673088086,0.6265,-5.506968875395497,-3.3486671137525734,-2.1583017616429236,Energy vs Tech (US),18.29685492031743,Price ratios,10,10
Channel z < -2.0,bottom,13,10,30.76923076923077,4.5,1.0,20.0,20.0,0.678848800027249,-0.5174751809401325,1.1963239809673816,-5.390617816138077,-1.0338533658677713,-4.356764450270306,-5.966673318653914,-1.6991793034893992,-4.267494015164515,0.878,-5.368973760357853,-3.3486671137525734,-2.0203066466052793,Energy vs Tech (US),18.29685492031743,Price ratios,10,10
40w stretch z < -1.5,bottom,12,10,33.33333333333333,4.0,0.0,20.0,20.0,3.125160723572234,-0.5174751809401325,3.642635904512366,-2.8890638998339817,-1.0338533658677713,-1.8552105339662104,-1.7597481794526828,-1.6991793034893992,-0.06056887596328364,0.481,-1.6728966572434392,-3.3486671137525734,1.6757704565091343,Energy vs Tech (US),18.29685492031743,Price ratios,10,10
Composite < -1.0,bottom,31,10,22.58064516129032,3.0,1.0,22.22222222222222,60.0,0.40109420771953125,-0.5174751809401325,0.9185693886596638,-2.355242884188244,-1.0338533658677713,-1.3213895183204727,-2.4916790936054607,-1.6991793034893992,-0.7924997901160615,0.623,-4.792861306309544,-3.3486671137525734,-1.4441941925569708,Energy vs Tech (US),18.29685492031743,Price ratios,10,10
Composite < -1.5,bottom,17,10,23.52941176470588,4.5,1.0,20.0,20.0,0.6897332948482005,-0.5174751809401325,1.2072084757883328,-4.300277145382462,-1.0338533658677713,-3.2664237795146907,-4.715773748607099,-1.6991793034893992,-3.0165944451177005,0.816,-8.955079793193349,-3.3486671137525734,-5.606412679440775,Energy vs Tech (US),18.29685492031743,Price ratios,10,10
13w ROC crosses > 0,bottom,21,10,14.285714285714285,5.0,-7.0,72.72727272727273,30.0,-1.4355443104282462,-0.5174751809401325,-0.9180691294881137,-0.14945550720747888,-1.0338533658677713,0.8843978586602924,0.5842062217102371,-1.6991793034893992,2.2833855251996362,0.2145,-2.561118512669732,-3.3486671137525734,0.7875486010828414,Energy vs Tech (US),18.29685492031743,Price ratios,10,10
Ratio crosses > 40w MA,bottom,18,10,0.0,,-9.5,100.0,0.0,1.8809544708098942,-0.5174751809401325,2.3984296517500265,-0.7330631677110685,-1.0338533658677713,0.3007901981567028,-1.4970710000328031,-1.6991793034893992,0.20210830345659603,0.455,-1.9795938478623152,-3.3486671137525734,1.3690732658902582,Energy vs Tech (US),18.29685492031743,Price ratios,10,10
Washed + ROC cross,bottom,4,10,0.0,,-12.0,100.0,0.0,-2.4133219704339908,-0.5174751809401325,-1.8958467894938584,-6.439939740985768,-1.0338533658677713,-5.406086375117996,-8.9405886887716,-1.6991793034893992,-7.241409385282201,0.8625,-10.574872159312296,-3.3486671137525734,-7.226205045559722,Energy vs Tech (US),18.29685492031743,Price ratios,10,10
wRSI > 70,top,6,10,66.66666666666666,7.0,7.0,0.0,30.0,4.130047888636694,-0.11315234200470486,4.243200230641399,15.424832280716208,-0.17002211451939378,15.594854395235602,18.17125427876179,-0.07199531306963165,18.24324959183142,0.9705,18.165559872170707,0.7140630492525082,17.451496822918198,Energy vs Tech (CDN),26.400291677590793,Price ratios,10,9
wRSI > 75,top,4,10,50.0,6.0,6.0,0.0,20.0,10.68964042709419,-0.11315234200470486,10.802792769098895,19.45797002158148,-0.17002211451939378,19.627992136100875,30.830004132094764,-0.07199531306963165,30.901999445164396,0.9905,31.226540706518506,0.7140630492525082,30.512477657265997,Energy vs Tech (CDN),26.400291677590793,Price ratios,10,9
Channel z > +1.5,top,13,10,46.15384615384615,4.5,2.5,40.0,40.0,1.6029040093778018,-0.11315234200470486,1.7160563513825067,6.810644532112111,-0.17002211451939378,6.980666646631504,9.459925543247833,-0.07199531306963165,9.531920856317464,0.9485,28.337595434234856,0.7140630492525082,27.623532384982347,Energy vs Tech (CDN),26.400291677590793,Price ratios,10,9
Channel z > +2.0,top,9,10,55.55555555555556,4.0,2.0,16.666666666666664,30.0,3.7625885578098632,-0.11315234200470486,3.875740899814568,12.40057397096647,-0.17002211451939378,12.570596085485864,19.286925267051103,-0.07199531306963165,19.358920580120735,0.991,38.4676474237431,0.7140630492525082,37.75358437449059,Energy vs Tech (CDN),26.400291677590793,Price ratios,10,9
40w stretch z > +1.5,top,15,10,40.0,5.0,3.0,14.285714285714285,40.0,5.656314735780765,-0.11315234200470486,5.76946707778547,11.189066209033161,-0.17002211451939378,11.359088323552555,11.928407982894676,-0.07199531306963165,12.000403295964308,0.982,24.605164206392317,0.7140630492525082,23.891101157139808,Energy vs Tech (CDN),26.400291677590793,Price ratios,10,9
Composite > +1.0,top,21,10,47.61904761904761,6.5,4.0,23.076923076923077,50.0,-1.508003270576374,-0.11315234200470486,-1.394850928571669,6.199300874336897,-0.17002211451939378,6.369322988856291,6.326883006434487,-0.07199531306963165,6.398878319504119,0.918,20.367889245436807,0.7140630492525082,19.653826196184298,Energy vs Tech (CDN),26.400291677590793,Price ratios,10,9
Composite > +1.5,top,10,10,60.0,3.5,3.5,0.0,40.0,5.455454806496737,-0.11315234200470486,5.568607148501442,12.914939080628816,-0.17002211451939378,13.08496119514821,18.031808598893715,-0.07199531306963165,18.103803911963347,0.9955,37.51400351204904,0.7140630492525082,36.79994046279653,Energy vs Tech (CDN),26.400291677590793,Price ratios,10,9
Monthly RSI > 70,top,6,10,66.66666666666666,5.5,1.0,33.33333333333333,20.0,-5.42624292653031,-0.11315234200470486,-5.313090584525605,-2.432065938534597,-0.17002211451939378,-2.262043824015203,-7.996076192086008,-0.07199531306963165,-7.924080879016376,0.1485,-10.622766759466467,0.7140630492525082,-11.336829808718974,Energy vs Tech (CDN),26.400291677590793,Price ratios,10,9
13w ROC crosses < 0,top,25,10,8.0,9.0,-5.5,80.0,20.0,-2.2035282108546173,-0.11315234200470486,-2.0903758688499123,-2.0116547248058234,-0.17002211451939378,-1.8416326102864295,-1.449711163307266,-0.07199531306963165,-1.3777158502376343,0.38,-4.324833051696551,0.7140630492525082,-5.038896100949059,Energy vs Tech (CDN),26.400291677590793,Price ratios,10,9
Ratio crosses < 40w MA,top,16,10,12.5,10.0,-5.0,71.42857142857143,20.0,-1.774202596212528,-0.11315234200470486,-1.6610502542078232,0.514584818522376,-0.17002211451939378,0.6846069330417698,3.1252207581142475,-0.07199531306963165,3.1972160711838793,0.738,7.899428046053286,0.7140630492525082,7.185364996800778,Energy vs Tech (CDN),26.400291677590793,Price ratios,10,9
Extended + ROC cross,top,3,10,0.0,,-7.5,100.0,0.0,-0.30042103130626074,-0.11315234200470486,-0.18726868930155588,10.746241601566735,-0.17002211451939378,10.91626371608613,16.73962020298825,-0.07199531306963165,16.81161551605788,0.884,11.37812043196529,0.7140630492525082,10.66405738271278,Energy vs Tech (CDN),26.400291677590793,Price ratios,10,9
Extended + MA cross,top,1,10,0.0,,,,0.0,-7.9243073135538245,-0.11315234200470486,-7.8111549715491195,1.9382307842857438,-0.17002211451939378,2.1082528988051377,-18.49759634284259,-0.07199531306963165,-18.42560102977296,0.1225,-7.35244104053262,0.7140630492525082,-8.066504089785127,Energy vs Tech (CDN),26.400291677590793,Price ratios,10,9
wRSI < 30,bottom,12,9,16.666666666666664,3.5,3.5,0.0,22.22222222222222,-2.931237244212607,-0.11315234200470486,-2.818084902207902,-5.900029496048273,-0.17002211451939378,-5.730007381528879,-2.4114565246069395,-0.07199531306963165,-2.3394612115373077,0.628,-11.026220158757889,0.7140630492525082,-11.740283208010396,Energy vs Tech (CDN),26.400291677590793,Price ratios,10,9
wRSI < 25,bottom,4,9,25.0,2.0,2.0,0.0,11.11111111111111,-2.270191897820875,-0.11315234200470486,-2.15703955581617,-1.111772092078947,-0.17002211451939378,-0.9417499775595531,-3.4591519399232116,-0.07199531306963165,-3.3871566268535798,0.582,-9.848482578307323,0.7140630492525082,-10.562545627559832,Energy vs Tech (CDN),26.400291677590793,Price ratios,10,9
Channel z < -1.5,bottom,20,9,25.0,7.0,2.5,37.5,33.33333333333333,-1.5854908057734318,-0.11315234200470486,-1.472338463768727,-3.3683545769324406,-0.17002211451939378,-3.1983324624130467,-4.957306158749238,-0.07199531306963165,-4.885310845679606,0.8545,-5.442165358756229,0.7140630492525082,-6.1562284080087375,Energy vs Tech (CDN),26.400291677590793,Price ratios,10,9
Channel z < -2.0,bottom,13,9,30.76923076923077,5.5,3.0,33.33333333333333,33.33333333333333,-6.980275484087851,-0.11315234200470486,-6.8671231420831464,-5.227208256642958,-0.17002211451939378,-5.057186142123564,-7.985240041252771,-0.07199531306963165,-7.913244728183139,0.9305,-9.215267015022706,0.7140630492525082,-9.929330064275213,Energy vs Tech (CDN),26.400291677590793,Price ratios,10,9
40w stretch z < -1.5,bottom,10,9,10.0,3.0,-5.0,66.66666666666666,11.11111111111111,-4.863414221470743,-0.11315234200470486,-4.750261879466038,-8.287680122863538,-0.17002211451939378,-8.117658008344144,-11.408598317341278,-0.07199531306963165,-11.336603004271646,0.973,-20.404921871611464,0.7140630492525082,-21.118984920863973,Energy vs Tech (CDN),26.400291677590793,Price ratios,10,9
Composite < -1.0,bottom,27,9,25.925925925925924,4.0,2.0,22.22222222222222,44.44444444444444,-0.1892739188012158,-0.11315234200470486,-0.07612157679651094,-2.4773041680060754,-0.17002211451939378,-2.3072820534866816,-4.177089960539893,-0.07199531306963165,-4.105094647470261,0.864,-4.799432663917485,0.7140630492525082,-5.513495713169993,Energy vs Tech (CDN),26.400291677590793,Price ratios,10,9
Composite < -1.5,bottom,16,9,25.0,5.5,2.5,33.33333333333333,33.33333333333333,-3.0491317747663906,-0.11315234200470486,-2.9359794327616857,-1.6857507458961438,-0.17002211451939378,-1.51572863137675,-4.642576387370094,-0.07199531306963165,-4.5705810743004625,0.814,-5.984660099016565,0.7140630492525082,-6.698723148269073,Energy vs Tech (CDN),26.400291677590793,Price ratios,10,9
13w ROC crosses > 0,bottom,29,9,17.24137931034483,7.0,-6.0,61.53846153846154,55.55555555555556,-1.9972010219253995,-0.11315234200470486,-1.8840486799206946,-0.904747241244333,-0.17002211451939378,-0.7347251267249393,-2.705568790445781,-0.07199531306963165,-2.633573477376149,0.746,-3.573048347766789,0.7140630492525082,-4.287111397019297,Energy vs Tech (CDN),26.400291677590793,Price ratios,10,9
Ratio crosses > 40w MA,bottom,15,9,6.666666666666667,5.0,-8.0,85.71428571428571,11.11111111111111,0.04793920361229098,-0.11315234200470486,0.16109154561699585,0.8336117037985399,-0.17002211451939378,1.0036338183179336,1.404639867584816,-0.07199531306963165,1.4766351806544475,0.3765,11.080924449320106,0.7140630492525082,10.366861400067599,Energy vs Tech (CDN),26.400291677590793,Price ratios,10,9
Washed + ROC cross,bottom,6,9,16.666666666666664,7.0,-7.0,66.66666666666666,11.11111111111111,-3.3760537594499715,-0.11315234200470486,-3.2629014174452666,-1.9324993690378671,-0.17002211451939378,-1.7624772545184733,-5.19246876825627,-0.07199531306963165,-5.120473455186638,0.736,-11.626587649403575,0.7140630492525082,-12.340650698656084,Energy vs Tech (CDN),26.400291677590793,Price ratios,10,9
wRSI > 70,top,5,10,80.0,2.0,2.0,0.0,30.0,-5.713268816090185,-0.8519844818843931,-4.861284334205791,-7.367024107533571,-1.7168715033828241,-5.6501526041507475,-3.542042738725402,-2.9043584818396746,-0.6376842568857275,0.497,4.354743798770022,-5.677346385974756,10.032090184744778,Energy vs Semis,20.97541528500728,Price ratios,10,10
wRSI > 75,top,2,10,50.0,0.0,0.0,0.0,10.0,-6.875058478943508,-0.8519844818843931,-6.0230739970591145,-5.714132110764791,-1.7168715033828241,-3.997260607381967,10.859331607417827,-2.9043584818396746,13.763690089257501,0.9235,15.117975736329019,-5.677346385974756,20.795322122303773,Energy vs Semis,20.97541528500728,Price ratios,10,10
Channel z > +1.5,top,12,10,41.66666666666667,7.0,1.0,44.44444444444444,30.0,1.0437097228550745,-0.8519844818843931,1.8956942047394676,3.366629319437944,-1.7168715033828241,5.083500822820769,2.5566104926269406,-2.9043584818396746,5.460968974466615,0.903,0.8985191001637052,-5.677346385974756,6.575865486138461,Energy vs Semis,20.97541528500728,Price ratios,10,10
Channel z > +2.0,top,11,10,45.45454545454545,3.0,1.0,37.5,30.0,-0.21100445031348192,-0.8519844818843931,0.6409800315709112,3.067241870821019,-1.7168715033828241,4.784113374203843,1.5297710795659933,-2.9043584818396746,4.434129561405668,0.8535,-0.3056706223329897,-5.677346385974756,5.3716757636417665,Energy vs Semis,20.97541528500728,Price ratios,10,10
40w stretch z > +1.5,top,14,10,50.0,3.0,2.0,12.5,60.0,0.3837366785105673,-0.8519844818843931,1.2357211603949605,-4.352007072423823,-1.7168715033828241,-2.6351355690409988,-3.858181178995008,-2.9043584818396746,-0.9538226971553332,0.404,2.1713224057694416,-5.677346385974756,7.848668791744197,Energy vs Semis,20.97541528500728,Price ratios,10,10
Composite > +1.0,top,18,10,38.88888888888889,3.0,-1.0,53.84615384615385,60.0,-2.0950713590660532,-0.8519844818843931,-1.24308687718166,-1.9425388632532037,-1.7168715033828241,-0.22566735987037956,-2.728005022782839,-2.9043584818396746,0.17635345905683542,0.5235,1.7158449134767464,-5.677346385974756,7.3931912994515026,Energy vs Semis,20.97541528500728,Price ratios,10,10
Composite > +1.5,top,10,10,70.0,2.0,2.0,0.0,50.0,-1.569475428786862,-0.8519844818843931,-0.7174909469024688,-2.1920299555103435,-1.7168715033828241,-0.4751584521275194,-0.4954465763312861,-2.9043584818396746,2.4089119055083885,0.723,5.839820677386451,-5.677346385974756,11.517167063361207,Energy vs Semis,20.97541528500728,Price ratios,10,10
Monthly RSI > 70,top,1,10,100.0,0.0,0.0,0.0,10.0,-15.545815720866152,-0.8519844818843931,-14.693831238981758,-9.856929417307436,-1.7168715033828241,-8.140057913924611,-27.779551742527197,-2.9043584818396746,-24.87519326068752,0.0325,-31.843649608211145,-5.677346385974756,-26.166303222236387,Energy vs Semis,20.97541528500728,Price ratios,10,10
13w ROC crosses < 0,top,24,10,25.0,8.5,-3.0,60.0,50.0,-0.02638365699148563,-0.8519844818843931,0.8256008248929075,-2.7489731206136865,-1.7168715033828241,-1.0321016172308624,-2.159085923912157,-2.9043584818396746,0.7452725579275175,0.612,-3.6889798187685083,-5.677346385974756,1.9883665672062478,Energy vs Semis,20.97541528500728,Price ratios,10,10
Ratio crosses < 40w MA,top,13,10,15.384615384615385,8.0,-4.0,77.77777777777779,20.0,-3.2203069569904623,-0.8519844818843931,-2.368322475106069,-5.651820747689939,-1.7168715033828241,-3.934949244307115,-2.2950151714659803,-2.9043584818396746,0.6093433103736943,0.57,1.5851414812490783,-5.677346385974756,7.262487867223834,Energy vs Semis,20.97541528500728,Price ratios,10,10
Extended + ROC cross,top,6,10,50.0,8.0,-2.0,50.0,20.0,0.7117388135172718,-0.8519844818843931,1.5637232954016649,3.7350581002513685,-1.7168715033828241,5.451929603634193,3.4016662592563676,-2.9043584818396746,6.306024741096042,0.8675,-6.890074902234937,-5.677346385974756,-1.2127285162601806,Energy vs Semis,20.97541528500728,Price ratios,10,10
Extended + MA cross,top,4,10,0.0,,-7.0,100.0,0.0,-3.2853126530674155,-0.8519844818843931,-2.4333281711830224,-7.005246805987264,-1.7168715033828241,-5.2883753026044396,6.435085320690454,-2.9043584818396746,9.339443802530129,0.8965,18.53718884547704,-5.677346385974756,24.214535231451798,Energy vs Semis,20.97541528500728,Price ratios,10,10
wRSI < 30,bottom,18,10,22.22222222222222,6.0,6.0,0.0,30.0,-1.4989465260809647,-0.8519844818843931,-0.6469620441965716,-2.3539805328792345,-1.7168715033828241,-0.6371090294964104,-7.041285044080402,-2.9043584818396746,-4.136926562240728,0.9,-12.685552559592992,-5.677346385974756,-7.008206173618236,Energy vs Semis,20.97541528500728,Price ratios,10,10
wRSI < 25,bottom,5,10,20.0,6.0,6.0,0.0,10.0,-3.5353976364305417,-0.8519844818843931,-2.6834131545461486,-7.088698970882722,-1.7168715033828241,-5.371827467499898,-9.986350209942515,-2.9043584818396746,-7.081991728102841,0.867,-15.335951302898433,-5.677346385974756,-9.658604916923677,Energy vs Semis,20.97541528500728,Price ratios,10,10
Channel z < -1.5,bottom,23,10,21.73913043478261,6.0,4.0,16.666666666666664,40.0,-0.20032859967554523,-0.8519844818843931,0.6516558822088478,-3.268108020481612,-1.7168715033828241,-1.551236517098788,-4.269176475570408,-2.9043584818396746,-1.3648179937307332,0.693,-9.97617632217889,-5.677346385974756,-4.298829936204134,Energy vs Semis,20.97541528500728,Price ratios,10,10
Channel z < -2.0,bottom,11,10,18.181818181818183,5.0,5.0,0.0,10.0,-0.7038350396040163,-0.8519844818843931,0.14814944228037685,-4.766106774008032,-1.7168715033828241,-3.0492352706252075,-7.108484092424283,-2.9043584818396746,-4.204125610584608,0.8365,-8.427760514738386,-5.677346385974756,-2.75041412876363,Energy vs Semis,20.97541528500728,Price ratios,10,10
40w stretch z < -1.5,bottom,11,10,27.27272727272727,1.0,1.0,0.0,20.0,2.7499502546960954,-0.8519844818843931,3.6019347365804886,-2.2732438058676165,-1.7168715033828241,-0.5563723024847924,-3.977900328739982,-2.9043584818396746,-1.0735418469003073,0.5785,-10.646300828490352,-5.677346385974756,-4.968954442515596,Energy vs Semis,20.97541528500728,Price ratios,10,10
Composite < -1.0,bottom,34,10,26.47058823529412,6.0,2.0,27.27272727272727,60.0,-0.08540370219679805,-0.8519844818843931,0.7665807796875951,-1.4802285609483103,-1.7168715033828241,0.23664294243451378,-3.4793189391927717,-2.9043584818396746,-0.5749604573530971,0.5975,-10.178990706507891,-5.677346385974756,-4.501644320533135,Energy vs Semis,20.97541528500728,Price ratios,10,10
Composite < -1.5,bottom,18,10,33.33333333333333,5.5,5.5,0.0,50.0,-2.8677711978760048,-0.8519844818843931,-2.0157867159916116,-1.5886027182738731,-1.7168715033828241,0.128268785108951,-7.559711824899854,-2.9043584818396746,-4.655353343060179,0.921,-10.523617898788526,-5.677346385974756,-4.84627151281377,Energy vs Semis,20.97541528500728,Price ratios,10,10
13w ROC crosses > 0,bottom,22,10,22.727272727272727,8.0,-5.0,76.92307692307693,50.0,-1.0214654659278517,-0.8519844818843931,-0.16948098404345857,-1.0927276498320766,-1.7168715033828241,0.6241438535507475,0.6074753130562485,-2.9043584818396746,3.511833794895923,0.1385,-0.24852641552752716,-5.677346385974756,5.428819970447229,Energy vs Semis,20.97541528500728,Price ratios,10,10
Ratio crosses > 40w MA,bottom,14,10,14.285714285714285,8.0,-5.0,80.0,20.0,0.48151392626817746,-0.8519844818843931,1.3334984081525705,-3.986104218519398,-1.7168715033828241,-2.2692327151365737,-5.640528758779072,-2.9043584818396746,-2.7361702769393976,0.7625,-2.254238655975193,-5.677346385974756,3.4231077299995634,Energy vs Semis,20.97541528500728,Price ratios,10,10
Washed + ROC cross,bottom,4,10,0.0,,,,0.0,-4.829890537454202,-0.8519844818843931,-3.9779060555698087,-3.1567273834629015,-1.7168715033828241,-1.4398558800800774,-7.639884711220827,-2.9043584818396746,-4.735526229381152,0.7475,-14.238273483132952,-5.677346385974756,-8.560927097158196,Energy vs Semis,20.97541528500728,Price ratios,10,10
wRSI > 70,top,5,8,80.0,2.5,2.5,0.0,37.5,-3.6464916613669196,-0.7609999580212466,-2.885491703345673,3.0221830709836843,-1.522957181532124,4.545140252515808,1.771277118880478,-2.4355811503439675,4.206858269224446,0.7375,5.982183819509808,-4.692802687149257,10.674986506659064,Cdn Energy vs Cdn Growth,22.528294233037972,Price ratios,8,7
wRSI > 75,top,3,8,66.66666666666666,5.0,5.0,0.0,12.5,9.725676424389038,-0.7609999580212466,10.486676382410284,11.781985752368998,-1.522957181532124,13.304942933901122,16.384701606815373,-2.4355811503439675,18.82028275715934,0.973,9.900766786373339,-4.692802687149257,14.593569473522596,Cdn Energy vs Cdn Growth,22.528294233037972,Price ratios,8,7
Channel z > +1.5,top,11,8,36.36363636363637,6.5,-1.0,57.14285714285714,37.5,6.530921854098358,-0.7609999580212466,7.291921812119604,7.553039140165796,-1.522957181532124,9.07599632169792,13.33797295680895,-2.4355811503439675,15.773554107152917,0.998,25.386078966757896,-4.692802687149257,30.078881653907153,Cdn Energy vs Cdn Growth,22.528294233037972,Price ratios,8,7
Channel z > +2.0,top,11,8,36.36363636363637,6.0,3.0,33.33333333333333,37.5,4.422913900097033,-0.7609999580212466,5.183913858118279,6.195854181533985,-1.522957181532124,7.718811363066109,11.525073940911577,-2.4355811503439675,13.960655091255544,0.9965,18.139047292489934,-4.692802687149257,22.83184997963919,Cdn Energy vs Cdn Growth,22.528294233037972,Price ratios,8,7
40w stretch z > +1.5,top,13,8,38.46153846153847,6.0,3.5,16.666666666666664,37.5,1.2000566739045846,-0.7609999580212466,1.9610566319258314,3.3109057531785906,-1.522957181532124,4.833862934710714,5.926079637232063,-2.4355811503439675,8.361660787576032,0.9585,13.596925531130687,-4.692802687149257,18.289728218279944,Cdn Energy vs Cdn Growth,22.528294233037972,Price ratios,8,7
Composite > +1.0,top,12,8,50.0,5.0,4.0,14.285714285714285,50.0,6.6395298204646345,-0.7609999580212466,7.400529778485881,4.944480882442578,-1.522957181532124,6.4674380639747024,10.048063742109955,-2.4355811503439675,12.483644892453922,0.9945,17.9175655599344,-4.692802687149257,22.610368247083656,Cdn Energy vs Cdn Growth,22.528294233037972,Price ratios,8,7
Composite > +1.5,top,9,8,33.33333333333333,6.0,2.0,40.0,37.5,4.480024262692009,-0.7609999580212466,5.241024220713255,3.1860060931573457,-1.522957181532124,4.70896327468947,9.07136004536493,-2.4355811503439675,11.506941195708897,0.981,14.728734921144694,-4.692802687149257,19.421537608293953,Cdn Energy vs Cdn Growth,22.528294233037972,Price ratios,8,7
Monthly RSI > 70,top,1,8,100.0,5.0,5.0,0.0,12.5,3.3908450924885702,-0.7609999580212466,4.151845050509817,-5.665803247825718,-1.522957181532124,-4.142846066293593,-19.426675683369655,-2.4355811503439675,-16.991094533025688,0.1125,-1.082885339638262,-4.692802687149257,3.609917347510995,Cdn Energy vs Cdn Growth,22.528294233037972,Price ratios,8,7
13w ROC crosses < 0,top,25,8,8.0,7.5,-5.5,83.33333333333334,12.5,1.4514467591538889,-0.7609999580212466,2.2124467171751356,-0.7018511409967246,-1.522957181532124,0.8211060405353993,-3.571289495630223,-2.4355811503439675,-1.1357083452862553,0.3735,-5.620121522619435,-4.692802687149257,-0.927318835470178,Cdn Energy vs Cdn Growth,22.528294233037972,Price ratios,8,7
Ratio crosses < 40w MA,top,16,8,0.0,,-7.0,100.0,0.0,-1.2880527424578714,-0.7609999580212466,-0.5270527844366247,-4.976587061364963,-1.522957181532124,-3.4536298798328393,-6.138310980389314,-2.4355811503439675,-3.702729830045347,0.164,-10.615769813891731,-4.692802687149257,-5.922967126742474,Cdn Energy vs Cdn Growth,22.528294233037972,Price ratios,8,7
Extended + ROC cross,top,5,8,20.0,13.0,-5.0,100.0,12.5,2.607108508248248,-0.7609999580212466,3.368108466269495,8.758719504532868,-1.522957181532124,10.281676686064992,13.341821624335827,-2.4355811503439675,15.777402774679794,0.9785,16.609867314799374,-4.692802687149257,21.30267000194863,Cdn Energy vs Cdn Growth,22.528294233037972,Price ratios,8,7
wRSI < 30,bottom,16,7,18.75,3.0,3.0,0.0,42.857142857142854,0.7507113893421011,-0.7609999580212466,1.511711347363348,-3.5712433568067734,-1.522957181532124,-2.0482861752746495,-2.6050276311095777,-2.4355811503439675,-0.1694464807656102,0.506,-5.476340657856975,-4.692802687149257,-0.7835379707077177,Cdn Energy vs Cdn Growth,22.528294233037972,Price ratios,8,7
wRSI < 25,bottom,9,7,22.22222222222222,1.0,1.0,0.0,28.57142857142857,1.3533933324661953,-0.7609999580212466,2.114393290487442,-2.896683057905252,-1.522957181532124,-1.3737258763731282,-2.278106491427606,-2.4355811503439675,0.1574746589163616,0.471,-3.7700624413743986,-4.692802687149257,0.9227402457748584,Cdn Energy vs Cdn Growth,22.528294233037972,Price ratios,8,7
Channel z < -1.5,bottom,23,7,26.08695652173913,4.0,3.0,33.33333333333333,57.14285714285714,-3.575563874779629,-0.7609999580212466,-2.8145639167583822,-1.438757690754175,-1.522957181532124,0.08419949077794886,-4.201024347803726,-2.4355811503439675,-1.7654431974597582,0.702,-5.622628154559307,-4.692802687149257,-0.9298254674100503,Cdn Energy vs Cdn Growth,22.528294233037972,Price ratios,8,7
Channel z < -2.0,bottom,12,7,25.0,2.0,1.0,25.0,28.57142857142857,0.21151974851714814,-0.7609999580212466,0.9725197065383948,0.19888040229864798,-1.522957181532124,1.7218375838307718,-3.4240444454332946,-2.4355811503439675,-0.9884632950893271,0.5675,-4.118516761788282,-4.692802687149257,0.5742859253609751,Cdn Energy vs Cdn Growth,22.528294233037972,Price ratios,8,7
40w stretch z < -1.5,bottom,10,7,20.0,1.5,1.0,33.33333333333333,28.57142857142857,3.1259535734605137,-0.7609999580212466,3.8869535314817605,0.31062626793931997,-1.522957181532124,1.8335834494714438,-0.9599952426439937,-2.4355811503439675,1.4755859076999738,0.347,-7.1180085533001884,-4.692802687149257,-2.4252058661509315,Cdn Energy vs Cdn Growth,22.528294233037972,Price ratios,8,7
Composite < -1.0,bottom,33,7,18.181818181818183,6.0,2.0,40.0,57.14285714285714,-2.6373375974664466,-0.7609999580212466,-1.8763376394451998,-2.2746075659312717,-1.522957181532124,-0.7516503843991478,-4.459079185546341,-2.4355811503439675,-2.0234980352023735,0.7675,-6.691620740090835,-4.692802687149257,-1.9988180529415782,Cdn Energy vs Cdn Growth,22.528294233037972,Price ratios,8,7
Composite < -1.5,bottom,22,7,22.727272727272727,2.0,2.0,16.666666666666664,57.14285714285714,0.880935247130591,-0.7609999580212466,1.6419352051518377,-0.5384887199565017,-1.522957181532124,0.9844684615756222,-3.08840791665996,-2.4355811503439675,-0.6528267663159926,0.57,-5.834907052042346,-4.692802687149257,-1.1421043648930889,Cdn Energy vs Cdn Growth,22.528294233037972,Price ratios,8,7
13w ROC crosses > 0,bottom,24,7,8.333333333333332,1.5,-7.0,71.42857142857143,28.57142857142857,1.3253639949609215,-0.7609999580212466,2.0863639529821683,1.3552901098632286,-1.522957181532124,2.8782472913953523,-2.984956332120604,-2.4355811503439675,-0.5493751817766364,0.566,-5.330530177999967,-4.692802687149257,-0.6377274908507102,Cdn Energy vs Cdn Growth,22.528294233037972,Price ratios,8,7
Ratio crosses > 40w MA,bottom,15,7,0.0,,-6.0,100.0,0.0,-1.6105404812527284,-0.7609999580212466,-0.8495405232314818,-4.371500733546387,-1.522957181532124,-2.8485435520142635,-4.803781796284454,-2.4355811503439675,-2.3682006459404867,0.725,-6.750194788244816,-4.692802687149257,-2.0573921010955587,Cdn Energy vs Cdn Growth,22.528294233037972,Price ratios,8,7
Washed + ROC cross,bottom,4,7,25.0,2.0,2.0,0.0,14.285714285714285,-2.371784807879379,-0.7609999580212466,-1.610784849858132,-1.4823910711332262,-1.522957181532124,0.04056611039889768,-8.261068007152893,-2.4355811503439675,-5.825486856808926,0.794,-7.840995184591378,-4.692802687149257,-3.148192497442121,Cdn Energy vs Cdn Growth,22.528294233037972,Price ratios,8,7
wRSI > 70,top,5,7,20.0,0.0,0.0,0.0,14.285714285714285,-4.883002489551684,-1.836950211477145,-3.046052278074539,-6.453313566502298,-3.542933062807282,-2.910380503695016,-5.3369012553644675,-5.692801008627078,0.3558997532626105,0.554,-5.591102721268689,-10.760070719573699,5.1689679983050105,Crit. Minerals vs Semis,23.01936457471291,Price ratios,7,6
wRSI > 75,top,1,7,0.0,,,,0.0,-0.7980119171557942,-1.836950211477145,1.0389382943213508,2.840013384624074,-3.542933062807282,6.382946447431356,-7.6543480212115655,-5.692801008627078,-1.9615470125844876,0.4915,13.774037803549577,-10.760070719573699,24.534108523123276,Crit. Minerals vs Semis,23.01936457471291,Price ratios,7,6
Channel z > +1.5,top,27,7,22.22222222222222,3.5,0.0,40.0,57.14285714285714,-0.4137161651834853,-1.836950211477145,1.4232340462936597,-2.0844889458624207,-3.542933062807282,1.4584441169448614,-2.4190435373304267,-5.692801008627078,3.2737574712966513,0.866,-3.3852673178810657,-10.760070719573699,7.374803401692633,Crit. Minerals vs Semis,23.01936457471291,Price ratios,7,6
Channel z > +2.0,top,15,7,13.333333333333334,7.0,-1.0,50.0,14.285714285714285,-1.6258818324726672,-1.836950211477145,0.21106837900447784,-3.666851573985312,-3.542933062807282,-0.12391851117802988,-3.7513249407428004,-5.692801008627078,1.9414760678842775,0.6845,-2.945734622160357,-10.760070719573699,7.814336097413342,Crit. Minerals vs Semis,23.01936457471291,Price ratios,7,6
40w stretch z > +1.5,top,20,7,25.0,7.0,2.0,44.44444444444444,57.14285714285714,-0.1452450010974599,-1.836950211477145,1.691705210379685,1.7813954567971124,-3.542933062807282,5.324328519604395,0.15457400291287904,-5.692801008627078,5.847375011539957,0.955,-1.4631278039295996,-10.760070719573699,9.296942915644099,Crit. Minerals vs Semis,23.01936457471291,Price ratios,7,6
Composite > +1.0,top,27,7,25.925925925925924,3.0,1.0,30.0,57.14285714285714,-1.133965388305943,-1.836950211477145,0.7029848231712019,-0.007092875882512494,-3.542933062807282,3.5358401869247698,-1.7380753816254244,-5.692801008627078,3.9547256270016535,0.914,-5.065433876950867,-10.760070719573699,5.694636842622832,Crit. Minerals vs Semis,23.01936457471291,Price ratios,7,6
Composite > +1.5,top,16,7,18.75,0.0,0.0,40.0,42.857142857142854,-0.8020041787748559,-1.836950211477145,1.034946032702289,-2.5273675242424622,-3.542933062807282,1.01556553856482,-2.5209018463621806,-5.692801008627078,3.1718991622648973,0.791,-3.0139634151668453,-10.760070719573699,7.746107304406854,Crit. Minerals vs Semis,23.01936457471291,Price ratios,7,6
13w ROC crosses < 0,top,20,7,15.0,8.0,-3.0,66.66666666666666,42.857142857142854,-0.31063635795656397,-1.836950211477145,1.526313853520581,-0.9418667023780596,-3.542933062807282,2.601066360429223,-1.8451998516930737,-5.692801008627078,3.8476011569340045,0.869,-2.673635662676815,-10.760070719573699,8.086435056896883,Crit. Minerals vs Semis,23.01936457471291,Price ratios,7,6
Ratio crosses < 40w MA,top,10,7,0.0,,-6.0,100.0,0.0,-1.4289518475172678,-1.836950211477145,0.4079983639598772,-2.7206650143784423,-3.542933062807282,0.8222680484288398,-6.0195485056876095,-5.692801008627078,-0.3267474970605315,0.4885,4.908264646043142,-10.760070719573699,15.66833536561684,Crit. Minerals vs Semis,23.01936457471291,Price ratios,7,6
Extended + ROC cross,top,11,7,18.181818181818183,6.5,-7.0,60.0,28.57142857142857,-0.4249353434229112,-1.836950211477145,1.4120148680542337,-1.4250800426930004,-3.542933062807282,2.117853020114282,-3.765397898485043,-5.692801008627078,1.927403110142035,0.6585,-3.940742679141605,-10.760070719573699,6.819328040432094,Crit. Minerals vs Semis,23.01936457471291,Price ratios,7,6
Extended + MA cross,top,2,7,0.0,,,,0.0,-7.571282661602946,-1.836950211477145,-5.734332450125801,-13.145913134916203,-3.542933062807282,-9.60298007210892,-17.284192251343384,-5.692801008627078,-11.591391242716305,0.1405,1.102122381185727,-10.760070719573699,11.862193100759427,Crit. Minerals vs Semis,23.01936457471291,Price ratios,7,6
wRSI < 30,bottom,20,6,35.0,3.0,3.0,0.0,66.66666666666666,-0.8557604800028843,-1.836950211477145,0.9811897314742607,-1.4271777432153006,-3.542933062807282,2.1157553195919814,-6.988101743494405,-5.692801008627078,-1.295300734867327,0.623,-13.568668399121757,-10.760070719573699,-2.8085976795480576,Crit. Minerals vs Semis,23.01936457471291,Price ratios,7,6
wRSI < 25,bottom,8,6,37.5,3.0,1.5,25.0,50.0,-0.14430067936728586,-1.836950211477145,1.6926495321098591,-0.9701333590762267,-3.542933062807282,2.5727997037310555,-6.841047362266185,-5.692801008627078,-1.1482463536391068,0.5685,-14.81101208914706,-10.760070719573699,-4.05094136957336,Crit. Minerals vs Semis,23.01936457471291,Price ratios,7,6
Channel z < -1.5,bottom,15,6,20.0,2.0,1.5,25.0,33.33333333333333,-4.515337759019422,-1.836950211477145,-2.678387547542277,-6.835317815467693,-3.542933062807282,-3.292384752660411,-11.491879894637355,-5.692801008627078,-5.799078886010277,0.9275,-16.245334245148623,-10.760070719573699,-5.485263525574924,Crit. Minerals vs Semis,23.01936457471291,Price ratios,7,6
Channel z < -2.0,bottom,8,6,37.5,2.0,1.5,25.0,33.33333333333333,-5.059615976007629,-1.836950211477145,-3.2226657645304844,-6.929923931930079,-3.542933062807282,-3.3869908691227972,-8.820031959747414,-5.692801008627078,-3.127230951120336,0.716,-14.943314500932761,-10.760070719573699,-4.183243781359062,Crit. Minerals vs Semis,23.01936457471291,Price ratios,7,6
40w stretch z < -1.5,bottom,11,6,18.181818181818183,5.5,5.5,0.0,33.33333333333333,-4.4157106943087765,-1.836950211477145,-2.5787604828316315,-9.595868467801447,-3.542933062807282,-6.052935404994164,-14.478164229873688,-5.692801008627078,-8.785363221246609,0.971,-25.931699369106585,-10.760070719573699,-15.171628649532886,Crit. Minerals vs Semis,23.01936457471291,Price ratios,7,6
Composite < -1.0,bottom,24,6,16.666666666666664,4.5,0.0,42.857142857142854,50.0,-3.3039142770268772,-1.836950211477145,-1.4669640655497322,-5.371989434587824,-3.542933062807282,-1.8290563717805415,-9.665569781554682,-5.692801008627078,-3.972768772927604,0.876,-17.32356625619678,-10.760070719573699,-6.563495536623082,Crit. Minerals vs Semis,23.01936457471291,Price ratios,7,6
Composite < -1.5,bottom,17,6,17.647058823529413,1.0,0.5,25.0,50.0,-1.1649859434091998,-1.836950211477145,0.6719642680679452,-4.811674351641642,-3.542933062807282,-1.2687412888343599,-9.58836948374045,-5.692801008627078,-3.8955684751133726,0.835,-20.292955438903242,-10.760070719573699,-9.532884719329543,Crit. Minerals vs Semis,23.01936457471291,Price ratios,7,6
13w ROC crosses > 0,bottom,19,6,10.526315789473683,6.5,-4.0,75.0,16.666666666666664,2.4839052675268656,-1.836950211477145,4.320855479004011,2.465555050889576,-3.542933062807282,6.008488113696858,1.6079824325269663,-5.692801008627078,7.300783441154044,0.0275,3.002742209342698,-10.760070719573699,13.762812928916397,Crit. Minerals vs Semis,23.01936457471291,Price ratios,7,6
Ratio crosses > 40w MA,bottom,12,6,8.333333333333332,8.0,-3.5,75.0,16.666666666666664,0.03662434298693077,-1.836950211477145,1.8735745544640758,-0.48695405972522926,-3.542933062807282,3.055979003082053,-0.4385782806911971,-5.692801008627078,5.254222727935881,0.136,2.9470781586322006,-10.760070719573699,13.7071488782059,Crit. Minerals vs Semis,23.01936457471291,Price ratios,7,6
Washed + ROC cross,bottom,2,6,0.0,,-5.0,100.0,0.0,0.6901175149242595,-1.836950211477145,2.5270677264014045,-8.707607379515736,-3.542933062807282,-5.164674316708453,-12.600258047353265,-5.692801008627078,-6.907457038726187,0.713,-0.7108236906438581,-10.760070719573699,10.049247028929841,Crit. Minerals vs Semis,23.01936457471291,Price ratios,7,6
wRSI > 70,top,7,9,57.14285714285714,4.5,4.5,0.0,44.44444444444444,-0.4456903223143421,0.31194935167237825,-0.7576396739867204,-0.8631104201203958,0.6124748084354571,-1.475585228555853,0.8599053814030986,1.015641128943431,-0.15573574754033248,0.466,4.0894494957586405,2.1032850623900337,1.9861644333686068,Momentum vs Equal Wt,8.199884123852247,Price ratios,9,9
wRSI > 75,top,3,9,66.66666666666666,6.5,6.5,0.0,22.22222222222222,1.9889133687760463,0.31194935167237825,1.6769640171036682,-0.851507471191626,0.6124748084354571,-1.463982279627083,-5.903703370770867,1.015641128943431,-6.919344499714297,0.0075,3.066838706549052,2.1032850623900337,0.9635536441590182,Momentum vs Equal Wt,8.199884123852247,Price ratios,9,9
Channel z > +1.5,top,20,9,45.0,6.0,2.0,35.714285714285715,66.66666666666666,-0.3916139272770569,0.31194935167237825,-0.7035632789494352,0.07191486409307561,0.6124748084354571,-0.5405599443423815,0.122034794969475,1.015641128943431,-0.8936063339739561,0.226,1.6618774930872118,2.1032850623900337,-0.4414075693028219,Momentum vs Equal Wt,8.199884123852247,Price ratios,9,9
Channel z > +2.0,top,8,9,75.0,3.0,1.5,25.0,55.55555555555556,-1.815482707172662,0.31194935167237825,-2.12743205884504,-3.052930428993453,0.6124748084354571,-3.66540523742891,-3.7159886391262917,1.015641128943431,-4.731629768069723,0.0065,-2.9797313853693432,2.1032850623900337,-5.083016447759377,Momentum vs Equal Wt,8.199884123852247,Price ratios,9,9
40w stretch z > +1.5,top,10,9,50.0,6.0,4.0,16.666666666666664,44.44444444444444,1.031814279617922,0.31194935167237825,0.7198649279455437,0.9820125981376847,0.6124748084354571,0.3695377897022276,-0.6144611344314278,1.015641128943431,-1.6301022633748588,0.1745,2.7572620584668797,2.1032850623900337,0.653976996076846,Momentum vs Equal Wt,8.199884123852247,Price ratios,9,9
Composite > +1.0,top,21,9,52.38095238095239,5.0,3.0,21.428571428571427,66.66666666666666,0.23384849124535817,0.31194935167237825,-0.07810086042702008,0.6863174809103653,0.6124748084354571,0.07384267247490817,-0.04113701779395063,1.015641128943431,-1.0567781467373818,0.182,1.889730534215312,2.1032850623900337,-0.21355452817472176,Momentum vs Equal Wt,8.199884123852247,Price ratios,9,9
Composite > +1.5,top,12,9,58.333333333333336,6.0,3.0,22.22222222222222,66.66666666666666,0.24708719066483623,0.31194935167237825,-0.06486216100754202,0.10600113232929657,0.6124748084354571,-0.5064736761061606,0.5912870501831285,1.015641128943431,-0.4243540787603025,0.402,1.7742750677769388,2.1032850623900337,-0.3290099946130949,Momentum vs Equal Wt,8.199884123852247,Price ratios,9,9
Monthly RSI > 70,top,11,9,27.27272727272727,6.0,-2.0,71.42857142857143,33.33333333333333,0.4933168254023648,0.31194935167237825,0.18136747372998657,-1.2275427521034186,0.6124748084354571,-1.8400175605388758,-0.8086030650211335,1.015641128943431,-1.8242441939645646,0.1275,-0.7220443350007753,2.1032850623900337,-2.825329397390809,Momentum vs Equal Wt,8.199884123852247,Price ratios,9,9
13w ROC crosses < 0,top,20,9,20.0,5.5,-4.0,75.0,44.44444444444444,1.2604367671820715,0.31194935167237825,0.9484874155096933,2.480286325227192,0.6124748084354571,1.8678115167917348,1.3229327240330473,1.015641128943431,0.30729159508961623,0.6,2.490554243573114,2.1032850623900337,0.3872691811830804,Momentum vs Equal Wt,8.199884123852247,Price ratios,9,9
Ratio crosses < 40w MA,top,14,9,14.285714285714285,4.5,-4.5,87.5,22.22222222222222,1.1648351139617057,0.31194935167237825,0.8528857622893274,1.7583337321786359,0.6124748084354571,1.1458589237431789,1.391241324047906,1.015641128943431,0.37560019510447495,0.625,2.2897489184579243,2.1032850623900337,0.18646385606789062,Momentum vs Equal Wt,8.199884123852247,Price ratios,9,9
Extended + ROC cross,top,8,9,37.5,5.0,-3.0,71.42857142857143,33.33333333333333,3.2291975447497427,0.31194935167237825,2.9172481930773646,3.687810586157722,0.6124748084354571,3.075335777722265,1.6431049916027978,1.015641128943431,0.6274638626593667,0.6405,4.283692908255972,2.1032850623900337,2.1804078458659384,Momentum vs Equal Wt,8.199884123852247,Price ratios,9,9
Extended + MA cross,top,2,9,50.0,5.0,-3.0,100.0,11.11111111111111,6.737425825594517,0.31194935167237825,6.425476473922139,11.466622893500379,0.6124748084354571,10.85414808506492,13.622767741784937,1.015641128943431,12.607126612841506,0.998,9.437942059664206,2.1032850623900337,7.3346569972741715,Momentum vs Equal Wt,8.199884123852247,Price ratios,9,9
wRSI < 30,bottom,4,9,25.0,0.0,0.0,0.0,11.11111111111111,1.250549210183041,0.31194935167237825,0.9385998585106629,-1.0496962581800275,0.6124748084354571,-1.6621710666154845,-0.5211382924085461,1.015641128943431,-1.5367794213519772,0.715,-0.04230771900011998,2.1032850623900337,-2.1455927813901536,Momentum vs Equal Wt,8.199884123852247,Price ratios,9,9
Channel z < -1.5,bottom,12,9,41.66666666666667,4.0,2.0,37.5,33.33333333333333,-1.474900682509871,0.31194935167237825,-1.7868500341822493,-0.9843099067548599,0.6124748084354571,-1.596784715190317,-1.987573688152785,1.015641128943431,-3.0032148170962163,0.973,-4.068063352060656,2.1032850623900337,-6.171348414450689,Momentum vs Equal Wt,8.199884123852247,Price ratios,9,9
Channel z < -2.0,bottom,10,9,50.0,2.0,2.0,16.666666666666664,33.33333333333333,-0.410332697674324,0.31194935167237825,-0.7222820493467023,-0.14569476240612902,0.6124748084354571,-0.7581695708415861,0.28086214375641305,1.015641128943431,-0.734778985187018,0.66,-2.134851959446597,2.1032850623900337,-4.23813702183663,Momentum vs Equal Wt,8.199884123852247,Price ratios,9,9
40w stretch z < -1.5,bottom,8,9,37.5,4.0,3.5,25.0,22.22222222222222,-1.9040837577275163,0.31194935167237825,-2.2160331093998944,0.5614625282125516,0.6124748084354571,-0.05101228022290549,-0.0680626615790978,1.015641128943431,-1.0837037905225289,0.72,0.36796688622166684,2.1032850623900337,-1.735318176168367,Momentum vs Equal Wt,8.199884123852247,Price ratios,9,9
Composite < -1.0,bottom,16,9,37.5,3.0,3.0,14.285714285714285,44.44444444444444,-0.43858004231801534,0.31194935167237825,-0.7505293939903936,0.8434274079821855,0.6124748084354571,0.23095259954672842,1.2600092617276948,1.015641128943431,0.24436813278426373,0.415,0.449365815894643,2.1032850623900337,-1.6539192464953907,Momentum vs Equal Wt,8.199884123852247,Price ratios,9,9
Composite < -1.5,bottom,8,9,50.0,5.0,3.0,20.0,33.33333333333333,-1.2924177469095286,0.31194935167237825,-1.604367098581907,-1.1982585500959095,0.6124748084354571,-1.8107333585313667,-0.4368375395753673,1.015641128943431,-1.4524786685187983,0.7865,0.03529499656029644,2.1032850623900337,-2.067990065829737,Momentum vs Equal Wt,8.199884123852247,Price ratios,9,9
13w ROC crosses > 0,bottom,23,9,8.695652173913043,12.0,-2.0,81.81818181818183,22.22222222222222,0.7565577377238253,0.31194935167237825,0.44460838605144704,1.5376169449012413,0.6124748084354571,0.9251421364657842,1.144489711605425,1.015641128943431,0.12884858266199384,0.4435,3.2543742887476044,2.1032850623900337,1.1510892263575707,Momentum vs Equal Wt,8.199884123852247,Price ratios,9,9
Ratio crosses > 40w MA,bottom,15,9,6.666666666666667,3.0,-1.0,83.33333333333334,11.11111111111111,2.6228185624532125,0.31194935167237825,2.3108692107808344,2.55373893251495,0.6124748084354571,1.9412641240794932,3.0771712379937606,1.015641128943431,2.0615301090503295,0.083,4.805820459140644,2.1032850623900337,2.7025353967506107,Momentum vs Equal Wt,8.199884123852247,Price ratios,9,9
Washed + ROC cross,bottom,3,9,0.0,,-3.5,100.0,0.0,1.8573564153432809,0.31194935167237825,1.5454070636709027,2.1512802597043024,0.6124748084354571,1.5388054512688454,4.491112686148702,1.015641128943431,3.4754715572052706,0.116,1.2062739884516007,2.1032850623900337,-0.8970110739384329,Momentum vs Equal Wt,8.199884123852247,Price ratios,9,9
wRSI > 70,top,15,12,53.333333333333336,5.5,4.0,22.22222222222222,50.0,4.859521686112161,0.833021642788457,4.026500043323704,5.242335624119256,1.6590721215966187,3.583263502522637,10.287981627799317,2.827040799126183,7.4609408286731345,0.9905,14.680174504987326,6.118672186813483,8.561502318173844,Semis vs Software,14.187534246279531,Price ratios,12,11
wRSI > 75,top,8,12,62.5,6.0,6.0,0.0,33.33333333333333,3.291619582771484,0.833021642788457,2.4585979399830267,9.147784185707305,1.6590721215966187,7.488712064110686,14.472976614966413,2.827040799126183,11.64593581584023,0.993,27.64352422321941,6.118672186813483,21.524852036405925,Semis vs Software,14.187534246279531,Price ratios,12,11
Channel z > +1.5,top,20,12,55.00000000000001,6.0,1.0,40.0,50.0,1.683800766411638,0.833021642788457,0.8507791236231809,3.465799077604089,1.6590721215966187,1.8067269560074704,8.115934873988254,2.827040799126183,5.288894074862071,0.9745,6.599518268450352,6.118672186813483,0.48084608163686937,Semis vs Software,14.187534246279531,Price ratios,12,11
Channel z > +2.0,top,15,12,46.666666666666664,6.0,1.0,36.36363636363637,41.66666666666667,-0.021713958860063325,0.833021642788457,-0.8547356016485204,3.6176978255492003,1.6590721215966187,1.9586257039525816,2.537701844063177,2.827040799126183,-0.2893389550630059,0.5005,3.324235543052022,6.118672186813483,-2.794436643761461,Semis vs Software,14.187534246279531,Price ratios,12,11
40w stretch z > +1.5,top,18,12,50.0,7.0,3.5,33.33333333333333,50.0,2.9359438414518926,0.833021642788457,2.1029221986634354,5.986670956049551,1.6590721215966187,4.327598834452932,8.425761341409292,2.827040799126183,5.598720542283109,0.984,11.529092421980632,6.118672186813483,5.410420235167149,Semis vs Software,14.187534246279531,Price ratios,12,11
Composite > +1.0,top,28,12,50.0,6.0,3.0,29.411764705882355,66.66666666666666,1.6523295708815902,0.833021642788457,0.8193079280931331,3.6564968157575035,1.6590721215966187,1.9974246941608849,7.694510477973136,2.827040799126183,4.867469678846954,0.9835,7.602384685014252,6.118672186813483,1.4837124982007692,Semis vs Software,14.187534246279531,Price ratios,12,11
Composite > +1.5,top,18,12,55.55555555555556,6.5,2.5,25.0,50.0,2.974530919374607,0.833021642788457,2.1415092765861496,5.58535962798361,1.6590721215966187,3.9262875063869918,7.61758241413828,2.827040799126183,4.790541615012097,0.963,12.266496179184555,6.118672186813483,6.147823992371072,Semis vs Software,14.187534246279531,Price ratios,12,11
Monthly RSI > 70,top,12,12,75.0,4.0,2.0,36.36363636363637,41.66666666666667,5.037667869985037,0.833021642788457,4.20464622719658,4.386850466383284,1.6590721215966187,2.7277783447866653,8.675394642591819,2.827040799126183,5.848353843465636,0.953,6.494201728700378,6.118672186813483,0.3755295418868947,Semis vs Software,14.187534246279531,Price ratios,12,11
13w ROC crosses < 0,top,24,12,4.166666666666666,8.0,-7.0,88.88888888888889,8.333333333333332,-0.08322994527447032,0.833021642788457,-0.9162515880629274,0.8805511409501413,1.6590721215966187,-0.7785209806464773,2.6543608464476476,2.827040799126183,-0.1726799526785352,0.5155,5.082352914213567,6.118672186813483,-1.0363192725999157,Semis vs Software,14.187534246279531,Price ratios,12,11
Ratio crosses < 40w MA,top,16,12,6.25,11.0,-10.5,83.33333333333334,8.333333333333332,1.0141837969478555,0.833021642788457,0.18116215415939851,-0.45305712619813077,1.6590721215966187,-2.1121292477947495,-0.008022498560779448,2.827040799126183,-2.835063297686962,0.152,8.459737831396987,6.118672186813483,2.3410656445835043,Semis vs Software,14.187534246279531,Price ratios,12,11
Extended + ROC cross,top,2,12,50.0,8.0,1.0,50.0,8.333333333333332,-5.928668043582503,0.833021642788457,-6.76168968637096,4.474035329865956,1.6590721215966187,2.814963208269337,-6.899016647169887,2.827040799126183,-9.72605744629607,0.1095,-3.6601474086041086,6.118672186813483,-9.778819595417591,Semis vs Software,14.187534246279531,Price ratios,12,11
wRSI < 30,bottom,2,11,50.0,4.0,4.0,0.0,9.090909090909092,-0.34137010470479123,0.833021642788457,-1.1743917474932482,1.342889814723991,1.6590721215966187,-0.3161823068726277,2.667109820005714,2.827040799126183,-0.15993097912046883,0.4335,-0.7401355657987554,6.118672186813483,-6.858807752612238,Semis vs Software,14.187534246279531,Price ratios,12,11
Channel z < -1.5,bottom,16,11,31.25,4.0,1.0,42.857142857142854,36.36363636363637,1.8100690634017869,0.833021642788457,0.9770474206133298,3.2536979138094284,1.6590721215966187,1.5946257922128098,4.825260364039061,2.827040799126183,1.9982195649128784,0.218,10.89472525920793,6.118672186813483,4.776053072394446,Semis vs Software,14.187534246279531,Price ratios,12,11
Channel z < -2.0,bottom,10,11,50.0,2.0,0.5,33.33333333333333,36.36363636363637,1.9445937438896508,0.833021642788457,1.1115721011011939,3.5140057631357946,1.6590721215966187,1.854933641539176,3.8426709373339727,2.827040799126183,1.01563013820779,0.3295,10.535070255587765,6.118672186813483,4.416398068774282,Semis vs Software,14.187534246279531,Price ratios,12,11
40w stretch z < -1.5,bottom,12,11,41.66666666666667,4.0,2.0,33.33333333333333,36.36363636363637,1.446127214712167,0.833021642788457,0.6131055719237101,2.529539893505673,1.6590721215966187,0.8704677719090546,2.8130209196270015,2.827040799126183,-0.014019879499181265,0.484,8.861591235493924,6.118672186813483,2.7429190486804407,Semis vs Software,14.187534246279531,Price ratios,12,11
Composite < -1.0,bottom,19,11,31.57894736842105,2.5,1.0,25.0,45.45454545454545,0.9020651916965743,0.833021642788457,0.06904354890811726,2.385888736723319,1.6590721215966187,0.7268166151267001,3.4003779009506347,2.827040799126183,0.573337101824452,0.3795,9.847535632823382,6.118672186813483,3.728863446009899,Semis vs Software,14.187534246279531,Price ratios,12,11
Composite < -1.5,bottom,12,11,41.66666666666667,4.0,1.5,33.33333333333333,36.36363636363637,1.1522563174091085,0.833021642788457,0.31923467462065147,2.094468284056154,1.6590721215966187,0.4353961624595355,2.678950083571017,2.827040799126183,-0.14809071555516562,0.4905,9.06257933814423,6.118672186813483,2.9439071513307473,Semis vs Software,14.187534246279531,Price ratios,12,11
13w ROC crosses > 0,bottom,24,11,16.666666666666664,10.0,-5.0,81.81818181818183,36.36363636363637,0.27503483322140293,0.833021642788457,-0.5579868095670542,0.09606997175042527,1.6590721215966187,-1.5630021498461935,0.34675779848405713,2.827040799126183,-2.4802830006421255,0.872,5.6244436486824725,6.118672186813483,-0.49422853813101053,Semis vs Software,14.187534246279531,Price ratios,12,11
Ratio crosses > 40w MA,bottom,19,11,21.052631578947366,9.5,-2.0,55.55555555555556,36.36363636363637,1.3172800874297361,0.833021642788457,0.4842584446412791,1.4176893249811233,1.6590721215966187,-0.24138279661549533,2.378015726558921,2.827040799126183,-0.44902507256726176,0.521,9.806699462562722,6.118672186813483,3.6880272757492394,Semis vs Software,14.187534246279531,Price ratios,12,11
Washed + ROC cross,bottom,4,11,25.0,11.0,-10.0,100.0,9.090909090909092,-0.7913187356175215,0.833021642788457,-1.6243403784059787,-0.9822531921437339,1.6590721215966187,-2.6413253137403525,3.783969898359091,2.827040799126183,0.9569290992329083,0.3575,14.288788910476162,6.118672186813483,8.17011672366268,Semis vs Software,14.187534246279531,Price ratios,12,11
Washed + MA cross,bottom,3,11,0.0,,,,0.0,1.1393277212481216,0.833021642788457,0.3063060784596646,4.010476440527047,1.6590721215966187,2.351404318930429,14.181223214838662,2.827040799126183,11.35418241571248,0.0645,25.108777639613546,6.118672186813483,18.990105452800062,Semis vs Software,14.187534246279531,Price ratios,12,11
wRSI > 70,top,16,8,25.0,1.0,1.0,0.0,37.5,-0.709558510686794,0.7182794805986599,-1.427837991285454,0.7533056309875297,1.466387903699329,-0.7130822727117994,0.8211586200110846,2.415776078405143,-1.5946174583940582,0.174,4.686717083401371,5.122074384064792,-0.43535730066342104,Aerospace & Defense,10.266384989879146,Theme baskets,8,7
wRSI > 75,top,10,8,20.0,0.5,0.5,0.0,25.0,-1.8108050666858777,0.7182794805986599,-2.529084547284538,-0.9735474064701952,1.466387903699329,-2.439935310169524,-1.2099077339009645,2.415776078405143,-3.6256838123061073,0.047,3.544223186858397,5.122074384064792,-1.577851197206395,Aerospace & Defense,10.266384989879146,Theme baskets,8,7
Channel z > +1.5,top,22,8,13.636363636363635,1.0,1.0,40.0,25.0,-0.4797039824986975,0.7182794805986599,-1.1979834630973574,0.30666627220492176,1.466387903699329,-1.1597216314944072,0.5335465400015557,2.415776078405143,-1.8822295384035872,0.088,4.342012960958079,5.122074384064792,-0.7800614231067131,Aerospace & Defense,10.266384989879146,Theme baskets,8,7
Channel z > +2.0,top,11,8,18.181818181818183,1.0,1.0,33.33333333333333,25.0,-1.8876063508195484,0.7182794805986599,-2.6058858314182083,-0.27862475788401203,1.466387903699329,-1.745012661583341,0.7712027164598309,2.415776078405143,-1.6445733619453122,0.1985,4.1317988588251575,5.122074384064792,-0.9902755252396345,Aerospace & Defense,10.266384989879146,Theme baskets,8,7
40w stretch z > +1.5,top,9,8,22.22222222222222,1.0,1.0,0.0,25.0,-1.4489174927190696,0.7182794805986599,-2.167196973317729,-0.17145409217271576,1.466387903699329,-1.6378419958720447,-1.7109714242995568,2.415776078405143,-4.1267475027047,0.0325,3.7002940765301986,5.122074384064792,-1.4217803075345934,Aerospace & Defense,10.266384989879146,Theme baskets,8,7
Composite > +1.0,top,28,8,14.285714285714285,1.5,1.0,33.33333333333333,37.5,-0.4275157489983591,0.7182794805986599,-1.1457952295970188,0.46892624329283333,1.466387903699329,-0.9974616604064956,1.675311823270904,2.415776078405143,-0.7404642551342389,0.2895,4.890508321251308,5.122074384064792,-0.23156606281348413,Aerospace & Defense,10.266384989879146,Theme baskets,8,7
Composite > +1.5,top,17,8,17.647058823529413,7.0,1.0,40.0,37.5,-0.46540924773083353,0.7182794805986599,-1.1836887283294935,0.42797720456037297,1.466387903699329,-1.0384106991389561,0.614242693383168,2.415776078405143,-1.801533385021975,0.127,4.185318838802115,5.122074384064792,-0.9367555452626766,Aerospace & Defense,10.266384989879146,Theme baskets,8,7
Monthly RSI > 70,top,19,8,10.526315789473683,7.5,-1.0,60.0,12.5,-0.8130690774279402,0.7182794805986599,-1.5313485580266,0.5565919475098348,1.466387903699329,-0.9097959561894943,1.0717090931202058,2.415776078405143,-1.3440669852849372,0.2,4.111907896248322,5.122074384064792,-1.0101664878164698,Aerospace & Defense,10.266384989879146,Theme baskets,8,7
13w ROC crosses < 0,top,25,8,16.0,5.5,-3.0,63.63636363636363,50.0,0.6724494489379262,0.7182794805986599,-0.04583003166073363,2.33665201509279,1.466387903699329,0.870264111393461,3.3435068777007317,2.415776078405143,0.9277307992955888,0.7315,5.718075258759233,5.122074384064792,0.5960008746944414,Aerospace & Defense,10.266384989879146,Theme baskets,8,7
Ratio crosses < 40w MA,top,10,8,10.0,11.0,-1.0,66.66666666666666,12.5,0.4569577585192219,0.7182794805986599,-0.261321722079438,3.258529583967934,1.466387903699329,1.7921416802686048,4.4045480308918785,2.415776078405143,1.9887719524867356,0.814,3.3323045177828363,5.122074384064792,-1.7897698662819557,Aerospace & Defense,10.266384989879146,Theme baskets,8,7
Extended + ROC cross,top,2,8,0.0,,,,0.0,2.4064730334448114,0.7182794805986599,1.6881935528461516,3.418063849089487,1.466387903699329,1.9516759453901578,7.555858096990409,2.415776078405143,5.140082018585266,0.8615,10.782467878652874,5.122074384064792,5.660393494588082,Aerospace & Defense,10.266384989879146,Theme baskets,8,7
Breadth neg. divergence,top,28,8,17.857142857142858,4.0,3.0,37.5,62.5,2.1269540865557994,0.7182794805986599,1.4086746059571396,2.33479448630949,1.466387903699329,0.868406582610161,3.518049220630772,2.415776078405143,1.1022731422256289,0.8115,6.78755495629933,5.122074384064792,1.6654805722345376,Aerospace & Defense,10.266384989879146,Theme baskets,8,7
Narrow high,top,23,8,17.391304347826086,1.5,1.5,0.0,37.5,0.02391062413447592,0.7182794805986599,-0.694368856464184,1.3032545269704543,1.466387903699329,-0.16313337672887473,2.209232038553165,2.415776078405143,-0.20654403985197778,0.4385,7.484139283335161,5.122074384064792,2.3620648992703694,Aerospace & Defense,10.266384989879146,Theme baskets,8,7
RS particip. < 50 & RS up,top,19,8,15.789473684210526,5.0,0.0,50.0,37.5,-1.3164726154914346,0.7182794805986599,-2.034752096090094,0.6166677700467991,1.466387903699329,-0.84972013365253,2.4759280852099037,2.415776078405143,0.06015200680476074,0.5355,7.5407489765376186,5.122074384064792,2.4186745924728266,Aerospace & Defense,10.266384989879146,Theme baskets,8,7
RS particip. falling 13w,top,30,8,16.666666666666664,6.0,-3.0,66.66666666666666,62.5,0.8322056457849979,0.7182794805986599,0.11392616518633802,1.6592226017964857,1.466387903699329,0.1928346980971567,2.204915646990386,2.415776078405143,-0.21086043141475708,0.4575,4.574335769369801,5.122074384064792,-0.5477386146949907,Aerospace & Defense,10.266384989879146,Theme baskets,8,7
wRSI < 30,bottom,2,7,100.0,4.0,4.0,0.0,42.857142857142854,1.2178381573492048,0.7182794805986599,0.4995586767505449,-2.5439047256149316,1.466387903699329,-4.010292629314261,8.351706018676486,2.415776078405143,5.935929940271343,0.105,3.7453451842656973,5.122074384064792,-1.3767291997990947,Aerospace & Defense,10.266384989879146,Theme baskets,8,7
wRSI < 25,bottom,1,7,100.0,0.0,0.0,0.0,28.57142857142857,2.360606358015427,0.7182794805986599,1.642326877416767,-6.035720136335209,1.466387903699329,-7.502108040034538,4.17371825144075,2.415776078405143,1.757942173035607,0.373,0.7880728959894334,5.122074384064792,-4.334001488075359,Aerospace & Defense,10.266384989879146,Theme baskets,8,7
Channel z < -1.5,bottom,11,7,63.63636363636363,3.0,2.5,40.0,71.42857142857143,-1.3552324213707052,0.7182794805986599,-2.073511901969365,2.243757495909633,1.466387903699329,0.7773695922103039,-0.5846251008631793,2.415776078405143,-3.000401179268322,0.926,2.315656054697603,5.122074384064792,-2.806418329367189,Aerospace & Defense,10.266384989879146,Theme baskets,8,7
Channel z < -2.0,bottom,8,7,62.5,2.0,1.0,37.5,71.42857142857143,2.51557236132759,0.7182794805986599,1.7972928807289303,0.03342513377125415,1.466387903699329,-1.432962769928075,5.493329131848426,2.415776078405143,3.0775530534432827,0.1245,6.200722889444815,5.122074384064792,1.0786485053800234,Aerospace & Defense,10.266384989879146,Theme baskets,8,7
40w stretch z < -1.5,bottom,12,7,58.333333333333336,6.0,3.0,33.33333333333333,71.42857142857143,-1.0011225873969105,0.7182794805986599,-1.7194020679955704,0.521146232752546,1.466387903699329,-0.945241670946783,1.0430077936906135,2.415776078405143,-1.3727682847145295,0.7535,2.3830316836009717,5.122074384064792,-2.7390427004638203,Aerospace & Defense,10.266384989879146,Theme baskets,8,7
Composite < -1.0,bottom,14,7,57.14285714285714,5.5,3.0,36.36363636363637,71.42857142857143,-1.3300147930231812,0.7182794805986599,-2.048294273621841,1.276145784218012,1.466387903699329,-0.19024211948131708,-0.17695918588725965,2.415776078405143,-2.5927352642924024,0.926,1.5114736966042122,5.122074384064792,-3.61060068746058,Aerospace & Defense,10.266384989879146,Theme baskets,8,7
Composite < -1.5,bottom,11,7,72.72727272727273,3.5,2.0,27.27272727272727,71.42857142857143,2.4553136640958404,0.7182794805986599,1.7370341834971805,1.248866875652157,1.466387903699329,-0.217521028047172,5.213625300120497,2.415776078405143,2.797849221715354,0.1085,4.7719320263036415,5.122074384064792,-0.35014235776115044,Aerospace & Defense,10.266384989879146,Theme baskets,8,7
13w ROC crosses > 0,bottom,23,7,13.043478260869565,9.0,-3.5,75.0,42.857142857142854,1.0679809964537825,0.7182794805986599,0.34970151585512266,1.8921988863350307,1.466387903699329,0.4258109826357017,2.9810105201621866,2.415776078405143,0.5652344417570436,0.346,5.376062933784172,5.122074384064792,0.2539885497193799,Aerospace & Defense,10.266384989879146,Theme baskets,8,7
Ratio crosses > 40w MA,bottom,11,7,18.181818181818183,9.0,1.5,50.0,28.57142857142857,0.8464297714667126,0.7182794805986599,0.12815029086805274,1.6646844305966906,1.466387903699329,0.19829652689736155,1.9551648160087538,2.415776078405143,-0.46061126239638917,0.569,2.4716122446963644,5.122074384064792,-2.6504621393684276,Aerospace & Defense,10.266384989879146,Theme baskets,8,7
Washed + ROC cross,bottom,5,7,60.0,9.0,1.0,40.0,42.857142857142854,-2.837133341622387,0.7182794805986599,-3.555412822221047,-0.15599508105955406,1.466387903699329,-1.622382984758883,-2.987985412844771,2.415776078405143,-5.403761491249914,0.9505,3.9492265841165444,5.122074384064792,-1.1728477999482476,Aerospace & Defense,10.266384989879146,Theme baskets,8,7
Washed + MA cross,bottom,4,7,50.0,9.0,9.0,0.0,28.57142857142857,0.3945991476244357,0.7182794805986599,-0.32368033297422416,-2.118283369471252,1.466387903699329,-3.5846712731705814,-3.0629650428564057,2.415776078405143,-5.478741121261549,0.9595,-8.58377959492434,5.122074384064792,-13.705853978989133,Aerospace & Defense,10.266384989879146,Theme baskets,8,7
Breadth pos. divergence,bottom,12,7,16.666666666666664,6.0,-2.0,80.0,28.57142857142857,1.2766134028609164,0.7182794805986599,0.5583339222622565,1.7054511500146707,1.466387903699329,0.2390632463153417,0.445916983057923,2.415776078405143,-1.96985909534722,0.8465,4.841282855905016,5.122074384064792,-0.28079152815977615,Aerospace & Defense,10.266384989879146,Theme baskets,8,7
RS particip. rising 13w,bottom,24,7,0.0,,-4.0,100.0,0.0,1.6263675066321672,0.7182794805986599,0.9080880260335074,2.3566240622278682,1.466387903699329,0.8902361585285392,2.386418964420015,2.415776078405143,-0.02935711398512808,0.501,4.947292739121324,5.122074384064792,-0.17478164494346782,Aerospace & Defense,10.266384989879146,Theme baskets,8,7
wRSI > 70,top,11,9,54.54545454545454,3.0,1.0,14.285714285714285,44.44444444444444,0.6060301535523773,0.7095941412038497,-0.10356398765147234,5.088510377005773,1.4437497625746856,3.644760614431087,7.4735176938483985,2.387353105463641,5.086164588384758,0.8585,16.98747880763506,5.2508122699693285,11.736666537665732,Cdn Energy Producers,20.716335180076317,Theme baskets,9,9
wRSI > 75,top,7,9,42.857142857142854,3.0,3.0,0.0,22.22222222222222,1.3640678247172555,0.7095941412038497,0.6544736835134058,2.215240309258935,1.4437497625746856,0.7714905466842494,5.4827240103897426,2.387353105463641,3.0953709049261016,0.7075,19.214172956336053,5.2508122699693285,13.963360686366725,Cdn Energy Producers,20.716335180076317,Theme baskets,9,9
Channel z > +1.5,top,12,9,33.33333333333333,4.5,0.5,33.33333333333333,22.22222222222222,5.188109590314604,0.7095941412038497,4.478515449110755,10.368479196124353,1.4437497625746856,8.924729433549668,13.476866017119479,2.387353105463641,11.089512911655838,0.989,29.785880310331436,5.2508122699693285,24.535068040362106,Cdn Energy Producers,20.716335180076317,Theme baskets,9,9
Channel z > +2.0,top,9,9,33.33333333333333,6.0,5.0,40.0,22.22222222222222,9.328933604718394,0.7095941412038497,8.619339463514544,12.62239791966602,1.4437497625746856,11.178648157091335,22.045055980065907,2.387353105463641,19.657702874602265,0.9995,39.66794864455993,5.2508122699693285,34.4171363745906,Cdn Energy Producers,20.716335180076317,Theme baskets,9,9
40w stretch z > +1.5,top,14,9,28.57142857142857,2.0,1.0,20.0,44.44444444444444,-1.085380494825858,0.7095941412038497,-1.7949746360297079,3.914430863107551,1.4437497625746856,2.4706811005328655,7.360372973720767,2.387353105463641,4.973019868257126,0.881,20.114681624040983,5.2508122699693285,14.863869354071655,Cdn Energy Producers,20.716335180076317,Theme baskets,9,9
Composite > +1.0,top,17,9,29.411764705882355,4.0,0.0,37.5,44.44444444444444,2.635048023516406,0.7095941412038497,1.9254538823125564,8.083284064820665,1.4437497625746856,6.63953430224598,10.508782819409348,2.387353105463641,8.121429713945707,0.979,23.762055947715623,5.2508122699693285,18.511243677746293,Cdn Energy Producers,20.716335180076317,Theme baskets,9,9
Composite > +1.5,top,13,9,30.76923076923077,5.5,2.5,33.33333333333333,33.33333333333333,5.512217188270389,0.7095941412038497,4.80262304706654,8.749866455810475,1.4437497625746856,7.306116693235789,17.519841531080473,2.387353105463641,15.132488425616833,0.9985,34.067195287732055,5.2508122699693285,28.816383017762725,Cdn Energy Producers,20.716335180076317,Theme baskets,9,9
Monthly RSI > 70,top,9,9,44.44444444444444,2.5,2.0,20.0,33.33333333333333,-0.29939775376226496,0.7095941412038497,-1.0089918949661145,0.4021111594213478,1.4437497625746856,-1.0416386031533378,7.337158427079203,2.387353105463641,4.949805321615562,0.826,9.976010980366507,5.2508122699693285,4.725198710397178,Cdn Energy Producers,20.716335180076317,Theme baskets,9,9
13w ROC crosses < 0,top,23,9,4.3478260869565215,7.0,-8.0,88.88888888888889,11.11111111111111,-2.711879559907575,0.7095941412038497,-3.4214737011114247,-0.984298850158085,1.4437497625746856,-2.4280486127327707,3.3944703557788887,2.387353105463641,1.0071172503152477,0.607,6.335991007422783,5.2508122699693285,1.0851787374534547,Cdn Energy Producers,20.716335180076317,Theme baskets,9,9
Ratio crosses < 40w MA,top,13,9,7.6923076923076925,7.0,-4.5,83.33333333333334,11.11111111111111,0.234056171888831,0.7095941412038497,-0.4755379693150187,-3.777406553530481,1.4437497625746856,-5.221156316105167,-1.1451458772854697,2.387353105463641,-3.532498982749111,0.2045,-0.16356525776342432,5.2508122699693285,-5.414377527732753,Cdn Energy Producers,20.716335180076317,Theme baskets,9,9
Extended + ROC cross,top,3,9,0.0,,-6.0,100.0,0.0,2.0663277936029476,0.7095941412038497,1.356733652399098,8.865338848412724,1.4437497625746856,7.421589085838039,16.128645742140474,2.387353105463641,13.741292636676834,0.9225,14.983668468630372,5.2508122699693285,9.732856198661043,Cdn Energy Producers,20.716335180076317,Theme baskets,9,9
Breadth neg. divergence,top,16,9,18.75,7.0,-3.0,72.72727272727273,22.22222222222222,0.03547516412358753,0.7095941412038497,-0.6741189770802621,0.3212542804620959,1.4437497625746856,-1.1224954821125896,2.130283792338597,2.387353105463641,-0.2570693131250441,0.479,11.016346486998195,5.2508122699693285,5.765534217028867,Cdn Energy Producers,20.716335180076317,Theme baskets,9,9
Narrow high,top,11,9,45.45454545454545,7.0,5.0,16.666666666666664,44.44444444444444,4.6156683640054945,0.7095941412038497,3.906074222801645,7.471810021923321,1.4437497625746856,6.028060259348636,8.052488411572085,2.387353105463641,5.665135306108445,0.8985,21.772505573026994,5.2508122699693285,16.521693303057667,Cdn Energy Producers,20.716335180076317,Theme baskets,9,9
RS particip. < 50 & RS up,top,20,9,15.0,6.0,-1.0,57.14285714285714,33.33333333333333,-1.3098730440741764,0.7095941412038497,-2.019467185278026,-1.5930690220981143,1.4437497625746856,-3.0368187846728,-1.6859733429620039,2.387353105463641,-4.073326448425645,0.1305,-0.234831884091769,5.2508122699693285,-5.485644154061098,Cdn Energy Producers,20.716335180076317,Theme baskets,9,9
RS particip. falling 13w,top,25,9,8.0,12.5,-10.5,100.0,22.22222222222222,0.5802090011279233,0.7095941412038497,-0.12938514007592639,0.807014907450554,1.4437497625746856,-0.6367348551241315,4.348719306303373,2.387353105463641,1.961366200839732,0.73,2.5890956183492224,5.2508122699693285,-2.661716651620106,Cdn Energy Producers,20.716335180076317,Theme baskets,9,9
wRSI < 30,bottom,6,9,50.0,3.0,3.0,0.0,33.33333333333333,0.8683764441000719,0.7095941412038497,0.1587823028962222,-0.40996949187967086,1.4437497625746856,-1.8537192544543564,3.1815309672436265,2.387353105463641,0.7941778617799855,0.436,-0.844452835732155,5.2508122699693285,-6.0952651057014835,Cdn Energy Producers,20.716335180076317,Theme baskets,9,9
wRSI < 25,bottom,2,9,50.0,2.0,2.0,0.0,11.11111111111111,-2.270938196423466,0.7095941412038497,-2.9805323376273156,1.6909208453742557,1.4437497625746856,0.24717108279957012,12.422429988979534,2.387353105463641,10.035076883515893,0.158,-0.4906133073781014,5.2508122699693285,-5.74142557734743,Cdn Energy Producers,20.716335180076317,Theme baskets,9,9
Channel z < -1.5,bottom,18,9,27.77777777777778,3.0,0.0,44.44444444444444,55.55555555555556,-2.814409103413267,0.7095941412038497,-3.524003244617117,0.5462179269136923,1.4437497625746856,-0.8975318356609933,-0.9297008218499836,2.387353105463641,-3.3170539273136246,0.81,-0.9205685980534845,5.2508122699693285,-6.171380868022813,Cdn Energy Producers,20.716335180076317,Theme baskets,9,9
Channel z < -2.0,bottom,9,9,22.22222222222222,3.5,2.0,33.33333333333333,22.22222222222222,2.6054235294966395,0.7095941412038497,1.89582938829279,1.9734073913772159,1.4437497625746856,0.5296576288025303,3.2017672956717766,2.387353105463641,0.8144141902081357,0.4395,-8.00628364052862,5.2508122699693285,-13.257095910497949,Cdn Energy Producers,20.716335180076317,Theme baskets,9,9
40w stretch z < -1.5,bottom,7,9,42.857142857142854,2.0,2.0,0.0,33.33333333333333,-1.4143183088999483,0.7095941412038497,-2.123912450103798,-0.5240180029219949,1.4437497625746856,-1.9677677654966805,0.5767968352571337,2.387353105463641,-1.8105562702065074,0.612,-3.7283920908168176,5.2508122699693285,-8.979204360786145,Cdn Energy Producers,20.716335180076317,Theme baskets,9,9
Composite < -1.0,bottom,22,9,36.36363636363637,4.5,0.0,38.46153846153847,66.66666666666666,-2.206087479444582,0.7095941412038497,-2.9156816206484315,1.5659313216598036,1.4437497625746856,0.12218155908511807,-1.2359984813102165,2.387353105463641,-3.6233515867738575,0.8715,-0.276802108566134,5.2508122699693285,-5.527614378535462,Cdn Energy Producers,20.716335180076317,Theme baskets,9,9
Composite < -1.5,bottom,10,9,30.0,3.0,2.5,25.0,33.33333333333333,-0.5096180990357837,0.7095941412038497,-1.2192122402396333,0.6429863699925785,1.4437497625746856,-0.800763392582107,1.7334196002741256,2.387353105463641,-0.6539335051895154,0.553,-6.782069911595104,5.2508122699693285,-12.032882181564432,Cdn Energy Producers,20.716335180076317,Theme baskets,9,9
13w ROC crosses > 0,bottom,22,9,13.636363636363635,9.0,-4.0,75.0,33.33333333333333,1.175240098187779,0.7095941412038497,0.4656459569839294,3.47932114303945,1.4437497625746856,2.0355713804647646,4.09031600840599,2.387353105463641,1.7029629029423492,0.3055,7.504535352396847,5.2508122699693285,2.253723082427519,Cdn Energy Producers,20.716335180076317,Theme baskets,9,9
Ratio crosses > 40w MA,bottom,14,9,0.0,,-7.0,100.0,0.0,2.142443632049159,0.7095941412038497,1.4328494908453093,1.6751432620130975,1.4437497625746856,0.23139349943841192,1.7352300086249361,2.387353105463641,-0.6521230968387048,0.5525,5.431647716897599,5.2508122699693285,0.18083544692827047,Cdn Energy Producers,20.716335180076317,Theme baskets,9,9
Washed + ROC cross,bottom,4,9,25.0,7.0,-3.0,66.66666666666666,11.11111111111111,0.7572531577237167,0.7095941412038497,0.04765901651986704,4.745445193899383,1.4437497625746856,3.3016954313246973,-1.7194933681550477,2.387353105463641,-4.106846473618688,0.6995,-10.294364365762352,5.2508122699693285,-15.54517663573168,Cdn Energy Producers,20.716335180076317,Theme baskets,9,9
Breadth pos. divergence,bottom,15,9,13.333333333333334,8.0,-2.0,75.0,22.22222222222222,2.6361444179521216,0.7095941412038497,1.926550276748272,3.5300080294441316,1.4437497625746856,2.086258266869446,2.8918206989142843,2.387353105463641,0.5044675934506433,0.4505,1.7034690641088486,5.2508122699693285,-3.54734320586048,Cdn Energy Producers,20.716335180076317,Theme baskets,9,9
RS particip. rising 13w,bottom,25,9,8.0,3.5,-6.0,81.81818181818183,22.22222222222222,2.2503261154923133,0.7095941412038497,1.5407319742884638,5.2864810812709315,1.4437497625746856,3.842731318696246,4.693445296248538,2.387353105463641,2.3060921907848972,0.2385,11.92817049110612,5.2508122699693285,6.677358221136792,Cdn Energy Producers,20.716335180076317,Theme baskets,9,9
wRSI > 70,top,27,3,3.7037037037037033,5.0,5.0,0.0,33.33333333333333,1.815125760052506,1.4348469914350377,0.38027876861746823,3.987306856440515,2.88445551864454,1.102851337795975,5.616197780567339,4.753412345208794,0.8627854353585453,0.6925,12.515231991403015,9.871018011403565,2.6442139799994493,Cdn Growth,11.251288011588763,Theme baskets,3,2
wRSI > 75,top,17,3,5.88235294117647,3.0,3.0,0.0,33.33333333333333,1.3366409153718006,1.4348469914350377,-0.09820607606323706,2.3754202271266944,2.88445551864454,-0.5090352915178458,4.327696286938004,4.753412345208794,-0.4257160582707904,0.4335,11.77481498378017,9.871018011403565,1.903796972376604,Cdn Growth,11.251288011588763,Theme baskets,3,2
Channel z > +1.5,top,7,3,14.285714285714285,3.0,3.0,0.0,33.33333333333333,0.897098784063385,1.4348469914350377,-0.5377482073716527,4.037428559262028,2.88445551864454,1.1529730406174878,4.529345520726275,4.753412345208794,-0.22406682448251924,0.4895,10.114349183180044,9.871018011403565,0.24333117177647878,Cdn Growth,11.251288011588763,Theme baskets,3,2
Channel z > +2.0,top,6,3,0.0,,,,0.0,0.5653100502568731,1.4348469914350377,-0.8695369411781646,5.2276596669572095,2.88445551864454,2.3432041483126693,5.943907110566968,4.753412345208794,1.1904947653581743,0.659,15.376564916638602,9.871018011403565,5.505546905235036,Cdn Growth,11.251288011588763,Theme baskets,3,2
40w stretch z > +1.5,top,4,3,0.0,,,,0.0,2.7762909259552324,1.4348469914350377,1.3414439345201947,6.648812848539903,2.88445551864454,3.7643573298953625,7.207147721525547,4.753412345208794,2.453735376316753,0.719,18.89002208057631,9.871018011403565,9.019004069172743,Cdn Growth,11.251288011588763,Theme baskets,3,2
Composite > +1.0,top,16,3,6.25,5.0,5.0,0.0,33.33333333333333,2.987242823239029,1.4348469914350377,1.5523958318039914,3.833981477504847,2.88445551864454,0.9495259588603067,4.98715977926909,4.753412345208794,0.2337474340602963,0.5275,12.70855031906201,9.871018011403565,2.837532307658444,Cdn Growth,11.251288011588763,Theme baskets,3,2
Composite > +1.5,top,9,3,11.11111111111111,3.0,3.0,0.0,33.33333333333333,1.094837204481769,1.4348469914350377,-0.3400097869532688,3.7115877592840993,2.88445551864454,0.8271322406395591,4.181726925101,4.753412345208794,-0.5716854201077943,0.4385,9.789189127493328,9.871018011403565,-0.08182888391023724,Cdn Growth,11.251288011588763,Theme baskets,3,2
Monthly RSI > 70,top,37,3,5.405405405405405,4.0,0.0,33.33333333333333,33.33333333333333,1.727405885463338,1.4348469914350377,0.2925588940283004,3.571373630825914,2.88445551864454,0.6869181121813739,5.15474647559085,4.753412345208794,0.4013341303820557,0.6185,10.781382977287757,9.871018011403565,0.9103649658841917,Cdn Growth,11.251288011588763,Theme baskets,3,2
13w ROC crosses < 0,top,14,3,0.0,,-8.0,100.0,0.0,0.4012316891937572,1.4348469914350377,-1.0336153022412806,-0.8867744267221785,2.88445551864454,-3.7712299453667186,0.690416757347628,4.753412345208794,-4.062995587861166,0.0475,4.402110194904771,9.871018011403565,-5.4689078164987945,Cdn Growth,11.251288011588763,Theme baskets,3,2
Ratio crosses < 40w MA,top,8,3,12.5,9.0,-7.5,75.0,33.33333333333333,-0.05427258491219189,1.4348469914350377,-1.4891195763472296,-0.44524364953543993,2.88445551864454,-3.32969916817998,-1.6330099471813786,4.753412345208794,-6.386422292390172,0.025,0.6057089657505319,9.871018011403565,-9.265309045653034,Cdn Growth,11.251288011588763,Theme baskets,3,2
Breadth neg. divergence,top,27,3,3.7037037037037033,5.0,-3.0,75.0,33.33333333333333,0.8489589538536259,1.4348469914350377,-0.5858880375814118,2.946961648840739,2.88445551864454,0.06250613019619866,4.638377331354706,4.753412345208794,-0.11503501385408832,0.4785,8.511565328404258,9.871018011403565,-1.3594526829993079,Cdn Growth,11.251288011588763,Theme baskets,3,2
Narrow high,top,30,3,10.0,6.0,6.0,0.0,100.0,1.609171014172674,1.4348469914350377,0.17432402273763636,4.669883443146077,2.88445551864454,1.7854279245015365,5.792992576192489,4.753412345208794,1.0395802309836952,0.7275,9.775774184965274,9.871018011403565,-0.09524382643829199,Cdn Growth,11.251288011588763,Theme baskets,3,2
RS particip. < 50 & RS up,top,12,3,25.0,10.0,6.0,40.0,100.0,0.3067071174584491,1.4348469914350377,-1.1281398739765887,2.0599920694550344,2.88445551864454,-0.8244634491895058,0.8226554603919418,4.753412345208794,-3.9307568848168524,0.072,0.567014668591014,9.871018011403565,-9.304003342812551,Cdn Growth,11.251288011588763,Theme baskets,3,2
RS particip. falling 13w,top,24,3,4.166666666666666,7.0,-8.5,75.0,33.33333333333333,1.2964100659503943,1.4348469914350377,-0.13843692548464337,2.5829825051926556,2.88445551864454,-0.3014730134518846,3.609502750583122,4.753412345208794,-1.143909594625672,0.2745,7.79320148349847,9.871018011403565,-2.077816527905095,Cdn Growth,11.251288011588763,Theme baskets,3,2
wRSI < 30,bottom,7,2,42.857142857142854,5.0,5.0,0.0,100.0,-1.368834156023364,1.4348469914350377,-2.8036811474584016,-2.3280066117691303,2.88445551864454,-5.2124621304136705,-1.467771144338131,4.753412345208794,-6.221183489546925,0.9675,-2.618555969607509,9.871018011403565,-12.489573981011075,Cdn Growth,11.251288011588763,Theme baskets,3,2
wRSI < 25,bottom,2,2,0.0,,,,0.0,-3.374086543897037,1.4348469914350377,-4.808933535332074,-5.829613644427423,2.88445551864454,-8.714069163071963,-7.4348580056672775,4.753412345208794,-12.18827035087607,0.968,-4.462554947893215,9.871018011403565,-14.33357295929678,Cdn Growth,11.251288011588763,Theme baskets,3,2
Channel z < -1.5,bottom,17,2,11.76470588235294,5.0,1.0,33.33333333333333,50.0,-1.5684262407174503,1.4348469914350377,-3.003273232152488,-0.32281395081145337,2.88445551864454,-3.2072694694559933,-0.2683306415379003,4.753412345208794,-5.021742986746695,0.984,7.246915330330526,9.871018011403565,-2.6241026810730395,Cdn Growth,11.251288011588763,Theme baskets,3,2
Channel z < -2.0,bottom,12,2,8.333333333333332,6.0,-2.0,66.66666666666666,50.0,-0.46632569593399636,1.4348469914350377,-1.901172687369034,-0.7124683497429922,2.88445551864454,-3.5969238683875324,0.1361984123622965,4.753412345208794,-4.617213932846497,0.9595,5.64708788937598,9.871018011403565,-4.2239301220275856,Cdn Growth,11.251288011588763,Theme baskets,3,2
40w stretch z < -1.5,bottom,12,2,16.666666666666664,7.0,7.0,0.0,50.0,-0.6965247416659771,1.4348469914350377,-2.1313717331010147,-1.1537432266327974,2.88445551864454,-4.038198745277338,-0.7451504688699891,4.753412345208794,-5.498562814078783,0.9895,-1.6079623069582192,9.871018011403565,-11.478980318361785,Cdn Growth,11.251288011588763,Theme baskets,3,2
Composite < -1.0,bottom,17,2,17.647058823529413,3.0,3.0,40.0,100.0,-0.43940234357048796,1.4348469914350377,-1.8742493350055256,-1.2719844279879604,2.88445551864454,-4.156439946632501,-1.1742347022736228,4.753412345208794,-5.9276470474824166,0.993,0.4377883059193418,9.871018011403565,-9.433229705484223,Cdn Growth,11.251288011588763,Theme baskets,3,2
Composite < -1.5,bottom,10,2,30.0,1.0,1.0,0.0,100.0,-2.8297064782898986,1.4348469914350377,-4.2645534697249365,-1.661228049954667,2.88445551864454,-4.545683568599207,-3.1168472516876635,4.753412345208794,-7.8702595968964575,0.9985,-1.379438549711827,9.871018011403565,-11.250456561115392,Cdn Growth,11.251288011588763,Theme baskets,3,2
13w ROC crosses > 0,bottom,13,2,7.6923076923076925,7.0,-2.0,66.66666666666666,50.0,0.5117315716952775,1.4348469914350377,-0.9231154197397602,2.1895177990047285,2.88445551864454,-0.6949377196398117,4.7990511798947795,4.753412345208794,0.04563883468598551,0.4735,8.641345437918154,9.871018011403565,-1.229672573485411,Cdn Growth,11.251288011588763,Theme baskets,3,2
Ratio crosses > 40w MA,bottom,7,2,0.0,,-10.5,100.0,0.0,-2.3552799851416606,1.4348469914350377,-3.7901269765766985,-1.31014229741016,2.88445551864454,-4.1945978160547,-3.1445839398482187,4.753412345208794,-7.897996285057013,0.989,0.7558289284545628,9.871018011403565,-9.115189082949003,Cdn Growth,11.251288011588763,Theme baskets,3,2
Washed + ROC cross,bottom,3,2,0.0,,-2.0,100.0,0.0,0.5995087004242968,1.4348469914350377,-0.8353382910107409,1.7376895000298747,2.88445551864454,-1.1467660186146655,1.9817977372844748,4.753412345208794,-2.7716146079243194,0.702,12.116298228789523,9.871018011403565,2.2452802173859574,Cdn Growth,11.251288011588763,Theme baskets,3,2
Washed + MA cross,bottom,3,2,0.0,,-8.0,100.0,0.0,-6.402467766503395,1.4348469914350377,-7.837314757938432,-4.927018702292866,2.88445551864454,-7.811474220937406,-4.939724949778475,4.753412345208794,-9.69313729498727,0.967,2.1777952339580757,9.871018011403565,-7.69322277744549,Cdn Growth,11.251288011588763,Theme baskets,3,2
Breadth pos. divergence,bottom,9,2,11.11111111111111,1.0,-2.0,50.0,50.0,0.6807671477223338,1.4348469914350377,-0.7540798437127039,1.4130243776647253,2.88445551864454,-1.4714311409798149,4.3347187279338,4.753412345208794,-0.418693617274994,0.5445,7.941075327558098,9.871018011403565,-1.9299426838454679,Cdn Growth,11.251288011588763,Theme baskets,3,2
RS particip. rising 13w,bottom,21,2,0.0,,-10.0,100.0,0.0,2.276192003422467,1.4348469914350377,0.8413450119874295,3.782596139140396,2.88445551864454,0.8981406204958557,4.3090418821036405,4.753412345208794,-0.4443704631051535,0.5825,9.383274352924845,9.871018011403565,-0.4877436584787205,Cdn Growth,11.251288011588763,Theme baskets,3,2
wRSI > 70,top,11,7,36.36363636363637,3.0,3.0,0.0,42.857142857142854,1.7511269574905328,0.8978575097605299,0.8532694477300029,1.690146673209427,1.795292781566588,-0.10514610835716098,3.9247924879772125,2.899409681213089,1.0253828067641235,0.6125,2.32158571240538,6.133487942233652,-3.811902229828272,Cdn Materials & Miners,19.86774649276,Theme baskets,7,7
wRSI > 75,top,6,7,33.33333333333333,4.5,4.5,0.0,14.285714285714285,-0.5923129336475306,0.8978575097605299,-1.4901704434080605,-0.28341055035345786,1.795292781566588,-2.078703331920046,1.0104261894112916,2.899409681213089,-1.8889834918017974,0.39,0.0009422238972878935,6.133487942233652,-6.132545718336364,Cdn Materials & Miners,19.86774649276,Theme baskets,7,7
Channel z > +1.5,top,12,7,25.0,3.0,0.0,50.0,28.57142857142857,-0.5039731084293427,0.8978575097605299,-1.4018306181898725,1.1267759614518174,1.795292781566588,-0.6685168201147706,-2.771707864547265,2.899409681213089,-5.671117545760354,0.064,1.7640958155718183,6.133487942233652,-4.369392126661833,Cdn Materials & Miners,19.86774649276,Theme baskets,7,7
Channel z > +2.0,top,5,7,40.0,6.0,5.0,33.33333333333333,28.57142857142857,5.627709577994421,0.8978575097605299,4.729852068233891,4.274776905282209,1.795292781566588,2.479484123715621,7.801157453651465,2.899409681213089,4.901747772438376,0.799,-0.42487499602385376,6.133487942233652,-6.558362938257505,Cdn Materials & Miners,19.86774649276,Theme baskets,7,7
40w stretch z > +1.5,top,8,7,25.0,4.0,4.0,0.0,14.285714285714285,5.508120797991619,0.8978575097605299,4.610263288231089,7.3302113560649325,1.795292781566588,5.534918574498344,9.925790885621577,2.899409681213089,7.026381204408488,0.928,9.594838975271035,6.133487942233652,3.461351033037383,Cdn Materials & Miners,19.86774649276,Theme baskets,7,7
Composite > +1.0,top,20,7,25.0,5.0,3.0,28.57142857142857,57.14285714285714,2.10288622540394,0.8978575097605299,1.2050287156434103,0.7853603549555305,1.795292781566588,-1.0099324266110576,2.1367628673869516,2.899409681213089,-0.7626468138261373,0.4315,2.85844686715508,6.133487942233652,-3.2750410750785717,Cdn Materials & Miners,19.86774649276,Theme baskets,7,7
Composite > +1.5,top,9,7,33.33333333333333,4.0,4.0,0.0,28.57142857142857,6.300827994376706,0.8978575097605299,5.402970484616176,4.528085066746408,1.795292781566588,2.73279228517982,7.547393589004595,2.899409681213089,4.647983907791506,0.8585,7.371801236509309,6.133487942233652,1.238313294275657,Cdn Materials & Miners,19.86774649276,Theme baskets,7,7
Monthly RSI > 70,top,10,7,20.0,5.0,5.0,0.0,14.285714285714285,3.121981015049795,0.8978575097605299,2.224123505289265,3.758442059690549,1.795292781566588,1.963149278123961,3.8825650199973283,2.899409681213089,0.9831553387842393,0.613,5.902454777857064,6.133487942233652,-0.23103316437658794,Cdn Materials & Miners,19.86774649276,Theme baskets,7,7
13w ROC crosses < 0,top,26,7,7.6923076923076925,13.0,-3.5,66.66666666666666,28.57142857142857,2.7939607756678324,0.8978575097605299,1.8961032659073025,3.2913283762510424,1.795292781566588,1.4960355946844544,5.145355244044267,2.899409681213089,2.245945562831178,0.8005,7.8509096292857885,6.133487942233652,1.7174216870521368,Cdn Materials & Miners,19.86774649276,Theme baskets,7,7
Ratio crosses < 40w MA,top,17,7,5.88235294117647,6.0,-6.0,80.0,14.285714285714285,2.0820007320265526,0.8978575097605299,1.1841432222660226,-0.7276413244992864,1.795292781566588,-2.5229341060658745,0.7035983347310379,2.899409681213089,-2.195811346482051,0.2575,9.783731767602477,6.133487942233652,3.6502438253688254,Cdn Materials & Miners,19.86774649276,Theme baskets,7,7
Extended + ROC cross,top,3,7,0.0,,-6.5,100.0,0.0,5.865280544681814,0.8978575097605299,4.967423034921284,-2.2884775521584557,1.795292781566588,-4.0837703337250435,1.2754987586330904,2.899409681213089,-1.6239109225799986,0.448,2.6799296293144814,6.133487942233652,-3.4535583129191703,Cdn Materials & Miners,19.86774649276,Theme baskets,7,7
Breadth neg. divergence,top,21,7,4.761904761904762,8.0,-2.5,75.0,14.285714285714285,1.3791690941020138,0.8978575097605299,0.4813115843414839,2.799846975824435,1.795292781566588,1.004554194257847,3.707153619589191,2.899409681213089,0.807743938376102,0.628,5.759972094988247,6.133487942233652,-0.37351584724540476,Cdn Materials & Miners,19.86774649276,Theme baskets,7,7
Narrow high,top,18,7,22.22222222222222,3.0,3.0,0.0,42.857142857142854,1.1079805776657001,0.8978575097605299,0.2101230679051702,0.33186538299042045,1.795292781566588,-1.4634273985761674,1.9500159342471062,2.899409681213089,-0.9493937469659828,0.391,5.244779632374465,6.133487942233652,-0.8887083098591866,Cdn Materials & Miners,19.86774649276,Theme baskets,7,7
RS particip. < 50 & RS up,top,22,7,13.636363636363635,5.0,2.5,25.0,28.57142857142857,0.8462452869741057,0.8978575097605299,-0.05161222278642419,2.570550962929325,1.795292781566588,0.775258181362737,4.186823231155575,2.899409681213089,1.2874135499424861,0.684,7.873450937446893,6.133487942233652,1.739962995213241,Cdn Materials & Miners,19.86774649276,Theme baskets,7,7
RS particip. falling 13w,top,27,7,3.7037037037037033,13.0,-6.0,83.33333333333334,14.285714285714285,1.944099095900677,0.8978575097605299,1.046241586140147,3.3996889201077027,1.795292781566588,1.6043961385411147,6.401860310205439,2.899409681213089,3.5024506289923503,0.9055,10.767855517990473,6.133487942233652,4.634367575756821,Cdn Materials & Miners,19.86774649276,Theme baskets,7,7
wRSI < 30,bottom,2,7,100.0,1.5,1.5,0.0,28.57142857142857,1.410566982437822,0.8978575097605299,0.512709472677292,10.14678722910931,1.795292781566588,8.351494447542724,12.306394016258459,2.899409681213089,9.406984335045369,0.157,33.89086121066032,6.133487942233652,27.75737326842667,Cdn Materials & Miners,19.86774649276,Theme baskets,7,7
wRSI < 25,bottom,1,7,100.0,3.0,3.0,0.0,14.285714285714285,1.4955257323546745,0.8978575097605299,0.5976682225941445,12.753777417648138,1.795292781566588,10.95848463608155,7.9203849060402565,2.899409681213089,5.0209752248271675,0.303,20.02282175036092,6.133487942233652,13.889333808127267,Cdn Materials & Miners,19.86774649276,Theme baskets,7,7
Channel z < -1.5,bottom,3,7,66.66666666666666,3.0,3.0,33.33333333333333,28.57142857142857,-0.9451314363089361,0.8978575097605299,-1.842988946069466,6.54864808687194,1.795292781566588,4.753355305305352,10.747920279029154,2.899409681213089,7.848510597816065,0.156,24.249099509635972,6.133487942233652,18.11561156740232,Cdn Materials & Miners,19.86774649276,Theme baskets,7,7
Channel z < -2.0,bottom,2,7,50.0,2.0,-2.0,50.0,14.285714285714285,4.957793585039172,0.8978575097605299,4.059936075278642,3.87973407174324,1.795292781566588,2.0844412901766516,18.697813992531877,2.899409681213089,15.798404311318787,0.06,37.76325621573584,6.133487942233652,31.629768273502187,Cdn Materials & Miners,19.86774649276,Theme baskets,7,7
40w stretch z < -1.5,bottom,5,7,60.0,3.0,1.5,25.0,42.857142857142854,4.263585708486402,0.8978575097605299,3.365728198725872,17.457253740924767,1.795292781566588,15.66196095935818,18.79776481163665,2.899409681213089,15.89835513042356,0.0095,35.086565748155145,6.133487942233652,28.953077805921495,Cdn Materials & Miners,19.86774649276,Theme baskets,7,7
Composite < -1.0,bottom,8,7,50.0,2.5,0.5,33.33333333333333,57.14285714285714,3.8175599308374566,0.8978575097605299,2.9197024210769267,8.666811214930137,1.795292781566588,6.871518433363549,13.325940960908136,2.899409681213089,10.426531279695048,0.0325,24.234836678772584,6.133487942233652,18.10134873653893,Cdn Materials & Miners,19.86774649276,Theme baskets,7,7
Composite < -1.5,bottom,4,7,75.0,3.0,1.5,25.0,42.857142857142854,6.521656423296934,0.8978575097605299,5.623798913536404,11.203473751554256,1.795292781566588,9.408180969987669,13.617822368956226,2.899409681213089,10.718412687743136,0.0905,28.17438798121317,6.133487942233652,22.040900038979515,Cdn Materials & Miners,19.86774649276,Theme baskets,7,7
13w ROC crosses > 0,bottom,26,7,3.8461538461538463,8.0,-8.0,80.0,14.285714285714285,0.38694000374531373,0.8978575097605299,-0.5109175060152162,2.217911780562078,1.795292781566588,0.42261899899549005,3.0249316487506253,2.899409681213089,0.1255219675375363,0.458,7.145717799596061,6.133487942233652,1.0122298573624091,Cdn Materials & Miners,19.86774649276,Theme baskets,7,7
Ratio crosses > 40w MA,bottom,20,7,10.0,9.5,-5.0,60.0,28.57142857142857,3.9211216736859527,0.8978575097605299,3.0232641639254227,3.852660131180013,1.795292781566588,2.0573673496134246,2.3173102387381634,2.899409681213089,-0.5820994424749255,0.5725,10.077606215485595,6.133487942233652,3.9441182732519433,Cdn Materials & Miners,19.86774649276,Theme baskets,7,7
Washed + ROC cross,bottom,3,7,0.0,,-9.0,100.0,0.0,3.6312995088159403,0.8978575097605299,2.7334419990554104,16.82531296611028,1.795292781566588,15.030020184543691,19.27814904869388,2.899409681213089,16.37873936748079,0.024,30.46467487583327,6.133487942233652,24.331186933599618,Cdn Materials & Miners,19.86774649276,Theme baskets,7,7
Breadth pos. divergence,bottom,11,7,0.0,,-3.5,100.0,0.0,1.9475358420464572,0.8978575097605299,1.0496783322859273,2.1537707950578775,1.795292781566588,0.3584780134912895,-0.745058019268907,2.899409681213089,-3.644467700481996,0.8005,9.213684527125531,6.133487942233652,3.0801965848918798,Cdn Materials & Miners,19.86774649276,Theme baskets,7,7
RS particip. rising 13w,bottom,27,7,0.0,,-8.5,100.0,0.0,0.45021264451221166,0.8978575097605299,-0.44764486524831826,2.6091135212577594,1.795292781566588,0.8138207396911714,2.940855552813942,2.899409681213089,0.041445871600853224,0.4845,7.74905961344542,6.133487942233652,1.615571671211768,Cdn Materials & Miners,19.86774649276,Theme baskets,7,7
wRSI > 70,top,10,6,30.0,2.0,2.0,0.0,50.0,1.2328537227192926,0.2428236005076483,0.9900301222116443,4.581825516064472,0.52730149024871,4.054524025815763,8.004252364503927,0.9439414149695369,7.06031094953439,0.934,7.556819497045575,2.554374553508784,5.0024449435367915,Critical Minerals & Mining,18.88351307362329,Theme baskets,6,5
wRSI > 75,top,7,6,14.285714285714285,5.0,5.0,0.0,16.666666666666664,4.013115815966593,0.2428236005076483,3.7702922154589444,5.860381900312063,0.52730149024871,5.333080410063354,11.090818798138267,0.9439414149695369,10.14687738316873,0.9595,12.894687697274602,2.554374553508784,10.340313143765819,Critical Minerals & Mining,18.88351307362329,Theme baskets,6,5
Channel z > +1.5,top,20,6,25.0,7.0,-0.5,50.0,50.0,-0.2588763308531584,0.2428236005076483,-0.5016999313608067,1.2461893894466924,0.52730149024871,0.7188878991979825,0.16929757169272608,0.9439414149695369,-0.7746438432768108,0.404,5.2489107440657685,2.554374553508784,2.6945361905569847,Critical Minerals & Mining,18.88351307362329,Theme baskets,6,5
Channel z > +2.0,top,8,6,37.5,6.0,4.0,25.0,33.33333333333333,-0.9214343551633627,0.2428236005076483,-1.164257955671011,-3.0701137692764444,0.52730149024871,-3.5974152595251545,-1.687169653657776,0.9439414149695369,-2.631111068627313,0.306,-4.58651428561723,2.554374553508784,-7.1408888391260135,Critical Minerals & Mining,18.88351307362329,Theme baskets,6,5
40w stretch z > +1.5,top,11,6,18.181818181818183,7.0,7.0,0.0,33.33333333333333,2.475023130555643,0.2428236005076483,2.2321995300479944,7.953412422239628,0.52730149024871,7.426110931990919,10.330571015650426,0.9439414149695369,9.38662960068089,0.982,22.752156607545135,2.554374553508784,20.197782054036352,Critical Minerals & Mining,18.88351307362329,Theme baskets,6,5
Composite > +1.0,top,22,6,31.818181818181817,6.0,1.0,22.22222222222222,83.33333333333334,1.2201876686371806,0.2428236005076483,0.9773640681295324,2.8401060779735876,0.52730149024871,2.3128045877248775,4.134958964262108,0.9439414149695369,3.191017549292571,0.854,8.58578925228729,2.554374553508784,6.031414698778506,Critical Minerals & Mining,18.88351307362329,Theme baskets,6,5
Composite > +1.5,top,14,6,35.714285714285715,5.0,5.0,16.666666666666664,66.66666666666666,3.347015389189749,0.2428236005076483,3.1041917886821007,4.8083275368469005,0.52730149024871,4.281026046598191,7.177050803121697,0.9439414149695369,6.23310938815216,0.9435,8.144765028778359,2.554374553508784,5.590390475269575,Critical Minerals & Mining,18.88351307362329,Theme baskets,6,5
Monthly RSI > 70,top,9,6,33.33333333333333,4.0,1.0,40.0,50.0,-0.9482309569349725,0.2428236005076483,-1.1910545574426208,-4.1322238548678625,0.52730149024871,-4.659525345116572,-2.3640930571020795,0.9439414149695369,-3.3080344720716166,0.2385,-2.620632904126138,2.554374553508784,-5.175007457634922,Critical Minerals & Mining,18.88351307362329,Theme baskets,6,5
13w ROC crosses < 0,top,18,6,11.11111111111111,5.0,-3.0,66.66666666666666,33.33333333333333,-0.6217476669240996,0.2428236005076483,-0.8645712674317478,-3.5814417826698435,0.52730149024871,-4.108743272918553,-2.4012505767869516,0.9439414149695369,-3.3451919917564883,0.162,1.4544702179582794,2.554374553508784,-1.0999043355505045,Critical Minerals & Mining,18.88351307362329,Theme baskets,6,5
Ratio crosses < 40w MA,top,13,6,7.6923076923076925,11.0,-9.0,83.33333333333334,16.666666666666664,2.77738956237477,0.2428236005076483,2.5345659618671217,4.442786853144628,0.52730149024871,3.9154853628959176,5.480998556463313,0.9439414149695369,4.537057141493777,0.8595,10.21359072469449,2.554374553508784,7.659216171185705,Critical Minerals & Mining,18.88351307362329,Theme baskets,6,5
Extended + ROC cross,top,5,6,40.0,5.0,0.0,50.0,33.33333333333333,-0.07295725778624843,0.2428236005076483,-0.31578085829389674,-3.715815886154174,0.52730149024871,-4.243117376402884,-1.0161408407892367,0.9439414149695369,-1.9600822557587736,0.4095,6.144423286923172,2.554374553508784,3.5900487334143882,Critical Minerals & Mining,18.88351307362329,Theme baskets,6,5
Breadth neg. divergence,top,13,6,30.76923076923077,8.5,3.0,42.857142857142854,66.66666666666666,3.1610036775660904,0.2428236005076483,2.918180077058442,2.084571460851646,0.52730149024871,1.557269970602936,3.329850040939711,0.9439414149695369,2.385908625970174,0.7255,5.972278793692483,2.554374553508784,3.4179042401836988,Critical Minerals & Mining,18.88351307362329,Theme baskets,6,5
Narrow high,top,16,6,37.5,5.0,5.0,0.0,83.33333333333334,2.149276733381077,0.2428236005076483,1.9064531328734289,2.0770397867725787,0.52730149024871,1.5497382965238686,5.651882661619422,0.9439414149695369,4.707941246649885,0.9165,9.842574526189905,2.554374553508784,7.288199972681121,Critical Minerals & Mining,18.88351307362329,Theme baskets,6,5
RS particip. < 50 & RS up,top,20,6,5.0,11.0,11.0,0.0,16.666666666666664,-0.9883979797106864,0.2428236005076483,-1.2312215802183348,1.2680806173693626,0.52730149024871,0.7407791271206526,1.7173574802191975,0.9439414149695369,0.7734160652496607,0.6225,6.669756118860266,2.554374553508784,4.115381565351482,Critical Minerals & Mining,18.88351307362329,Theme baskets,6,5
RS particip. falling 13w,top,30,6,6.666666666666667,9.5,-6.5,80.0,33.33333333333333,0.05808517713821105,0.2428236005076483,-0.18473842336943727,0.9162315485286703,0.52730149024871,0.3889300582799603,0.9445360659365272,0.9439414149695369,0.0005946509669902955,0.4955,2.9562377400539592,2.554374553508784,0.4018631865451754,Critical Minerals & Mining,18.88351307362329,Theme baskets,6,5
wRSI < 30,bottom,4,5,25.0,4.0,4.0,0.0,20.0,-1.7932597937194208,0.2428236005076483,-2.0360833942270693,0.5907133000188995,0.52730149024871,0.06341180977018956,2.258675473076688,0.9439414149695369,1.314734058107151,0.4255,-2.128166228753148,2.554374553508784,-4.682540782261932,Critical Minerals & Mining,18.88351307362329,Theme baskets,6,5
wRSI < 25,bottom,1,5,100.0,2.0,2.0,0.0,20.0,-9.152392056845626,0.2428236005076483,-9.395215657353274,-2.816018154386768,0.52730149024871,-3.343319644635478,13.164095498976124,0.9439414149695369,12.220154084006587,0.1735,17.900014645141304,2.554374553508784,15.345640091632522,Critical Minerals & Mining,18.88351307362329,Theme baskets,6,5
Channel z < -1.5,bottom,14,5,28.57142857142857,6.5,3.0,20.0,40.0,-1.9118628174583565,0.2428236005076483,-2.154686417966005,-0.44846730030546966,0.52730149024871,-0.9757687905541796,-2.4289144494274604,0.9439414149695369,-3.372855864396997,0.8105,-2.357243204357711,2.554374553508784,-4.911617757866495,Critical Minerals & Mining,18.88351307362329,Theme baskets,6,5
Channel z < -2.0,bottom,5,5,20.0,7.0,3.0,50.0,20.0,-0.7933698893759233,0.2428236005076483,-1.0361934898835716,-1.7521992798991584,0.52730149024871,-2.2795007701478682,1.5045987757317294,0.9439414149695369,0.5606573607621925,0.45,1.3563831562378659,2.554374553508784,-1.197991397270918,Critical Minerals & Mining,18.88351307362329,Theme baskets,6,5
40w stretch z < -1.5,bottom,9,5,11.11111111111111,7.0,3.0,50.0,20.0,0.008979357182136185,0.2428236005076483,-0.23384424332551212,0.974221610584648,0.52730149024871,0.446920120335938,0.9210228401839206,0.9439414149695369,-0.02291857478561632,0.475,-3.6962969811803776,2.554374553508784,-6.250671534689161,Critical Minerals & Mining,18.88351307362329,Theme baskets,6,5
Composite < -1.0,bottom,18,5,22.22222222222222,5.5,2.0,20.0,40.0,-0.4463052345326599,0.2428236005076483,-0.6891288350403082,-0.5277525187060369,0.52730149024871,-1.0550540089547469,-2.190566464376767,0.9439414149695369,-3.1345078793463035,0.8135,-2.910818875814417,2.554374553508784,-5.4651934293232,Critical Minerals & Mining,18.88351307362329,Theme baskets,6,5
Composite < -1.5,bottom,11,5,27.27272727272727,8.0,4.0,25.0,40.0,1.9146897807589935,0.2428236005076483,1.6718661802513453,1.3066064846347403,0.52730149024871,0.7793049943860303,3.220698182001608,0.9439414149695369,2.2767567670320714,0.293,3.7101713904783593,2.554374553508784,1.1557968369695755,Critical Minerals & Mining,18.88351307362329,Theme baskets,6,5
13w ROC crosses > 0,bottom,20,5,15.0,11.0,-5.0,57.14285714285714,60.0,-1.3007882420669599,0.2428236005076483,-1.5436118425746082,-2.594032618847726,0.52730149024871,-3.121334109096436,-2.354049306937693,0.9439414149695369,-3.2979907219072295,0.86,2.5552662683138436,2.554374553508784,0.0008917148050597845,Critical Minerals & Mining,18.88351307362329,Theme baskets,6,5
Ratio crosses > 40w MA,bottom,11,5,0.0,,-5.0,100.0,0.0,-0.8603881779441743,0.2428236005076483,-1.1032117784518227,3.6478124549494395,0.52730149024871,3.1205109647007294,7.775074158377485,0.9439414149695369,6.831132743407949,0.0725,12.629483105606932,2.554374553508784,10.075108552098147,Critical Minerals & Mining,18.88351307362329,Theme baskets,6,5
Washed + ROC cross,bottom,4,5,50.0,10.0,10.0,0.0,40.0,-5.617454438559499,0.2428236005076483,-5.860278039067148,-8.83311346507707,0.52730149024871,-9.36041495532578,-14.929783422055893,0.9439414149695369,-15.87372483702543,0.993,-8.03785865799691,2.554374553508784,-10.592233211505693,Critical Minerals & Mining,18.88351307362329,Theme baskets,6,5
Breadth pos. divergence,bottom,17,5,11.76470588235294,3.5,-2.0,60.0,40.0,1.343542696801995,0.2428236005076483,1.1007190962943467,0.2221220165294956,0.52730149024871,-0.3051794737192144,1.1039460655841724,0.9439414149695369,0.16000465061463554,0.488,3.770650911166194,2.554374553508784,1.21627635765741,Critical Minerals & Mining,18.88351307362329,Theme baskets,6,5
RS particip. rising 13w,bottom,29,5,6.896551724137931,11.0,-9.0,66.66666666666666,40.0,1.9332168304054085,0.2428236005076483,1.6903932298977602,2.9918508003616933,0.52730149024871,2.464549310112983,5.019348007901534,0.9439414149695369,4.075406592931997,0.072,7.461061887303564,2.554374553508784,4.90668733379478,Critical Minerals & Mining,18.88351307362329,Theme baskets,6,5
wRSI > 70,top,12,11,25.0,4.0,4.0,0.0,27.27272727272727,2.6099912000272547,1.2570461708972183,1.3529450291300364,1.6137006079816707,2.5863897094170127,-0.972689101435342,6.002290553084204,4.187569999523942,1.814720553560262,0.6375,11.379046420007853,8.553749536790917,2.825296883216936,Nuclear & Uranium,28.37071314879317,Theme baskets,11,10
wRSI > 75,top,8,11,62.5,6.0,6.0,0.0,36.36363636363637,-0.2922760946375156,1.2570461708972183,-1.5493222655347338,-1.460225243732336,2.5863897094170127,-4.046614953149349,1.5521098219361242,4.187569999523942,-2.6354601775878175,0.399,10.28373882940796,8.553749536790917,1.7299892926170433,Nuclear & Uranium,28.37071314879317,Theme baskets,11,10
Channel z > +1.5,top,18,11,22.22222222222222,2.5,-1.5,50.0,27.27272727272727,-0.4689321464326073,1.2570461708972183,-1.7259783173298255,0.9819160655003976,2.5863897094170127,-1.6044736439166152,1.7167421363219308,4.187569999523942,-2.470827863202011,0.3455,7.065429040705815,8.553749536790917,-1.4883204960851026,Nuclear & Uranium,28.37071314879317,Theme baskets,11,10
Channel z > +2.0,top,12,11,33.33333333333333,7.0,5.0,20.0,27.27272727272727,2.8841280782120085,1.2570461708972183,1.6270819073147902,1.4993734739988211,2.5863897094170127,-1.0870162354181916,3.032458482820458,4.187569999523942,-1.1551115167034838,0.442,12.006738960830097,8.553749536790917,3.4529894240391794,Nuclear & Uranium,28.37071314879317,Theme baskets,11,10
40w stretch z > +1.5,top,13,11,46.15384615384615,5.0,4.0,14.285714285714285,36.36363636363637,2.406304693788615,1.2570461708972183,1.1492585228913967,2.21469624300456,2.5863897094170127,-0.3716934664124527,2.516760732400582,4.187569999523942,-1.6708092671233596,0.413,16.838029434267845,8.553749536790917,8.284279897476928,Nuclear & Uranium,28.37071314879317,Theme baskets,11,10
Composite > +1.0,top,22,11,27.27272727272727,5.5,0.0,45.45454545454545,36.36363636363637,0.5101915070006589,1.2570461708972183,-0.7468546638965594,2.390047499800403,2.5863897094170127,-0.19634220961660986,0.23702589595745993,4.187569999523942,-3.950544103566482,0.1895,11.55533055644693,8.553749536790917,3.0015810196560135,Nuclear & Uranium,28.37071314879317,Theme baskets,11,10
Composite > +1.5,top,16,11,31.25,5.0,5.0,0.0,36.36363636363637,0.15636254706325936,1.2570461708972183,-1.1006836238339588,0.7817759241913063,2.5863897094170127,-1.8046137852257065,1.8937321317037579,4.187569999523942,-2.2938378678201836,0.347,15.92734688801071,8.553749536790917,7.373597351219793,Nuclear & Uranium,28.37071314879317,Theme baskets,11,10
Monthly RSI > 70,top,15,11,40.0,6.0,3.0,40.0,36.36363636363637,3.117267717946987,1.2570461708972183,1.860221547049769,-0.15577117509264107,2.5863897094170127,-2.7421608845096537,6.276039071214634,4.187569999523942,2.0884690716906924,0.6615,11.583330441473938,8.553749536790917,3.029580904683021,Nuclear & Uranium,28.37071314879317,Theme baskets,11,10
13w ROC crosses < 0,top,24,11,8.333333333333332,9.0,-3.5,75.0,18.181818181818183,0.19783665178677298,1.2570461708972183,-1.0592095191104454,1.1564890876564637,2.5863897094170127,-1.429900621760549,10.093021822854958,4.187569999523942,5.905451823331016,0.9165,14.447341178725424,8.553749536790917,5.893591641934506,Nuclear & Uranium,28.37071314879317,Theme baskets,11,10
Ratio crosses < 40w MA,top,15,11,6.666666666666667,4.0,-5.0,80.0,9.090909090909092,1.2714043872315444,1.2570461708972183,0.014358216334326102,9.627492636920762,2.5863897094170127,7.041102927503749,14.276490487710735,4.187569999523942,10.088920488186794,0.9585,19.759289356827345,8.553749536790917,11.205539820036428,Nuclear & Uranium,28.37071314879317,Theme baskets,11,10
Extended + ROC cross,top,3,11,0.0,,-13.0,100.0,0.0,-7.201131583808995,1.2570461708972183,-8.458177754706213,-10.013150731776618,2.5863897094170127,-12.59954044119363,-3.1990992355309777,4.187569999523942,-7.386669235054919,0.288,6.338837301165063,8.553749536790917,-2.214912235625854,Nuclear & Uranium,28.37071314879317,Theme baskets,11,10
Breadth neg. divergence,top,23,11,17.391304347826086,6.5,-2.0,60.0,27.27272727272727,2.8316800316113735,1.2570461708972183,1.5746338607141552,0.9096598006394965,2.5863897094170127,-1.6767299087775163,2.7380919301626245,4.187569999523942,-1.4494780693613172,0.3895,12.87059246216628,8.553749536790917,4.316842925375363,Nuclear & Uranium,28.37071314879317,Theme baskets,11,10
Narrow high,top,18,11,33.33333333333333,2.0,2.0,14.285714285714285,45.45454545454545,-0.19341857909750082,1.2570461708972183,-1.450464749994719,3.1404540543126203,2.5863897094170127,0.5540643448956075,0.04978943753200138,4.187569999523942,-4.13778056199194,0.2115,8.730388880704849,8.553749536790917,0.17663934391393177,Nuclear & Uranium,28.37071314879317,Theme baskets,11,10
RS particip. < 50 & RS up,top,18,11,16.666666666666664,4.0,0.0,40.0,18.181818181818183,1.7020249763716535,1.2570461708972183,0.44497880547443525,0.4687881667201701,2.5863897094170127,-2.1176015426968426,1.5568475650600366,4.187569999523942,-2.6307224344639053,0.3235,13.397737681797429,8.553749536790917,4.843988145006511,Nuclear & Uranium,28.37071314879317,Theme baskets,11,10
RS particip. falling 13w,top,31,11,12.903225806451612,4.5,-4.0,63.63636363636363,36.36363636363637,1.2829422789460574,1.2570461708972183,0.025896108048839128,4.440768922279817,2.5863897094170127,1.8543792128628045,10.368219528891977,4.187569999523942,6.1806495293680355,0.939,19.420166805365707,8.553749536790917,10.86641726857479,Nuclear & Uranium,28.37071314879317,Theme baskets,11,10
wRSI < 30,bottom,3,10,33.33333333333333,6.0,2.0,50.0,10.0,16.720786590505515,1.2570461708972183,15.463740419608296,15.099613056704115,2.5863897094170127,12.513223347287102,26.981857232384442,4.187569999523942,22.7942872328605,0.0425,21.68156155782715,8.553749536790917,13.127812021036231,Nuclear & Uranium,28.37071314879317,Theme baskets,11,10
Channel z < -1.5,bottom,6,10,50.0,1.0,1.0,0.0,20.0,11.906515619396853,1.2570461708972183,10.649469448499634,23.821166173217545,2.5863897094170127,21.234776463800532,31.34772289314258,4.187569999523942,27.16015289361864,0.012,22.849537072447134,8.553749536790917,14.295787535656217,Nuclear & Uranium,28.37071314879317,Theme baskets,11,10
Channel z < -2.0,bottom,3,10,33.33333333333333,6.0,2.0,50.0,10.0,24.44606953753603,1.2570461708972183,23.18902336663881,18.277294458297924,2.5863897094170127,15.69090474888091,35.31639397755605,4.187569999523942,31.128823978032106,0.0335,34.1900112354278,8.553749536790917,25.63626169863688,Nuclear & Uranium,28.37071314879317,Theme baskets,11,10
40w stretch z < -1.5,bottom,8,10,37.5,6.0,3.5,25.0,20.0,5.3293993052756905,1.2570461708972183,4.0723531343784725,3.063713452923004,2.5863897094170127,0.47732374350599116,14.407821588656214,4.187569999523942,10.220251589132271,0.1325,27.92101937362195,8.553749536790917,19.36726983683103,Nuclear & Uranium,28.37071314879317,Theme baskets,11,10
Composite < -1.0,bottom,12,10,33.33333333333333,4.5,1.0,33.33333333333333,30.0,6.288920109082621,1.2570461708972183,5.031873938185403,9.645072641834469,2.5863897094170127,7.058682932417456,17.68006904067561,4.187569999523942,13.492499041151667,0.0305,23.728498894499765,8.553749536790917,15.174749357708848,Nuclear & Uranium,28.37071314879317,Theme baskets,11,10
Composite < -1.5,bottom,7,10,57.14285714285714,4.5,4.5,0.0,20.0,2.7760377936896465,1.2570461708972183,1.5189916227924283,7.08832079927729,2.5863897094170127,4.501931089860277,17.028872146285455,4.187569999523942,12.841302146761514,0.0935,26.64554339683097,8.553749536790917,18.091793860040053,Nuclear & Uranium,28.37071314879317,Theme baskets,11,10
13w ROC crosses > 0,bottom,21,10,9.523809523809524,6.5,-2.0,71.42857142857143,20.0,3.2627748857217203,1.2570461708972183,2.005728714824502,5.83090282745903,2.5863897094170127,3.2445131180420175,7.011127204482129,4.187569999523942,2.8235572049581874,0.2775,17.312684634664897,8.553749536790917,8.75893509787398,Nuclear & Uranium,28.37071314879317,Theme baskets,11,10
Ratio crosses > 40w MA,bottom,14,10,7.142857142857142,2.0,-2.0,80.0,10.0,8.84985222956399,1.2570461708972183,7.592806058666771,15.312414404213877,2.5863897094170127,12.726024694796864,18.034106546449017,4.187569999523942,13.846536546925076,0.0165,23.046624830014576,8.553749536790917,14.492875293223658,Nuclear & Uranium,28.37071314879317,Theme baskets,11,10
Washed + ROC cross,bottom,1,10,0.0,,-4.0,100.0,0.0,2.186982114031699,1.2570461708972183,0.9299359431344809,18.29842582147483,2.5863897094170127,15.712036112057817,33.25886228488481,4.187569999523942,29.071292285360872,0.089,34.50792865140371,8.553749536790917,25.954179114612792,Nuclear & Uranium,28.37071314879317,Theme baskets,11,10
Washed + MA cross,bottom,1,10,0.0,,-1.0,100.0,0.0,22.66470223458823,1.2570461708972183,21.40765606369101,60.96917893181948,2.5863897094170127,58.382789222402465,51.3879531202573,4.187569999523942,47.200383120733356,0.0345,43.46300011587567,8.553749536790917,34.909250579084755,Nuclear & Uranium,28.37071314879317,Theme baskets,11,10
Breadth pos. divergence,bottom,13,10,0.0,,-3.5,100.0,0.0,6.662223534490146,1.2570461708972183,5.405177363592928,9.582759350268287,2.5863897094170127,6.996369640851274,5.696398649571617,4.187569999523942,1.5088286500476755,0.3695,16.74759665194741,8.553749536790917,8.193847115156494,Nuclear & Uranium,28.37071314879317,Theme baskets,11,10
RS particip. rising 13w,bottom,29,10,0.0,,-6.0,100.0,0.0,2.418397780013953,1.2570461708972183,1.1613516091167349,2.7323498901346412,2.5863897094170127,0.1459601807176285,3.887214397222703,4.187569999523942,-0.3003556023012388,0.5195,8.159295508009482,8.553749536790917,-0.39445402878143554,Nuclear & Uranium,28.37071314879317,Theme baskets,11,10
wRSI > 70,top,19,6,15.789473684210526,8.0,8.0,0.0,33.33333333333333,2.171696835383358,1.257898884265319,0.913797951118039,2.781486599811173,2.5113535053143683,0.27013309449680456,7.563014462625657,4.134693050647332,3.4283214119783247,0.9395,11.09597087090805,8.728867994121948,2.3671028767861007,US AI & Semis,12.983618426003474,Theme baskets,6,5
wRSI > 75,top,10,6,20.0,6.0,6.0,0.0,16.666666666666664,3.765452986779136,1.257898884265319,2.507554102513817,3.99802054295057,2.5113535053143683,1.486667037636202,8.440134214020498,4.134693050647332,4.305441163373166,0.9285,11.074388027058466,8.728867994121948,2.345520032936518,US AI & Semis,12.983618426003474,Theme baskets,6,5
Channel z > +1.5,top,18,6,11.11111111111111,6.0,2.0,50.0,33.33333333333333,1.2539883820137294,1.257898884265319,-0.003910502251589509,3.0177026750983282,2.5113535053143683,0.5063491697839599,5.845897036984595,4.134693050647332,1.7112039863372628,0.7835,8.580951058506878,8.728867994121948,-0.14791693561507024,US AI & Semis,12.983618426003474,Theme baskets,6,5
Channel z > +2.0,top,10,6,30.0,7.0,7.0,0.0,33.33333333333333,2.266369404357307,1.257898884265319,1.008470520091988,1.3047790096382537,2.5113535053143683,-1.2065744956761146,4.786097179401876,4.134693050647332,0.6514041287545442,0.609,3.9863965139521294,8.728867994121948,-4.742471480169819,US AI & Semis,12.983618426003474,Theme baskets,6,5
40w stretch z > +1.5,top,15,6,20.0,7.0,7.0,0.0,33.33333333333333,3.2693476260757666,1.257898884265319,2.0114487418104474,3.656176393832262,2.5113535053143683,1.1448228885178935,5.952356285945326,4.134693050647332,1.817663235297994,0.782,11.614763026968564,8.728867994121948,2.8858950328466157,US AI & Semis,12.983618426003474,Theme baskets,6,5
Composite > +1.0,top,28,6,17.857142857142858,7.0,6.5,16.666666666666664,66.66666666666666,2.0591998720952143,1.257898884265319,0.8013009878298953,3.131431878569918,2.5113535053143683,0.6200783732555495,5.206122670215779,4.134693050647332,1.0714296195684465,0.7375,10.564396563451133,8.728867994121948,1.8355285693291847,US AI & Semis,12.983618426003474,Theme baskets,6,5
Composite > +1.5,top,18,6,16.666666666666664,7.0,7.0,0.0,33.33333333333333,3.982981035052068,1.257898884265319,2.725082150786749,3.6609462509024593,2.5113535053143683,1.149592745588091,6.343833024786545,4.134693050647332,2.2091399741392133,0.8465,13.294110234111132,8.728867994121948,4.565242239989184,US AI & Semis,12.983618426003474,Theme baskets,6,5
Monthly RSI > 70,top,31,6,22.58064516129032,6.0,5.0,22.22222222222222,66.66666666666666,1.8343106963412117,1.257898884265319,0.5764118120758928,4.203225638827999,2.5113535053143683,1.6918721335136309,6.221574668156322,4.134693050647332,2.0868816175089897,0.9075,9.867984358024254,8.728867994121948,1.1391163639023052,US AI & Semis,12.983618426003474,Theme baskets,6,5
13w ROC crosses < 0,top,22,6,13.636363636363635,10.0,-2.0,66.66666666666666,50.0,2.17546578321608,1.257898884265319,0.917566898950761,3.1216043603873276,2.5113535053143683,0.6102508550729593,5.104275977503527,4.134693050647332,0.9695829268561953,0.71,8.783044274697252,8.728867994121948,0.05417628057530344,US AI & Semis,12.983618426003474,Theme baskets,6,5
Ratio crosses < 40w MA,top,14,6,14.285714285714285,8.0,-2.0,71.42857142857143,33.33333333333333,1.3033114610183703,1.257898884265319,0.045412576753051326,4.186374012800871,2.5113535053143683,1.675020507486503,3.13757141641472,4.134693050647332,-0.9971216342326121,0.3485,5.311499545818585,8.728867994121948,-3.417368448303363,US AI & Semis,12.983618426003474,Theme baskets,6,5
Extended + ROC cross,top,3,6,0.0,,-6.0,100.0,0.0,-1.1835994652996782,1.257898884265319,-2.441498349564997,3.6046396627732826,2.5113535053143683,1.0932861574589143,1.5552533972966573,4.134693050647332,-2.5794396533506747,0.337,2.8101041280084944,8.728867994121948,-5.918763866113454,US AI & Semis,12.983618426003474,Theme baskets,6,5
Breadth neg. divergence,top,26,6,7.6923076923076925,10.5,4.0,50.0,33.33333333333333,1.1676910653411547,1.257898884265319,-0.09020781892416418,3.7503015052389936,2.5113535053143683,1.2389479999246253,7.764622350058715,4.134693050647332,3.6299292994113825,0.9725,14.077685987069676,8.728867994121948,5.348817992947728,US AI & Semis,12.983618426003474,Theme baskets,6,5
Narrow high,top,31,6,22.58064516129032,7.0,7.0,0.0,66.66666666666666,1.3034408102076596,1.257898884265319,0.04554192594234063,3.06732588688842,2.5113535053143683,0.5559723815740516,4.193494308584153,4.134693050647332,0.058801257936821116,0.5555,11.5012732237913,8.728867994121948,2.772405229669351,US AI & Semis,12.983618426003474,Theme baskets,6,5
RS particip. < 50 & RS up,top,12,6,16.666666666666664,5.0,-2.0,60.0,16.666666666666664,1.5274764106375478,1.257898884265319,0.26957752637222887,2.8495144068499187,2.5113535053143683,0.33816090153555045,2.187789016928758,4.134693050647332,-1.9469040337185741,0.2315,7.4365261224399175,8.728867994121948,-1.292341871682031,US AI & Semis,12.983618426003474,Theme baskets,6,5
RS particip. falling 13w,top,33,6,6.0606060606060606,6.5,-4.5,80.0,33.33333333333333,2.615400971158726,1.257898884265319,1.3575020868934071,3.8311561691787084,2.5113535053143683,1.31980266386434,6.922932649687812,4.134693050647332,2.7882395990404802,0.952,11.018401914846557,8.728867994121948,2.289533920724608,US AI & Semis,12.983618426003474,Theme baskets,6,5
wRSI < 30,bottom,2,5,100.0,0.0,0.0,0.0,40.0,8.860251042024714,1.257898884265319,7.6023521577593955,10.629097973157208,2.5113535053143683,8.11774446784284,20.865453289795013,4.134693050647332,16.73076023914768,0.015,34.70274302118208,8.728867994121948,25.97387502706013,US AI & Semis,12.983618426003474,Theme baskets,6,5
Channel z < -1.5,bottom,9,5,55.55555555555556,3.0,0.5,37.5,80.0,4.668430176835035,1.257898884265319,3.4105312925697167,6.429832921460161,2.5113535053143683,3.9184794161457925,8.964217655326093,4.134693050647332,4.829524604678761,0.0675,13.364851067792312,8.728867994121948,4.6359830736703636,US AI & Semis,12.983618426003474,Theme baskets,6,5
Channel z < -2.0,bottom,4,5,100.0,0.0,0.0,0.0,80.0,7.082866831970722,1.257898884265319,5.824967947705403,9.932334426424289,2.5113535053143683,7.420980921109921,12.289906866085587,4.134693050647332,8.155213815438255,0.0535,24.537733100596082,8.728867994121948,15.808865106474133,US AI & Semis,12.983618426003474,Theme baskets,6,5
40w stretch z < -1.5,bottom,11,5,54.54545454545454,4.0,1.5,25.0,80.0,3.159961185795702,1.257898884265319,1.902062301530383,2.4908361047970926,2.5113535053143683,-0.020517400517275686,5.909209065501636,4.134693050647332,1.7745160148543038,0.2405,7.799046754923247,8.728867994121948,-0.9298212391987013,US AI & Semis,12.983618426003474,Theme baskets,6,5
Composite < -1.0,bottom,12,5,50.0,5.5,2.0,33.33333333333333,80.0,2.609415120740104,1.257898884265319,1.351516236474785,4.124355716956955,2.5113535053143683,1.6130022116425864,5.409585262966584,4.134693050647332,1.2748922123192523,0.297,10.733263284417426,8.728867994121948,2.004395290295477,US AI & Semis,12.983618426003474,Theme baskets,6,5
Composite < -1.5,bottom,5,5,100.0,3.0,3.0,0.0,80.0,4.442281266226804,1.257898884265319,3.184382381961485,7.846693534458643,2.5113535053143683,5.335340029144275,5.655588344595781,4.134693050647332,1.520895293948449,0.3085,15.253030683458846,8.728867994121948,6.524162689336897,US AI & Semis,12.983618426003474,Theme baskets,6,5
13w ROC crosses > 0,bottom,22,5,13.636363636363635,4.0,-2.5,50.0,60.0,0.6785604685746777,1.257898884265319,-0.5793384156906413,3.44458996117294,2.5113535053143683,0.9332364558585717,3.2429570143254165,4.134693050647332,-0.8917360363219156,0.663,9.73745029791256,8.728867994121948,1.008582303790611,US AI & Semis,12.983618426003474,Theme baskets,6,5
Ratio crosses > 40w MA,bottom,14,5,21.428571428571427,8.0,-4.5,66.66666666666666,60.0,-0.2784231728117125,1.257898884265319,-1.5363220570770315,0.33057570675250364,2.5113535053143683,-2.1807777985618646,-0.02883245102599449,4.134693050647332,-4.163525501673327,0.966,3.036745995269663,8.728867994121948,-5.6921219988522855,US AI & Semis,12.983618426003474,Theme baskets,6,5
Washed + ROC cross,bottom,3,5,66.66666666666666,7.5,-2.0,66.66666666666666,20.0,3.6393053993578177,1.257898884265319,2.3814065150924986,5.789921715106099,2.5113535053143683,3.278568209791731,3.0612855898389317,4.134693050647332,-1.0734074608084003,0.5605,11.847811748675975,8.728867994121948,3.118943754554026,US AI & Semis,12.983618426003474,Theme baskets,6,5
Washed + MA cross,bottom,2,5,0.0,,-4.0,100.0,0.0,1.577492583869855,1.257898884265319,0.3195936996045361,4.341632860579509,2.5113535053143683,1.8302793552651404,7.14259137478277,4.134693050647332,3.0078983241354376,0.259,7.130103805357747,8.728867994121948,-1.5987641887642017,US AI & Semis,12.983618426003474,Theme baskets,6,5
Breadth pos. divergence,bottom,6,5,33.33333333333333,6.5,-4.5,75.0,40.0,-1.7706561578148776,1.257898884265319,-3.0285550420801965,-2.32117912975972,2.5113535053143683,-4.832532635074088,2.06085208800399,4.134693050647332,-2.073840962643342,0.719,3.8827928478720484,8.728867994121948,-4.8460751462499,US AI & Semis,12.983618426003474,Theme baskets,6,5
RS particip. rising 13w,bottom,25,5,8.0,13.0,-6.0,80.0,40.0,1.0608853713885371,1.257898884265319,-0.19701351287678182,2.9706148060139435,2.5113535053143683,0.45926130069957516,2.4696109613392356,4.134693050647332,-1.6650820893080964,0.8235,8.131622465761438,8.728867994121948,-0.59724552836051,US AI & Semis,12.983618426003474,Theme baskets,6,5
wRSI > 70,top,10,7,10.0,3.0,3.0,0.0,14.285714285714285,3.0557872352833777,8.598339816126108,-5.542552580842731,9.635944022315623,17.58620205375951,-7.950258031443887,9.833550802809345,29.476546014070273,-19.642995211260928,0.805,23.516630769005978,63.673084561913846,-40.15645379290787,US Energy Producers,30.0,Theme baskets,7,6
wRSI > 75,top,7,7,14.285714285714285,2.0,2.0,0.0,14.285714285714285,0.20037776155983517,8.598339816126108,-8.397962054566273,6.0432886873096505,17.58620205375951,-11.54291336644986,12.618287839783292,29.476546014070273,-16.85825817428698,0.8555,20.82144702644296,63.673084561913846,-42.851637535470886,US Energy Producers,30.0,Theme baskets,7,6
Channel z > +1.5,top,10,7,10.0,6.0,-2.0,66.66666666666666,14.285714285714285,0.15988004181363707,8.598339816126108,-8.438459774312472,7.300634192166369,17.58620205375951,-10.285567861593142,7.972278723495512,29.476546014070273,-21.50426729057476,0.7785,17.209242643152518,63.673084561913846,-46.46384191876133,US Energy Producers,30.0,Theme baskets,7,6
Channel z > +2.0,top,5,7,0.0,,,,0.0,2.472274478359966,8.598339816126108,-6.126065337766143,14.917643899222876,17.58620205375951,-2.668558154536635,17.67871762783181,29.476546014070273,-11.797828386238464,0.8935,28.870892759604317,63.673084561913846,-34.80219180230953,US Energy Producers,30.0,Theme baskets,7,6
40w stretch z > +1.5,top,5,7,40.0,3.5,0.0,33.33333333333333,28.57142857142857,3.593942445352682,8.598339816126108,-5.004397370773426,12.781965971154227,17.58620205375951,-4.804236082605284,4.3051861638422215,29.476546014070273,-25.17135985022805,0.674,269.61113454750864,63.673084561913846,205.9380499855948,US Energy Producers,30.0,Theme baskets,7,6
Composite > +1.0,top,15,7,20.0,6.0,0.0,40.0,28.57142857142857,0.44083697680810563,8.598339816126108,-8.157502839318003,5.570173987919294,17.58620205375951,-12.016028065840217,4.059895468260885,29.476546014070273,-25.41665054580939,0.6355,13.647481800138749,63.673084561913846,-50.0256027617751,US Energy Producers,30.0,Theme baskets,7,6
Composite > +1.5,top,7,7,28.57142857142857,4.5,4.5,0.0,28.57142857142857,2.388203266044692,8.598339816126108,-6.210136550081416,10.71426145850215,17.58620205375951,-6.87194059525736,10.138252094527891,29.476546014070273,-19.33829391954238,0.824,17.591734250220366,63.673084561913846,-46.081350311693484,US Energy Producers,30.0,Theme baskets,7,6
Monthly RSI > 70,top,14,7,14.285714285714285,8.0,4.0,33.33333333333333,14.285714285714285,6.520372102283275,8.598339816126108,-2.077967713842833,9.988345155785842,17.58620205375951,-7.597856897973669,19.316219141363238,29.476546014070273,-10.160326872707035,0.781,29.671801640524347,63.673084561913846,-34.0012829213895,US Energy Producers,30.0,Theme baskets,7,6
13w ROC crosses < 0,top,21,7,4.761904761904762,1.0,-7.0,85.71428571428571,14.285714285714285,-0.3528902896207649,8.598339816126108,-8.951230105746873,1.0470001572146412,17.58620205375951,-16.53920189654487,0.9540967859919169,29.476546014070273,-28.522449228078354,0.4645,133.38174715890355,63.673084561913846,69.70866259698971,US Energy Producers,30.0,Theme baskets,7,6
Ratio crosses < 40w MA,top,14,7,0.0,,-7.0,100.0,0.0,-0.6609196797868976,8.598339816126108,-9.259259495913005,-2.021778947662871,17.58620205375951,-19.60798100142238,80.16537449027868,29.476546014070273,50.68882847620841,0.8035,247.94188385009204,63.673084561913846,184.2687992881782,US Energy Producers,30.0,Theme baskets,7,6
Extended + ROC cross,top,1,7,0.0,,-7.0,100.0,0.0,2.631502470902536,8.598339816126108,-5.966837345223572,7.978086437125431,17.58620205375951,-9.60811561663408,-8.34902560266293,29.476546014070273,-37.8255716167332,0.3325,-18.59402454692115,63.673084561913846,-82.267109108835,US Energy Producers,30.0,Theme baskets,7,6
Breadth neg. divergence,top,15,7,6.666666666666667,2.0,-3.5,83.33333333333334,14.285714285714285,0.5523541010109615,8.598339816126108,-8.045985715115147,-1.959247917006557,17.58620205375951,-19.545449970766068,-1.643153468758493,29.476546014070273,-31.119699482828764,0.3035,114.31610264523044,63.673084561913846,50.6430180833166,US Energy Producers,30.0,Theme baskets,7,6
Narrow high,top,8,7,37.5,3.0,3.0,0.0,42.857142857142854,1.7330314185162856,8.598339816126108,-6.865308397609823,-1.9929390808764074,17.58620205375951,-19.57914113463592,-4.092885658396778,29.476546014070273,-33.56943167246705,0.2635,9.588865222476489,63.673084561913846,-54.084219339437354,US Energy Producers,30.0,Theme baskets,7,6
RS particip. < 50 & RS up,top,19,7,10.526315789473683,6.0,-2.0,50.0,28.57142857142857,0.7141041331004625,8.598339816126108,-7.884235683025645,1.2919373676193788,17.58620205375951,-16.29426468614013,-2.4566672938401704,29.476546014070273,-31.933213307910442,0.219,140.1338915332418,63.673084561913846,76.46080697132797,US Energy Producers,30.0,Theme baskets,7,6
RS particip. falling 13w,top,25,7,8.0,10.5,-7.0,77.77777777777779,28.57142857142857,1.5173692144564765,8.598339816126108,-7.080970601669632,2.592643274317665,17.58620205375951,-14.993558779441846,5.4087236880015475,29.476546014070273,-24.067822326068725,0.6285,0.6984542565896822,63.673084561913846,-62.97463030532416,US Energy Producers,30.0,Theme baskets,7,6
wRSI < 30,bottom,7,6,14.285714285714285,6.0,1.5,50.0,16.666666666666664,-2.090977814580396,8.598339816126108,-10.689317630706505,0.2503400999872513,17.58620205375951,-17.33586195377226,-0.7067219458329339,29.476546014070273,-30.18326795990321,0.5505,-16.86780942411039,63.673084561913846,-80.54089398602423,US Energy Producers,30.0,Theme baskets,7,6
wRSI < 25,bottom,4,6,25.0,3.0,3.0,0.0,16.666666666666664,-3.267467241727831,8.598339816126108,-11.865807057853939,8.232035760585788,17.58620205375951,-9.354166293173723,8.973670170671689,29.476546014070273,-20.502875843398584,0.2035,-5.284307569052022,63.673084561913846,-68.95739213096587,US Energy Producers,30.0,Theme baskets,7,6
Channel z < -1.5,bottom,10,6,40.0,4.5,0.5,33.33333333333333,33.33333333333333,195.81371853864647,8.598339816126108,187.21537872252037,185.67385411191478,17.58620205375951,168.08765205815527,413.93221018941176,29.476546014070273,384.4556641753415,0.001,568.3036772378571,63.673084561913846,504.6305926759432,US Energy Producers,30.0,Theme baskets,7,6
Channel z < -2.0,bottom,6,6,50.0,1.0,1.0,0.0,33.33333333333333,318.2888821355604,8.598339816126108,309.6905423194343,316.03496296798414,17.58620205375951,298.44876091422464,405.88895525291605,29.476546014070273,376.4124092388458,0.0055,509.9576695868618,63.673084561913846,446.28458502494794,US Energy Producers,30.0,Theme baskets,7,6
40w stretch z < -1.5,bottom,6,6,16.666666666666664,3.0,3.0,0.0,16.666666666666664,-2.6984208987040907,8.598339816126108,-11.2967607148302,-1.4092738237327633,17.58620205375951,-18.995475877492275,-2.6043083005203136,29.476546014070273,-32.08085431459059,0.6345,-19.19774067979345,63.673084561913846,-82.8708252417073,US Energy Producers,30.0,Theme baskets,7,6
Composite < -1.0,bottom,22,6,27.27272727272727,5.0,1.5,25.0,66.66666666666666,88.4729971948909,8.598339816126108,79.87465737876478,84.7870756778069,17.58620205375951,67.20087362404739,185.62072857910806,29.476546014070273,156.1441825650378,0.0135,255.4824095466015,63.673084561913846,191.80932498468766,US Energy Producers,30.0,Theme baskets,7,6
Composite < -1.5,bottom,9,6,33.33333333333333,0.0,0.0,0.0,33.33333333333333,218.58876345143895,8.598339816126108,209.99042363531285,212.94481736772707,17.58620205375951,195.35861531396756,269.62079177114975,29.476546014070273,240.1442457570795,0.0085,334.383814573722,63.673084561913846,270.71073001180815,US Energy Producers,30.0,Theme baskets,7,6
13w ROC crosses > 0,bottom,21,6,14.285714285714285,12.0,-2.0,62.5,50.0,0.6195483546849238,8.598339816126108,-7.978791461441184,3.0949552670670935,17.58620205375951,-14.491246786692418,0.37789822233314324,29.476546014070273,-29.09864779173713,0.579,125.16315897610377,63.673084561913846,61.49007441418993,US Energy Producers,30.0,Theme baskets,7,6
Ratio crosses > 40w MA,bottom,14,6,7.142857142857142,12.0,-7.5,83.33333333333334,16.666666666666664,-1.751414902917214,8.598339816126108,-10.349754719043322,4.993778457415067,17.58620205375951,-12.592423596344442,1.2655042068112972,29.476546014070273,-28.211041807258976,0.494,215.57601472297225,63.673084561913846,151.9029301610584,US Energy Producers,30.0,Theme baskets,7,6
Washed + ROC cross,bottom,3,6,0.0,,-2.0,100.0,0.0,2.6357763715478675,8.598339816126108,-5.96256344457824,-4.572944592891966,17.58620205375951,-22.15914664665148,-1.5746719442162285,29.476546014070273,-31.0512179582865,0.548,-3.3403255369386975,63.673084561913846,-67.01341009885255,US Energy Producers,30.0,Theme baskets,7,6
Breadth pos. divergence,bottom,18,6,16.666666666666664,7.0,-1.0,57.14285714285714,33.33333333333333,-0.530099207427936,8.598339816126108,-9.128439023554044,3.8567226505624177,17.58620205375951,-13.729479403197093,0.06548108980684751,29.476546014070273,-29.411064924263425,0.6045,-9.055129924595281,63.673084561913846,-72.72821448650913,US Energy Producers,30.0,Theme baskets,7,6
RS particip. rising 13w,bottom,26,6,3.8461538461538463,12.0,-6.0,88.88888888888889,16.666666666666664,2.0587688967079205,8.598339816126108,-6.539570919418187,2.919732940320137,17.58620205375951,-14.666469113439373,3.4704309270366496,29.476546014070273,-26.006115087033624,0.436,2.7664046571087386,63.673084561913846,-60.90667990480511,US Energy Producers,30.0,Theme baskets,7,6
