Ticker,Name,Last Price,Market Cap,Trading Region,Trading Country,Below 52W High %,Revenues Est Avg Rev % (FY1E - 1W),Revenues Est Avg Rev % (FY1E - 1M),Revenues Est Avg Rev % (FY1E - 3M),Revenues Est Avg Rev % (FY1E - 6M),Revenues Est Avg Rev % (FY1E - 1Y),Revenues Est Avg Rev % (FY2E - 1W),Revenues Est Avg Rev % (FY2E - 1M),Revenues Est Avg Rev % (FY2E - 3M),Revenues Est Avg Rev % (FY2E - 6M),Revenues Est Avg Rev % (FY2E - 1Y),Revenues Est Avg Rev % (FY3E - 1W),Revenues Est Avg Rev % (FY3E - 1M),Revenues Est Avg Rev % (FY3E - 3M),Revenues Est Avg Rev % (FY3E - 6M),Revenues Est Avg Rev % (FY3E - 1Y),Revenues - Est Avg (FY1E),Revenues - Est Avg (FY2E),Revenues - Est Avg (FY3E),Total Revenues (-1FY),Total Revenues (-2FY),Total Revenues (-3FY),Total Revenues (-4FY),Total Revenues (-5FY),Total Revenues (-6FY),Total Revenues (-7FY),Total Revenues (-8FY),Total Revenues (-9FY),Total Revenues (-10FY)
NGL,NGL Energy Partners LP,16.939,2114.23,United States and Canada,US,-0.099,1.0482,1.0482,0.9381,0.9381,0.0732,0.7839,0.7839,0.6969,0.6969,,,,,,,3319.8,3043.97,,3469.19,4153.31,5679.02,7947.91,5227.02,7584,8689.16,6953.95,12707.2,11742.11
PGEN,Precigen Inc.,7.219,2584.66,United States and Canada,US,-0.0056,0.8722,0.8722,1.0184,1.3625,0.9727,0.984,0.984,1.1725,1.2125,0.6726,0.0164,0.0164,0.3904,0.343,0.1797,232.97,454.38,444.7,3.92,6.22,26.91,14.27,31.99,90.72,151.18,219.46,190.93,173.6
DNTH,Dianthus Therapeutics Inc.,108.96,6094.61,United States and Canada,US,-0.0488,0.5774,0.5774,0.5342,0.1873,-0.3905,0.2991,0.2991,0.1704,-0.0803,-0.7696,0.2407,0.2407,-0.0545,-0.5708,-0.5808,1.91,2.06,13.01,6.24,2.83,6.42,1.48,,,,,,
BXDC,Blackstone Digital Infrastructure Trust Inc.,19.987,1748.86,United States and Canada,US,-0.1272,0.5497,0.5497,,,,-0.163,-0.163,,,,-0.0803,-0.0803,,,,97.03,239.7,489.6,,,,,,,,,,
AXTI,AXT Inc.,88.513,5648.47,United States and Canada,US,-0.3817,0.5235,0.5235,0.5235,0.7818,1.1316,1.0713,1.0713,1.0996,1.884,,0.7718,0.7718,0.7718,,,217.98,460.55,677.04,99.36,75.8,141.12,137.39,95.36,83.26,102.4,98.67,81.35,77.5
CRSP,CRISPR Therapeutics AG,53.507,5173.73,United States and Canada,US,-0.3182,0.3552,0.4968,0.2538,-0.5586,-0.6688,0.0975,0.2315,0.1721,-0.4058,-0.4442,0.0264,0.1231,0.0878,-0.2524,-0.1456,54.36,178.67,664.6,37.31,371.21,1.2,914.96,0.72,289.59,3.12,41,5.16,0.25
CGON,CG Oncology Inc.,75.115,6625.33,United States and Canada,US,-0.0245,0.3352,0.3409,0.0972,-0.3791,-0.8162,0.1369,0.1099,-0.2931,-0.257,-0.5898,0.0679,0.0564,-0.0008,0.0583,0.0938,15.73,100.34,483.68,1.14,0.2,0.19,10.36,,,,,,
XENE,Xenon Pharmaceuticals Inc.,63.426,6131.11,United States and Canada,US,-0.1271,0.3077,0.3077,-0.3887,-0.8538,-0.8619,0.1261,0.066,-0.4732,-0.4935,-0.572,0.0095,-0.0002,-0.0761,-0.2216,-0.2821,2.7,37.49,260.37,,,9.43,18.44,32.17,6.83,,0.31,1.8,15.58
LIFE,Ethos Technologies Inc.,31.582,1989.48,United States and Canada,US,-0.0282,0.2846,0.2925,0.4237,,,0.3208,0.329,0.4243,,,0.2775,0.2393,0.328,,,730.12,900.57,969.21,254.93,159.75,,,,,,,,
STOK,Stoke Therapeutics Inc.,32.7,2110.01,United States and Canada,US,-0.187,0.2393,0.1487,0.12,0.1603,0.233,-0.0607,-0.0551,-0.1002,0.0401,0.5953,-0.04,-0.0098,0.0514,-0.0844,0.6124,30.14,43.68,124.94,36.55,8.78,12.4,,,,,,,
ALAB,Astera Labs Inc.,333.644,57882.26,United States and Canada,US,-0.332,0.2293,0.2314,0.2409,0.6181,0.9159,0.3088,0.3235,0.3521,0.8428,1.271,0.2863,0.3211,0.3683,0.7352,1.3117,1906.61,2936.72,3733.52,396.29,115.79,79.87,,,,,,,
RVMD,Revolution Medicines Inc.,205.15,43614.16,United States and Canada,US,-0.0036,0.2291,0.1996,0.5756,2.7709,3.0874,0.098,0.1282,0.2838,2.1578,4.6481,0.0726,0.0449,0.1473,1.3938,1.9954,126.91,967.62,2006.38,,11.58,35.38,29.39,42.98,50.04,20.16,,,
KYMR,Kymera Therapeutics Inc.,107.498,8938.53,United States and Canada,US,-0.1734,0.2288,0.2423,0.3099,1.2465,0.6794,0.2397,0.242,0.3513,0.1971,-0.0152,0.2724,0.2825,0.3376,0.3497,0.1297,104.92,50.95,49.78,47.07,78.59,46.83,72.83,34.03,2.93,,,,
LSCC,Lattice Semiconductor Corporation,130.052,18471.32,United States and Canada,US,-0.1717,0.2178,0.2205,0.2205,0.454,0.4833,0.4284,0.4496,0.4496,0.8049,0.8832,0.4059,0.4229,0.4229,0.88,,919.68,1333.29,1604.67,509.4,737.15,660.36,515.33,408.12,404.09,398.8,385.96,427.05,405.97
ROIV,Roivant Sciences Ltd.,36.33,26131.09,United States and Canada,US,-0.0181,0.2045,-0.0243,-0.0265,-0.3995,0.8548,-0.0981,-0.1515,0.0442,-0.2774,0.1684,-0.1503,-0.1818,-0.1001,-0.2943,0.2421,74,522.48,1523.87,29.05,32.71,31.53,55.29,23.8,67.69,2.32,,,
PLSE,Pulse Biosciences Inc.,42.289,2926.81,United States and Canada,US,-0.0787,0.1962,0.1964,0,0.0002,-0.6849,0.4098,0.4098,0,0.1364,,0.9249,0.9249,0,0,,3.15,12.5,41,,,0.7,1.42,,,,,,
GPCR,Structure Therapeutics Inc.,53.12,3775.48,United States and Canada,US,-0.4403,0.1818,0.1818,-0.0152,0,,0.1999,0.1999,0.1999,0,-0.997,0,0,0,-0.3127,0.0331,45.45,0.05,139.85,,,,,,,,,,
URGN,UroGen Pharma Ltd.,46.885,2291.77,United States and Canada,US,-0.0274,0.1653,0.1968,0.2475,0.3645,0.2446,0.2439,0.29,0.278,0.3919,0.3643,0.186,0.2295,0.2634,0.3842,0.378,322.2,541.49,681.04,90.4,82.71,64.36,48.04,11.8,0.02,1.13,8.16,17.53,
SITM,SiTime Corporation,725.792,19158.61,United States and Canada,US,-0.1952,0.1649,0.1649,0.7862,0.7989,1.5239,0.1496,0.1496,1.2276,1.212,1.6825,0.1305,0.1305,1.1354,1.1776,1.5298,867.59,1354.66,1732.9,202.7,143.99,283.61,218.81,116.16,84.07,85.21,101.06,,
NAMS,NewAmsterdam Pharma Company N.V.,27.947,3267.12,United States and Canada,US,-0.3378,0.1534,0.138,0.192,-0.3169,0.0201,0.0104,0.0267,-0.0291,-0.1882,0.1301,0.0223,0.0246,-0.0165,-0.0943,0.1844,30.43,154.98,375.47,45.56,14.09,104.4,,,,,,,
AVT,Avnet Inc.,96.687,7930.66,United States and Canada,US,-0.0331,0.153,0.1444,0.148,0.3257,0.4485,,0.1566,0.1566,0.3873,,,,,,,34970.18,38908.2,,22200.75,23757.13,26536.88,24310.71,19534.68,17634.33,19518.59,19036.89,17439.96,16740.6
SIMO,Silicon Motion Technology Corporation,256.208,8687.46,United States and Canada,US,-0.2783,0.1471,0.1501,0.1602,0.4823,0.9336,0.2561,0.2561,0.3979,0.7891,1.2661,0.3769,0.3769,0.3837,,,1874.44,2430.02,3009.85,803.55,639.14,945.92,922.1,539.52,457.25,530.35,523.4,556.15,361.3
IDYA,IDEAYA Biosciences Inc.,37.019,3571.94,United States and Canada,US,-0.0878,0.1463,0.1493,0.1936,-0.2324,-0.076,0.0179,-0.0017,-0.0219,-0.1213,-0.1762,0.0197,-0.0013,-0.0724,-0.0249,-0.0476,39.06,116.6,254.21,7,23.39,50.93,27.94,19.54,,,,,
EWTX,Edgewise Therapeutics Inc.,43.53,4683.52,United States and Canada,US,-0.1006,0.1429,0,,,104.2856,0.119,-0.0208,3.0591,1,0.6867,0,-0.1429,-0.5698,-0.6718,-0.675,239.29,58.75,54.86,,,,,,,,,,
SPCX,Space Exploration Technologies Corp.,133.196,1755760.36,United States and Canada,US,-0.4097,0.131,0.1982,,,,0.2579,0.2832,,,,0.1265,0.421,,,,44245.02,90222.21,154807.35,14015,10387,,,,,,,,
UE,Urban Edge Properties,21.61,2880.9,United States and Canada,US,-0.1037,0.1279,0.1634,0.0108,0.1485,0.072,0.0362,0.1219,-0.0148,0.1001,-0.0794,0,0,-0.0085,,,499.6,450.46,417.79,444.97,416.92,397.94,425.08,330.1,387.65,414.16,407.04,325.98,322.94
IDCC,InterDigital Inc.,344.415,8887.98,United States and Canada,US,-0.1653,0.1277,0.1277,0.1277,0.1357,0.206,0.0331,0.0331,0.0331,0.0422,-0.0496,-0.0715,-0.0715,-0.0715,-0.0597,,796.38,754.33,963,868.52,549.59,457.79,425.41,358.99,318.92,307.4,532.94,665.85,441.44
AES,The AES Corporation,14.725,10505.38,United States and Canada,US,-0.1657,0.1175,0.0896,0.1244,0.1483,0.1357,0,-0.0002,0.0189,0.0458,0.0404,0,-0.0004,-0.0004,0.128,0.2573,14332,13437.93,13981.94,12278,12668,12617,11141,9660,10189,10736,10530,10281,11260
CORT,Corcept Therapeutics Incorporated,110.74,11970.82,United States and Canada,US,-0.0939,0.1124,0.1031,0.1453,0.0517,-0.0673,0.1452,0.1641,0.3175,0.1808,-0.0648,0.1424,0.1465,0.3562,0.1648,-0.1056,1110.35,1629.94,2009.32,675.04,482.38,401.86,365.98,353.87,306.49,251.25,159.2,81.32,50.29
LRCX,Lam Research Corporation,311.282,389500.32,United States and Canada,US,-0.2901,0.1093,0.1311,0.1406,0.2708,0.6063,0.0625,0.1072,0.1439,0.3155,0.7095,0.087,0.111,0.164,0.3968,0.6661,34754.34,40134.58,44342.37,18435.59,14905.39,17428.52,17227.04,14626.15,10044.74,9653.56,11077,8013.62,5885.89
KMT,Kennametal Inc.,33.13,2524.84,United States and Canada,US,-0.2438,0.1092,0.1081,0.2309,0.2901,0.4528,0.1236,0.1226,0.2224,0.2632,0.4521,,,,,,3014.54,3065.34,3608.38,1966.85,2046.9,2078.18,2012.46,1841.44,1885.31,2375.23,2367.85,2058.37,2098.44
MPWR,Monolithic Power Systems Inc.,1400.064,68803.35,United States and Canada,US,-0.1832,0.1088,0.112,0.1127,0.2663,0.3011,0.1362,0.1402,0.1458,0.3693,0.4166,0.1259,0.1306,0.1441,0.3423,0.3464,4116.37,5177.64,5996.46,2207.1,1821.07,1794.15,1207.8,844.45,627.92,582.38,470.93,388.67,333.07
VOYG,Voyager Technologies Inc.,41.85,2554.07,United States and Canada,US,-0.2013,0.1086,0.1086,0.1075,0.1519,0.3162,0.1227,0.1227,0.1465,0.1547,0.2501,0.1021,0.1021,0.1314,-0.0243,0.2422,267.02,419.33,833.09,144.18,136.06,,,,,,,,
KNTK,Kinetik Holdings Inc.,49.18,7981.91,United States and Canada,US,-0.064,0.1085,0.1086,0.0701,0.0436,0.0739,-0.0068,-0.0103,0.0115,-0.0659,-0.1626,-0.0106,-0.005,0.0302,-0.1526,,2102.26,2217.4,2425.09,1482.93,1256.41,1213.49,662.04,410.18,378.74,571.37,,,
HLNE,Hamilton Lane Incorporated,101.045,5637.48,United States and Canada,US,-0.3729,0.1068,0.12,0.1393,0.0895,0.1724,0.0114,0.0083,0.0075,-0.0384,0.0671,0.0503,0.0575,,,,1000.84,1063.02,1210.24,712.96,553.84,528.75,367.92,341.63,274.05,252.18,244.03,179.82,180.8
JAN,Janus Living Inc.,30.47,8779.65,United States and Canada,US,-0.0719,0.1062,0.1137,0.1119,,,0.0387,0.0692,0.189,,,0.0645,0.1406,0.3027,,,977.79,1112.5,1557.17,568.48,,,,,,,,,
EXPD,Expeditors International of Washington Inc.,178.71,23230.62,United States and Canada,US,-0.0481,0.1062,0.1215,0.1246,0.1831,0.2152,0.0679,0.0867,0.1043,0.158,0.196,0.0391,0.0496,0.0891,0.132,0.1637,13023.24,13088.07,13249.49,10600.51,9300.11,17071.28,16523.52,9584.39,7942.42,8138.36,6920.95,6098.04,6616.63
TTMI,TTM Technologies Inc.,137.188,14246.04,United States and Canada,US,-0.3871,0.0976,0.0976,0.1542,0.2903,0.4772,0.1466,0.1466,0.2222,0.3622,0.7896,0.1476,0.1476,0.2614,,,4393.36,5439.33,6078.64,2442.75,2232.57,2495.05,2248.74,2105.32,2133.21,2237.74,2658.59,2533.36,2095.49
COHU,Cohu Inc.,52.922,2505.24,United States and Canada,US,-0.2906,0.0968,0.0975,0.0974,0.2114,0.214,0.126,0.128,0.1375,0.2576,0.272,0.1447,0.1612,0.1612,,,612.49,769.83,884.55,401.78,636.32,812.77,887.21,636.01,583.33,451.77,352.7,282.08,269.65
BKV,BKV Corporation,24.463,2670.69,United States and Canada,US,-0.2544,0.0933,0.0912,0.1867,0.2565,0.679,0.0033,-0.0312,0.0741,0.0451,0.55,0,0.1335,0.0312,-0.3125,,1764.8,1542.01,1350,590.51,738.58,1660.22,889.53,122.53,,,,,
RXRX,Recursion Pharmaceuticals Inc.,3.215,1724.11,United States and Canada,US,-0.5522,0.0927,0.0838,0.272,-0.1442,-0.2686,-0.0261,-0.0463,-0.2793,-0.4999,-0.6149,0.4327,0.4327,0.4365,,,70.74,81.58,220.22,58.84,44.58,39.84,10.18,3.96,2.32,,,,
RUN,Sunrun Inc.,10.18,2451.82,United States and Canada,US,-0.5463,0.0927,0.082,0.1384,0.2984,0.3276,0.0498,0.0363,0.0653,0.1874,0.1978,0.0858,0.0805,0.0771,0.2247,0.383,3292.95,3416.93,4008.31,2037.72,2259.81,2321.42,1609.95,922.19,858.58,759.98,532.54,477.11,304.61
OKE,ONEOK Inc.,86.416,54474.03,United States and Canada,US,-0.1005,0.0916,0.0745,0.0891,0.2064,0.2808,0.0596,0.0496,0.0679,0.098,0.1253,0.0545,0.0451,0.068,0.1984,0.9664,41469.09,39619.15,41026.04,21698,17677,22386.89,16540.31,8542.24,10164.37,12593.2,12173.91,8920.93,7763.21
HASI,HA Sustainable Infrastructure Capital Inc.,40.68,5254.33,United States and Canada,US,-0.0782,0.0916,0.0916,-0.2168,-0.2755,-0.3529,-0.0974,-0.0974,-0.1216,-0.1927,0.2135,0.0842,0.0842,0.0879,-0.0308,,132,194.67,249.29,140.17,137.03,111.38,90.97,84.63,69.31,62.52,40.52,35.96,32.29
TALO,Talos Energy Inc.,14.385,2401.8,United States and Canada,US,-0.1563,0.0913,0.0816,0.1405,0.3045,0.2337,0.1866,0.1924,0.2126,0.3034,0.2978,0.2138,0.1707,0.2162,0.2408,0.2631,2167.99,2282.32,2257.67,1972.19,1455.43,1648.49,1241.18,574.88,906.72,889.3,411.37,256.8,312.3
ANET,Arista Networks Inc.,188.67,237955.25,United States and Canada,US,-0.122,0.0905,0.0926,0.0927,0.1627,0.2202,0.1138,0.1169,0.1263,0.2219,0.2999,0.1201,0.1307,0.1333,0.247,0.3071,12667.42,16014.24,19577.57,7003.15,5860.17,4381.31,2948.04,2317.51,2410.71,2151.37,1646.19,1129.17,837.59
PRAX,Praxis Precision Medicines Inc.,360.45,10048.9,United States and Canada,US,-0.0577,0.0901,-0.2395,-0.5531,-0.9357,-0.8177,-0.053,-0.0595,0.0707,-0.0619,8.9136,-0.0044,-0.0049,0.0053,0.0262,6.135,2.5,324.2,1107.74,8.55,2.45,,,,,,,,
CDNA,CareDx Inc.,46.685,2415.21,United States and Canada,US,-0.0618,0.0861,0.0861,0.0861,0.1876,0.1864,0.0888,0.0888,0.0888,0.151,0.1398,0.1877,0.1877,0.1877,,,495.18,524.02,602.44,333.79,280.32,321.79,296.4,192.19,127.07,76.57,48.32,40.63,28.14
DVN,Devon Energy Corporation,42.98,49422.7,United States and Canada,US,-0.1846,0.0858,0.0032,0.2047,0.5914,0.4963,0.0239,-0.083,0.1031,0.5817,0.4039,0.0065,-0.1093,0.0718,,,25190.5,26507.4,24960.53,15171,14427,19827,13750,4673,6674,8439,6340,6604,12938
NVT,nVent Electric plc,164.76,26667.71,United States and Canada,US,-0.1077,0.0838,0.0866,0.0881,0.2045,0.3225,0.1014,0.1131,0.1261,0.3266,0.4643,0.0983,0.1087,0.13,0.3983,0.5832,5435.29,6368.59,7215.63,3006.1,3263.6,2909,2462,1998.6,2204,2213.6,2097.9,2116,1809.3
TSHA,Taysha Gene Therapies Inc.,6.554,2096.37,United States and Canada,US,-0.1022,0.0833,0.0833,-0.4476,-0.4886,-0.5949,0,0,-0.7717,0.1962,-0.541,0,0,0.0037,-0.0167,0.1957,2,29.72,152.47,8.33,15.45,2.5,,,,,,,
OXY,Occidental Petroleum Corporation,55.91,55889.73,United States and Canada,US,-0.1711,0.0817,0.0298,0.0124,0.2251,-0.0218,0.0244,-0.0264,-0.042,0.0011,-0.1502,-0.0017,-0.0229,-0.041,-0.0941,-0.1447,26735.92,24042.39,23998.57,22019,23156,36634,25956,17809,20911,17824,12508,10090,12480
J,Jacobs Solutions Inc.,145.07,16978.79,United States and Canada,US,-0.1387,0.0789,0.0663,0.063,0.1333,0.1749,0.0497,0.052,0.0451,0.112,0.1395,0.0391,0.0391,0.0277,0.1179,0.1168,15158.34,15594.22,16357.16,11500.94,10851.42,9783.07,14092.63,13566.98,12737.87,10579.77,6330.13,10964.16,12114.83
AEIS,Advanced Energy Industries Inc.,324.952,13014.47,United States and Canada,US,-0.1824,0.0779,0.0816,0.0857,0.2061,0.3341,0.1146,0.1359,0.1537,0.3508,0.5021,0.0702,0.1298,0.2311,0.5158,,2424.63,3008.82,3527.19,1482,1655.8,1845.42,1455.95,1415.83,788.95,718.89,671.01,483.7,414.81
TPB,Turning Point Brands Inc.,86.904,1742.33,United States and Canada,US,-0.4084,0.076,0.0799,0.1346,0.1032,0.1962,0.0823,0.0733,0.1288,0.0798,0.0294,0.3711,-0.0046,,-0.03,-0.0614,566.56,639.23,872,360.66,325.06,321.23,445.47,405.11,361.99,332.68,285.78,206.23,197.26
NOVT,Novanta Inc.,166.34,6290.61,United States and Canada,US,-0.0569,0.0759,0.0759,0.085,0.0862,0.0815,0.1671,0.1671,0.1803,0.1759,,,,,,,1133.32,1313.2,,949.25,881.66,860.9,706.79,590.62,626.1,614.34,521.29,384.76,373.6
TNK,Teekay Tankers Ltd.,77.266,2679.59,United States and Canada,US,-0.0801,0.0753,0.0566,0.15,0.5101,0.6581,0.0882,0.0829,0.1087,0.1622,0.1527,0.0198,0.0195,0.0512,0.0997,,965.64,680.85,655.21,1229.34,1364.45,1063.11,542.37,886.43,943.92,776.49,431.18,550.54,525.48
MPC,Marathon Petroleum Corporation,298.2,83741.94,United States and Canada,US,-0.0879,0.0747,0.0848,0.2668,0.3472,0.3027,0.0335,0.0443,0.073,0.1356,0.0942,0.0648,0.09,0.0804,0.1506,0.3129,163826.78,143595.55,151215.6,139336,149348,178236,120451,69896,111275,86284,75053,63517,64471
ARQT,Arcutis Biotherapeutics Inc.,25.277,3161.73,United States and Canada,US,-0.2044,0.0743,0.0807,0.0786,0.1482,0.2508,0.0505,0.0528,0.0517,0.1127,0.1599,0.0478,0.0504,0.0488,0.0725,0.0821,537.23,679.89,822.85,196.54,59.61,3.69,,,,,,,
DKL,Delek Logistics Partners LP,56.677,3013.41,United States and Canada,US,-0.0784,0.0738,0.0996,0.1057,0.1094,0.1673,0.0727,0.1027,0.106,0.1526,0.1353,0.073,0.1,0.1066,0.1108,,1273.03,1277.61,1349.65,940.64,1020.41,1036.41,700.9,563.42,583.99,657.61,538.08,448.06,589.67
IONQ,IonQ Inc.,44.43,16584.38,United States and Canada,US,-0.4751,0.0738,0.0734,0.205,0.3993,0.7207,0.0419,0.0408,0.1099,0.2784,0.3925,0.0295,0.0207,0.0862,0.3847,0.3031,288.02,404.67,651.56,43.07,22.04,11.13,2.1,,0.2,,,,
RXO,RXO Inc.,21.714,3581.08,United States and Canada,US,-0.2738,0.0735,0.0862,0.1746,0.1692,0.0569,0.0676,0.0938,0.1848,0.1818,0.0925,0.0569,0.1096,0.2068,0.2386,,6818.44,7362.97,8035.99,4550,3927,4796,4689,3357,3141,,,,
CHRW,C.H. Robinson Worldwide Inc.,149.423,17460.27,United States and Canada,US,-0.2896,0.0732,0.0811,0.0848,0.1017,0.0641,0.0719,0.0835,0.0945,0.1073,0.0888,0.0504,0.0585,0.0622,0.0754,0.0889,18286.66,19596.01,20376.23,17724.96,17596.44,24696.63,23102.14,16207.11,15309.51,16631.17,14869.38,13144.41,13476.08
MTRN,Materion Corporation,290.05,6033.47,United States and Canada,US,-0.0477,0.0725,0.0769,0.1018,0.2521,0.2723,0.0826,0.0898,0.116,0.2642,0.2602,0.1745,0.1745,0.1745,0.238,0.2934,2377.64,2581.28,2861.2,1684.74,1665.19,1757.11,1510.64,1176.27,1185.42,1207.82,1139.45,969.24,1025.27
FORM,FormFactor Inc.,117.372,9169.19,United States and Canada,US,-0.2677,0.071,0.0739,0.0739,0.1249,0.2527,0.0692,0.0712,0.0742,0.1932,0.2345,0.0249,0.0249,-0.1223,,,1033.05,1170.54,1364,763.6,663.1,747.94,769.67,693.62,589.46,529.67,548.44,383.88,282.36
IOVA,Iovance Biotherapeutics Inc.,6.335,2828.59,United States and Canada,US,-0.0845,0.0694,0.0698,0.0767,-0.0755,-0.1956,0.059,0.0596,-0.0157,-0.1915,-0.2036,0.0577,0.0591,0.0758,-0.1105,-0.0975,387.25,525.85,791.57,164.07,1.19,,,,,,,,
EME,EMCOR Group Inc.,817.39,36054.99,United States and Canada,US,-0.1414,0.0691,0.0684,0.0697,0.1405,0.1462,0.0859,0.0939,0.1,0.1761,0.1629,0.0739,0.0991,0.1342,0.1418,0.0976,20319.66,22314.13,24239,14566.12,12582.87,11076.12,9903.58,8797.06,9174.61,8130.63,7687,7551.52,6718.73
UCTT,Ultra Clean Holdings Inc.,87.246,3950.24,United States and Canada,US,-0.395,0.069,0.0624,0.0659,0.2462,0.2713,0.1606,0.2674,0.2945,0.5348,0.5418,-0.0196,0.0661,0.1015,0.4842,0.5029,2723.2,3867.57,4314.57,2097.6,1734.5,2374.3,2101.6,1398.6,1066.2,1096.5,924.4,562.76,469.1
VNOM,Viper Energy Inc.,40.807,14534.33,United States and Canada,US,-0.2019,0.0689,0.0516,0.1453,0.4632,0.27,0.0252,-0.0028,0.0381,0.1838,0.0072,0.0341,0.0041,0.0542,0.1187,,2412.66,2252.33,2306.78,817,827,865.77,504.3,249.57,297.93,288.69,172.03,79.15,74.86
HL,Hecla Mining Company,16.85,11319.3,United States and Canada,US,-0.5069,0.0686,-0.0668,-0.0337,-0.0166,0.3679,-0.0025,-0.1655,-0.0343,0.0726,0.6213,-0.1639,-0.1781,-0.0549,-0.1399,,1522.84,1726.72,1403.77,929.92,720.23,718.9,807.47,691.87,673.27,567.14,577.77,645.96,443.57
JOBY,Joby Aviation Inc.,8.64,8498.67,United States and Canada,US,-0.5676,0.0675,0.0896,0.0934,0.0916,2.0869,-0.0285,-0.0345,-0.0235,0.0386,0.3169,-0.0462,-0.0485,-0.0427,-0.1611,-0.1609,121.61,214.79,435.74,0.14,1.03,,,,,,,,
STNG,Scorpio Tankers Inc.,76.127,3462.52,United States and Canada,US,-0.1289,0.0675,0.0113,-0.0125,0.3723,0.2924,-0.0003,-0.0206,-0.035,-0.052,-0.1272,-0.0263,-0.0265,-0.0427,-0.1256,,1206.49,840.63,797.92,1243.95,1341.22,1562.87,540.79,915.89,704.33,585.05,512.73,522.75,755.71
ECG,Everus Construction Group Inc.,136.943,6992.83,United States and Canada,US,-0.2019,0.0674,0.0674,0.0951,0.1879,0.3705,0.0614,0.0642,0.1018,0.2045,,0.05,0.0562,0.0572,0.1487,,4674.24,5138.25,5463.97,2849.68,2854.39,2699.25,2051.64,,,,,,
CVI,CVR Energy Inc.,31.168,3133.34,United States and Canada,US,-0.2519,0.0661,0.0468,0.302,0.267,0.1379,0.0062,0.0169,0.0319,0.0874,0.0149,0.0101,0.0217,-0.023,,,8657,7592.25,7464.6,7610,9247,10896,7242,3930,6364,7124,5988,4782,5432.5
SUN,Sunoco LP,70.615,9666.9,United States and Canada,US,-0.096,0.0636,0.0873,0.0873,0.3072,0.861,0.0433,0.0599,0.0599,0.0911,0.9088,0.0506,0.09,0.09,,,47489,47833.33,49020.5,22693,23068,25729,17596,10710,16596,16994,11723,9986,12430
LBTYA,Liberty Global Ltd.,10.541,3571.62,United States and Canada,US,-0.2203,0.0633,0.0376,0.0495,0.0741,0.1122,0.0002,0.0182,0.0193,0.0548,0.0837,0.1607,0.1646,0.1721,0.2501,0.2317,5255.49,5155.2,5938.64,4341.9,7491.4,7195.7,10311.3,11545.4,11115.8,11957.9,11276.4,13731.1,17062.7
TVTX,Travere Therapeutics Inc.,61.344,5782.35,United States and Canada,US,-0.0739,0.0631,0.0346,0.0319,0.0391,0.2564,0.0898,0.096,0.0893,0.1926,0.4028,0.1055,0.1191,0.1217,0.2705,0.5165,721.93,1061.86,1324.4,233.18,145.24,109.46,131.84,198.32,175.34,164.25,154.94,133.59,99.89
AMPX,Amprius Technologies Inc.,11.85,1731.06,United States and Canada,US,-0.5108,0.063,0.0614,0.114,0.1381,-0.2229,0.0203,0.0209,0.0507,-0.0021,-0.1064,-0.0111,-0.0111,-0.0189,-0.0342,-0.1166,140.45,211.51,365.82,24.17,9.05,4.41,2.77,4.68,,,,,
VIAV,Viavi Solutions Inc.,39.152,9592.98,United States and Canada,US,-0.3521,0.0629,0.0629,0.0673,0.1645,0.5575,0.0136,0.0136,0.031,0.2511,,,,,,,1886.72,2140.35,2499.31,1084.3,1000.4,1106.1,1292.4,1198.9,1136.3,1130.3,875.7,805,906.3
WHD,Cactus Inc.,67.937,5447.15,United States and Canada,US,-0.0141,0.0627,0.0751,0.1105,0.2603,0.4208,0.0412,0.0345,0.0821,0.264,0.075,0.0202,0.0285,0.0805,,,1709.69,1773.48,1842.75,1129.81,1096.96,688.37,438.59,348.57,628.41,544.13,341.19,155.05,221.4
ONTO,Onto Innovation Inc.,308.366,15339.22,United States and Canada,US,-0.2021,0.0626,0.0626,0.0631,0.1921,0.2932,0.1224,0.1058,0.1331,0.3317,0.4841,0.0643,0.0643,0.1536,0.2877,0.3185,1425.25,1831.59,2090.73,987.32,815.87,1005.18,788.9,556.5,305.9,273.78,255.1,232.78,221.69
ARWR,Arrowhead Pharmaceuticals Inc.,87.666,12383.21,United States and Canada,US,-0.0819,0.0625,0.0594,0.0501,-0.0099,0.6217,0.0044,-0.0445,-0.0161,0.0181,0.0436,0.0379,0.153,0.1688,0.3077,0.4931,466.21,322.31,657.19,3.55,240.74,243.23,138.29,87.99,168.8,16.14,31.41,0.16,0.38
ARXS,Arxis Inc.,59.975,25038.03,United States and Canada,US,-0.0248,0.0618,0.0573,,,,0.0706,0.0728,,,,0.0743,0.0768,,,,1988.82,2224.79,2445.78,742.99,424.5,,,,,,,,
KLIC,Kulicke and Soffa Industries Inc.,91.356,4780.92,United States and Canada,US,-0.3273,0.0615,0.0615,0.2291,0.2291,0.5893,0.1914,0.1914,0.4566,0.4566,0.7759,0.065,0.065,,,,1149.6,1517,1461.65,706.23,742.49,1503.62,1517.66,623.18,540.05,889.12,809.04,627.19,536.47
RLAY,Relay Therapeutics Inc.,19.757,4305.85,United States and Canada,US,-0.0497,0.0614,-0.0019,0.3174,0.44,-0.4394,0,-0.1116,-0.2626,-0.2991,-0.3329,0,-0.1209,-0.2769,,-0.0477,12.53,14.5,32.25,10.01,25.55,1.38,3.03,82.65,,,,,
PTCT,PTC Therapeutics Inc.,73.329,6120.1,United States and Canada,US,-0.193,0.0611,0.0748,0.2751,0.2943,0.4385,0.0155,0.0376,0.1493,0.1144,0.1888,-0.006,0.0074,0.0916,0.0303,0.0749,1263.38,1361.78,1576.53,806.78,937.82,698.8,538.59,380.77,306.98,264.73,194.39,82.7,36.77
BCRX,BioCryst Pharmaceuticals Inc.,9.373,2392.6,United States and Canada,US,-0.1646,0.0598,0.0568,0.0761,0.08,0.0474,0.0128,0.0114,0.0103,-0.0019,-0.029,-0.016,-0.0175,-0.0474,-0.0613,0.0343,709.66,735.54,851.43,450.71,331.41,270.83,157.17,17.81,48.84,20.65,25.19,26.35,48.26
APLD,Applied Digital Corporation,29.212,8514.4,United States and Canada,US,-0.4241,0.0594,0.0559,0.1284,0.4574,0.5431,0.0208,0.1762,0.2254,0.8091,1.5207,0,0.0194,-0.0699,-0.0699,,780.63,1904.83,2723.35,144.19,136.62,55.39,8.55,,,0.34,1.55,3.87,3.31
PLTR,Palantir Technologies Inc.,172.012,413354.9,United States and Canada,US,-0.1711,0.0584,0.0588,0.069,0.1252,0.476,0.0733,0.0735,0.0981,0.1958,0.6345,0.0878,0.0873,0.1292,0.2386,0.7252,8173.18,12049.12,17439.65,2865.51,2225.01,1905.87,1541.89,1092.67,742.55,595.41,,,
CXW,CoreCivic Inc.,32.298,3194.05,United States and Canada,US,-0.0501,0.0579,0.0579,0.0589,0.1005,0.1697,0.0705,0.0705,0.058,,,,,,,,2708.7,2865.88,,1961.65,1896.63,1845.33,1862.62,1905.48,1980.69,1835.77,1765.5,1849.79,1793.09
ELF,e.l.f. Beauty Inc.,98.49,5804.7,United States and Canada,US,-0.3477,0.0563,0.0565,0.0515,0.041,0.0012,0.0588,0.0592,0.0321,0.0001,-0.0512,0.0793,0.0797,0.0568,0.0507,-0.0043,1964.95,2117.31,2310.46,1313.52,1023.93,578.84,392.15,318.11,282.85,267.66,267.44,269.89,229.57
EPR,EPR Properties,62.225,4766.99,United States and Canada,US,-0.0423,0.0554,0.0075,0.016,0.0342,0.0323,0.006,0.0087,0.02,0.0467,0.0663,0,0.0063,0.01,0.0531,,765.59,808.57,835.27,688.25,698.02,655.36,525.34,408.26,650.49,563.5,514.53,481.22,418.36
PSX,Phillips 66,203.902,81361.16,United States and Canada,US,-0.0564,0.0547,0.0653,0.0923,0.2577,0.2996,0.0287,0.0316,0.0597,0.0994,0.1559,0.0663,0.0915,0.106,-0.0129,0.3332,163245.04,146859.81,148428.76,143153,147399,169990,111476,64129,107293,111492,89300,70898,85228
IESC,IES Holdings Inc.,762.211,15186.56,United States and Canada,US,-0.0611,0.0545,0.0545,0.0545,0.0488,0.1495,0.0672,0.0672,0.0672,0.0847,0.2175,0.0771,0.0771,0.0771,0.0935,0.22,4236,5033,5801,2884.36,2377.23,2166.81,1536.49,1190.86,1077,876.83,810.74,695.99,573.86
CTRI,Centuri Holdings Inc.,23.852,2408.17,United States and Canada,US,-0.4451,0.0535,0.0542,0.1021,0.1712,0.2762,0.0787,0.0711,0.1321,0.2158,0.3486,,,0.141,0.177,0.4203,3678.38,4089.1,4480.58,2637.23,2899.28,2760.33,2158.66,1948.29,,,,,
VLO,Valero Energy Corporation,298.283,85883.87,United States and Canada,US,-0.0686,0.0534,0.1005,0.0955,0.3515,0.2465,0.0145,0.0192,0.0163,0.114,0.0098,0.0184,0.0019,-0.0002,-0.1897,0.0484,147103.33,126273.17,114039.71,123974,139001,171189,108332,60115,102729,111407,88407,70166,81824
NXT,Nextpower Inc.,103.384,15686.4,United States and Canada,US,-0.3662,0.0534,-0.0043,0.1026,0.1049,0.1676,0.0003,-0.0049,0.1714,0.1743,0.2231,-0.0102,-0.0273,0.1705,0.1785,0.257,4330.04,5158.14,5899.16,2959.2,2499.84,1902.14,1457.59,1195.62,1171.29,660.74,,,
INDV,Indivior Pharmaceuticals Inc.,38.836,4583.18,United States and Canada,US,-0.0928,0.0532,0.0551,0.0705,0.1595,0.2451,0.0378,0.0414,0.0684,0.1299,0.2013,0.056,0.056,0.071,0.182,0.2618,1327.2,1362,1450.8,1188,1093,901,791,647,785,1005,1093,1058,1014
PAYP,PayPay Corporation,15.34,10387.38,United States and Canada,US,-0.3837,0.0523,0.0466,0.0342,,,0.0514,0.0445,0.0352,,,0.0424,0.0492,0.0511,,,2978.27,3515.28,4102.04,1985.74,1670.66,1501.9,,,,,,,
MATX,Matson Inc.,206.77,6183.14,United States and Canada,US,-0.1039,0.0519,0.0632,0.0632,0.0625,0.1187,0.0327,0.0515,0.0515,0.0533,0.0895,0.0228,0.034,0.034,,,3645.52,3765.18,3909.23,3421.8,3094.6,4343,3925.3,2383.3,2203.1,2222.8,2046.9,1941.6,1884.9
PLPC,Preformed Line Products Company,466.296,2279.58,United States and Canada,US,-0.0618,0.0517,0.0517,0.0517,0.0558,,0.054,0.054,0.054,0.0591,,0.0609,0.0609,0.0609,,,813,878,958,593.71,669.68,637.02,517.42,466.45,444.86,420.88,378.21,336.63,354.67
SUNC,SunocoCorp LLC,70.575,3635.83,United States and Canada,US,-0.0902,0.0514,0.1172,0.1172,1.0981,,0.0551,0.1493,0.1493,1.1857,,0.0531,0.195,0.195,,,46261,47910.5,49135.5,22693,23068,,,,,,,,
DIOD,Diodes Incorporated,105.328,4839.27,United States and Canada,US,-0.164,0.0506,0.0506,0.0677,0.1662,0.2349,0.0908,0.0908,0.1096,0.3187,,,,,,,1868.8,2260.79,2935.79,1311.12,1661.74,2000.58,1805.16,1229.21,1249.13,1213.99,1054.2,942.16,848.9
PR,Permian Resources Corporation,20.144,16866.33,United States and Canada,US,-0.1116,0.0498,0.047,0.0621,0.2825,0.2511,0.0075,-0.0067,0.0091,0.1546,0.1117,-0.0022,-0.0117,-0.0084,0.0726,,6520.1,6543.35,6438.54,5000.73,3120.89,2131.26,1029.89,580.46,944.33,891.04,429.9,98.83,90.46
MTSI,MACOM Technology Solutions Holdings Inc.,310.453,23686.25,United States and Canada,US,-0.2589,0.0493,0.0495,0.1314,0.1311,0.2238,0.1226,0.132,0.3022,0.3109,0.535,0.1268,0.1619,0.3329,0.3801,0.7461,1324.24,1797.01,2097.05,729.58,648.41,675.17,606.92,530.04,499.71,570.4,698.77,544.34,420.61
MKL,Markel Group Inc.,1875.05,23231.79,United States and Canada,US,-0.1506,0.0492,0.0488,0.0415,0.0171,0.0131,0.0018,0.0017,-0.0072,-0.0318,-0.0917,0,0.0004,0.0004,-0.0262,-0.0606,16171.87,15929.38,17375.5,16620.76,15803.63,11675.33,12846.42,9735.07,9526.19,6841.28,6061.66,5612.03,5369.98
Q,Qnity Electronics Inc.,137.964,28863.25,United States and Canada,US,-0.2218,0.0491,0.0497,0.1026,0.1175,,0.0666,0.0682,0.1411,0.1693,,0.0844,0.0844,0.1659,0.2294,,5640.57,6296.31,6782.75,4335,4035,4755,,,,,,,
NEOG,Neogen Corporation,11.465,2500.01,United States and Canada,US,-0.1078,0.0487,0.0487,0.0457,0.0202,0.0566,0.0269,0.0269,0.0235,-0.0038,0.0076,0.1073,0.1073,0.0954,0.0309,0.006,883.17,865.65,895.95,894.66,924.22,822.45,527.16,468.46,418.17,414.19,397.93,358.28,321.27
RYTM,Rhythm Pharmaceuticals Inc.,115.576,7957.65,United States and Canada,US,-0.0542,0.0486,0.052,0.0526,0.0643,0.0507,0.0281,0.0406,0.0395,0.0243,0.0403,0.0145,0.0304,0.0203,-0.0734,-0.0572,313.57,561.11,892.87,130.13,77.43,23.64,3.15,,,,,,
STRL,Sterling Infrastructure Inc.,547.145,16736.35,United States and Canada,US,-0.4559,0.0481,0.0351,0.1538,0.4519,0.7109,0.017,-0.0432,0.2053,0.5702,0.6568,0,,0.3027,0.6467,,4102.12,4896.77,5625,2115.76,1972.23,1769.44,1414.37,1226.74,1126.28,1037.67,957.96,690.12,623.6
SPXC,SPX Technologies Inc.,215.637,10800.36,United States and Canada,US,-0.1412,0.0476,0.0478,0.0496,0.1174,0.1309,0.0702,0.0783,0.0759,0.1529,0.1791,0.0585,0.0829,0.0651,0.1689,0.203,2739.89,3044.09,3269.76,1983.9,1741.2,1460.9,1219.5,1128.1,1123.6,1512.6,1425.8,1472.3,1559
ACLS,Axcelis Technologies Inc.,139.955,4301.36,United States and Canada,US,-0.2778,0.0475,0.0475,0.0525,0.0153,0.0615,0.0909,0.0909,0.1155,0.1429,0.1571,0.1227,,0.2097,,,884.01,1009.31,1246,1017.87,1130.6,920,662.43,474.56,342.96,442.57,410.56,266.98,301.5
XMTR,Xometry Inc.,93.05,5333.96,United States and Canada,US,-0.1228,0.0473,0.0479,0.1029,0.1266,0.1911,0.0648,0.0659,0.1263,0.1681,0.2496,0.0883,0.0931,0.1606,0.1865,0.2432,917.9,1114.77,1340.66,545.53,463.41,381.05,218.34,141.41,80.23,,,,
TPG,TPG Inc.,48.99,18837.87,United States and Canada,US,-0.3039,0.0469,0.0201,0.0026,-0.0044,0.0047,0.0323,0.0003,-0.0036,0.0571,0.1014,0.0356,0.0142,,,,2529.9,3005.62,3485.41,3166.74,2117.81,1771.89,4804.73,1965.12,1805.12,1262.9,,,
INSM,Insmed Incorporated,131.101,28416.46,United States and Canada,US,-0.3838,0.0468,0.0551,0.0333,0.2245,0.7954,0.0326,0.0469,0.0055,0.1501,0.5225,0.022,0.031,-0.0279,0.0367,0.3778,1780.39,2866.8,3865.52,363.71,305.21,245.36,188.46,164.41,136.47,9.84,,,
ICL,ICL Group Ltd,5.31,6853.47,United States and Canada,US,-0.2382,0.0457,0.0414,0.0877,0.0856,0.0943,0.0135,0.0156,0.0427,0.0362,0.0403,0.0134,0.0154,0.0549,,,8169,8072.88,8320.31,6841,7536,10015,6955,5043,5271,5556,5418,5363,5405
HALO,Halozyme Therapeutics Inc.,103.066,12224.97,United States and Canada,US,-0.0022,0.0455,0.0391,0.0507,0.0486,0.1694,0.0308,0.0336,0.0352,0.0424,0.1454,0.0486,0.0399,0.0506,0.0749,0.1459,1849.47,2066.17,2275.09,1015.32,829.25,660.12,443.31,267.59,195.99,151.86,316.61,146.69,135.06
TSEM,Tower Semiconductor Ltd.,252.87,28508.04,United States and Canada,US,-0.2096,0.0453,0.0453,0.065,0.0525,0.1333,0.0563,0.0635,0.1535,0.1637,,0.0792,0.1224,0.2755,,,1974.75,2708.47,3552.56,1436.12,1422.68,1677.61,1508.17,1265.68,1234,1304.03,1387.31,1249.63,960.56
PBF,PBF Energy Inc.,61.685,7365.05,United States and Canada,US,-0.1747,0.0452,0.0556,0.0584,0.293,0.1849,0.0039,0.0186,0.0312,0.124,0.035,0.0123,0.0132,0.0082,,,37392.06,33961.31,34289.56,33115.3,38324.8,46830.3,27253.4,15115.9,24508.2,27186.1,21786.6,15920.42,13123.93
RDDT,Reddit Inc.,161.628,31096.66,United States and Canada,US,-0.4288,0.0442,0.0459,0.0455,0.1339,0.2407,0.035,0.0374,0.046,0.1384,0.2742,0.0259,0.0326,0.0345,0.1209,0.3199,3376.26,4418.46,5500.29,1300.2,804.03,666.7,484.92,228.91,,,,,
JAZZ,Jazz Pharmaceuticals plc,256.63,16659.03,United States and Canada,US,-0.0317,0.0438,0.043,0.0479,0.0439,0.0572,0.0272,0.0277,0.0309,0.0213,0.0492,0.027,0.0266,0.0344,0.0211,0.0639,4707.44,4972.67,5440.92,4068.95,3834.2,3659.37,3094.24,2363.57,2161.76,1890.92,1618.69,1487.97,1324.8
PI,Impinj Inc.,183.019,5592.04,United States and Canada,US,-0.2592,0.0435,0.0438,0.0438,-0.122,-0.1065,0.0158,0.0177,0.0177,-0.1265,-0.133,-0.0104,-0.0047,-0.0047,,-0.1735,389.62,468.79,595.91,366.09,307.54,257.8,190.28,138.92,152.84,122.63,125.3,112.29,78.48
SBLK,Star Bulk Carriers Corp.,28.905,3223.8,United States and Canada,US,-0.0202,0.0434,0.0434,0.0441,0.0198,0.0367,-0.0132,-0.0157,-0.0185,-0.0248,-0.0326,0,0,0.0179,,,1102.71,1027.67,1114.59,1265.46,949.27,1437.16,1427.42,693.24,821.37,651.56,331.98,222.11,234.29
AGM,Federal Agricultural Mortgage Corporation,235.651,2484.89,United States and Canada,US,-0.0509,0.0434,0.0434,0.0345,0.0658,0.133,0.0457,0.0457,0.0408,0.1562,,,,,,,480.39,542.32,,360.68,346.28,305.29,242.86,202.64,188.94,184.59,170.68,159.72,145.74
VAC,Marriott Vacations Worldwide Corporation,123.337,4235.77,United States and Canada,US,-0.0588,0.0426,0.043,0.0456,0.0741,0.043,0.0193,0.0201,0.0347,0.0603,0.0082,0.0293,0.0307,0.0433,,,5461.3,5501.28,5614.04,3278,3166,3289,2762,1844,3151,2043,1433,1280,1404.92
FIGS,FIGS Inc.,14.26,2382.09,United States and Canada,US,-0.1842,0.0423,0.042,0.0758,0.2221,0.3379,0.0439,0.0436,0.0742,0.2271,0.3597,0.0561,0.0561,0.0876,,0.4152,759.81,820.91,873.17,555.56,545.65,505.83,419.59,263.11,110.49,,,,
WDC,Western Digital Corporation,433.974,149583.08,United States and Canada,US,-0.4574,0.0423,0.0663,0.0839,0.2543,0.657,0.052,0.1227,0.1628,0.4352,1.2236,0.1068,0.0876,0.1194,0.7408,1.4348,19214.12,26181.5,31990.96,9520,13003,12318,18793,16922,16736,16569,20647,19093,12994
WES,Western Midstream Partners LP,46.663,18375.02,United States and Canada,US,-0.0404,0.0419,0.0679,0.1497,0.1442,0.2142,0.0158,0.0483,0.1121,0.0656,0.1704,0.0324,0.0471,0.1393,0.1351,,4759.34,4840.9,5195.28,3605.22,3106.48,3251.72,2877.16,2772.59,2746.17,2299.66,2429.61,1804.27,1752.07
U,Unity Software Inc.,43,18771,United States and Canada,US,-0.1755,0.0413,0.0427,0.0538,0.0548,0.1297,0.0629,0.0672,0.0842,0.0772,0.1868,0.0854,0.0928,0.1115,0.0897,0.2395,2222.24,2593.09,3064.13,1813.26,2187.32,1391.02,1110.53,772.45,541.78,380.75,,,
TER,Teradyne Inc.,379.17,59279.72,United States and Canada,US,-0.2229,0.0412,0.1436,0.1536,0.2305,0.4917,0.0417,0.1204,0.141,0.2537,0.5705,0.0493,0.1182,0.1567,0.2965,0.8116,5143.44,6221.3,7688.62,2819.88,2676.3,3155.05,3702.88,3121.47,2294.97,2100.8,2136.61,1753.25,1639.58
VSH,Vishay Intertechnology Inc.,35.41,5431.16,United States and Canada,US,-0.4903,0.041,0.041,0.0841,0.0841,0.149,0.0685,0.0685,0.1816,0.1816,,,,,,,3708.57,4312.69,4783.94,2937.59,3402.05,3497.4,3240.49,2501.9,2668.3,3034.69,2599.37,2317.33,2300.49
DXPE,DXP Enterprises Inc.,192.296,2981.57,United States and Canada,US,-0.0755,0.0408,0.0408,0.0212,0.0808,0.1085,0.0596,0.0596,0.0234,0.1052,,0.0447,0.0447,-0.0497,0.0908,,2269,2452,2627.5,1802.04,1678.6,1480.83,1113.92,1005.27,1264.85,1218.71,1006.78,962.09,1247.04
MKSI,MKS Inc.,305.083,20606.57,United States and Canada,US,-0.3184,0.0408,0.0432,0.1184,0.1737,0.2479,0.0688,0.0789,0.1977,0.2847,0.4228,0.0886,0.1011,0.2147,,,5013.51,5988.59,6662.15,3586,3622,3547,2950,2330,1899.8,2075.1,1915.98,1295.34,813.52
QURE,uniQure N.V.,46.397,3218.39,United States and Canada,US,-0.3511,0.0403,0.0899,0.0163,-0.5569,-0.639,0.0758,0.0724,0.6823,-0.345,-0.4543,0.0055,0.1881,1.1803,0.2638,-0.2431,24.61,130.05,377.95,27.12,15.84,106.48,524,37.51,7.28,11.28,13.11,25.1,10.58
ET,Energy Transfer LP,20.13,69313.63,United States and Canada,US,-0.0327,0.0402,0.0418,0.0565,0.237,0.1976,0.0316,0.035,0.0781,0.1969,0.1643,0.0362,0.0357,0.0727,0.2379,0.1603,115850.07,115553.99,122211.36,82671,78586,89876,67417,38954,54213,54087,40523,31792,36096
ICHR,Ichor Holdings Ltd.,68.49,2565.24,United States and Canada,US,-0.397,0.0401,0.0401,0.0592,0.2376,0.2336,0.1495,0.1495,0.1812,0.4716,0.5095,0.1251,0.2362,0.2362,0.5247,0.5236,1245.54,1656.5,1790.33,849.04,811.12,1280.07,1096.92,914.24,620.84,823.61,655.89,405.75,290.64
MUSA,Murphy USA Inc.,520.07,9559.07,United States and Canada,US,-0.1823,0.0398,0.0404,0.0382,0.1652,0.099,0.0205,0.0016,0.0032,0.0725,0.02,0.0013,-0.0111,0.0003,-0.0033,-0.0921,22825.56,21774.85,21614.14,17909.4,19238.2,21265.9,15318.8,9504.3,12101.3,12524,10853.5,9633.1,10730.78
FTNT,Fortinet Inc.,159.615,117111.7,United States and Canada,US,-0.0725,0.0391,0.0393,0.0682,0.0814,0.0645,0.0428,0.0428,0.0726,0.0805,0.042,0.0512,0.0498,0.0876,-0.003,-0.0069,8119.11,9009.38,10016.51,5955.8,5304.8,4417.4,3342.2,2594.4,2163,1804.6,1494.9,1275.4,1009.27
LCLN,Lincoln International Inc.,24.55,2503.68,United States and Canada,US,-0.0296,0.0379,0.0399,,,,0.0207,0.0193,,,,0.009,0.0076,,,,959.01,1123.25,1272.21,572.06,508.31,635.66,321.52,,,,,,
RYN,Rayonier Inc.,21.78,6539.26,United States and Canada,US,-0.2032,0.0379,0.0404,0.025,2.2216,2.0078,0.0017,0.0033,-0.0252,2.4082,2.1488,0.0057,0.0268,0.1203,2.6248,2.2088,1513.95,1605.99,1708.71,987.93,788.37,924.55,1109.6,859.15,711.56,816.14,819.6,815.91,568.8
CHRD,Chord Energy Corporation,131.282,7246.41,United States and Canada,US,-0.136,0.0375,0.0124,0.16,0.4238,0.539,0.0457,0.047,0.0997,0.1508,0.18,0.0389,0.0336,0.1,-0.0141,,6210.38,5518.44,5584.17,4917.69,3636.64,3417.22,1503.09,901.07,1818.2,2188.25,1205.59,648.1,720.15
RSI,Rush Street Interactive Inc.,24.876,5765.59,United States and Canada,US,-0.2796,0.037,0.0434,0.0429,0.1989,0.2727,0.0362,0.0468,0.0472,0.2191,0.3331,0.0352,0.0663,0.0623,,,1587.8,1836.89,2119.31,924.08,691.16,592.21,488.11,278.5,63.67,18.23,,,
SEI,Solaris Energy Infrastructure Inc.,57.96,4429.46,United States and Canada,US,-0.3275,0.0369,0.0283,0.0237,0.1179,0.1934,0.0254,0.0094,0.0287,0.1924,0.2874,0.0412,0.0406,0.0351,0.4215,0.7762,849.8,1257.35,1667.84,313.09,292.95,320,159.19,102.98,241.69,197.2,67.39,18.16,14.21
ONC,BeOne Medicines AG,348.153,39585.65,United States and Canada,US,-0.0962,0.0368,0.0433,0.0515,0.0488,0.078,0.03,0.0348,0.0429,0.0283,0.0652,0.0286,0.036,0.0593,0.0616,0.0918,6747.89,7677.94,8662.63,3810.24,2458.78,1415.92,1176.28,308.87,428.21,198.22,238.39,1.07,8.82
BHF,Brighthouse Financial Inc.,60.79,3495.92,United States and Canada,US,-0.09,0.0365,0.0342,0.0249,-0.0071,-0.0137,0,0.0137,-0.0068,-0.0462,-0.0499,0,0.0109,-0.0365,-0.1051,-0.0986,8982,8791.08,8837.18,6295,4474,10739,4935,8498,6520,8864,6839,2982,8889
SRE,Sempra,83.885,54836.25,United States and Canada,US,-0.1698,0.0362,0.0289,0.0094,-0.0033,-0.0991,0,-0.0149,-0.0254,-0.041,-0.1533,0,-0.0204,-0.0341,-0.0663,-0.1764,14362,13719.47,13769.61,13185,16720,14439,12857,11370,10829,10102,9640,10183,10231
TIGO,Millicom International Cellular S.A.,97.114,16231.93,United States and Canada,US,-0.0935,0.0361,0.0398,0.0932,0.2998,0.5278,0.0167,0.0219,0.0614,0.3107,0.5238,0.0169,0.0231,0.0638,0.2413,0.5101,8771.9,8880.86,9061.54,5804,5661,5624,4261,3805,4336,3946,3936,4043,6572
CNXN,PC Connection Inc.,84.084,2122.12,United States and Canada,US,-0.0479,0.0361,0.036,0.036,0.039,-0.0088,0.0179,0.0178,0.0178,0.019,,,,,,,3109.36,3183.35,,2802.12,2850.64,3125,2892.59,2590.29,2820.03,2699.49,2911.88,2692.59,2573.97
LB,LandBridge Company LLC,75.4,5807.08,United States and Canada,US,-0.1192,0.0356,0.0332,0.0195,0.0522,0.0325,0.0006,0.0048,0.0336,0.0507,0.0789,0.0204,0.0265,0.0345,,,253.5,307.95,372.13,109.95,72.86,51.78,,,,,,,
HNGE,Hinge Health Inc.,89.33,6912.37,United States and Canada,US,-0.0237,0.0352,0.0351,0.1486,0.2153,0.3817,0.0435,0.0461,0.2292,0.3122,0.5005,0.0332,0.0412,0.2809,0.3472,0.5748,851.19,1078.63,1311.79,390.4,292.73,,,,,,,,
MSA,MSA Safety Incorporated,194.19,7491.52,United States and Canada,US,-0.0705,0.0351,0.041,0.051,0.0533,0.0723,0.0625,0.0742,0.0923,0.0943,0.1131,0.0246,0.0648,0.0648,0.0628,0.0923,2084.94,2275.37,2337.44,1808.14,1787.65,1527.95,1400.18,1348.22,1401.98,1358.1,1196.81,1149.53,1130.78
ATI,ATI Inc.,227.912,31101.42,United States and Canada,US,-0.0383,0.0348,0.034,0.0347,0.0363,0.027,0.0197,0.0255,0.0264,0.0326,0.0286,0.0291,0.0311,0.0311,0.0584,0.0729,5152.62,5570.27,6009.26,4362.1,4173.7,,,2982.1,4122.5,4046.6,3525.1,3134.6,3719.6
PLXS,Plexus Corp.,270.61,7240.56,United States and Canada,US,-0.1187,0.0348,0.0348,0.0366,0.0853,0.1253,0.0662,0.0662,0.0719,0.1481,0.2233,0.0719,0.0719,0.108,0.1778,,4897.08,5589.66,6030.1,3960.83,4210.31,3811.37,3368.86,3390.39,3164.43,2873.51,2528.05,2556,2654.29
PTRN,Pattern Group Inc.,22.024,3884.89,United States and Canada,US,-0.2609,0.0344,0.0347,0.0927,0.1157,,0.0405,0.0443,0.1117,0.1312,,0.0339,0.0517,0.1,0.1354,,3426.92,4260.6,5131.69,1796.16,1366.42,990.53,,,,,,,
BALL,Ball Corporation,63.452,16795.96,United States and Canada,US,-0.0708,0.0341,0.0342,0.0725,0.0739,0.1598,0.0401,0.0408,0.0751,0.0829,0.1673,0.0347,0.0353,0.0557,0.0706,0.1258,14924.58,15548.14,15923.91,11795,12062,13372,13811,11781,11474,11635,10983,9061,7997
NSIT,Insight Enterprises Inc.,149.114,4503.83,United States and Canada,US,-0.0373,0.034,0.0377,0.0433,0.0263,-0.0243,0.0393,0.0528,0.0594,0.0367,-0.0363,0.056,,0.1209,,,8755.98,9082.77,9742.23,8701.7,9175.84,10431.19,9436.11,8340.58,7731.19,7080.14,6703.62,5485.52,5373.09
AIN,Albany International Corp.,62.684,1778.42,United States and Canada,US,-0.1859,0.0338,0.0338,0.0601,0.1614,0.0299,0.0837,0.0837,0.1253,0.2804,,-0.0028,-0.0028,-0.0028,,,1295.13,1379.46,1423,1230.62,1147.91,1034.89,929.24,900.61,1054.13,982.48,863.72,779.84,709.87
MIRM,Mirum Pharmaceuticals Inc.,100.662,6138.49,United States and Canada,US,-0.2257,0.0335,0.0335,0.0742,0.0807,0.3151,0.0103,0.0103,0.0496,0.0748,0.2981,-0.013,-0.013,0.0478,0.1505,0.3336,697.93,823.55,1050.07,336.89,186.37,77.06,19.14,,,,,,
ENTG,Entegris Inc.,152.113,23242.87,United States and Canada,US,-0.1863,0.0333,0.0361,0.0377,0.0547,0.0344,0.0407,0.0474,0.0511,0.0924,0.0798,0.0668,0.071,0.0771,0.1291,0.0968,3570.55,4022.82,4424.52,3241.2,3523.9,3282.03,2298.89,1859.31,1591.07,1550.5,1342.53,1175.27,1081.12
PBH,Prestige Consumer Healthcare Inc.,54.904,2600.92,United States and Canada,US,-0.2468,0.0331,-0.0073,0.1209,0.1214,0.0772,0.0082,-0.0359,0.1595,0.1614,0.1161,-0.0004,-0.0952,0.105,0.1137,0.0525,1266.29,1333.24,1283,1137.76,1125.36,1127.72,1086.81,943.37,963.01,975.78,1041.18,882.06,806.25
BHE,Benchmark Electronics Inc.,82.365,2958.55,United States and Canada,US,-0.1797,0.033,0.033,0.033,0.0671,0.071,0.0385,0.0385,0.0385,0.079,,,,,,,3003.27,3215.15,,2656.11,2838.98,2886.33,2255.32,2053.13,2268.09,2566.47,2454.48,2322.28,2540.87
CGNX,Cognex Corporation,66.891,11252.2,United States and Canada,US,-0.0822,0.033,0.0352,0.0772,0.0976,0.0817,0.0283,0.0316,0.072,0.0851,0.0636,0.017,0.0269,0.0567,0.0243,0.0262,1146.45,1242.52,1359.16,914.51,837.55,1006.09,1037.1,811.02,725.63,806.34,766.08,529.51,450.56
CLDX,Celldex Therapeutics Inc.,41.765,3278.22,United States and Canada,US,-0.0269,0.0329,-0.0527,-0.2706,-0.2989,-0.2896,0.156,0.0671,0.1869,0.4457,-0.6729,0.1552,-0.1712,0.0347,0.0662,-0.4638,2.5,12.76,137.78,7.02,6.88,2.36,4.65,7.42,3.57,9.54,12.74,6.79,5.48
CYTK,Cytokinetics Incorporated,76.788,10425.55,United States and Canada,US,-0.1305,0.0328,0.0488,0.1796,-0.0197,-0.2802,0.0489,0.0497,0.0697,0.1176,0.0136,0.0376,0.0378,0.0918,0.119,0.0254,116.57,412.6,917.25,18.47,7.53,94.59,70.43,55.83,26.87,31.5,13.37,106.41,28.66
CTOS,Custom Truck One Source Inc.,10.4,2366.06,United States and Canada,US,-0.1496,0.0325,0.0325,0.0349,0.0088,0.005,0.0254,0.0254,0.0322,0.0033,-0.004,0.0175,0.0175,0.0697,,,2121.48,2219.47,2375.41,1802.28,1865.1,1573.09,1167.15,302.74,264.04,246.3,203.77,187.1,
VCTR,Victory Capital Holdings Inc.,108.125,6656.28,United States and Canada,US,-0.0159,0.0321,0.0573,0.1026,0.0907,0.1158,0.0206,0.0605,0.1077,0.0981,0.1356,0.0216,0.0323,0.1527,,,1644.35,1734.32,1821.51,893.48,821.03,854.8,890.26,775.35,612.37,413.41,409.63,297.88,240.76
SN,SharkNinja Inc.,185.569,26141.39,United States and Canada,US,-0.011,0.0316,0.0337,0.0362,0.0443,0.0656,0.0402,0.0448,0.0507,0.0687,0.0902,0.0424,0.0409,0.0676,0.0961,0.1506,7479.86,8390.75,9302.64,5528.64,4253.71,3717.37,3726.99,2753.17,,,,,
GBTG,Global Business Travel Group Inc.,9.444,4933.29,United States and Canada,US,-0.0101,0.0316,0.0329,0.0329,0.0437,0.3145,0.0205,0.024,0.024,0.0311,0.2731,-0.0149,-0.0108,-0.0108,-0.0115,,3393.36,3478,3466.73,2423,2290,1851,763,793,2119,1899,,,
AMG,Affiliated Managers Group Inc.,369.7,9764.55,United States and Canada,US,-0.0591,0.0313,0.0404,0.0522,0.0348,0.0976,0.0136,0.029,0.037,0.0646,0.2085,0.0165,0.0222,0.0504,0.1131,0.3279,2469.61,2702.81,2876.28,2040.9,2057.8,2329.6,2412.4,2027.5,2239.6,2378.4,2305,2194.6,2484.5
SKT,Tanger Inc.,39.314,4700.26,United States and Canada,US,-0.0755,0.0312,0.03,0.0298,0.0642,0.0574,0.012,0.0098,0.002,0.02,-0.0068,0.0094,0.0043,0.0201,,,607.46,622.28,679.2,537.35,472.65,451.21,435.43,394.21,486.19,502.79,490.17,479.61,450.85
FTAI,FTAI Aviation Ltd.,216.31,22216.57,United States and Canada,US,-0.3314,0.0311,0.1016,0.134,0.2201,0.3355,0.0216,0.199,0.2256,0.689,0.8868,0.017,0.1276,0.1471,0.7717,1.0921,3905.84,6066.49,7495.21,1734.9,1170.9,708.41,335.58,297.93,578.77,342.11,185.05,148.72,136.57
XOM,ExxonMobil Holdings Corporation,153.04,629287.01,United States and Canada,US,-0.1325,0.0309,-0.0012,0.0197,0.2518,0.2382,0.0069,0.0066,0.0391,0.1146,0.1499,0.0059,0.0132,0.051,0.116,,402942.24,393615.79,396727.39,339247,334697,398675,277140,179784,259497,281060,237162,200628,241406
APPS,Digital Turbine Inc.,14.336,1733.74,United States and Canada,US,-0.0645,0.0307,0.0186,0.0775,0.0775,,0.0275,0.0236,,,,,,,,,662.67,732.48,,490.51,544.48,665.92,747.6,313.58,138.72,103.57,74.75,40.21,22.25
GH,Guardant Health Inc.,168.5,22612.05,United States and Canada,US,-0.0458,0.0306,0.0309,0.0658,0.0951,0.2128,0.0661,0.0752,0.1211,0.1546,0.3436,0.0894,0.1278,0.2067,0.2631,0.514,1354.73,1828.71,2487.76,739.02,563.95,449.54,373.65,286.73,214.38,90.64,49.84,25.25,
TWLO,Twilio Inc.,241.28,36620,United States and Canada,US,-0.0519,0.0306,0.0306,0.0314,0.0999,0.1518,0.029,0.0296,0.0364,0.1172,0.1639,0.0253,0.0244,0.0422,0.1584,0.2061,5999,6575.15,7238.06,4458.04,4153.94,3826.32,2841.84,1761.78,1134.47,650.07,399.02,277.33,166.92
MPLX,MPLX LP,58.85,59717.08,United States and Canada,US,-0.0345,0.0305,0.0246,0.0152,0.0261,-0.0155,0.0022,0.0003,-0.004,-0.0153,-0.0218,0.0016,0.0011,-0.0021,0.0012,0.0348,13274.57,13807.45,14632.71,11111,10589,11137,9706,8505,8751,6758,3789,3103,1098
COMP,Compass Inc.,12.575,9395.45,United States and Canada,US,-0.0989,0.0305,0.0312,0.0312,0.0413,0.8523,0.0277,0.0284,0.0282,0.0427,0.8169,0.0227,0.0276,0.028,0.0204,0.7247,14402.87,15610.53,16596.71,5629.1,4885,6018,6421,3720.8,2386,884.7,,,
FROG,JFrog Ltd.,89.451,10834.28,United States and Canada,US,-0.0985,0.03,0.0302,0.0386,0.0662,0.119,0.0314,0.0316,0.0438,0.074,0.1434,0.0234,0.0234,0.0111,,0.2344,651.98,766.81,914.73,428.49,349.89,280.04,206.68,150.83,104.72,63.53,,,
FMCC,Federal Home Loan Mortgage Corporation,5.48,17652.95,United States and Canada,US,-0.6344,0.03,0.03,0.0318,-0.0147,0.0302,0.039,0.039,0.0327,0.0344,0.0478,0.0143,0.0143,0.0143,,,22505.41,23329.51,25102,23436,22101,19423,22992,15207,14824,16306,16609,15893,14252
CAI,Caris Life Sciences Inc.,22.748,6428.2,United States and Canada,US,-0.4648,0.0299,0.0283,0.0237,0.0438,0.0978,0.0088,0.0062,-0.0166,0.0017,0.042,0.0124,0.0024,-0.0218,0.0005,0.0125,1031.15,1208.74,1398.17,412.26,306.13,258.49,,,,,,,
PEG,Public Service Enterprise Group Incorporated,75.666,37713.45,United States and Canada,US,-0.1465,0.0294,0.0096,0.0156,0.0563,0.1081,0.0003,0.0032,0.0146,0.0167,0.0736,0,0.0029,0.0156,0.0151,0.0314,12974.62,13092.55,13721.01,10290,11237,9800,9722,9603,10076,9696,9094,8966,10415
AMGN,Amgen Inc.,410.906,222148.93,United States and Canada,US,-0.0179,0.029,0.0282,0.0277,0.0258,0.0725,0.0245,0.0232,0.0226,0.0272,0.0644,0.0274,0.028,0.0281,0.0388,0.0941,38827.01,39610.05,40812.7,33424,28190,26323,25979,25424,23362,23747,22849,22991,21662
SONO,Sonos Inc.,15.656,1852.01,United States and Canada,US,-0.2101,0.029,0.029,0.0308,0.0414,0.0704,0.0209,0.0209,0.0258,0.0303,0.0287,0.0158,0.0158,0.0199,0.02,,1542.75,1629.85,1748.56,1518.06,1655.26,1752.34,1716.74,1326.33,1260.82,1137.01,992.53,901.28,843.52
KTOS,Kratos Defense & Security Solutions Inc.,60.791,11411.77,United States and Canada,US,-0.5463,0.0289,0.0297,0.0471,0.1238,0.1925,0.0208,0.0235,0.0606,0.14,0.2606,0.0318,0.0318,0.1095,0.2091,0.3313,1795.59,2217.41,2689.33,1136.3,1037.1,898.3,811.5,747.7,717.5,618,603.3,541.9,657.1
SHOP,Shopify Inc.,151.558,195001.18,United States and Canada,US,-0.1681,0.0288,0.0291,0.0299,0.0728,0.1332,0.0375,0.0375,0.038,0.0897,0.1528,0.0358,0.0371,0.0406,0.0688,0.1564,15231.39,19010.79,23870.82,8880,7060,5599.86,4611.86,2929.49,1578.17,1073.23,673.3,389.33,205.23
WCC,WESCO International Inc.,363.596,17719.07,United States and Canada,US,-0.0565,0.0287,0.0288,0.0295,0.0484,0.085,0.0342,0.0334,0.0347,0.0629,0.1062,0.0328,0.0325,0.0326,0.0543,0.107,26167.03,27870.91,29389.93,21818.8,22385.2,21420.12,18217.51,12326,8358.92,8176.6,7679.02,7336.02,7518.49
GPGI,GPGI Inc.,14.988,4344.44,United States and Canada,US,-0.4403,0.0286,-0.0277,0.8881,2.9551,3.1847,0.0288,0.0096,1.0207,3.2238,3.4283,0.0286,0.0286,,,,2019.87,2327.77,2537.26,420.57,390.63,378.48,267.95,260.59,243.29,155.42,,,
CDW,CDW Corporation,135.729,16968.49,United States and Canada,US,-0.2088,0.0286,0.0293,0.0317,0.0533,0.0679,0.0307,0.0315,0.0416,0.0476,0.0566,0.0257,0.0338,0.0387,0.0516,,24243.21,25133.66,25842.15,20998.7,21376,23748.7,20820.8,18467.5,18032.4,16240.5,14832.9,13672.7,12988.7
ALNT,Allient Inc.,112.67,1915,United States and Canada,US,-0.0409,0.0283,0.0283,0.0297,0.0468,0.0823,0.038,0.038,0.0409,0.0663,0.1436,0.0555,0.0555,0.0731,0.1101,0.1975,600.88,648.81,700.05,529.97,578.63,502.99,403.52,366.69,371.08,310.61,252.01,245.89,232.43
ARW,Arrow Electronics Inc.,203.986,10430.61,United States and Canada,US,-0.1405,0.0283,0.0235,0.1387,0.1524,0.261,0.0603,0.0517,0.1729,0.1869,0.2641,,0.0651,0.2063,0.2406,,39866.66,42877.16,46457,27923.32,33107.12,37124.42,34477.02,28673.36,28916.85,29676.77,26554.56,23487.87,23282.02
CAT,Caterpillar Inc.,842.19,387133.59,United States and Canada,US,-0.2154,0.0282,0.0344,0.0391,0.0732,0.1793,0.0241,0.0317,0.0529,0.0963,0.2403,0.0135,0.0218,0.091,0.1186,0.2789,78874.21,87025.37,95465.95,64809,67060,59427,50971,41748,53800,54722,45462,38537,47011
FSLY,Fastly Inc.,22.962,3657.85,United States and Canada,US,-0.3406,0.0282,0.0281,0.0349,0.1064,0.1698,0.033,0.0325,0.0444,0.1522,0.2248,0.0461,0.0467,0.0515,0.2323,0.2648,738.83,826.76,914.33,543.68,505.99,432.73,354.33,290.87,200.46,144.56,104.9,,
APPN,Appian Corporation,34.715,2548.5,United States and Canada,US,-0.2463,0.0281,0.0281,0.0469,0.067,0.1367,0.0296,0.0296,0.0517,0.069,0.1962,0.008,0.008,0.0287,,,849.67,941.24,1010.45,617.02,545.36,467.99,369.26,304.57,260.35,226.74,176.74,132.92,111.2
COLD,Americold Realty Trust Inc.,14.959,4267.89,United States and Canada,US,-0.1138,0.028,0.0285,0.0155,-0.0001,-0.0951,-0.0072,-0.0074,-0.043,-0.0814,-0.1839,-0.0212,-0.0212,-0.0694,-0.0841,-0.1907,2559.27,2505.68,2672.3,2662.84,2671.89,2913.82,2714.07,1987.48,1783.59,1602.57,1542.22,1489.87,1477.85
UFPT,UFP Technologies Inc.,313.83,2428.08,United States and Canada,US,-0.0735,0.0278,0.0279,0.0284,0.0354,0.0288,0.0294,0.0295,0.0313,0.0449,0.0341,0.0342,0.0342,0.0342,,,657.82,698.95,749.42,504.42,400.07,353.79,206.32,179.37,198.38,190.46,147.84,146.13,138.85
GRBK,Green Brick Partners Inc.,72.888,3134.96,United States and Canada,US,-0.1237,0.0275,0.0275,0.0104,-0.0679,-0.0663,0.0149,0.0149,-0.0221,-0.0962,,,,,,,1949.45,2061.7,,2061.47,1749.31,1757.79,1402.88,976.02,791.66,623.65,458.25,390.99,291.14
GCT,GigaCloud Technology Inc.,53.225,1958.01,United States and Canada,US,-0.0541,0.0274,0.0274,0.0587,0.173,0.2392,0.0188,0.0188,0.065,0.0822,,,,,,,1547.5,1662.19,,1161.04,703.83,490.07,414.2,275.48,122.3,,,,
RAL,Ralliant Corporation,67.45,7462.67,United States and Canada,US,-0.1056,0.0273,0.0282,0.0584,0.058,0.0589,0.0293,0.033,0.0708,0.0718,0.0718,0.0242,0.029,0.0795,0.0706,0.0741,2293.4,2436.24,2572.67,2154.7,2155.7,2089.7,,,,,,,
RIVN,Rivian Automotive Inc.,16.005,23173.01,United States and Canada,US,-0.2946,0.0272,0.0573,0.0611,0.0941,0.049,0.0188,0.0236,0.0241,0.0615,0.0808,-0.0041,-0.0024,-0.0438,-0.1076,-0.2018,7455.85,11895.46,16039.42,4970,4434,1658,55,,,,,,
NBIX,Neurocrine Biosciences Inc.,163.265,16595.75,United States and Canada,US,-0.1228,0.0271,0.0341,0.0425,0.1455,0.218,0.023,0.0206,0.0233,0.24,0.268,0.0354,0.0249,0.0359,0.2783,0.2944,3901.54,4568.44,5134.6,2355.3,1887.1,1488.7,1133.5,1045.9,788.1,451.2,161.63,15,19.77
DDOG,Datadog Inc.,233.894,83256.95,United States and Canada,US,-0.201,0.0271,0.0282,0.0846,0.0908,0.158,0.031,0.036,0.1061,0.1001,0.1509,0.0241,0.0377,0.1331,0.121,0.2251,4471.33,5450.64,6744.14,2684.28,2128.36,1675.1,1028.78,603.47,362.78,198.08,100.76,,
OPLN,OPENLANE Inc.,36.964,4539.09,United States and Canada,US,-0.1384,0.0268,0.0268,0.0234,0.0849,0.1363,0.0294,0.0294,0.0319,0.0508,,0.0716,0.0716,0.0887,,,2185.41,2333.92,2561.31,1788.5,1695.7,1529.2,1450.6,1326.9,2781.9,2442.8,2238.8,3150.1,2690.6
LIME,Neutron Holdings Inc.,38.235,2448.03,United States and Canada,US,-0.0256,0.0268,,,,,0.0288,,,,,0.0267,,,,,1068.13,1230.07,1412.93,686.63,521.98,,,,,,,,
NTRA,Natera Inc.,321.96,46109.62,United States and Canada,US,-0.0033,0.0266,0.0263,0.0751,0.0987,0.2474,0.0292,0.0299,0.0726,0.0962,0.259,0.0306,0.0288,0.1008,0.1428,0.3373,2870.79,3425.27,4134.5,1696.91,1082.57,820.22,625.49,391,302.33,257.65,209.63,212.51,190.35
ALGM,Allegro MicroSystems Inc.,43.766,8158.07,United States and Canada,US,-0.3902,0.0265,0.029,0.0515,0.0611,0.0846,0.0288,0.032,0.0365,0.0472,0.0745,0.048,0.0611,0.0562,0.0564,,1099.36,1288.8,1506.16,725.01,1049.37,973.65,768.67,591.21,650.09,724.31,320.74,285.06,
FIG,Figma Inc.,23.29,12413.8,United States and Canada,US,-0.7441,0.0255,0.0272,0.0739,0.145,0.0714,0.0185,0.0201,0.0871,0.1693,,0.0385,0.0291,0.1379,0.2339,,1472.43,1791.73,2225.57,749.01,504.87,,,,,,,,
HII,Huntington Ingalls Industries Inc.,324.48,12786,United States and Canada,US,-0.2946,0.0254,0.0251,0.0273,0.0354,0.0667,0.0186,0.0219,0.0229,0.0423,0.0679,0.0195,0.0196,0.0258,0.0532,0.0806,13325.69,14109.79,15021.69,11535,11454,10676,9524,9361,8899,8176,7441,7068,7020
EBAY,eBay Inc.,111.936,49699.58,United States and Canada,US,-0.0618,0.0253,0.0292,0.0294,0.0828,0.1038,0.0242,0.0391,0.0423,0.0943,0.1208,0.0266,0.0591,0.0679,0.112,0.1138,12487.41,13217.74,14022.5,10283,10112,9795,10420,8894,7429,8650,9927,9298,8592
LKNCY,Luckin Coffee Inc.,33.63,10869.61,United States and Canada,US,-0.2294,0.0252,0.0276,0.0339,0.0721,0.1625,0.0377,0.0416,0.0634,0.1044,0.2084,0.043,0.0477,0.0642,0.1117,,9114.3,10659.07,11998.09,4723.22,3508.58,1927.36,1253.39,617.88,434.44,122.22,0.08,,
UNM,Unum Group,90.594,14341.65,United States and Canada,US,-0.0281,0.0251,0.0155,0.009,-0.1122,-0.1129,0.0211,0.0215,0.0192,-0.1066,-0.1008,0.0187,0.0173,0.0141,-0.1113,-0.1097,12109.48,12687.16,13285.48,12887.3,12385.9,11991,12013.8,13162.1,11998.9,11598.5,11286.8,11046.5,10731.3
BELFA,Bel Fuse Inc.,234.04,4082.99,United States and Canada,US,-0.2026,0.0251,0.028,0.0306,0.132,0.1631,0.0338,0.0417,0.0473,0.155,,0.0558,0.0652,,,,810.71,877.57,990.61,534.79,639.81,654.23,543.49,465.77,492.41,548.18,491.61,500.15,567.08
TSLX,Sixth Street Specialty Lending Inc.,19.107,1821.72,United States and Canada,US,-0.2292,0.025,0.0282,-0.0122,-0.0634,-0.0799,0.0225,0.0189,0.0075,-0.0139,-0.0642,0.0226,0.0226,0.0251,,,389.02,404.07,395.77,482.53,438.09,309.31,278.59,270.04,251.5,261.91,210.9,192.41,173.41
VEON,VEON Ltd.,57.365,3950.22,United States and Canada,US,-0.1037,0.025,0.025,0.0485,0.0935,0.113,0.0193,0.0193,0.0448,0.109,0.1261,0.0406,0.0406,0.0602,0.1365,0.151,5070.34,5423.19,5907.98,4004,3698,3755,3850,3482,8051,9086,9474,8885,9606
RVLV,Revolve Group Inc.,24.278,1725.81,United States and Canada,US,-0.2336,0.0249,0.0252,0.0464,0.0843,0.0811,0.0395,0.0398,0.0566,0.0953,0.0584,0.0305,0.032,0.034,,,1392.85,1518.31,1621.66,1129.91,1068.72,1101.42,891.39,580.65,600.99,498.74,399.6,312.08,
TPC,Tutor Perini Corporation,99.175,5218.06,United States and Canada,US,-0.0305,0.0248,0.0248,0.0109,0.0336,0.0856,0.0355,0.0355,0.0217,0.0696,0.0921,0.079,0.079,,,,6424.75,7163.07,7706.8,4326.92,3880.23,3790.76,4641.83,5318.76,4450.83,4454.66,4757.21,4973.08,4920.47
LECO,Lincoln Electric Holdings Inc.,282.076,15374.77,United States and Canada,US,-0.0901,0.0246,0.0241,0.0246,0.0378,0.061,0.03,0.0304,0.0307,0.0431,0.0754,0.0349,0.0361,0.0361,0.0423,0.0623,4703.91,4975.64,5263.46,4008.67,4191.64,3761.21,3234.18,2655.4,3003.27,3028.67,2624.43,2274.61,2535.79
WSC,WillScot Holdings Corporation,24.386,4413.74,United States and Canada,US,-0.1809,0.0244,0.0241,0.0607,0.0483,-0.0362,0.011,0.0126,0.0463,0.0155,-0.0698,0.0137,0.0075,0.0456,,,2315.28,2359.23,2481.37,2395.72,2364.77,2142.62,1672.98,1272.99,1063.66,751.41,445.94,426.61,453.33
CVCO,Cavco Industries Inc.,592.705,4557.55,United States and Canada,US,-0.1687,0.0244,0.0244,-0.001,-0.001,0.0539,0.0274,0.0274,0.0023,0.0023,,0.0115,0.0115,,,,2438.12,2628.86,2828.91,2015.46,1794.79,2142.71,1627.16,1108.05,1061.77,962.75,871.24,773.8,712.35
PRCH,Porch Group Inc.,15.838,1797.93,United States and Canada,US,-0.1851,0.0243,0.0235,0.0231,0.0522,0.0881,0.0237,0.0259,0.0267,0.0236,,0.023,0.023,0.0364,,,514,600.02,703.1,437.85,430.3,275.95,192.43,72.3,77.59,54.14,,,
LIN,Linde plc,489.882,225825.88,United States and Canada,US,-0.1064,0.0242,0.0252,0.0242,0.0372,0.0299,0.021,0.0221,0.0218,0.0347,0.0226,0.0022,0.0024,0.0015,0.0176,0.0108,36816,38577,40126.77,33005,32854,33364,30793,27243,28228,14836,11358,10534,10776
SOLS,Solstice Advanced Materials Inc.,60.93,9678.57,United States and Canada,US,-0.329,0.0239,0.0241,0.0314,0.0545,,0.0235,0.0241,0.0315,0.067,,0.0228,0.0312,0.0225,0.0902,,4179.78,4414.97,4646.47,3770,3649,3587,,,,,,,
BEPC,Brookfield Renewable Corporation,33.719,11644.53,United States and Canada,US,-0.2537,0.0237,0.121,-0.1745,-0.1149,-0.0158,-0.1005,-0.0009,-0.0806,-0.0385,-0.034,-0.11,0.0017,-0.0997,-0.1981,-0.186,6060.6,6211.2,6319.2,4142,3967,3778,3427,3186,3305,3020,2062,1031,
LLY,Eli Lilly and Company,1185.71,1056890.99,United States and Canada,US,-0.051,0.0236,0.0252,0.0367,0.097,0.211,0.0107,0.0195,0.0326,0.0806,0.1869,0.0076,0.0159,0.0216,0.0566,0.2142,87487.13,100151.81,112158.75,45043,34124,28541.4,28318.4,24539.8,22319.5,21493.3,19973.8,21222.1,19958.7
INGM,Ingram Micro Holding Corporation,28.4,6550.8,United States and Canada,US,-0.1038,0.0235,0.0256,0.0283,0.0978,0.1211,0.0279,0.0308,0.0346,0.103,0.12,0.0424,0.0487,0.0526,0.1578,0.1561,57990.61,60006.5,62563.14,47983.67,48040.36,50824.49,54455.57,49120.45,47196.95,50436.67,46674.79,41928.8,43025.85
PACS,PACS Group Inc.,48.44,7669.78,United States and Canada,US,-0.0212,0.0233,0.0195,0.023,0.0212,0.1446,0.0487,0.0369,0.0219,0.03,,0.0984,0.0387,0.0293,0.1701,,5845.2,6340.1,6870.93,4089.73,3111.49,2421.99,1166.56,,,,,,
ADPT,Adaptive Biotechnologies Corporation,24.922,3977.45,United States and Canada,US,-0.0015,0.0232,0.021,0.0372,0.0965,0.1157,0.018,0.0182,0.0317,0.0993,0.0863,0.0303,0.0236,0.0575,0.0853,0.213,293.24,358.54,439.12,178.96,170.28,185.31,154.34,98.38,85.07,55.66,38.45,,
BAX,Baxter International Inc.,27.537,14236.52,United States and Canada,US,-0.0821,0.0231,0.0229,0.0226,0.0245,-0.0099,0.0235,0.0236,0.0232,0.0163,-0.0222,0.0181,0.0196,0.0189,0.0473,0.0008,11617.31,11856.33,12146.24,10636,14813,15113,12784,11673,11362,11099,10584,10163,9968
BROS,Dutch Bros Inc.,53.01,9948.58,United States and Canada,US,-0.2899,0.0228,0.0236,0.0412,0.0472,0.0805,0.0281,0.0306,0.0475,0.0554,0.1,0.0285,0.0307,0.0474,0.0491,0.0851,2131.1,2640.47,3211.18,1281.02,965.78,739.01,497.88,327.41,238.37,,,,
PTGX,Protagonist Therapeutics Inc.,145.982,9388.3,United States and Canada,US,-0.0136,0.0226,0.064,0.1028,0.7114,2.0259,0.0325,0.1926,0.1504,-0.3546,0.3717,-0.0221,0.1646,0.2912,0.4125,0.3514,541.79,190.56,363.18,434.43,60,26.58,27.36,28.63,0.23,30.93,20.06,,
WTS,Watts Water Technologies Inc.,392.355,13098.03,United States and Canada,US,-0.0055,0.0225,0.0242,0.0391,0.0781,0.1722,0.0303,0.0321,0.0489,0.1042,0.2055,0.048,0.0452,0.0559,0.0948,0.1779,2805.8,2978.93,3127.11,2252.2,2056.3,1979.5,1809.2,1508.6,1600.5,1564.9,1456.7,1398.4,1467.7
SBRA,Sabra Health Care REIT Inc.,21.039,5374.68,United States and Canada,US,-0.076,0.0225,0.0333,-0.0114,0.0937,0.1454,0.0013,0.0053,0.0027,0.0572,0.0833,-0.0042,-0.0721,-0.0768,0.1691,0.2019,918.32,988.89,1106.1,702.64,644.62,531.95,388.24,600.82,668.18,628.49,408.28,260.53,238.86
ZBRA,Zebra Technologies Corporation,376.382,17806.88,United States and Canada,US,-0.0189,0.0225,0.0225,0.0342,0.0476,0.1033,0.0274,0.0273,0.0389,0.0496,0.1073,0.0237,0.0235,0.0321,0.046,0.0878,6200.08,6565.38,6912.91,4981,4584,5781,5627,4448,4485,4218,3722,3574,3650
RGLD,Royal Gold Inc.,229.821,19459.64,United States and Canada,US,-0.2496,0.0224,-0.0096,-0.0805,-0.0014,0.614,0.0852,-0.0096,0.0149,0.0731,0.8013,0.0166,-0.0409,-0.0448,0.0641,,1892.6,2230,2118.02,712.77,598.42,596.18,645.17,609.11,495,418.94,456.77,439.05,355.81
MHK,Mohawk Industries Inc.,136.06,9216.45,United States and Canada,US,-0.0494,0.0223,0.0193,0.0177,0.0136,0.0135,0.0152,0.0114,0.0102,0.004,0.0098,0.0254,0.0217,0.0187,0.0262,0.0147,11157.53,11419.07,11883.95,10836.9,11135.11,11737.07,11200.61,9552.2,9970.67,9983.63,9491.29,8959.09,8071.56
XPO,XPO Inc.,202.539,23714.58,United States and Canada,US,-0.1272,0.0222,0.0239,0.0322,0.064,0.0738,0.0227,0.0247,0.033,0.0561,0.0778,0.0233,0.0235,0.0423,0.0609,0.07,9037.9,9525.77,10156.54,8072,7744,7718,7202,6168,10681,17279,15381,14619,7623.2
BFLY,Butterfly Network Inc.,8.83,2351.3,United States and Canada,US,-0.0888,0.0222,0.0222,0.0222,0.0987,0.1068,0.0284,0.0284,0.0292,0.1461,0.1541,0.1019,0.1019,0.256,0.2909,,121.54,146.22,192.35,82.06,65.9,73.39,62.56,46.25,27.58,1.53,,,
AME,AMETEK Inc.,253.772,58180.08,United States and Canada,US,-0.0162,0.0222,0.0226,0.0233,0.0269,0.056,0.0226,0.0247,0.0235,0.0319,0.0515,0.0143,0.022,0.0191,0.0262,-0.009,8194.52,8683.35,9198.2,6941.18,6596.95,6150.53,5546.51,4540.03,5158.56,4845.87,4300.17,3840.09,3974.3
TWST,Twist Bioscience Corporation,115.624,7250.48,United States and Canada,US,-0.0228,0.0221,0.0221,0.0217,0.0392,0.0415,0.037,0.0405,0.0454,0.068,0.0517,0.0365,0.0422,0.0617,0.0825,0.0555,456.29,539.22,629.98,312.97,245.11,203.56,132.33,90.1,54.38,25.43,10.77,2.27,
NPO,Enpro Inc.,332.64,6983.51,United States and Canada,US,-0.148,0.022,0.0242,0.027,0.0583,0.1388,0.0314,0.0404,0.0406,0.0508,,0.0256,,,,,1315.63,1418.56,1516.97,1048.7,1059.3,1099.2,840.4,800,1205.7,1274.1,1101.4,1187.7,1204.4
AMD,Advanced Micro Devices Inc.,483.19,788795.62,United States and Canada,US,-0.1737,0.022,0.0271,0.0334,0.0943,0.2788,0.097,0.137,0.1755,0.3577,0.8965,0.098,0.1503,0.2034,0.4451,1.2051,50808.2,87460.98,119933.69,25785,22680,23601,16434,9763,6731,6475,5253,4319,3991
IR,Ingersoll Rand Inc.,86.97,33744.31,United States and Canada,US,-0.1386,0.0219,0.0221,0.0222,0.0209,0.0162,0.0221,0.022,0.021,0.0121,0.0056,0.0205,0.0203,0.0201,-0.0232,-0.0262,8116.45,8480,8927.05,7235,6876.1,5916.3,5152.4,3973.2,2017.5,2689.8,2375.4,1939.4,2126.9
MGEE,MGE Energy Inc.,81.53,3080.53,United States and Canada,US,-0.0736,0.0219,0.0221,0.0104,0.0734,0.076,0,0.0002,-0.0218,0.0681,0.0726,0,0.0001,-0.0109,0.0977,0.1045,796.16,822.14,874.88,659.94,673.93,699.82,593.08,524.53,554.96,545.37,549,530.25,549.33
ETSY,Etsy Inc.,85.55,8118.37,United States and Canada,US,-0.0275,0.0219,0.0243,0.0245,-0.0403,-0.0117,0.0218,0.0253,0.0282,-0.055,-0.0241,0.0167,0.0213,0.0265,-0.0771,-0.0673,2849.8,2957.15,3070.36,2808.33,2748.38,2566.11,2329.11,1725.63,818.38,603.69,441.23,364.97,273.5
GVA,Granite Construction Incorporated,128.281,5614.16,United States and Canada,US,-0.2085,0.0217,0.0217,0.0234,0.1051,0.1805,0.0426,0.0413,0.0504,0.1262,,0.0328,0.0249,0.0249,,,5398.04,5906.22,6093.74,4007.57,3509.14,3301.26,3501.86,3562.46,2914.88,3287.03,2958.37,2514.62,2371.03
ECPG,Encore Capital Group Inc.,100.14,2123.87,United States and Canada,US,-0.0169,0.0217,0.0217,0.0441,0.0768,0.1068,0.0152,0.0152,0.0127,0.0536,,,,,,,1892.72,1923.62,,1316.36,1222.68,1398.35,1614.5,1501.4,1405.79,1320.56,1145.8,1113.43,1129.97
WY,Weyerhaeuser Company,25.571,18429.94,United States and Canada,US,-0.0785,0.0216,0.0188,0.0152,0.007,-0.0463,0.0124,0.0076,0.0014,-0.0029,-0.0169,0.0145,0.0233,0.007,0.0847,-0.0556,7174.67,7679.74,8102.38,7124,7674,10184,10201,7532,6554,7476,7196,6365,5246
TEX,Terex Corporation,67.744,7743.14,United States and Canada,US,-0.093,0.0214,0.0231,0.0259,0.2512,0.4307,0.0236,0.0272,0.0296,0.2926,0.4737,0.0357,0.0316,0.0316,0.4645,,8124.3,8735.57,9270,5127,5151.5,4417.7,3886.8,3076.4,4353.1,4517.2,3793.7,4443.1,5021.7
CRBG,Corebridge Financial Inc.,33.664,15006.49,United States and Canada,US,-0.044,0.0213,-0.0062,-0.047,-0.0262,0.031,-0.0022,0.0009,-0.0178,0.0002,0.0518,-0.0034,-0.0005,-0.0107,0.0041,-0.013,19957.82,21858.02,22848.38,18566,19005,23941,22927,15050,13210,15628,,,
BCPC,Balchem Corporation,179.265,5714.61,United States and Canada,US,-0.0252,0.0212,0.0229,0.0243,0.0304,0.039,0.021,0.0226,0.0264,0.0561,,0,0,0.0216,0.0359,,1131.74,1191.33,1241.05,953.68,922.44,942.36,799.02,703.64,643.71,643.68,594.79,553.2,552.49
MGNI,Magnite Inc.,24.716,3539.7,United States and Canada,US,-0.0726,0.0212,0.0212,0.0237,0.0327,0.0383,0.0241,0.0241,0.0263,0.0434,-0.0125,0.0178,0.0178,0.0331,0.191,-0.0784,763.62,835.85,890.26,668.17,619.71,577.07,468.41,221.63,156.41,124.69,155.54,278.22,248.48
KARO,Karooooo Ltd.,64.79,2001.58,United States and Canada,US,-0.035,0.0211,0.0062,0.0565,0.0216,0.1422,0.0211,0.0033,0.0664,0.0281,0.0909,0.0211,0.0092,,,,401.62,464.06,543.96,244.09,219.28,190.96,178.6,151.39,124.39,120.11,,,
GTX,Garrett Motion Inc.,29.855,5567.76,United States and Canada,US,-0.1764,0.0211,0.0081,0.0077,0.0349,0.0614,0.0192,0.014,0.0244,0.0356,0.0601,0.0239,0.0185,0.0309,0.0784,,3818.95,3992.3,4218.06,3475,3886,3603,3633,3034,3248,3375,3096,2997,2908
GRAB,Grab Holdings Limited,3.655,14908.75,United States and Canada,US,-0.4479,0.0211,0.0221,0.0231,0.0117,0.0277,0.0358,0.0341,0.0406,0.0561,0.0881,0.0421,0.0401,0.0421,-0.0246,0.0273,4205.65,5152.6,6151.76,2797,2359,1433,675,469,-845,,,,
CNH,CNH Industrial N.V.,10.903,13494.93,United States and Canada,US,-0.1808,0.021,0.0199,0.0261,0.0122,0.0049,0.0082,0.0016,0.0048,0.0092,0.0195,-0.0107,-0.0272,-0.0285,0.1204,0.1091,18222.8,19167.79,20604.32,19836,24687,23551,19496,14779,28079,29706,27701,25095,25912
MCHP,Microchip Technology Incorporated,84.689,45986.84,United States and Canada,US,-0.2004,0.021,0.0259,0.1098,0.1125,0.1229,0.0243,0.0352,0.0872,0.0935,0.1156,0.0269,0.029,0.0723,0.0877,0.2366,6337.83,7373.04,7982.25,4401.6,7634.4,8438.7,6820.9,5438.4,5274.2,5349.5,3980.8,3407.8,2173.3
NET,Cloudflare Inc.,300.27,106577.7,United States and Canada,US,-0.0748,0.0208,0.0208,0.0268,0.0497,0.0741,0.025,0.025,0.0313,0.0531,0.0754,0.0307,0.0307,0.0291,0.0785,0.1201,2872.06,3680.32,4702.27,1669.63,1296.74,975.24,656.43,431.06,287.02,192.67,134.91,84.79,
ACAD,ACADIA Pharmaceuticals Inc.,29.219,5034.59,United States and Canada,US,-0.0089,0.0208,0.021,0.0166,0.0539,0.0749,0.0212,0.0257,0.0283,0.0728,0.077,0.0085,0.0166,0.0221,0.0857,0.0931,1267.24,1430.25,1603.25,957.8,726.44,517.24,484.14,441.75,339.08,223.81,124.9,17.33,0.06
LPLA,LPL Financial Holdings Inc.,362.419,28536.93,United States and Canada,US,-0.0943,0.0208,0.0246,0.0273,-0.0009,0.18,0.0317,0.0345,0.0384,0.0063,0.2005,0.0515,0.0546,0.0588,0.0421,0.6011,21082.29,24098.31,26813.79,12084.53,10052.85,8600.83,7720.83,5871.64,5624.86,5188.4,4281.48,4049.38,4275.05
RBA,RB Global Inc.,94.707,17539.74,United States and Canada,US,-0.208,0.0205,0.0223,0.0249,0.0349,0.075,0.0209,0.024,0.0257,0.0245,0.1142,0.0537,-0.0086,-0.0085,0.0095,0.1934,4996.57,5251.63,5969.43,4284.2,3679.6,1733.81,1416.97,1377.26,1318.64,1170.03,971.19,1126.98,515.88
HUN,Huntsman Corporation,10.12,1774.83,United States and Canada,US,-0.3708,0.0205,0.0207,0.0217,0.0552,0.0195,0.0066,0.0052,0.0057,0.0207,-0.0052,0.0125,0.0118,0.0107,,,6172.7,6299,6587.79,6036,6111,8023,7670,5421,6797,7604,6845,7518,8139
OGS,ONE Gas Inc.,80.245,5039.16,United States and Canada,US,-0.116,0.0204,0.0148,0.0416,-0.0501,-0.044,0.0009,-0.0084,-0.0003,-0.0172,0.0027,0.0008,0.0011,0.0229,0.0156,-0.0035,2533.32,2566.12,2644.1,2083.56,2371.99,2578.01,1808.6,1530.27,1652.73,1633.73,1539.63,1427.23,1547.69
CG,The Carlyle Group Inc.,47.788,16888.28,United States and Canada,US,-0.3158,0.0202,-0.0011,-0.1145,,-0.2146,0.0044,-0.0108,-0.0344,-0.0677,-0.0147,0.011,0.0251,,,,3786.87,4988.78,5737.96,4739.9,2421,4116.7,8490.3,2677.1,3163.1,2180.4,3275.6,2033.1,1868
CHYM,Chime Financial Inc.,29.069,11007.61,United States and Canada,US,-0.1448,0.0202,0.0203,0.0277,0.0494,0.0779,0.023,0.0232,0.0335,0.0639,0.1051,0.0255,0.0277,0.0361,0.0519,-0.1446,2737.6,3274.01,3839.27,1673.27,1278.45,1008.84,,,,,,,
DGII,Digi International Inc.,81.676,3079.36,United States and Canada,US,-0.0595,0.0199,0.0199,0.0627,0.0627,0.2068,0.0285,0.0285,0.0776,0.0776,0.3021,,,0.0748,0.0748,,532.14,578.52,604.45,424.05,444.85,388.23,308.63,279.27,254.2,226.89,181.34,203,203.85
CNR,Core Natural Resources Inc.,89.653,4519.19,United States and Canada,US,-0.2191,0.0198,0.0188,0.0246,0.0215,-0.0101,-0.0034,-0.0048,-0.0211,-0.0073,-0.0022,-0.0007,-0.0033,-0.0067,,,4507,4556.09,4654.63,2164.41,2506.64,2296.1,1273.29,901.82,1410.15,1516.66,1365.61,1172.11,1360.55
OCUL,Ocular Therapeutix Inc.,9.185,2017.17,United States and Canada,US,-0.4413,0.0198,0.0197,0.0206,-0.0741,-0.193,-0.1484,-0.1487,-0.1177,-0.1508,-0.0726,-0.0558,-0.0558,0.1243,0.0626,0.0384,52.94,102.49,286.83,63.72,58.44,51.49,43.52,17.4,4.23,1.99,1.92,1.89,1.75
SEZL,Sezzle Inc.,118.253,3976.5,United States and Canada,US,-0.3958,0.0197,0.02,0.053,0.0808,0.1002,0.0192,0.0206,0.0562,0.0324,-0.0151,0.16,0.16,,,,608.76,762.32,939.1,271.13,159.36,125.57,114.82,58.79,15.8,1.61,0.03,,
FLYW,Flywire Corporation,17.769,2160.87,United States and Canada,US,-0.0638,0.0194,0.0189,0.0445,0.0987,0.1584,0.0149,0.0136,0.0412,0.0905,0.15,0.0129,0.0091,0.0158,0.1183,,760.86,873.76,1007.15,492.14,403.09,289.38,201.15,131.78,94.92,,,,
BTSG,BrightSpring Health Services Inc.,62.457,13091.36,United States and Canada,US,-0.1531,0.0194,0.0197,0.0204,0.0505,0.0963,0.0179,0.018,0.0188,0.0508,0.1088,0.0154,0.0112,0.0132,0.02,0.1192,15363.52,17415.89,19933.6,10072.21,7691.02,7720.56,6698.08,5580.37,4525.21,2536.05,,,
AKR,Acadia Realty Trust,20.652,2968.6,United States and Canada,US,-0.1033,0.0193,0.0565,0.0769,-0.0056,0.1029,0.0118,0.0542,0.0262,-0.0084,,0,-0.0225,-0.0838,-0.0816,,401.59,441.59,505.67,375.84,332,294.38,298.52,249.69,296.86,272.03,259.25,194.53,212.74
PRLB,Proto Labs Inc.,88.848,2125.41,United States and Canada,US,-0.0341,0.0192,0.0192,0.0192,0.0575,0.0607,0.0241,0.0241,0.0241,0.0749,,,,,,,582.44,626.51,,500.89,503.88,488.4,488.1,434.39,458.73,445.6,344.49,298.06,264.11
KKR,KKR & Co. Inc.,102.81,92300.41,United States and Canada,US,-0.324,0.0189,0.0059,0.001,-0.0223,0.0034,0.0134,0.0178,0.0114,-0.0251,0.0043,0.0317,0.036,0.0468,0.0084,-0.0371,10589.42,12475.77,14340.67,26421.8,18663.64,5515.49,24820.63,8510.31,8076.72,4199.34,4999.13,2589.15,7212.89
TGTX,TG Therapeutics Inc.,49.76,7052.14,United States and Canada,US,-0.1609,0.0187,0.0199,0.0179,0.0696,0.1557,0.0198,0.0736,0.0892,0.1531,0.2589,0.0135,0.0323,0.029,0.0978,0.1448,960.15,1318.05,1623.44,329,233.66,2.79,6.69,0.15,0.15,0.15,0.15,0.15,0.15
W,Wayfair Inc.,106.645,14606.96,United States and Canada,US,-0.1111,0.0187,0.0197,0.0213,0.0261,0.0525,0.0244,0.0252,0.0271,0.031,0.058,0.0297,0.0294,0.0301,0.0281,0.076,13413.12,14279.88,15178.38,11851,12003,12218,13708,14145,9127,6779.17,4720.9,3380.36,2249.89
HCI,HCI Group Inc.,188.69,2408.59,United States and Canada,US,-0.1036,0.0187,0.0297,-0.0031,0.0159,0.075,0.0231,0.0468,-0.0136,,,0,,,,,990.77,1055.6,1086.08,750.05,550.67,496.45,407.92,273.47,242.47,231.29,244.41,262.22,285.95
HWM,Howmet Aerospace Inc.,281.88,112782.3,United States and Canada,US,-0.0907,0.0187,0.0193,0.0447,0.0877,0.1046,0.0197,0.0216,0.0454,0.1142,0.1388,0.0233,0.0257,0.0781,0.1448,0.1672,9939.78,11255.09,12568.53,7430,6640,5663,4972,5259,7098,6778,12960,12394,12413
GRDN,Guardian Pharmacy Services Inc.,43.528,2756.22,United States and Canada,US,-0.0739,0.0186,0.0186,0.0194,0.0138,0.0468,0.0083,0.0083,0.0085,-0.0182,0.0139,0.0003,0.0003,0.0041,-0.011,,1441.11,1535.26,1690.39,1228.41,1046.19,908.91,792.07,735.96,698.29,600.37,,,
ORA,Ormat Technologies Inc.,108.139,6650.22,United States and Canada,US,-0.2613,0.0186,0.0195,0.0276,0.0263,0.0645,0.0095,0.0163,0.022,0.0288,0.0119,0.0153,0.0183,0.0501,0.1094,0.0951,1168.97,1186.48,1326.48,879.65,829.42,734.16,663.08,705.34,746.04,719.27,692.81,662.59,594.64
CNK,Cinemark Holdings Inc.,37.215,4269,United States and Canada,US,-0.0453,0.0185,0.022,0.0267,0.0401,0.0148,0.015,0.0185,0.0225,0.0298,-0.0009,0.0109,0.0181,0.0239,0.0251,0.0102,3537.31,3663.21,3819.65,3049.5,3066.7,2454.7,1510.5,686.3,3283.1,3221.74,2991.55,2918.76,2852.61
PSA,Public Storage,328.26,61325.91,United States and Canada,US,-0.0217,0.0184,0.018,0.021,0.0183,0.0035,0.0421,0.0339,0.0483,0.0565,0.0262,0.0276,0.0171,0.0291,0.0196,-0.0221,5026.13,5403.67,5431.82,4715.44,4545.59,4289.14,3647.92,2995.57,2924.66,2825.32,2744.18,2614.2,2418.82
HP,Helmerich & Payne Inc.,37.1,3707.61,United States and Canada,US,-0.1129,0.0182,0.018,0.0141,0.022,0.0512,0.013,0.0079,0.0327,0.0558,0.1,0.0067,-0.0011,0.0241,0.061,0.1456,4041.01,4292.24,4375.69,2756.61,2872.42,2058.94,1218.57,1773.93,2798.49,2487.27,1804.74,1624.23,3161.7
DOCN,DigitalOcean Holdings Inc.,124.058,14586.68,United States and Canada,US,-0.3384,0.0182,0.0322,0.0546,0.1036,0.1594,0.0267,0.0474,0.0475,0.4177,0.5394,0.0561,0.0985,0.3043,0.746,,1178.54,1810.5,2689.54,780.62,692.88,576.32,428.56,318.38,254.82,203.14,,,
UGI,UGI Corporation,34.194,7330.98,United States and Canada,US,-0.1729,0.0182,-0.0032,-0.0079,-0.0462,-0.1271,0.0001,-0.0173,-0.0265,-0.0386,-0.1051,0.0001,-0.0166,-0.0186,-0.0337,-0.0444,7492,7724,7882,7210,8928,10106,7447,6559,7320,7651,6120.7,5685.7,6691.1
ZETA,Zeta Global Holdings Corp.,26.627,6636.98,United States and Canada,US,-0.0657,0.0182,0.0182,0.0181,0.0517,0.2267,0.0173,0.0173,0.0155,0.0672,0.192,0.0127,0.0127,-0.0017,0.0578,0.1669,1819.65,2110.8,2405.99,1005.75,728.72,590.96,458.34,368.12,306.05,,,,
VGNT,Versigent PLC,44.07,3121.71,United States and Canada,US,-0.1339,0.0181,0.0205,0.0223,,,0.0119,0.0175,0.0198,,,0.0142,0.0201,0.0218,,,9486.74,9774.62,10073.81,8309,8832,,,,,,,,
ITT,ITT Inc.,213.13,19053.82,United States and Canada,US,-0.0746,0.018,0.0174,0.0229,0.3178,0.3615,0.013,0.0116,0.0176,0.3528,0.4061,0.0165,0.0134,0.0199,0.2804,0.3611,5500.02,5959.07,6313.46,3630.7,3283,2987.7,2765,2477.8,2846.4,2745.1,2585.3,2405.4,2485.6
CORZ,Core Scientific Inc.,21.004,6749.43,United States and Canada,US,-0.3104,0.0175,0.0834,0.1046,-0.1285,-0.2333,0.0118,0.0865,0.1538,0.0152,-0.0248,-0.0415,-0.0705,0.2412,0.1999,0.0467,671.63,1153.25,1738.04,510.67,502.4,640.31,544.48,60.32,59.52,,,,
GNL,Global Net Lease Inc.,9.214,1942.88,United States and Canada,US,-0.0818,0.0172,0.013,-0.0067,-0.0493,-0.0941,-0.001,-0.0172,0.0167,-0.0141,0.0557,0,0,-0.0267,-0.0166,0.0441,453.41,471.89,474,805.01,515.07,378.86,391.23,330.1,306.21,282.21,259.3,214.17,205.33
LFST,LifeStance Health Group Inc.,10.82,4196.37,United States and Canada,US,-0.0799,0.017,0.0172,0.0356,0.0422,0.0526,0.0113,0.0143,0.0295,0.0377,0.0447,0.0068,0.0127,0.0345,0.054,0.0592,1692.18,1922.68,2201.66,1250.97,1055.66,859.54,667.51,377.22,212.52,,,,
SNDR,Schneider National Inc.,35.647,6248.95,United States and Canada,US,-0.0923,0.0169,0.0212,0.022,0.0444,0.0075,0.02,0.0281,0.0346,0.0491,0.0217,0.0305,0.037,0.0446,0.0584,,6108.48,6533.88,6877.88,5290.5,5498.9,6604.4,5608.7,4552.8,4747,4977,4383.6,4045.7,3959.4
DAVE,Dave Inc.,317.961,4042.63,United States and Canada,US,-0.3061,0.0169,0.0169,0.0249,0.1315,0.3013,0.0174,0.029,0.0467,0.2203,0.3895,0.0181,0.0723,,,,727.32,878.97,1124.2,347.08,259.09,204.84,153.01,121.8,76.23,,,,
YOU,Clear Secure Inc.,51.321,6901.11,United States and Canada,US,-0.257,0.0168,0.0187,0.0502,0.0931,0.1365,0.0178,0.0161,0.0444,0.1087,0.2072,0.032,0.0263,0.085,,0.2118,1108.41,1259.1,1392.94,770.49,613.58,437.43,253.95,230.8,192.28,,,,
FA,First Advantage Corporation,24.018,4119.98,United States and Canada,US,-0.045,0.0168,0.0168,0.0234,0.0481,0.0475,0.0138,0.0138,0.0192,0.0434,0.0443,0.0049,0.0049,0.0108,,,1702.13,1813.33,1957.48,860.21,763.76,810.02,712.29,509.15,481.77,779.96,824.27,777.48,628.76
DNOW,DNOW Inc.,16.52,3015.66,United States and Canada,US,-0.0429,0.0166,0.0163,0.1135,-0.0727,1.0347,0.0106,0.0099,0.0899,-0.0478,1.0936,0.0173,0.0156,0.0701,-0.06,1.0983,5066.25,5369.16,5597.15,2373,2321,2136,1632,1619,2951,3127,2648,2107,3010
ETN,Eaton Corporation plc,448.68,174267.31,United States and Canada,US,-0.0199,0.0166,0.0166,0.0491,0.0888,0.105,0.0251,0.025,0.0611,0.1159,0.1482,0.0286,0.028,0.0615,0.1203,0.152,32743.66,36521.1,39908.17,24878,23196,20752,19628,17858,21390,21609,20404,19747,20855
SOUN,SoundHound AI Inc.,8.006,3489.19,United States and Canada,US,-0.6389,0.0164,0.016,0.0139,0.0254,0.1647,0.0924,0.0846,0.06,0.0483,0.0695,-0.0225,-0.0225,-0.0151,,,236.01,296.56,260.9,84.69,45.87,31.13,21.2,13.02,7.68,,,,
SUPN,Supernus Pharmaceuticals Inc.,47.61,2767.43,United States and Canada,US,-0.2022,0.0163,0.0162,0.0221,0.0275,0.133,0.3393,0.3433,0.3354,0.3633,0.5358,0.4182,0.4228,0.4136,0.4161,0.671,881.28,1370,1663.7,661.82,607.52,667.24,579.77,520.4,392.75,408.9,302.24,215,147.47
BGC,BGC Group Inc.,10.345,4889.93,United States and Canada,US,-0.1971,0.0162,0.0202,0.0149,0.0611,0.0636,0.0162,0.0149,0.0092,0.0168,,,,,,,3459.26,3681.97,,2171.74,1948.17,1737.37,1946.04,1980.15,2044.36,1895.32,1673.99,1496.69,2704.72
TBBB,BBB Foods Inc.,40.808,4919.52,United States and Canada,US,-0.0846,0.0162,0.018,0.0145,0.032,0.1695,0.0165,0.0202,0.0228,0.05,0.2224,0.0182,0.0259,0.0319,0.0194,0.2598,5991.43,7703.69,9715.03,2754.84,2595.87,1671.85,1125.23,907.7,,,,,
LUMN,Lumen Technologies Inc.,6.24,6436.22,United States and Canada,US,-0.4778,0.0162,0.0163,0.0234,0.0214,-0.0665,0.0137,0.0138,0.0252,0.0242,-0.0878,0.0111,0.0111,0.0304,0.0259,-0.1115,11127.8,10703.73,10565.47,13108,14557,17478,19687,20712,21458,22580,17656,17470,17900
IOSP,Innospec Inc.,92.415,2276.28,United States and Canada,US,-0.0186,0.0161,0.0152,0.0236,0.0164,-0.0207,0.0154,0.0124,0.0051,0.024,,,,,,,1903.9,2017.07,,1845.4,1948.8,1963.7,1483.4,1193.1,1513.3,1476.9,1306.8,883.4,1012.3
DAR,Darling Ingredients Inc.,59.404,9440.92,United States and Canada,US,-0.1002,0.0159,0.0107,0.0186,0.0931,0.0956,0.0213,0.0228,0.0243,0.1106,0.1129,0.0087,0.0235,0.0218,0.0694,0.0623,6815.03,7071.93,7035.55,5715.18,6788.08,6532.2,4741.37,3571.92,3363.91,3387.73,3662.25,3391.93,3391.26
AFL,Aflac Incorporated,124.62,63429.7,United States and Canada,US,-0.043,0.0158,0.0155,0.0128,0.0064,-0.0232,0,0.0001,-0.0046,-0.0234,-0.0433,0,-0.0132,-0.0127,-0.0356,-0.0715,17240,17276.19,17509.04,18927,18701,19502,22106,22147,22307,21758,21667,22559,20918
DINO,HF Sinclair Corporation,81.41,14473.38,United States and Canada,US,-0.136,0.0158,0.026,0.0337,0.4246,0.2301,0.0087,0.0164,0.0324,0.2279,0.1278,0.0129,0.064,0.0539,,0.028,33874.54,30629.78,29874.56,28580,31964.4,38204.84,18389.14,11183.64,17486.58,17714.67,14251.3,10535.7,13237.92
TAL,TAL Education Group,12.373,6862.7,United States and Canada,US,-0.0746,0.0157,0.0157,0.0135,0.0191,-0.014,0.0132,0.0132,0.0109,0.0229,0.0094,0.0199,0.0199,0.0156,0.0903,0.0644,3741.41,4439.11,5005.69,2250.23,1490.44,1019.77,4390.91,4495.76,3273.31,2562.98,1715.02,1043.1,619.95
BMY,Bristol-Myers Squibb Company,64.697,132157.51,United States and Canada,US,-0.05,0.0157,0.0535,0.0544,0.0685,0.1485,0.0185,0.0408,0.0416,0.0716,0.1205,0.0148,0.0265,0.0263,0.0407,0.0641,49847.45,48129.76,42034.01,48300,45006,46159,46385,42518,26145,22561,20776,19427,16560
EMN,Eastman Chemical Company,73.632,8418.1,United States and Canada,US,-0.1179,0.0157,0.0151,0.0104,0.0501,-0.0063,0.0089,0.0076,0.001,0.0364,-0.0245,0.0051,0.0038,-0.0036,0.0293,-0.0045,9265.92,9433.64,9647.07,9382,9210,10580,10476,8473,9273,10151,9549,9008,9648
AM,Antero Midstream Corporation,21.262,10092.52,United States and Canada,US,-0.108,0.0156,0.0113,0.0659,0.0241,0.0734,0.0264,0.0331,0.039,0.0476,0.1301,0.0045,0.0246,0.0272,,,1319.39,1432.03,1521.08,1176.87,1112.44,990.66,968.87,971.39,849.6,,,16.94,1.26
MTDR,Matador Resources Company,49.06,6083.36,United States and Canada,US,-0.266,0.0155,0.0168,0.0009,0.0746,-0.01,0.007,0.0322,0.0698,0.1552,0.0675,-0.0054,0.0276,0.0706,0.0886,,3819.45,4536.04,4454.5,3478.96,2817.62,3196.7,1862.08,851.13,1026.2,829.69,538.88,279.77,267
MDGL,Madrigal Pharmaceuticals Inc.,509.555,11772.82,United States and Canada,US,-0.1715,0.0154,0.0206,0.0304,0.0422,0.1033,-0.0136,-0.0278,-0.014,0.0097,0.0153,-0.0288,-0.0257,-0.0167,0.0037,0.0224,1526.29,2144.88,2922.35,180.13,,,,,,,,,
FWONK,Formula One Group,102.846,25541.34,United States and Canada,US,-0.0596,0.0153,0.0179,0.0222,-0.0091,-0.0002,0.0003,0.0008,0.0056,0.011,0.0254,0.0064,0.0084,0.0149,0.0097,-0.0094,4790.1,5255.19,5662.12,3222,2573,2136,1145,2022,1827,1783,,,59
NXST,Nexstar Media Group Inc.,193.812,5918.82,United States and Canada,US,-0.2379,0.0153,0.0133,-0.0682,0.4763,0.4712,-0.0004,-0.0062,-0.0114,0.5176,0.5035,0.0028,-0.0035,,0.5511,0.5377,7989.41,7652.92,8467.94,5407,4933,5211,4648.4,4501.3,3039.32,2766.7,2431.97,1103.19,896.38
STGW,Stagwell Inc.,9.158,2238.91,United States and Canada,US,-0.0252,0.0152,0.0152,0.0152,-0.0024,-0.0007,0.0056,0.0056,0.0056,0.0118,0.0287,0.0022,0.0022,0.0022,-0.0012,-0.0361,3246.19,3320.91,3523.16,2841.22,2527.18,2687.79,1469.36,888.03,628.67,426.43,,,
GRAL,GRAIL Inc.,69.425,3100.95,United States and Canada,US,-0.4158,0.0151,0.0129,0.0069,0.0272,0.0516,-0.0111,-0.0113,-0.0068,0.0019,0.0526,-0.0049,-0.0228,-0.0129,-0.1415,-0.0408,181.45,221.15,279.91,125.59,93.11,55.55,14.61,,,,,,
CRL,Charles River Laboratories International Inc.,267.405,12765.61,United States and Canada,US,-0.0022,0.0151,0.0159,0.0118,-0.0403,-0.0252,0.0143,0.0136,0.0044,-0.0645,-0.0495,0.0173,0.0149,0.0018,-0.0453,-0.0478,3907.68,3977.3,4166.81,4049.99,4129.41,3976.06,3540.16,2923.93,2621.23,2266.1,1857.6,1681.43,1363.3
THG,The Hanover Insurance Group Inc.,229.071,7976.3,United States and Canada,US,-0.0296,0.0151,0.0199,0.0142,-0.0315,-0.0191,0.0153,0.0186,0.0128,-0.0211,-0.0353,-0.0201,-0.0271,-0.0272,,,6768.77,7060.27,7335.37,6237.4,5993.5,5468.6,5227.8,4824.8,4890.7,4494.3,4267.9,4053.9,5034
AERO,Grupo Aeroméxico S.A.B. de C.V.,15.807,2306.3,United States and Canada,US,-0.3142,0.015,0.0202,0.0253,0.0658,,0.015,0.0281,0.0372,0.0595,,0.015,0.0253,0.0314,0.124,,6074.97,6340.46,6589.34,5619.85,4916.1,3812,2237.73,1393.25,3637.03,3575.87,3121.89,2601.48,2724.92
SKY,Champion Homes Inc.,94.714,5199.26,United States and Canada,US,-0.0449,0.015,0.015,0.0313,0.0248,0.0154,0.0297,0.0297,0.0375,0.0281,,0.0466,0.0466,,,,2791.66,3003.33,3299.03,2483.45,2024.82,2606.56,2207.23,1420.88,1369.73,1360.04,1064.72,861.32,751.7
EXPO,Exponent Inc.,66.77,3239.12,United States and Canada,US,-0.1852,0.0149,0.0149,0.0149,0.0216,0.0639,0.0104,0.0104,0.0104,0.023,0.0843,0.0166,0.0166,0.0166,,,606.34,655.03,678.52,518.49,497.19,463.82,434.85,378.41,391.39,354.64,329.66,299.2,295.7
MAIR,Madison Air Solutions Corporation,31.09,15598.56,United States and Canada,US,-0.3013,0.0149,0.0158,,,,0.0167,0.0223,,,,0.0154,0.0211,,,,3892.84,4163.85,4455.05,2624.7,2556.2,,,,,,,,
BHC,Bausch Health Companies Inc.,6.244,2335.2,United States and Canada,US,-0.2811,0.0147,0.0122,0.0153,0.0347,0.047,0.0134,0.0135,0.0168,0.0218,0.03,0.0164,0.0294,0.0273,0.0795,0.0486,10881.9,10885.36,10130.07,9625,8757,8124,8434,8027,8601,8380,8724,9674,10442
IBRX,ImmunityBio Inc.,7.635,8091.85,United States and Canada,US,-0.3858,0.0147,0.0151,0.032,0.0517,-0.0533,0.0115,-0.0234,-0.1023,-0.1756,-0.2731,0,-0.2276,-0.2224,0.024,0.4396,225.73,441.47,1086.35,14.74,0.62,0.24,0.93,0.6,2.2,3.16,,,
TT,Trane Technologies plc,482.28,106112.78,United States and Canada,US,-0.0466,0.0147,0.0153,0.0156,0.0233,0.0224,0.0156,0.0176,0.0206,0.0334,0.0395,0.0116,0.0142,0.0199,0.0499,0.0627,23732.98,25831.3,28045.26,19838.2,17677.6,15991.7,14136.4,12454.7,13075.9,12343.8,14197.6,13508.9,13300.7
VCYT,Veracyte Inc.,47.216,3795.73,United States and Canada,US,-0.2248,0.0145,0.0135,0.0297,0.0409,0.0931,0.0065,0.0079,0.018,0.0367,0.1189,0.0036,0.0117,0.0169,0.0127,0.1848,593.64,659.22,725,445.76,361.05,296.54,219.51,117.48,120.37,92.01,71.95,65.08,49.5
ROKU,Roku Inc.,153.128,22616.05,United States and Canada,US,-0.0026,0.0143,0.0143,0.0164,0.055,0.0805,0.0038,0.0039,0.0112,0.0443,0.0833,0.0029,0.003,0.016,0.0684,0.1099,5637.97,6278.09,7072.56,4112.9,3484.62,3126.53,2764.58,1778.39,1128.92,742.51,512.76,398.65,319.86
QLYS,Qualys Inc.,183.072,6333.38,United States and Canada,US,-0.0916,0.0142,0.0142,0.0142,0.0197,0.045,0.0232,0.0232,0.0232,0.0297,0.0592,0.0339,0.0339,0.033,0.0378,0.0295,735.04,793.7,854.68,607.57,554.46,489.72,411.17,362.96,321.61,278.89,230.83,197.93,164.28
AWR,American States Water Company,87.353,3462.29,United States and Canada,US,-0.0306,0.014,0.0058,0.0223,0.0447,0.0642,0.0031,0.0031,0.0137,,0.0675,0.0081,0.0081,,,0.0626,716.1,737.63,767.2,595.46,595.7,491.53,498.85,488.24,473.87,436.82,440.6,436.09,458.64
BATRK,Atlanta Braves Holdings Inc.,50.084,3276.17,United States and Canada,US,-0.0595,0.0138,0.0066,0.0225,0.0326,0.0665,0.0084,0.0121,0.0183,0.0295,0.0964,0.0187,0.0276,0.0352,-0.0047,0.0021,792.32,825.77,874.83,662.75,640.67,588.56,563.72,178,476,442,386,262,243
CVX,Chevron Corporation,186.56,366030.72,United States and Canada,US,-0.1311,0.0137,-0.0158,0.0324,0.2396,0.1994,0.002,-0.0109,0.0176,0.085,0.0903,0.006,0.002,0.0259,0.0541,,228407.63,209035.68,207514.75,195568,194799,235916,155067,94005,139365,151041,127485,103310,122566
FANG,Diamondback Energy Inc.,188.07,52766.33,United States and Canada,US,-0.1233,0.0136,0.016,0.0144,0.3457,0.2969,-0.0086,-0.0041,0.0018,0.1586,0.1244,0.0172,0.0004,0.0091,0.0752,0.0057,18304.59,16822.04,16383.53,10561,8339,9566,6747,2756,3951,2164,1193,527.11,446.73
ALSN,Allison Transmission Holdings Inc.,118.904,9861.42,United States and Canada,US,-0.136,0.0134,0.0161,0.019,0.0648,0.8125,0.0119,0.0155,0.0183,0.0504,0.7776,0.0098,0.0073,0.0103,0.0632,0.7651,5889.25,6143.41,6472.77,3225,3035,2769,2402,2081,2698,2713,2262,1840,1986
RARE,Ultragenyx Pharmaceutical Inc.,25.917,2547.35,United States and Canada,US,-0.3503,0.0134,0.0228,0.0154,-0.0417,-0.0681,0.0029,0.0104,0.006,-0.1061,-0.1673,0.0142,0.0237,0.0062,-0.0926,-0.2645,758.32,993.78,1248.29,560,434,363.33,351.41,271.03,103.71,51.49,2.61,0.13,
ARM,Arm Holdings plc,282.537,301771.77,United States and Canada,US,-0.3759,0.0133,0.0139,0.0218,0.0234,0.0476,0.0127,0.0152,0.0789,0.163,0.1938,0.0154,0.0158,0.0635,0.2276,0.2051,6050.95,8206.59,10806.11,4007,3233,2679,2703,2027,,,,,
HLMN,Hillman Solutions Corp.,9.214,1792.54,United States and Canada,US,-0.1508,0.0133,0.0141,0.0134,-0.0025,0.0019,0.0248,0.0254,0.0246,0.0118,0.0218,0.0162,0.0173,0.016,0.0233,0.0338,1680.12,1787.42,1870.17,1472.6,1476.48,1486.33,1425.97,1368.3,1214.36,974.17,838.37,,
HRMY,Harmony Biosciences Holdings Inc.,38.44,2238.61,United States and Canada,US,-0.0595,0.0132,0.0191,0.0152,0.0263,0.0513,-0.0012,0.0057,0.0092,0.0268,0.0276,-0.0174,-0.0064,0.0065,-0.0367,-0.063,1033.88,1163.86,1272.96,714.73,582.02,437.86,305.44,159.74,6,,,,
PH,Parker-Hannifin Corporation,1074.354,135461.42,United States and Canada,US,-0.0233,0.0132,0.0132,0.0138,0.0163,0.0521,0.0159,0.0179,0.0211,0.0233,0.0558,0.0132,0.0192,0.0306,0.0322,0.0697,22938.46,24388.22,25908.16,19850,19930,19065,15861.61,14347.64,13695.52,14320.32,14302.39,12029.31,11360.75
MSI,Motorola Solutions Inc.,467.55,77376.62,United States and Canada,US,-0.0527,0.0132,0.0133,0.0219,0.0302,0.0777,0.0147,0.0162,0.0259,0.0387,0.0846,0.0117,0.0169,0.0336,0.027,0.0721,12977.74,13836.63,14750.98,10817,9978,9112,8171,7414,7887,7343,6380,6038,5695
HOOD,Robinhood Markets Inc.,93.285,83870.89,United States and Canada,US,-0.3937,0.0131,0.0239,0.0232,-0.0695,0.0825,0.0159,0.041,0.0671,0.0176,0.2386,0.0083,0.0664,0.074,-0.042,0.3845,5150.81,6472.36,7395.77,2951,1865,1358,1815,958,277.53,,,,
MC,Moelis & Company,66.63,5405.27,United States and Canada,US,-0.1481,0.013,0.0217,0.0232,-0.0428,0.0189,0.0103,0.0096,0.01,-0.036,0.0221,0.021,0.0283,0.0294,0.0047,,1728.78,2033.57,2263.45,1194.55,854.75,985.3,1540.61,943.28,746.53,885.84,684.62,613.37,551.86
CART,Maplebear Inc.,50.165,11790.27,United States and Canada,US,-0.0623,0.0129,0.0135,0.0152,0.0474,0.0573,0.0126,0.0151,0.0221,0.0571,0.0666,0.0121,0.0155,0.038,0.1133,0.0874,4249.59,4658.19,5094.44,3378,3042,2551,1834,1477,214,,,,
SXI,Standex International Corporation,340.174,4121.18,United States and Canada,US,-0.0652,0.0128,0.0128,0.0128,-0.0211,-0.0109,0.0083,0.0083,0.0083,-0.0157,,,,,,,954,1036.82,,790.11,720.63,741.05,735.34,656.23,604.53,639.93,595.51,647.88,751.59
ELAN,Elanco Animal Health Incorporated,22.12,11051.63,United States and Canada,US,-0.2094,0.0128,0.0122,0.0189,0.0368,0.0769,0.0112,0.0101,0.0156,0.0346,0.0869,0.0105,0.0095,0.0173,0.0427,0.0893,5118.61,5379.85,5641.92,4439,4417,4411,4764,3271,3071,3066.8,2889,2913.5,2909.1
CLOV,Clover Health Investments Corp.,4.754,2515.57,United States and Canada,US,-0.1496,0.0127,0.0127,0.0265,0.0551,0.2691,0.0475,0.0724,0.0735,0.1604,0.3615,0.0855,0.0855,0.0751,0.2021,0.3063,2954.03,3563.98,3978.5,1370.66,1263.06,1199.29,1361.37,690.02,454.74,281.02,,,
NRG,NRG Energy Inc.,118.13,24832.16,United States and Canada,US,-0.3781,0.0127,0.0538,0.0551,0.0123,0.1934,0.0121,0.0657,0.0679,0.0061,0.2142,0.0108,0.0675,0.0828,-0.0732,0.2145,36644.3,38524.74,40489.62,28130,28823,31543,26989,9093,9821,9478,9074,8915,12328
AXON,Axon Enterprise Inc.,571.759,46084.96,United States and Canada,US,-0.3539,0.0127,0.0124,0.0305,0.0767,0.0953,0.0131,0.0128,0.0264,0.1169,0.1642,0.0196,0.0159,0.0302,0.1783,,3704.36,4784.84,6224.41,2082.53,1560.7,1187.14,863.38,681,530.86,420.07,343.8,268.25,197.89
SYY,Sysco Corporation,84.266,40324.96,United States and Canada,US,-0.0825,0.0127,0.0105,0.0109,0.0091,0.0095,0.0056,0.0022,0.0033,0.0014,-0.0026,0.0189,0.0139,0.0109,0.0106,-0.0134,89493.08,91844.44,96182.14,81370,78844,76325,68636,51297.84,52893.31,60113.92,58727.32,55371.14,50366.92
IBP,Installed Building Products Inc.,244.05,6534.9,United States and Canada,US,-0.3007,0.0127,0.0121,-0.005,-0.0054,0.0184,0.0072,0.0071,-0.0094,-0.0209,0.0278,0.0001,0.0034,-0.0154,0.012,,2987.7,3095.39,3300.13,2941.3,2778.6,2669.84,1968.65,1653.22,1511.63,1336.43,1132.93,862.98,662.72
AVNT,Avient Corporation,45.744,4195.19,United States and Canada,US,-0.0169,0.0126,0.012,0.015,0.0304,0.0063,0.0098,0.0078,0.009,0.031,-0.0029,0.0159,0.0149,0.0168,,,3423.78,3533.5,3706.36,3240.4,3142.8,3396.9,3315.5,2214.9,2862.7,2881,2590.3,2938.6,2928.8
TTEK,Tetra Tech Inc.,35.454,9077.8,United States and Canada,US,-0.1782,0.0125,0.0125,0.0125,0.0269,0.0022,0.0147,0.0089,0.0089,0.0006,0.0119,0.0369,0.0369,0.0369,,-0.0329,4353.94,4543.16,4624.7,4321.86,3751.09,2835.58,2552.17,2348.57,2389.64,2200.73,2034.01,1929.2,1718.71
XPRO,Expro Ltd,16.96,1905.44,United States and Canada,US,-0.0945,0.0124,0.0347,0.0371,0.0236,-0.0028,0.0159,0.0487,0.0522,0.051,0.05,0.0211,0.0531,0.0622,0.0795,0.052,1650.68,1757.29,1793.08,1712.8,1512.76,1279.42,825.76,675.03,810.06,678.63,914.53,1301.66,1384.59
VIRT,Virtu Financial Inc.,55.828,8664.52,United States and Canada,US,-0.1792,0.0124,0.1043,0.1211,0.3045,0.5016,0.009,0.1106,0.1273,0.2137,0.4213,0.018,0.1163,0.1319,0.2515,,2729.2,2562.08,2581.13,2217.89,1683.39,2007.81,2582.02,2940.12,1196.76,1313.19,766.38,611.77,714.54
KSPI,Joint Stock Company Kaspi.kz,90.29,17157.56,United States and Canada,US,-0.0898,0.0123,-0.0033,0.0396,0.116,0.3675,0.0154,0.0014,0.017,0.0586,0.2814,0.0243,0.0152,0.0785,,,10647.23,12004.59,15415.82,4849.58,4196.24,2743.98,2036.24,1430.99,1342.55,977.45,828.76,669.41,258.34
MNST,Monster Beverage Corporation,90.344,88357.16,United States and Canada,US,-0.0996,0.0123,0.0131,0.0489,0.0785,0.1274,0.0105,0.0162,0.0506,0.0785,0.145,0.0085,0.0098,0.0494,0.0811,0.1347,9677.99,10509.72,11430.4,7492.71,7140.03,6311.05,5541.35,4598.64,4200.82,3807.18,3369.05,3049.39,2722.56
EVRG,Evergy Inc.,83.37,19217.87,United States and Canada,US,-0.0592,0.0123,0.016,0.0121,-0.0005,-0.0013,0,0,0.0004,-0.0011,0.0034,0,0.0003,0.0015,-0.0062,-0.0088,6313,6623.12,7037.13,5847.3,5508.2,5859.1,5586.7,4913.4,5147.8,4275.9,2571,2562.1,2459.16
LYV,Live Nation Entertainment Inc.,180.66,42086.46,United States and Canada,US,-0.039,0.0122,0.0126,0.0235,0.03,-0.0037,0.0104,0.0118,0.0223,0.0298,-0.01,0.0065,0.0118,0.0337,0.0667,0.0038,28114.55,30675.5,33406.97,23155.63,22726.32,16681.25,6268.45,1861.18,11547.97,10787.8,9687.22,7826.34,7245.73
BR,Broadridge Financial Solutions Inc.,166.469,18981.09,United States and Canada,US,-0.3878,0.0122,0.0122,0.0121,0.0234,0.0297,0.0087,0.0087,0.0096,0.0184,0.0213,0.0069,0.0069,0.0069,0.0129,0.0127,7855.56,8249.04,8669.55,6889.1,6506.8,6060.9,5709.1,4993.7,4529,4362.2,4329.9,4142.6,2897
VCEL,Vericel Corporation,45.057,2307.22,United States and Canada,US,-0.0864,0.0121,0.0121,0.0385,0.0335,-0.0027,0.0109,0.0109,0.0276,0.0116,-0.0506,0.0048,0.0048,0.0161,-0.0184,-0.134,336.22,392.91,454.91,237.22,197.52,164.37,156.18,124.18,117.85,90.86,63.92,54.38,51.17
ATEN,A10 Networks Inc.,26.856,1945.82,United States and Canada,US,-0.3023,0.0121,0.0121,0.0123,0.0219,0.0852,0.0082,0.0082,0.0081,0.0508,0.1419,0.0172,0.0172,-0.0011,,0.1585,328.69,366.25,405.95,261.7,251.7,280.34,250.04,225.53,212.63,232.22,235.43,227.3,196.28
IRM,Iron Mountain Incorporated,121.15,36066.7,United States and Canada,US,-0.1005,0.0121,0.0124,0.0122,0.0557,0.0734,0.0089,0.0092,0.0114,0.063,0.0886,0.0113,0.0119,0.0137,0.0246,0.0823,8016.02,8689.87,9375.73,6149.91,5480.29,5103.57,4491.53,4147.27,4262.58,4225.76,3845.58,3511.45,3007.98
PWR,Quanta Services Inc.,671.759,100994.53,United States and Canada,US,-0.1483,0.0121,0.1297,0.1301,0.2566,0.2623,0.0787,0.1263,0.1395,0.2681,0.2613,0.0614,0.1138,0.1226,0.3008,0.2794,39572.79,44701.74,50727.03,23672.79,20882.21,17073.9,12980.21,11202.67,12112.15,11171.42,9466.48,7651.32,7572.44
ILMN,Illumina Inc.,188.151,28410.8,United States and Canada,US,-0.0911,0.0121,0.0117,0.0134,0.0259,0.0553,0.0164,0.0161,0.0187,0.0322,0.0577,0.023,0.0208,0.0264,0.039,0.0752,4623.73,4908.15,5263.48,4372,4504,4584,4526,3239,3543,3333,2752,2398,2220
LFUS,Littelfuse Inc.,456.655,11598.46,United States and Canada,US,-0.0877,0.012,0.0588,0.0927,0.0995,0.1478,0.012,0.0674,0.1082,0.1303,0.1601,0,0.0735,0.185,0.2053,0.2012,2949.64,3240.7,3615.47,2190.77,2362.66,2513.9,2079.93,1445.69,1503.87,1718.47,1221.53,1056.16,867.86
INSP,Inspire Medical Systems Inc.,60.16,1739.25,United States and Canada,US,-0.5908,0.012,0.012,0.0125,-0.148,-0.183,0.0104,0.0089,0.0083,-0.2121,-0.263,0.0042,-0.0008,-0.0105,-0.2386,-0.3236,853.46,884.17,943.96,802.8,624.8,407.86,233.39,115.38,82.05,50.59,28.57,16.43,8.01
CMI,Cummins Inc.,644.133,88674.24,United States and Canada,US,-0.1269,0.012,0.0126,0.0341,0.076,0.0767,0.0185,0.0205,0.0463,0.0705,0.1207,0.009,0.0117,0.0356,0.0782,0.0146,37717.02,40884.86,44195.96,34102,34065,28074,24021,19811,23571,23771,20428,17509,19110
CSW,CSW Industrials Inc.,350.686,5713.9,United States and Canada,US,-0.0113,0.0119,0.0119,0.0037,0.0034,0.1251,0.0137,0.0137,-0.0013,-0.0026,0.1282,0.0155,0.0155,0.029,0.029,,1282.87,1337.53,1397.34,878.3,792.84,757.9,626.43,419.2,385.87,350.15,326.22,287.46,266.92
ZYME,Zymeworks Inc.,23.53,1684.42,United States and Canada,US,-0.2091,0.0119,-0.0422,0.0156,0.1739,1.0802,0.0237,0.0843,0.0019,0.0673,0.5965,0.047,0.166,0.0567,-0.16,0.143,302.91,210.85,194.94,76.3,76.01,412.48,26.68,38.95,29.54,53.02,51.76,11.01,9.66
LPG,Dorian LPG Ltd.,45.76,1957.74,United States and Canada,US,-0.049,0.0119,0.079,0.2877,0.5318,0.6543,-0.0193,0.012,0.0725,0.1724,0.2173,-0.0701,-0.0701,,,,582.38,408.21,345,349.67,558.83,387.26,268.68,315.94,332.19,157.74,159.2,166.52,287.85
PARR,Par Pacific Holdings Inc.,66.281,3323.61,United States and Canada,US,-0.2384,0.0118,-0.0231,-0.0119,0.2902,0.2479,0.0004,-0.0276,-0.0356,0.1196,0.0961,0,-0.0047,-0.0293,,,8165.51,7418.01,7078.5,7974.46,8231.95,7321.78,4710.09,3124.87,5401.52,3410.73,2443.07,1865.05,2066.34
SHOO,Steven Madden Ltd.,48.615,3557.5,United States and Canada,US,-0.0218,0.0118,0.0129,0.0245,0.0238,0.0382,0.015,0.0178,0.0381,0.0344,0.0581,0.017,0.0225,0.0437,,,2873.44,3097.18,3325.13,2282.93,1981.58,2122.01,1866.14,1201.81,1787.16,1677.73,1567.08,1399.55,1405.24
NVMI,Nova Ltd.,392.236,12466.43,United States and Canada,US,-0.3632,0.0114,0.0114,0.0335,0.0926,0.1623,0.0292,0.0292,0.0803,0.1493,0.3366,0.0256,0.0256,0.0808,0.1386,,1074,1333.54,1491.17,672.4,517.92,570.73,416.11,269.4,224.91,251.13,221.99,163.9,148.51
TDG,TransDigm Group Incorporated,1225.25,67727.56,United States and Canada,US,-0.1625,0.0113,0.0112,0.0142,0.0492,0.0905,0.0175,0.0177,0.0208,0.0684,0.1196,0.017,0.0176,0.0215,0.0711,0.1343,10492.62,11547.42,12444.47,7940,6585,5429,4798,5103,5223,3811,3504.29,3171.41,2707.11
EXLS,ExlService Holdings Inc.,34.899,5291.12,United States and Canada,US,-0.2258,0.0112,0.0372,0.0366,0.0413,0.0455,0.024,0.0475,0.0475,0.0478,0.0527,-0.0067,0.0276,0.0276,0.0061,,2409.67,2691.17,3007.48,1838.37,1630.67,1412.04,1122.29,958.43,991.35,883.11,762.31,685.99,628.49
PLMR,Palomar Holdings Inc.,130.886,3427.51,United States and Canada,US,-0.1134,0.0112,0.0112,0.0668,0.1547,0.2493,0.0166,0.0123,0.0928,0.1372,0.3392,0.0164,0.0164,0.1087,0.113,,1188.56,1481.06,1612,553.86,375.93,327.09,247.79,168.46,113.3,72.97,59.47,42.7,
MAC,The Macerich Company,24.4,7207.09,United States and Canada,US,-0.0853,0.0111,0.0158,0.0375,0.0448,0.0082,0.0126,0.0227,0.0652,0.0755,0.055,-0.0151,0.0247,0.0907,0.1061,0.025,984.99,1035.04,1070.11,899.3,856.41,865.51,867.96,758.98,976.43,1028.46,1044.15,1085.02,1321.51
CVS,CVS Health Corporation,95.7,122397.46,United States and Canada,US,-0.1353,0.0111,0.0116,0.0175,0.0116,0.0155,0.004,0.0045,0.0137,-0.0096,-0.0104,0.0012,0.0007,0.0107,-0.0197,-0.0199,413964.59,428421.1,448354.29,370656,356623,321629,290912,267908,255765,193919,184765,177526,153290
SOFI,SoFi Technologies Inc.,18.383,23719.81,United States and Canada,US,-0.4383,0.0111,0.0426,0.0466,0.0591,0.1677,0.0282,0.0424,0.0521,0.0643,0.186,0.0597,0.0444,0.0707,0.0998,0.4124,4880.42,5972.88,7337.97,2643.15,2067.84,1519.2,977.3,565.53,442.66,269.4,506.71,,
SKWD,Skyward Specialty Insurance Group Inc.,63.664,2826.46,United States and Canada,US,-0.0318,0.0111,0.0099,0.0941,0.0887,0.3212,-0.0025,0.0002,0.0409,0.0109,0.2749,0,0,-0.0112,-0.0424,,1957.6,2092.48,2282.27,1150.2,885.97,642.42,545.1,451.97,218.24,98.37,44.59,,
GENI,Genius Sports Limited,7.59,2031.29,United States and Canada,US,-0.4472,0.011,0.0121,0.248,0.277,0.3728,0.0071,0.007,0.3315,0.3592,0.5219,-0.0053,-0.0029,0.3269,0.3145,0.5675,1015.78,1301.11,1550.9,510.89,412.98,341.03,262.74,149.74,114.62,87.58,,,
MOGA,Moog Inc.,403.11,12771.59,United States and Canada,US,-0.0637,0.011,0.0199,0.0199,0.0198,0.0985,0.0145,0.0264,0.0264,0.0315,0.1132,0.0036,0.0383,0.0383,0.0383,,4387.64,4704.02,5045.84,3608.96,3316.19,3035.78,2851.99,2884.55,2904.66,2709.47,2497.52,2411.94,2525.53
ON,ON Semiconductor Corporation,81.136,31587.2,United States and Canada,US,-0.3986,0.0109,0.0121,0.013,0.035,0.0324,0.0245,0.0269,0.0332,0.0623,0.0492,0.0233,0.0234,0.0515,0.0712,0.0533,6556.29,7394.68,8363.53,7082.3,8253,8326.2,6739.8,5255,5517.9,5878.3,5543.1,3906.9,3495.8
ABNB,Airbnb Inc.,178.021,105656.34,United States and Canada,US,-0.002,0.0109,0.0107,0.0289,0.0514,0.0683,0.0132,0.0127,0.0333,0.0597,0.0688,0.0113,0.0098,0.0364,0.0619,0.0583,14113.99,15639.03,17252.01,11102,9917,8399,5992,3378,4805.24,3651.99,2561.72,,
ATKR,Atkore Inc.,93.71,3164.83,United States and Canada,US,-0.0013,0.0109,0.0111,0.0045,-0.0074,0.0204,0.016,0.0268,0.0155,-0.0041,0.0226,0.0371,0.0371,0.001,0.0165,,2965.53,3085.84,3233.08,3202.05,3518.76,3913.95,2928.01,1765.42,1916.54,1835.14,1503.93,1523.38,1729.17
ALG,Alamo Group Inc.,168.687,2053.08,United States and Canada,US,-0.2769,0.0108,0.0108,0.0053,-0.0051,0.0007,0.0051,0.0051,0.0051,-0.0078,,,,,,,1714.83,1773.84,,1628.51,1689.65,1513.62,1334.22,1163.47,1119.14,1008.82,912.38,844.75,879.58
MP,MP Materials Corp.,51.11,9098.71,United States and Canada,US,-0.4902,0.0108,0.0151,0.0106,-0.1703,-0.3684,0.0036,-0.0029,-0.043,-0.0292,-0.1074,0.0082,0.011,-0.0088,-0.0363,-0.186,455.42,785.01,977.72,203.85,253.44,527.51,331.95,134.31,73.41,67.42,,,
KWR,Quaker Chemical Corporation,169.95,2924.45,United States and Canada,US,-0.0713,0.0108,0.0058,0.0059,0.0269,0.0359,0.0093,0.0039,0.0068,0.0306,0.0492,0.0076,0.0076,0.0271,0.0306,0.0412,2015.27,2101.22,2182.77,1839.69,1953.31,1943.59,1761.16,1417.68,1133.5,867.52,820.08,746.66,737.55
RYAN,Ryan Specialty Holdings Inc.,42.871,10967.04,United States and Canada,US,-0.2978,0.0108,0.0093,0.0067,-0.0807,-0.087,0.006,0.0021,-0.0073,-0.1447,-0.1518,0.0068,-0.0019,-0.0197,-0.1682,,3288.75,3526.74,3824.58,2455.67,2026.6,1711.86,1432.18,1016.68,758.45,,,,
PCAR,PACCAR Inc,133.113,70066.02,United States and Canada,US,-0.044,0.0108,0.0214,0.022,0.0457,-0.0329,0.0156,0.0326,0.0343,0.0399,0.0186,0.0067,0.0041,0.0111,0.0259,0.0144,28864.63,31646.78,33030.86,33663.8,35127.4,28819.7,23522.3,18728.5,25599.7,23495.7,19456.4,17033.3,19115.1
PAY,Paymentus Holdings Inc.,38.544,4854.22,United States and Canada,US,-0.1493,0.0107,0.0107,0.0107,0.0147,0.0619,0.0062,0.0062,0.0062,-0.0111,0.0434,0.0067,0.0067,0.0067,,,1449.88,1704.19,2010.05,871.75,614.49,497,395.52,301.77,235.78,,,,
TEAM,Atlassian Corporation,149.141,37847.19,United States and Canada,US,-0.2138,0.0107,0.0034,-0.0107,-0.0094,0.0126,0.0106,-0.0032,-0.0223,-0.025,0.0055,0.0145,0.0112,0.0069,-0.0034,0.0014,7428.77,8560.65,9911.04,5215.3,4358.6,3534.65,2802.88,2089.13,1614.17,1210.13,880.98,626.68,457.06
CECO,CECO Environmental Corp.,70.889,4140.13,United States and Canada,US,-0.2998,0.0107,0.0134,0.3552,0.4932,0.5639,0.0271,0.0304,0.609,0.8409,0.9867,0.067,0.0733,0.6926,,,1312.26,1789.16,2071.37,557.93,544.85,422.63,324.14,316.01,341.87,337.34,345.05,417.01,367.42
AUGO,Aura Minerals Inc.,74.159,6213.72,United States and Canada,US,-0.3278,0.0106,-0.0509,-0.1005,0.0367,0.637,-0.0028,-0.0353,-0.071,0.1219,0.7357,-0.0232,-0.048,-0.0794,0.189,0.9347,1574.89,1924.58,2250.12,594.16,416.89,392.7,424.01,299.87,226.2,157.7,157.71,146.21,165.76
OUT,OUTFRONT Media Inc.,31.197,5493.79,United States and Canada,US,-0.1076,0.0106,0.0105,0.03,0.0492,0.0795,0.0147,0.0156,0.029,0.0426,0.0627,0.0143,0.0149,0.0318,0.0352,,1998.61,2046.38,2129.4,1830.9,1820.6,1772.1,1463.9,1236.3,1782.2,1606.2,1520.5,1513.9,1513.8
PRVA,Privia Health Group Inc.,22.466,2830.99,United States and Canada,US,-0.2205,0.0106,0.01,0.023,0.0581,0.1583,0.013,0.0134,0.0243,0.0452,0.1397,0.0167,0.0175,0.0275,0.0121,0.1435,2449.8,2700,3006.25,1736.39,1657.74,1356.66,966.22,817.08,786.36,657.61,,,
CBT,Cabot Corporation,87.644,4525.15,United States and Canada,US,-0.0728,0.0105,0.0105,0.0408,0.0329,-0.0729,0.0094,0.0094,0.029,0.0366,-0.0685,0.01,0.01,0.0273,0.0289,,3662.51,3780.57,3909.49,3994,3931,4321,3409,2614,3337,3242,2717,2411,2871
PAX,Patria Investments Limited,11.528,1860.55,United States and Canada,US,-0.3524,0.0105,0.0156,0.0103,-0.0009,0.1059,-0.0015,-0.0003,-0.026,-0.0315,-0.0391,0.0068,-0.0196,-0.0257,-0.0956,,430.19,477.22,545.32,374.2,327.62,258.88,235.51,115.02,123.22,105.67,,,
UHAL,U-Haul Holding Company,75.355,13009.07,United States and Canada,US,-0.0143,0.0104,0.0156,0.013,0.0041,-0.0126,0,0.0277,,,,,,,,,6370.5,6639.86,,5828.66,5625.67,5864.69,5739.75,4541.98,3978.87,3768.71,3601.11,3421.77,3275.47
VRTX,Vertex Pharmaceuticals Incorporated,496.193,125765.54,United States and Canada,US,-0.0702,0.0104,0.0112,0.0113,0.0141,0.0006,0.0125,0.0208,0.0193,0.0198,0.0139,0.0097,0.0319,0.0298,0.0449,0.0349,13184.33,14563.14,16345.02,11020.1,9869.2,8930.7,7574.4,6205.7,4162.8,3047.6,2488.65,1702.18,1032.34
TMDX,TransMedics Group Inc.,83.816,2906.33,United States and Canada,US,-0.4627,0.0103,0.0098,0.0089,0.0216,0.0294,0.0084,0.0067,0.005,0.0258,0.0324,0.0186,0.0212,0.0065,0.0555,0.0351,740.75,874.4,1015.72,441.54,241.62,93.46,30.26,25.64,23.6,13.02,7.68,6.21,
LTH,Life Time Group Holdings Inc.,43.81,9789.87,United States and Canada,US,-0.0725,0.0102,0.0105,0.0116,0.0143,0.0178,0.0111,0.0108,0.013,0.0135,0.0325,0.0136,0.0114,0.0223,0.0206,,3369.55,3758.83,4168.95,2620.99,2216.59,1822.56,1318.05,948.38,1900.37,1749.29,,,
PTEN,Patterson-UTI Energy Inc.,9.875,3766.18,United States and Canada,US,-0.245,0.0102,0.0621,0.0837,0.1024,0.0578,0.0292,0.05,0.0823,0.1087,0.0704,0.0303,0.036,0.0671,0.1117,0.0635,4916.17,5169.01,5269.4,5377.91,4146.46,2647.59,1357.08,1124.25,2470.68,3327,2356.68,915.87,1891.28
GRND,Grindr Inc.,16.58,2946.7,United States and Canada,US,-0.1129,0.0102,0.0102,0.0226,0.0217,0.026,0.0083,0.0083,0.0302,0.0039,0.0081,0.0175,0.0175,0.0276,0.0057,0.0017,542.8,634.69,735.64,344.64,259.69,195.01,145.83,104.46,108.7,,,,
NMIH,NMI Holdings Inc.,44.635,3357.35,United States and Canada,US,-0.045,0.0101,0.0101,0.0089,0.012,0.0182,0.006,0.006,0.003,0.0021,-0.0091,0.0008,0.0008,0.0136,,,753.58,785.54,820.35,650.97,579,523.35,485.07,433.28,378.77,275.02,182.74,123.81,53.61
HAYW,Hayward Holdings Inc.,15.82,3355.73,United States and Canada,US,-0.1077,0.01,0.0007,0.0002,0.0187,0.0274,0.006,-0.0013,-0.0007,0.0098,0.0126,0.0009,-0.0012,-0.0003,-0.0049,0.0032,1181.65,1247.2,1337.65,1051.61,992.45,1314.14,1401.79,875.4,733.45,,,,
TOST,Toast Inc.,34.48,19929.44,United States and Canada,US,-0.2634,0.01,0.0102,0.0097,0.0104,0.027,0.0128,0.0126,0.0138,0.0131,0.0451,0.0172,0.0177,0.0209,0.0289,0.1033,7461.14,8831.55,10364.76,4960,3865,2731,1705,823,665,,,,
ES,Eversource Energy,72.329,27244.51,United States and Canada,US,-0.0554,0.01,0.0241,-0.0304,0.0126,-0.0032,0.0058,0.0134,-0.0272,0.0103,0.0017,0.0019,-0.0231,-0.0071,0.0284,-0.0279,13595.28,14156.33,14943.39,11900.81,11910.7,12289.34,9863.08,8904.43,8526.47,8448.2,7751.95,7639.13,7954.83
BDC,Belden Inc.,132.804,5189.74,United States and Canada,US,-0.1699,0.0099,0.0018,0.1353,0.1866,0.2035,0.0166,0.0048,0.2727,0.3346,0.3593,0.0132,,0.2792,,0.3629,3372.05,3952.7,4124.15,2460.98,2512.08,2606.49,2301.26,1752.19,2131.28,2165.7,2087.18,2356.67,2309.22
MBC,MasterBrand Inc.,9.37,1921,United States and Canada,US,-0.3411,0.0099,0.0099,0.3476,,0.2558,0.0031,0.0031,0.5655,,,,,,,,3501.1,4170.8,,2700.4,2726.2,3275.5,2855.3,2469.3,2388.7,,,,
DHT,DHT Holdings Inc.,18.76,3024.78,United States and Canada,US,-0.0871,0.0099,0.0794,0.0373,0.6011,0.7073,0.0207,0.0502,0.0616,0.1683,-0.1005,0.0086,0.0155,0.0198,0.0813,,759.4,528.1,498.07,571.77,560.56,473.66,311.01,691.04,535.07,375.94,355.05,356.01,365.11
DLB,Dolby Laboratories Inc.,61.764,5785.36,United States and Canada,US,-0.1837,0.0098,0.0098,0.0098,0.0009,0.008,0.0033,0.0019,0.0019,-0.0041,-0.0131,-0.004,-0.0069,-0.0069,-0.0134,,1420.08,1467.12,1535.09,1273.72,1299.74,1253.79,1281.26,1161.79,1241.62,1054.6,1080.18,1025.74,970.64
EE,Excelerate Energy Inc.,34.884,3956.89,United States and Canada,US,-0.192,0.0098,-0.0416,-0.0809,-0.0796,0.0793,0.0039,0.0493,-0.0096,0.0028,0.1394,0.0052,0.0641,0.1015,,,1493.52,1876.58,2397.32,851.44,1158.96,2472.97,888.55,430.84,544.4,,,,
USAC,USA Compression Partners LP,25.797,3739.85,United States and Canada,US,-0.1556,0.0098,0.0095,0.0315,0.0743,0.3221,-0.0009,-0.0007,0.0457,0.0825,0.3358,0.0013,0.0018,0.0807,0.1211,,1377,1446.28,1521.39,950.45,846.18,704.6,632.64,667.68,698.37,584.35,276.67,263.94,324.48
KYIV,Kyivstar Group Ltd.,13.376,3088.3,United States and Canada,US,-0.1918,0.0097,0.0097,0.0626,0.1158,,-0.0053,0.0131,0.0869,0.1179,,0.0019,0.0207,0.066,0.1002,,1324.01,1426.73,1546.82,919,915,3755,3850,7980,8864,9097,8832,6707,10187
CBOE,Cboe Global Markets Inc.,286.14,29881.89,United States and Canada,US,-0.2291,0.0097,0.0227,0.0229,0.1279,0.1983,0.0162,0.0234,0.0236,0.1221,0.1882,0.0155,0.0286,0.029,0.1204,0.19,2868.89,2975.33,3111.87,4094.5,3773.5,3958.5,3494.8,3427.1,2496.1,2768.8,2229.1,703.1,663.8
LIND,Lindblad Expeditions Holdings Inc.,33.961,2228.51,United States and Canada,US,-0.0283,0.0097,0.011,0.0153,0.0382,0.0551,0.0187,0.0214,0.0214,0.0469,0.0903,0.0077,0.0222,0.0222,,,856.57,922.82,943.8,644.73,569.54,421.5,147.11,82.36,343.09,309.73,266.5,242.35,209.99
LYFT,Lyft Inc.,17.47,6633.05,United States and Canada,US,-0.316,0.0097,0.0097,0.0161,0.0013,0.017,0.0054,0.0052,0.0122,0.0005,0.0118,0.0059,0.006,0.0158,-0.0036,0.0091,7378.13,8247.3,8912.02,5786.02,4403.59,4095.14,3208.32,2364.68,3615.96,2156.62,1059.88,343.3,
AUR,Aurora Innovation Inc.,7.051,14131.3,United States and Canada,US,-0.1768,0.0097,0.0103,-0.0065,-0.5147,-0.592,-0.0072,-0.0067,-0.0424,-0.1281,-0.3262,0.0165,0.0167,-0.0568,-0.1973,-0.2649,15.01,184.63,658.42,,,68,82,,19.6,,,,
MD,Pediatrix Medical Group Inc.,27.08,2147.97,United States and Canada,US,-0.0308,0.0096,0.0096,0.0093,-0.0006,0.0091,0.0079,0.0079,0.0097,0.0003,-0.0145,0.012,0.012,0.0156,-0.0366,-0.0185,1957.36,2003.36,2100.26,2012.92,1994.64,1972.02,1911.19,1733.95,1779.76,1723.11,3253.39,3183.16,2780
ARE,Alexandria Real Estate Equities Inc.,49.733,8665.85,United States and Canada,US,-0.4364,0.0096,0.0069,0.0086,-0.0422,-0.1383,0.0091,-0.0156,-0.0612,-0.0907,-0.1788,-0.0163,-0.0341,-0.0547,-0.0757,-0.1908,2625.67,2523.01,2656.69,3123.45,2886.68,2589.61,2126.41,1893.79,1541.43,1335,1129.42,921.52,845.13
NWSA,News Corporation,28.5,16140.38,United States and Canada,US,-0.0984,0.0096,0.0093,0.0257,0.0333,0.0449,0.0069,0.0065,0.0192,0.0284,0.039,0.0133,0.0133,0.0211,0.0287,0.0341,9394.58,9723.53,10121.4,8452,8252,8012,10385,9358,9008,10074,9024,8139,8292
FE,FirstEnergy Corp.,47.477,27472.09,United States and Canada,US,-0.0929,0.0095,0.0203,0.0282,0.0805,0.0882,0.0007,0.0264,0.0285,0.0819,0.0985,0.0008,0.0257,0.0276,0.1132,0.1185,16023.46,16832.93,17891.41,13286,12685,12268,10943,10607,10844,11063,10740,10504,14610
DTM,DT Midstream Inc.,131.499,13414.91,United States and Canada,US,-0.1399,0.0095,0.0158,0.0012,0.0038,0.012,-0.0021,0.007,0.0031,-0.0341,-0.0318,0.0047,0.0145,0.0108,-0.0119,,1366.03,1421.33,1580.39,981,922,920,840,754,504,485,,,
CACI,CACI International Inc,644.833,14245.2,United States and Canada,US,-0.0566,0.0093,0.0095,0.0088,0.0706,0.1174,0.0061,0.0067,0.0072,0.0667,0.0961,0.0184,0.0083,,,,10774.16,11418.72,12285.52,8627.82,7659.83,6702.55,6202.92,6044.14,5720.04,4986.34,4467.86,4354.62,3744.05
PAYC,Paycom Software Inc.,214.967,9293.52,United States and Canada,US,-0.1365,0.0093,0.0094,0.0082,-0.008,-0.0027,0.0108,0.0109,0.0095,-0.0238,-0.0286,0.015,0.0152,0.0139,-0.002,0.0336,2209.44,2370.64,2565.45,1883.2,1693.7,1375.2,1055.52,841.43,737.67,566.34,433.05,329.14,224.65
EXPE,Expedia Group Inc.,310.682,37288.7,United States and Canada,US,-0.0623,0.0093,0.0094,0.0131,0.0299,0.0701,0.0087,0.0084,0.0133,0.0265,0.0648,0.0045,0.0022,0.0085,0.0404,0.0942,16149.33,17293.65,18566.46,13691,12839,11667,8598,5199,12067,11223,10060,8774,6672.32
ALRM,Alarm.com Holdings Inc.,57.511,2844.53,United States and Canada,US,-0.0339,0.0092,0.0092,0.0137,0.0329,0.0461,0.0108,0.0108,0.0162,0.0408,0.044,0.005,0.005,0.0085,,,1075.56,1127.48,1165.08,939.83,881.68,842.56,748.97,618,502.36,420.49,338.94,261.11,208.89
FRPT,Freshpet Inc.,66.914,3253.69,United States and Canada,US,-0.2219,0.0092,0.0097,0.013,0.0128,-0.037,0.0064,0.0053,0.0074,-0.0033,-0.085,0,-0.0026,-0.0018,-0.0167,-0.1251,1222.03,1326.72,1437.18,975.18,766.89,595.34,425.49,318.79,245.86,193.24,152.36,129.71,116.19
BEN,Franklin Resources Inc.,33.77,17157.76,United States and Canada,US,-0.0692,0.0092,0.011,0.0284,0.0396,0.0977,-0.0017,0.0149,0.0437,0.0488,0.0832,0,0.0158,0.0844,0.0979,0.0772,9348.45,9581.5,9671.12,8478,7849.4,8275.3,8425.5,5566.5,5669.4,6204.5,6392.2,6618,7948.7
HSIC,Henry Schein Inc.,88.135,9822.34,United States and Canada,US,-0.0439,0.0092,0.009,0.009,0.0252,0.0297,0.012,0.0113,0.0113,0.0265,0.0309,0.0157,0.012,0.012,0.0373,0.0173,13871.31,14424.71,15006.56,12673,12339,12647,12401,10119,9985.8,9417.6,8883.44,11571.67,10629.72
SCI,Service Corporation International,85.018,11587.24,United States and Canada,US,-0.0656,0.0091,0.0097,0.0097,0,0.0047,0.0098,0.0098,0.0098,-0.003,-0.0057,0.0157,0.0157,0.0157,,,4466.14,4626.65,4848.94,4186.38,4099.78,4108.66,4143.14,3511.51,3230.78,3190.17,3095.03,3031.14,2986.04
PRMB,Primo Brands Corporation,23.573,8541.77,United States and Canada,US,-0.1007,0.0091,0.009,0.0213,0.0249,-0.0545,0.0094,0.0092,0.0208,0.0205,-0.0557,0.0122,0.0121,0.031,0.0356,-0.0493,6839.31,7078.12,7363.13,5152.5,4698.7,4441.1,3356.62,,,,,,
LION,Lionsgate Studios Corp.,12.97,3769.52,United States and Canada,US,-0.2234,0.0091,0.0068,0.069,0.0699,0.0094,0.0121,0.0122,0.0798,0.0753,0.0008,0.0263,0.0278,,,,3381.07,3451.02,3617.36,3947.9,4016.9,3854.8,3604.3,3271.5,3890,3680.5,4129.1,3201.5,2347.4
NNN,NNN REIT Inc.,46.842,8911.61,United States and Canada,US,-0.0632,0.0091,0.0096,0.0051,0.0152,0.0325,0.0061,0.0068,0.0052,0.0056,0.0402,0.0033,0.0068,0.0066,-0.01,0.0068,982.95,1029.91,1071.2,869.27,828.11,773.05,726.41,660.68,670.49,622.66,584.93,533.65,482.92
AMRX,Amneal Pharmaceuticals Inc.,18.145,5788.67,United States and Canada,US,-0.0579,0.009,0.0121,0.0138,-0.0169,-0.0202,0.0177,0.0175,0.0175,-0.0237,-0.027,0.0386,0.0416,0.0428,,,3143.57,3387.74,3730.76,2793.96,2393.61,2212.3,2093.67,1992.52,1626.37,1662.99,1033.65,1018.23,866.28
MMSI,Merit Medical Systems Inc.,89,5314.23,United States and Canada,US,-0.0607,0.009,0.0103,0.0103,0.0192,0.0255,0.0094,0.0104,0.0107,0.0241,0.0288,0.0133,0.0164,0.0164,0.0199,0.0181,1636.23,1735.9,1843.02,1356.51,1257.37,1150.98,1074.75,963.88,994.85,882.75,727.85,603.84,542.15
PINS,Pinterest Inc.,23.68,13410.29,United States and Canada,US,-0.4055,0.009,0.0092,0.0095,0.0172,0.0213,0.013,0.0136,0.0132,0.0053,0.0006,0.0124,0.015,0.0143,-0.0029,-0.0321,4908.65,5550.29,6187.78,3646.17,3055.07,2802.57,2578.03,1692.66,1142.76,755.93,472.85,,
AVY,Avery Dennison Corporation,177.153,13426.1,United States and Canada,US,-0.1122,0.0088,0.007,0.007,0.0064,0.017,0.0063,0.0031,0.0031,-0.0006,0.001,0.0078,0.0049,0.0049,-0.0034,0.0009,9340.77,9632.92,10062.46,8755.7,8364.3,9039.3,8408.3,6971.5,7070.1,7159,6613.8,6086.5,5966.9
ICE,Intercontinental Exchange Inc.,150.3,84377.59,United States and Canada,US,-0.2062,0.0088,0.0049,0.0052,0.0514,0.0414,0.0049,0.0062,0.0061,0.039,0.0352,0.0035,0.0142,0.0135,0.0629,0.0693,11021.93,11600.29,12376.96,9279,7988,7292,7146,6036,5202,4979,4638,4512,3338
SGHC,Super Group (SGHC) Limited,13.058,6634.47,United States and Canada,US,-0.1767,0.0088,0.0329,0.0242,0.0597,0.1712,0.0157,0.0381,0.029,0.0395,0.1701,0.0164,0.0355,0.0361,0.0206,0.1795,2617.93,2842.54,3075.95,1757.85,,1383.67,1503.14,1109.23,533.98,,,,
LBRT,Liberty Energy Inc.,19.94,3254.04,United States and Canada,US,-0.4217,0.0087,0.0556,0.0626,0.1423,0.1767,0.0111,0.0488,0.0842,0.1614,-0.0471,0.014,0.0258,0.0228,0.0926,0.3023,4581.72,4979.68,5740.1,4315.16,4747.93,4149.23,2470.78,965.79,1990.35,2155.14,1489.86,374.77,455.4
GFF,Griffon Corporation,107.151,4914.66,United States and Canada,US,-0.0121,0.0087,0.0087,-0.0836,-0.083,-0.2994,0.0091,0.0089,0.016,0.0167,-0.2959,0.0241,0.0241,0.0636,0.0636,,1828.59,1884.41,1977.4,2623.52,2685.18,2848.49,2270.63,2066.55,1874.25,1977.92,1525,1477.04,1483.29
XEL,Xcel Energy Inc.,78.052,48753.96,United States and Canada,US,-0.0733,0.0086,-0.004,-0.002,-0.0009,-0.0151,-0.0022,-0.0013,-0.0016,0.0065,0.017,-0.002,0.0011,0.0009,0.0171,0.02,15753.97,17296.64,18739.45,13441,14206,15310,13431,11526,11529,11537,11404,11107,11024
CRGY,Crescent Energy Company,11.565,3821.12,United States and Canada,US,-0.1907,0.0086,-0.0328,0.0145,0.0773,0.3547,-0.0016,-0.0206,-0.025,0.0332,0.2652,0.0012,0.0291,0.032,-0.012,,4826.09,4593.58,4563.65,2930.92,2382.6,3057.07,1476.98,754.22,1087.24,1199.16,,,
BMRN,BioMarin Pharmaceutical Inc.,63.77,12325.75,United States and Canada,US,-0.0378,0.0086,0.0022,0.009,0.1551,0.1297,0.005,-0.003,0.0071,0.2517,0.1952,0.0022,-0.0062,-0.0034,0.2853,0.222,3906.2,4449.4,4799.36,2853.91,2419.23,2096.04,1846.28,1860.45,1704.05,1491.21,1313.65,1116.85,889.89
RDW,Redwire Corporation,13.59,3372.83,United States and Canada,US,-0.4899,0.0086,0.0072,0.0016,-0.0039,-0.2681,-0.0107,-0.0076,-0.0072,0.0745,-0.1784,0.0292,0.0292,,,,472.79,559.83,683.8,304.1,243.8,160.55,137.6,44.49,19.01,,,,
CUZ,Cousins Properties Incorporated,29.616,4874.85,United States and Canada,US,-0.1012,0.0086,0.009,0.0219,0.0354,0.0601,0.0026,0.0018,0.0083,0.0138,0.0288,-0.0058,-0.0058,0.0159,0.0064,0.03,1064.25,1088.29,1119.51,853.96,805.17,765.49,761.87,748.29,670.18,487.44,513.3,269.77,210.39
BG,Bunge Global SA,108.348,20815.72,United States and Canada,US,-0.1966,0.0085,0.0243,0.0122,0.0195,-0.0466,-0.0016,-0.0016,0.0019,0.0022,,0.003,0.0156,-0.0082,-0.026,,92555.6,93710.25,92826.21,53108,59540,67232,59152,41404,41140,45743,45794,42679,43455
TXNM,TXNM Energy Inc.,57.593,5934.73,United States and Canada,US,-0.0325,0.0085,0.0085,0.0085,0.0271,0.0281,0.0053,0.0053,0.0053,0.043,0.0443,0.0165,0.0165,0.0165,0.061,0.0948,2347.89,2526.68,2742.76,1971.2,1939.2,2249.55,1779.87,1523.01,1457.6,1436.61,1445,1362.95,1439.08
EXP,Eagle Materials Inc.,214.168,6569.67,United States and Canada,US,-0.1277,0.0085,0.0052,0.0106,0.0093,-0.0319,0.0091,0.0015,0.0013,0.0066,-0.0508,0.0013,-0.0067,,,,2349.11,2462.6,2637.85,2260.51,2259.3,2148.07,1861.52,1622.64,1404.03,1310.25,1386.52,1211.22,1143.49
MORN,Morningstar Inc.,200.665,7527.66,United States and Canada,US,-0.2458,0.0085,0.0097,0.0093,0.0138,0.0211,0.0089,0.0107,-0.0021,-0.0054,-0.0094,0.0066,0.0094,-0.0286,-0.0484,,2648.69,2800.7,2969.08,2275.1,2038.6,1870.6,1699.3,1389.5,1179,1019.9,911.7,798.6,788.8
TKO,TKO Group Holdings Inc.,186.553,35308.83,United States and Canada,US,-0.178,0.0085,0.009,0.0076,-0.0375,0.0103,0.005,0.0062,0.0085,-0.0163,0.0624,-0.0032,-0.0035,0.0101,0.0378,0.113,5819.59,5872.81,7387.26,4884.24,3224.8,1140.15,1031.94,891.15,,,,,
GTES,Gates Industrial Corporation Ltd.,28.25,7151.52,United States and Canada,US,-0.0689,0.0084,0.0097,0.0104,0.0189,-0.001,0.0098,0.0114,0.0122,0.0292,0.0099,0.0094,0.0099,0.0113,0.0357,,3609.02,3776.02,3914.52,3408.2,3570.2,3554.2,3474.4,2793,3087.1,3347.6,3041.7,2747,2745.1
CLX,The Clorox Company,105.15,12714.88,United States and Canada,US,-0.1843,0.0084,0.007,0.0071,0.1199,0.1125,0.0034,0.0014,-0.0003,0.1139,0.0955,0.0102,0.0067,0.0067,0.1023,0.0502,7630.59,7793.85,8031.6,7104,7093,7389,7107,7341,6721,6214,6124,5973,5761
KBR,KBR Inc.,38.04,4795.62,United States and Canada,US,-0.2717,0.0084,0.0091,0.0035,-0.0129,-0.0738,0.0122,0.0126,0.0107,-0.0059,-0.0495,0.0279,0.0279,0.0173,-0.0927,-0.0949,8054.02,8516.89,8938.63,7742,6956,6564,7339,5767,5639,4913,4171,4268,5096
INVH,Invitation Homes Inc.,30.37,18003.94,United States and Canada,US,-0.0321,0.0083,0.0046,0.043,0.0428,0.0407,0.0001,0.0046,0.0388,0.0209,0.0146,-0.004,-0.0045,0.0532,-0.0057,-0.021,2930.91,2988.8,3122.53,2590.5,2414.4,2228.51,1995.07,1822.83,1764.68,1722.96,1054.46,922.59,836.05
REYN,Reynolds Consumer Products Inc.,26.536,5593.55,United States and Canada,US,-0.0287,0.0083,0.0148,0.0212,0.0231,0.0204,0.0156,0.0166,0.0253,0.0253,0.0225,0.0118,0.0135,0.0221,0.0295,0.0277,3795.08,3870.53,3956.16,3695,3756,3817,3556,3263,3032,3142,2957,2935,
AWK,American Water Works Company Inc.,135.277,26883.46,United States and Canada,US,-0.0851,0.0082,-0.0041,-0.0097,0.0006,0.0166,0.0008,0.0012,0.0009,-0.0055,0.0085,-0.0075,-0.0078,-0.0016,-0.0347,-0.0315,5395.02,5757.03,6122.43,4684,4234,3792,3930,3777,3610,3440,3357,3302,3159
SMMT,Summit Therapeutics Inc.,13.955,11132.6,United States and Canada,US,-0.5356,0.0081,0.2477,0.6623,0.695,-0.8103,0.0081,0.0619,-0.2714,-0.3181,-0.5442,0.0081,0.0262,-0.3176,-0.3881,-0.3709,4.08,59.55,585.71,,,0.7,1.81,0.86,0.81,57.09,20.12,2.99,1.82
MANU,Manchester United plc,21.63,3729.76,United States and Canada,US,-0.1069,0.0081,0.0077,0.0139,0.0102,-0.0125,0.0081,0.0044,-0.0124,-0.001,0.0208,0.0081,0.0133,-0.004,-0.0146,,895.43,1014.5,1081.78,836.53,823.44,709.91,683.49,630.74,796.4,778.38,757.13,685.12,621.45
IMCR,Immunocore Holdings plc,34.045,1731.72,United States and Canada,US,-0.1638,0.0081,0.0067,0.0065,0.0109,0.0923,0.0062,0.0085,0.0013,-0.0111,0.0555,0.0099,0.0099,-0.0002,-0.1361,-0.0944,450.01,490.47,584.16,310.2,249.43,173.76,35.86,41.18,34,30.15,19.25,20.3,16.88
FIGR,Figure Technology Solutions Inc.,28.609,6325.47,United States and Canada,US,-0.6332,0.0081,0.0288,0.1462,0.2183,,0.0232,0.0652,0.1583,0.2425,,0.0052,0.0156,0.0821,,,842.12,1045.86,1244.2,292.68,161.39,,,,,,,,
LAMR,Lamar Advertising Company,160.907,16328.05,United States and Canada,US,-0.0326,0.008,0.008,0.0126,0.0122,0.0146,0.0044,0.0043,0.0103,0.0071,0.0067,0.005,0.006,0.0015,,,2396.18,2480.39,2591.77,2212.2,2114.68,2036.45,1790.79,1568.86,1753.64,1627.22,1541.26,1500.29,1353.4
GILD,Gilead Sciences Inc.,133.178,165273.9,United States and Canada,US,-0.1533,0.0079,0.0062,0.0154,0.015,0.0304,0.0117,0.0092,0.0199,0.029,0.0445,0.0068,0.0046,0.0169,0.0339,0.0461,30666.64,32675.65,34336.93,28754,27116,27281,27305,24689,22449,22127,26107,30390,32639
WT,WisdomTree Inc.,21.251,3156.9,United States and Canada,US,-0.0818,0.0079,0.0031,-0.002,0.0785,0.3487,0.0009,-0.0098,-0.0054,0.0968,0.3549,0.0024,-0.011,-0.0011,,,695.76,763.27,825.52,427.74,349.04,301.35,304.32,249.91,266.53,274.12,228.29,218.92,298.94
ESTA,Establishment Labs Holdings Inc.,77.366,2276.91,United States and Canada,US,-0.2072,0.0079,0.0081,0.0106,0.025,0.0446,0.0063,0.0075,0.0119,0.022,0.0619,0.0065,0.0083,0.018,-0.0826,-0.0477,269.58,339.86,420.06,166.03,165.15,161.7,126.68,84.68,89.56,61.21,34.68,19.8,
LEU,Centrus Energy Corp.,191.37,3818.38,United States and Canada,US,-0.5878,0.0078,-0.0153,0.0122,-0.0682,-0.0567,-0.0254,-0.062,-0.0494,-0.1242,-0.1052,-0.0903,-0.0534,-0.0287,-0.3411,-0.3914,462.91,471.2,421.96,442,320.2,293.8,298.3,247.2,209.7,193,218.4,311.3,418.2
GWW,W.W. Grainger Inc.,1277.55,60173.81,United States and Canada,US,-0.1003,0.0078,0.0079,0.0356,0.0368,0.0224,0.0093,0.011,0.0384,0.038,0.0271,0.0073,0.0097,0.0358,0.033,0.013,19629.15,21016.55,22340.07,17168,16478,15228,13022,11797,11486,11221,10425,10137,9973.38
PCOR,Procore Technologies Inc.,57.047,8668.6,United States and Canada,US,-0.307,0.0077,0.0077,0.0087,0.0278,0.0306,0.0085,0.0086,0.0101,0.0268,0.0127,0.0064,0.0066,0.0114,0.0055,-0.0185,1513.76,1713.46,1950.05,1151.71,950.01,720.2,514.82,400.29,289.19,186.4,112.25,,
FOXA,Fox Corporation,64.027,25418.61,United States and Canada,US,-0.1618,0.0077,0.0121,0.0307,0.0301,0.0672,0.0039,0.0142,0.0245,0.022,0.0618,0.0136,0.0198,0.0281,0.0281,0.0977,17511.81,17522.34,18910.36,16300,13980,14913,13974,12909,12303,11389,10153,9921,8894
MGY,Magnolia Oil & Gas Corporation,25.08,5943.17,United States and Canada,US,-0.2344,0.0077,0.1836,0.3438,0.4855,0.4188,0.0024,0.724,0.7054,0.8976,0.8105,-0.0019,0.7117,0.7192,0.7038,,1924.76,2692.8,2734.58,1315.89,1226.98,1694.49,1078.35,541.3,942.16,1039.72,,,
LIVN,LivaNova PLC,76.185,4197.3,United States and Canada,US,-0.1116,0.0077,0.0075,0.007,0.0347,0.0613,0.008,0.0079,0.0169,0.0404,0.0789,0.0093,0.0086,0.0224,0.0416,0.1063,1519.66,1627.35,1745.06,1253.44,1153.55,1021.8,1035.37,934.24,1084.17,1106.96,1012.28,964.86,544.86
DASH,DoorDash Inc.,216.075,93624.36,United States and Canada,US,-0.2432,0.0076,0.0075,-0.0026,-0.0063,0.1607,0.0073,0.0073,0.0056,0.004,0.1906,0.0071,0.0068,0.0089,0.0029,0.2154,17726.52,21370.24,25290.55,10722,8635,6583,4888,2886,885,291,,,
ICLR,ICON Public Limited Company,164.33,12678.75,United States and Canada,US,-0.1941,0.0076,0.0082,0.0295,0.005,-0.0095,0.0131,0.0144,0.0332,-0.0014,-0.0193,0.023,0.0244,0.0414,-0.0056,-0.0129,8119.28,8422.53,8888.05,8188.99,8054.93,7741.39,5480.83,2797.29,2805.84,2595.78,1758.44,1666.49,1574.98
BWXT,BWX Technologies Inc.,169.854,15562.36,United States and Canada,US,-0.2976,0.0076,0.0083,0.0072,0.0385,0.1221,0.0075,0.0066,0.0072,0.0396,0.1251,0.007,0.0027,-0.0002,0.0348,0.104,3815.37,4194.84,4571.11,2703.65,2496.31,2232.83,2124.07,2123.52,1894.92,1799.89,1687.74,1550.57,1415.53
KEX,Kirby Corporation,131.29,7024.01,United States and Canada,US,-0.1674,0.0076,0.0339,0.0338,0.0475,0.0361,0.0054,0.0362,0.0367,0.0516,-0.0064,0.0372,0.0209,0.0209,,,3617.83,3865.41,4242.75,3265.88,3091.64,2784.75,2246.66,2171.41,2838.4,2970.7,2214.42,1770.67,2147.53
APAM,Artisan Partners Asset Management Inc.,42.571,3451.1,United States and Canada,US,-0.1215,0.0076,0.0185,0.0214,-0.0039,-0.0258,0.0026,0.0218,0.0181,-0.0363,,0.0106,0.0407,-0.0191,-0.0384,,1248.46,1300.54,1327.49,1111.8,975.13,993.28,1227.24,899.57,798.95,828.63,795.62,720.86,805.47
LINE,Lineage Inc.,42.376,10767.84,United States and Canada,US,-0.0737,0.0076,0.0079,-0.0001,-0.0119,-0.0467,0.0018,0.0026,-0.0068,-0.0255,-0.0761,0.0019,0.0019,-0.0136,-0.0282,-0.1013,5437.49,5558.93,5832.49,5340,5342,4928,3701.7,,,,,,
TFSL,TFS Financial Corporation,17.576,4900.31,United States and Canada,US,-0.0982,0.0075,0.0075,0.0075,0.0187,0.0083,0.0136,0.0136,0.0136,0.0417,0.0504,,,,,,347.75,374.16,392.9,304.66,306.5,290.2,295.93,292.52,295.88,313.48,315.75,303.37,297.39
CI,The Cigna Group,282.462,74637.9,United States and Canada,US,-0.1046,0.0075,0.0076,0.0093,0.0301,0.0505,0.0056,0.0055,0.0036,-0.0026,0.0273,0.007,0.0102,0.0114,0.0326,0.0451,286635.3,298715.56,315503.74,247121,195187,180021,174274,160550,153743,48569,42043,40007,37876
HXL,Hexcel Corporation,103.43,7821.73,United States and Canada,US,-0.0743,0.0075,0.0099,0.0101,0.013,-0.0156,0.0042,0.0064,0.0045,0.0207,-0.0013,0.0039,0.0075,0.0055,0.0074,-0.0475,2093.14,2336.59,2520.71,1903,1789,1577.7,1324.7,1502.4,2355.7,2189.1,1973.3,2004.3,1861.2
EVTC,EVERTEC Inc.,29.85,1783.61,United States and Canada,US,-0.2084,0.0075,0.0075,0.0545,0.1123,0.1436,0.0078,0.0078,0.071,0.1372,0.1725,0.0044,0.0044,0.0542,,,1085.53,1178,1260.12,845.49,694.71,618.41,589.8,510.59,487.37,453.87,407.14,389.51,373.53
WMG,Warner Music Group Corp.,26.382,13800.68,United States and Canada,US,-0.2552,0.0075,0.0072,0.03,0.0335,0.0829,0.0054,0.0047,0.0264,0.0319,0.0832,0.0068,0.0054,0.0261,0.03,0.1114,7332.79,7748.32,8230.32,6426,6037,5919,5301,4463,4475,4005,3576,3246,2966
VVX,V2X Inc.,84.309,2642.7,United States and Canada,US,-0.1029,0.0074,0.0074,0.0092,0.0568,0.0585,0.0092,0.0092,0.015,0.0587,0.0857,0.0289,0.0289,0.0334,0.0696,0.0804,4971.25,5228.54,5546.05,4322.15,3963.13,2890.86,1783.66,1395.53,1382.53,1279.04,1114.79,1190.52,1180.68
RVTY,Revvity Inc.,114.803,12807.4,United States and Canada,US,-0.0296,0.0074,0.0076,0.0016,-0.0436,-0.0409,0.0088,0.0078,0.0033,-0.0407,-0.0512,0.0125,0.0108,0.0062,-0.0342,-0.0553,2850.89,3004.11,3199.01,2755.03,2750.57,3311.82,3827.81,2663.23,2883.67,2778,2256.98,2115.52,2104.82
LAUR,Laureate Education Inc.,38.35,5282.69,United States and Canada,US,-0.0629,0.0074,0.0074,0.0126,0.0417,0.0933,0.0049,0.0042,0.003,0.0233,0.0832,0.0008,0.0032,0.0006,,,1924.34,2055.22,2211.11,1566.64,1484.29,1242.27,1086.7,1024.92,1212.07,1144.57,3333.07,3301.86,4291.66
SYBT,Stock Yards Bancorp Inc.,83.423,2591.67,United States and Canada,US,-0.0649,0.0073,0.011,0.011,0.0228,0.1093,0.0067,0.0058,0.0058,0.0221,,,,,,,457.52,495.6,,342.55,324.46,311.05,236.79,166.31,171.76,155.7,138.48,132.75,126.78
KVYO,Klaviyo Inc.,16.62,4732.17,United States and Canada,US,-0.5479,0.0073,0.0073,0.0077,0.033,0.0521,0.0075,0.0074,0.01,0.0304,0.0516,0.0115,0.0115,0.0125,0.0204,0.0366,1531.17,1830.05,2186.15,937.46,698.1,472.75,290.64,,,,,,
PFE,Pfizer Inc.,26.76,152523.27,United States and Canada,US,-0.0691,0.0073,0.0076,0.0081,0.0192,-0.0056,0.0075,0.0078,0.0069,0.0147,-0.024,0.0011,-0.0038,-0.0038,0.0009,-0.046,62191.3,59811.9,54999.33,63627,59554,101175,81288,41651,40905,40825,52546,52824,48851
BIIB,Biogen Inc.,207.895,30717.32,United States and Canada,US,-0.0538,0.0073,0.0367,0.041,0.1164,0.1236,0.011,0.0235,0.0299,0.1432,0.1391,0.0073,0.0212,0.0284,0.1568,0.1496,10421.93,10624.91,10908.38,9675.9,9835.6,10173.4,10981.7,13444.6,14377.9,13452.9,12273.9,11448.8,10763.8
ROK,Rockwell Automation Inc.,440.984,48970.69,United States and Canada,US,-0.1134,0.0071,0.0072,0.0109,0.0197,0.0414,0.0063,0.0075,0.0109,0.0165,0.0333,0.0075,0.0093,0.011,0.0152,0.0392,9036.76,9540.67,10144.69,8264,9058,7760.4,6997.4,6329.8,6694.8,6666,6311.3,5879.5,6307.9
TREX,Trex Company Inc.,49.153,5006.98,United States and Canada,US,-0.2559,0.0071,0.0256,0.0282,0.0346,-0.0611,0.0094,0.0259,0.0269,0.0274,-0.083,-0.0034,0.015,0.0154,0.0013,,1242.96,1320.49,1419.83,1151.45,1094.84,1106.04,1196.95,880.83,745.35,684.25,565.15,479.62,440.8
ESNT,Essent Group Ltd.,68.659,6327.12,United States and Canada,US,-0.019,0.0071,0.0062,0.0541,0.0711,0.0384,0,-0.003,0.0735,0.1108,0.0575,0,-0.0059,0.0958,,,1382.04,1463.67,1534.7,1242.9,1109.76,1000.82,1028.51,955.15,867.57,719.35,576.51,458.26,353.29
MRNA,Moderna Inc.,59.152,23615.6,United States and Canada,US,-0.309,0.0071,0.008,0.0097,0.0312,-0.0725,-0.0468,-0.0398,-0.0397,-0.0102,-0.145,-0.008,0.0248,0.0226,-0.006,-0.2215,2106.4,2428.42,3285.94,3236,6848,19263,18471,803,60,135.07,205.82,108.4,
F,Ford Motor Company,13.98,55746.59,United States and Canada,US,-0.2137,0.0071,0.0042,0.015,0.0107,0.027,0.007,0.0151,0.0145,0.0262,0.0049,0.0106,0.0061,-0.0016,0.004,-0.0012,176665.07,180070.23,186028.15,184992,176191,158057,136341,127144,155900,160338,156776,151800,149558
RELY,Remitly Global Inc.,24.401,5137.9,United States and Canada,US,-0.1013,0.0071,0.0074,0.0168,0.0345,0.0394,0.0081,0.0086,0.0177,0.0355,0.0683,0.016,0.016,0.0145,0.0456,,1986.59,2368.68,2808.64,1263.96,944.28,653.56,458.61,256.96,126.57,,,,
ST,Sensata Technologies Holding plc,46.656,6790.12,United States and Canada,US,-0.1342,0.007,0.0076,0.0073,0.016,0.0111,0.0074,0.0087,0.0088,0.0141,0.0076,0.009,0.011,0.0097,0.004,-0.0124,3870.8,4045.69,4264.54,3932.8,4054.1,4029.26,3820.81,3045.58,3450.63,3521.63,3306.73,3202.29,2974.96
VSEC,VSE Corporation,218.258,6124.76,United States and Canada,US,-0.0927,0.007,0.008,0.0332,0.2709,0.4559,0.0037,0.0028,0.0097,0.3742,0.5632,0.0053,0.0039,0.0127,0.3534,0.3763,1789.19,2164.24,2364.53,786.26,544.02,669.45,481.38,661.66,752.63,697.22,760.11,691.79,533.98
INOD,Innodata Inc.,62.481,2040.34,United States and Canada,US,-0.5007,0.007,0.007,0.0527,0.1476,0.2059,0.004,0.004,0.0605,,0.4698,,,,,,359.52,460.06,,170.46,86.78,79,69.75,58.24,55.86,57.42,60.93,63.07,58.52
BCC,Boise Cascade Company,86.633,3022.74,United States and Canada,US,-0.058,0.007,0.0088,0.0103,0.0023,-0.0239,0.0021,0.0026,0.0053,-0.0035,-0.0132,0.0162,0.0146,0.0146,0.0528,,6619.9,6874.99,6960.72,6724.29,6838.24,8387.31,7926.11,5474.84,4643.4,4995.29,4431.99,3911.22,3633.41
AUPH,Aurinia Pharmaceuticals Inc.,15.836,2036.54,United States and Canada,US,-0.1774,0.0069,0.0069,0.0057,0.0039,0.0587,0.0029,0.0029,0.0036,0.0128,0.0624,-0.0068,-0.0068,-0.0057,-0.023,0.0734,328.06,384.9,440.88,235.13,175.51,134.03,45.6,50.12,0.32,0.46,0.42,0.17,0.23
VFS,VinFast Auto Ltd.,3.345,7825.75,United States and Canada,US,-0.3671,0.0068,0.0058,-0.0551,0.0976,0.2593,0.0068,0.0058,-0.0132,0.3449,0.1258,0.0031,0.0021,-0.0521,0.0364,-0.1178,5507,7657.74,8618.82,1727.25,1149.14,589.78,700.84,591.35,,,,,
NVST,Envista Holdings Corporation,28.15,4580.79,United States and Canada,US,-0.0746,0.0068,0.006,0.0126,0.0146,0.0621,0.0074,0.0064,0.0119,0.0176,0.0677,0.011,0.0087,0.0153,0.0235,0.0713,2878.11,2978.68,3094.1,2510.6,2566.5,2569.1,2508.9,1929.1,2284.8,2844.5,2810.9,2785.4,
AVA,Avista Corporation,38.738,3244.42,United States and Canada,US,-0.1095,0.0068,0.0066,0.0184,0.0038,-0.0118,0.0013,0.0007,-0.007,0.0113,0.0118,0.0008,0.0001,-0.0089,0.0176,-0.0177,2003.56,2076.48,2145.59,1938,1752,1710,1438.94,1321.89,1345.62,1396.89,1445.93,1442.48,1484.78
APH,Amphenol Corporation,169.211,208634.36,United States and Canada,US,-0.0521,0.0067,0.0585,0.0597,0.1301,0.4813,0.0306,0.0897,0.1074,0.1784,0.5961,0.0499,0.1093,0.1423,0.225,0.6928,35411.46,41425.08,46764.43,15222.7,12554.7,12623,10876.3,8598.9,8225.4,8202,7011.3,6286.4,5568.7
FTDR,Frontdoor Inc.,90.837,6379.93,United States and Canada,US,-0.0278,0.0067,0.0083,0.0082,0.0026,-0.0013,0.0068,0.0081,0.0083,0.0064,0.0001,-0.0066,-0.0187,-0.0059,,,2198.9,2333.91,2497.2,1843,1780,1662,1602,1474,1365,1258,1157,1020,917
IEX,IDEX Corporation,234.46,17284.37,United States and Canada,US,-0.0383,0.0067,0.0165,0.0167,0.035,0.0334,0.0163,0.0224,0.0258,0.0455,0.0212,0.018,0.017,0.0234,0.0325,-0.0335,3691.33,3885.18,4107.85,3268.8,3273.9,3181.9,2764.8,2351.6,2494.6,2483.67,2287.31,2113.04,2020.67
WTW,Willis Towers Watson Public Limited Company,344.793,32021.59,United States and Canada,US,-0.0227,0.0067,0.0046,0.0048,-0.0041,0.0326,0.0045,0.0015,0.003,-0.0108,0.0234,0.0052,-0.001,-0.0012,-0.018,,10483.08,11028.81,11642.74,9930,9483,8866,8998,8615,8370,8513,8202,7887,3809
HAE,Haemonetics Corporation,87.84,3991.98,United States and Canada,US,-0.0084,0.0067,0.0078,0.0145,0.0127,0.0045,0.0079,0.0079,0.0015,-0.0015,-0.0299,0.011,0.0183,0.0221,,-0.0337,1411.5,1485.84,1581.61,1360.82,1309.06,1168.66,993.2,870.46,988.48,967.58,903.92,886.12,908.83
WTTR,Select Water Solutions Inc.,20.229,2796.29,United States and Canada,US,-0.1029,0.0066,0.0066,0.0745,0.1203,-0.0159,-0.0028,-0.0083,0.057,0.0952,-0.0355,0,0,0.0689,0.1149,-0.0123,1509.67,1562.82,1653.34,1452.08,1585.35,1387.42,764.62,605.11,1291.59,1528.93,692.49,302.4,535.58
KOF,Coca-Cola FEMSA S.A.B. de C.V.,110.44,23201.59,United States and Canada,US,-0.0509,0.0066,-0.0041,-0.0017,0.0289,0.0142,0.007,-0.0037,0.0031,0.0314,0.0281,0.0081,-0.0015,0.0018,0.0215,0.0554,17619.57,18952.97,20240.54,13419.2,14433.75,11635.09,9492.77,9233.75,10285.55,9279.73,9320.55,8573.61,8843.49
AFG,American Financial Group Inc.,145.609,12073.46,United States and Canada,US,-0.0294,0.0066,0.0026,-0.0065,-0.0122,-0.0386,0.0088,0.0073,0.0224,-0.0017,0.0163,0.0319,0.0174,0.0393,0.0106,,7215.46,7690.8,8095.1,8010,7452,6810,6393,5579,5974,6939,6684,6345,6194
MELI,MercadoLibre Inc.,1819.754,92255.71,United States and Canada,US,-0.286,0.0066,0.0125,0.0595,0.1057,0.1813,0.0086,0.019,0.0861,0.1509,0.2431,0.0126,0.0264,0.1106,0.1973,0.3054,40990.46,52235.06,64323.94,20777,15107,10780,7069,3974,2296.31,1439.65,1216.54,844.4,651.79
MET,MetLife Inc.,97.77,62908.81,United States and Canada,US,-0.0313,0.0066,0.0036,0.0126,0.0236,0.0268,0.0035,0.0004,0.0059,0.0257,0.0263,0.0028,0.002,-0.0007,0.0039,0.0142,80206.71,83575.01,87340.75,70982,66901,68764,68688,67842,69620,67941,62308,60732,61257
KHC,The Kraft Heinz Company,25.323,30028.62,United States and Canada,US,-0.0988,0.0065,0.0072,0.0066,-0.0138,-0.0311,0.0031,0.0034,0.002,-0.0198,-0.0447,0.0013,0.004,0.0029,-0.0279,-0.0543,24612.09,24634.19,24955.37,25846,26640,26485,26042,26185,24977,26268,26076,26300,18338
KNF,Knife River Corporation,66.8,3791.8,United States and Canada,US,-0.3062,0.0065,0.0064,0.0132,0.0458,0.0027,0.0065,0.0042,0.0109,0.0463,0.028,-0.006,-0.007,-0.0048,,,3457.33,3642.97,3820.63,2899.01,2830.35,2534.73,2228.93,2178,,,,,
CLH,Clean Harbors Inc.,308.192,16268.61,United States and Canada,US,-0.0826,0.0065,0.0402,0.0436,0.0488,0.0236,0.0151,0.0403,0.0433,0.0473,-0.0184,0.0148,0.0156,0.0373,0.0165,-0.0014,6531.94,6824.45,7103.17,5889.95,5409.15,5166.6,3805.57,3144.1,3412.19,3300.3,2944.98,2755.23,3275.14
GPOR,Gulfport Energy Corporation,162.798,2878.9,United States and Canada,US,-0.279,0.0065,-0.026,0.0314,0.007,-0.0417,-0.0002,-0.0123,0.0037,-0.0579,-0.0455,-0.03,0.0013,0.0089,-0.1418,,1521.08,1587.32,1654.64,909.22,1051.38,2330.86,1502.86,801.25,1354.77,1675.18,1085.5,547.14,490.74
ZGN,Ermenegildo Zegna N.V.,14.906,3999.46,United States and Canada,US,-0.0655,0.0065,0.0222,0.002,-0.0083,0.0058,0.0065,0.0268,0.0095,-0.0048,0.0148,0.0065,0.0289,0.012,-0.0174,,2343.86,2535.39,2707.22,2016.62,2102.62,1613.44,1480.38,1246.16,1490.97,1361.92,,,
NOMD,Nomad Foods Limited,11.993,1676.52,United States and Canada,US,-0.2638,0.0065,0.0117,-0.0052,-0.065,-0.0817,0.0065,0.0122,-0.0032,-0.0577,-0.0872,0.0065,0.0167,0.0047,-0.0294,-0.0836,3391.08,3449.79,3462.48,3211.23,3361.12,3147.77,2966.77,3073.42,2607.18,2489.17,2347.45,2028.94,971.16
MIAX,Miami International Holdings Inc.,44.23,4361.55,United States and Canada,US,-0.2259,0.0064,0.0273,0.0638,0.0695,,-0.0098,0.0021,0.0221,0.0198,,0.0071,0.0433,0.0225,0.0328,,541.89,589.76,631.03,1140.07,1041.01,797.92,751.54,452.36,,,,,
TIC,TIC Solutions Inc.,10.06,2233.75,United States and Canada,US,-0.3268,0.0063,0.0063,0.0105,-0.0049,0.8341,0.0104,0.0104,0.0152,-0.0103,0.8643,0,0,0.0138,,,2207.79,2313.69,2386.38,1097.39,1050.06,928.33,,,,,,,
CHD,Church & Dwight Co. Inc.,103.264,24494.62,United States and Canada,US,-0.0262,0.0063,0.0052,0.0149,0.0047,-0.0255,0.0066,0.0045,0.0211,0.0133,-0.0233,0.0086,0.0056,0.023,0.0137,-0.0311,6237.71,6502.65,6753.1,6107.1,5867.9,5375.6,5190.1,4895.8,4357.7,4145.9,3776.2,3493.1,3394.8
REZI,Resideo Technologies Inc.,26.046,3944.05,United States and Canada,US,-0.4249,0.0063,0.0051,0.0044,0.0135,0.0199,-0.1485,-0.1495,-0.1509,-0.1404,-0.1247,-0.3096,-0.3131,-0.3131,,,7802.18,6821.96,5809.23,6761,6242,6370,5846,5071,4988,4827,4519,4455,4154
GFS,GLOBALFOUNDRIES Inc.,53.885,29566.74,United States and Canada,US,-0.4178,0.0063,0.0062,0.0069,0.0194,0.0002,0.0196,0.0197,0.0217,0.0566,0.0327,0.035,0.039,0.041,0.0733,0.0099,7309.33,8236.33,9371.64,6750,7392,8108,6585,4851,5812.79,6196.04,,,
CMPR,Cimpress plc,95.193,2317.7,United States and Canada,US,-0.1068,0.0063,0.0063,0.0174,0.0296,0.079,-0.0096,-0.0096,-0.0098,0.0228,0.109,-0.0113,-0.0113,-0.0115,0.0292,0.1346,4001.15,4247.32,4476.94,3403.08,3291.86,3079.63,2887.55,2575.96,2481.36,2751.08,2592.54,2135.41,1788.04
EOG,EOG Resources Inc.,134.74,70675.06,United States and Canada,US,-0.1128,0.0062,0.0173,0.0494,0.2994,0.1024,-0.0013,-0.0028,0.0255,0.0898,-0.0461,0.005,0.0056,0.0632,-0.0716,,29480.83,26749.29,26153.64,23478,23273,29610,19777,9934,17076,17266.48,11287.59,7544.4,8704.3
ICUI,ICU Medical Inc.,184.879,4620.79,United States and Canada,US,-0.0361,0.0062,0.0066,0.0045,-0.001,0.0002,0.0031,0.0035,0.0007,-0.0042,-0.0197,0.0031,0.0031,-0.0175,-0.082,-0.0704,2187.4,2278.91,2379.35,2382.05,2259.13,2280,1316.31,1271,1266.21,1400.04,1292.61,379.37,339.67
DEI,Douglas Emmett Inc.,11.676,2401.53,United States and Canada,US,-0.3126,0.0061,0.0056,0.0054,0.0002,-0.0109,0.0028,0.0002,0.0002,-0.0044,0.0001,0,-0.0093,0.016,-0.0213,,1019.1,1039.97,1063.49,989.07,984.54,990.98,914.54,888.05,943.61,887.72,817.96,750.36,643.47
CROX,Crocs Inc.,136.845,6561.04,United States and Canada,US,-0.0314,0.006,0.0073,0.0082,0.0322,-0.0363,0.0074,0.0082,0.0089,0.0444,-0.0069,0.0127,0.0125,0.0125,,,4101.16,4203.84,4182.78,4102.11,3962.35,3554.99,2313.42,1385.95,1230.59,1088.2,1023.51,1036.27,1090.63
ZBH,Zimmer Biomet Holdings Inc.,96.583,18422.02,United States and Canada,US,-0.1081,0.006,0.0063,0.0059,-0.001,-0.0028,0.0066,0.0075,0.0061,-0.0057,-0.0092,0.0074,0.0096,0.0085,0.0006,-0.0037,8596.64,8903.15,9253.49,7678.6,7394.2,6939.9,6827.3,6127.5,7982.2,7932.9,7803.3,7668.4,5997.8
PRU,Prudential Financial Inc.,121.286,41867.93,United States and Canada,US,-0.0504,0.006,0.0068,0.0196,0.0486,0.024,0.001,0.0049,0.0198,0.0058,-0.0107,0.0021,0.0059,0.0256,0.0185,-0.0897,59603.99,60020.14,61546,70196,54168,54583,71184,57091,64807,62992,59802,58944,58378
SM,SM Energy Company,28.885,6860.02,United States and Canada,US,-0.195,0.0059,-0.0185,-0.0178,0.0543,1.2019,0.0057,-0.0134,0.011,-0.0308,1.1309,0,-0.0211,0.009,-0.0022,,7213.76,7492.12,7441.62,2574,2269,3196.05,2501.79,1080.57,1525.11,1573.26,1208,1128.48,1441.53
ADC,Agree Realty Corporation,75.635,9419.58,United States and Canada,US,-0.0785,0.0059,0.0059,0.0054,0.025,0.0423,0.0045,0.0041,-0.002,-0.005,0.0157,-0.0006,-0.0006,0.0141,0.0005,0.0616,846.43,955.38,1079.96,617.1,537.5,429.81,339.32,248.57,187.48,137.12,111.52,91.53,69.97
HGTY,Hagerty Inc.,13.61,4673.05,United States and Canada,US,-0.0279,0.0059,0.0075,0.0195,-0.043,-0.198,0.0008,0,-0.0247,-0.03,-0.1449,0,-0.0267,0.0019,,,1306.75,1481.16,1509.43,1241.51,1027.12,787.59,619.08,499.55,397.27,301.7,,,
SBUX,Starbucks Corporation,105.592,120353.76,United States and Canada,US,-0.0333,0.0058,0.0098,0.0093,-0.014,-0.0346,0.0058,0.0082,0.0077,-0.0534,-0.0899,0.0004,0.0004,0.0005,-0.0546,-0.1154,37983.09,38640.21,40626.52,36176.2,35975.6,32250.3,29060.6,23518,26508.6,24719.5,22386.8,21315.9,19162.7
VVV,Valvoline Inc.,35.34,4508.9,United States and Canada,US,-0.1449,0.0058,0.0071,0.0158,0.0147,0.0883,0.0105,0.0119,0.0246,0.0286,0.087,0.006,0.0067,0.0193,0.0003,,2077.41,2317.83,2541.7,1619,1443.5,1236.1,1037.2,727,2390,2285,2084,1929,1967
CNC,Centene Corporation,65.77,32490.05,United States and Canada,US,-0.0517,0.0058,0.0291,0.0299,0.0174,0.0363,0.0019,0.0131,0.011,-0.0038,-0.0001,0.0032,0.0129,0.0172,0.0433,0.0287,195912.35,193589.19,200784.59,147145,141393,135999,118573,104280,70807,56688,45810,37693,21292
VRT,Vertiv Holdings Co,272.4,104870.78,United States and Canada,US,-0.283,0.0058,0.0085,0.0087,0.1269,0.2235,0.0112,0.017,0.0367,0.2532,0.4053,0.0157,0.0174,0.0567,0.3716,0.5862,14009.6,18141.22,21948.2,8011.8,6863.2,5691.5,4998.1,4370.6,4431.2,4285.6,3879.4,3471.6,3943.5
DOCS,Doximity Inc.,27.4,4925.25,United States and Canada,US,-0.6419,0.0058,0.0056,-0.0333,-0.0429,-0.0259,0.0065,0.007,-0.059,-0.0749,-0.0615,0.0167,0.0181,-0.0165,-0.0845,-0.0753,674.21,716.99,780.37,570.4,475.42,419.05,343.55,206.9,116.39,85.69,,,
QTWO,Q2 Holdings Inc.,62.812,3916.62,United States and Canada,US,-0.2627,0.0057,0.0058,0.0059,0.0132,0.0167,0.0053,0.0053,0.0053,0.0091,0.0056,0.0094,0.0094,0.0069,,,884.85,974.56,1079.27,696.46,624.62,565.67,498.72,402.75,315.48,241.1,193.98,150.22,108.87
RRC,Range Resources Corporation,38.288,8946.66,United States and Canada,US,-0.2075,0.0057,0.0059,0.0042,0.0878,0.0191,0.003,-0.0298,-0.0264,0.0169,-0.011,0.0029,-0.0301,-0.0262,0.0044,,3620.46,3747.87,3936.06,2347.35,2553.72,5335.72,3580.44,1780.99,2600.93,3333.84,2397.68,1361.33,1181.7
KRMN,Karman Holdings Inc.,58.23,7717.01,United States and Canada,US,-0.5081,0.0057,0.0057,0.014,0.0303,0.4267,0.0052,0.0052,0.0104,0.0413,0.5467,0.0048,0.0048,0.0156,0.0791,0.6971,735.82,937.01,1188,345.25,280.71,226.31,,,,,,,
FND,Floor & Decor Holdings Inc.,62.66,6672.66,United States and Canada,US,-0.3219,0.0057,0.0053,0.0051,-0.035,-0.049,-0.0012,-0.0031,-0.0053,-0.0759,-0.0942,-0.0024,-0.0121,-0.0121,-0.0854,-0.1205,4853.96,5104.94,5549.83,4455.77,4413.88,4264.47,3433.53,2425.79,2045.46,1709.85,1384.77,1050.76,784.01
TKR,The Timken Company,130.29,9028.69,United States and Canada,US,-0.1099,0.0056,0.0061,0.0098,0.0247,0.0403,0.0039,0.0046,0.0096,0.0237,0.0337,0.0058,0.0061,0.0072,0.0183,,4848.63,5011.96,5176.14,4573,4769,4496.7,4132.9,3513.2,3789.9,3580.8,3003.8,2669.8,2872.3
TXG,10x Genomics Inc.,52.065,6609.97,United States and Canada,US,-0.0026,0.0056,0.006,0.0078,0.0094,-0.0071,0.0042,0.0076,0.0235,0.0221,-0.0027,0.0042,0.0145,0.0347,0.0283,0.0311,617.49,674.32,734.01,610.78,618.73,516.41,490.49,298.85,245.89,146.31,71.08,,
PPG,PPG Industries Inc.,119.72,26613.76,United States and Canada,US,-0.1028,0.0055,0.0062,0.0057,0.0233,0.0326,0.0032,0.005,0.0045,0.0286,0.036,0.0026,0.0073,0.0072,0.02,0.0417,16770.89,17340.76,17838.77,15845,18246,17652,16802,13834,15146,15374,14748,14270,14241
LOAR,Loar Holdings Inc.,70.87,6635.17,United States and Canada,US,-0.1505,0.0055,0.0055,0.0174,0.0218,0.1753,0.0055,0.0055,0.0177,0.0137,0.1701,0.0054,0.0054,0.0183,,0.1554,657.25,726.69,792.49,402.82,317.48,239.43,,,,,,,
PRG,PROG Holdings Inc.,42.826,1705.83,United States and Canada,US,-0.1027,0.0055,0.0053,0.0046,0.0723,0.1896,0.0117,0.0089,0.0047,0.1039,0.2129,0.0971,0.0351,0.0351,0.3752,0.3478,3059.21,3304.65,3627.79,2399.08,2339.35,2597.83,2677.92,2484.59,2163.18,2036.3,3383.71,3207.72,3179.76
RNW,ReNew Energy Global Plc,6.185,2253.83,United States and Canada,US,-0.2494,0.0054,0.0001,0.0106,-0.0465,-0.0429,0.0054,-0.0106,-0.0301,-0.0403,,0.0054,0.0001,,,,1610.99,1968.76,2497.61,1136.14,975.92,952.23,781.49,658.14,641.77,621.72,378.37,201.73,92.59
EXTR,Extreme Networks Inc.,23.985,3147.22,United States and Canada,US,-0.2889,0.0053,0.0053,0.006,0.0257,0.0557,0.0051,0.0051,0.0079,0.0517,,-0.0353,-0.0353,-0.0353,0.0439,,1394.64,1522.82,1698.23,1140.07,1117.2,1312.45,1112.32,1009.42,948.02,995.79,983.14,607.08,519.83
HWKN,Hawkins Inc.,129.872,2711.09,United States and Canada,US,-0.3023,0.0053,0.0053,0.0273,0.0272,0.01,0.0144,0.0144,0.0378,0.0379,0.0325,,,,,,1172.66,1247.31,,974.43,919.16,935.1,774.54,596.87,540.2,556.33,504.17,483.59,413.98
NTB,The Bank of N.T. Butterfield & Son Limited,62.352,2452.1,United States and Canada,US,-0.003,0.0053,0.0082,0.021,0.0725,0.0856,0.0053,0.0102,0.8691,0.9433,1.0072,0,0,1.2386,,,638.83,1199.21,1427.81,579.93,578.6,549.3,499.68,494.19,532.63,517.81,454.68,402.57,369.34
ABBV,AbbVie Inc.,245.903,434539.44,United States and Canada,US,-0.0806,0.0053,0.0057,0.0061,0.0074,0.0273,0.0119,0.0133,0.0151,0.0199,0.0438,0.012,0.0159,0.0189,0.0239,0.0503,67623.37,73698.75,79330.57,56334,54318,58054,56197,45804,33266,32753,28216,25638,22859
VIA,Via Transportation Inc.,22.179,1803.06,United States and Canada,US,-0.6061,0.0052,0.0052,0.0144,0.0407,,0.0063,0.0064,0.0143,0.0331,,0.0034,0.0034,0.0101,,,551.65,673.1,814.3,337.63,248.85,,,,,,,,
YMM,Full Truck Alliance Co. Ltd.,9.63,9991.55,United States and Canada,US,-0.3156,0.0052,0.0076,0.0198,-0.0035,-0.1314,0.0025,0.0055,0.0022,-0.0315,-0.1579,0.0028,0.0064,0.0245,-0.0554,-0.3095,1724.63,1935.14,2253.82,1539.75,1188.56,976.31,732.81,395.36,355.18,,,,
RKLB,Rocket Lab Corporation,82.85,49559.23,United States and Canada,US,-0.4513,0.0052,0.0101,0.0823,0.0124,0.0307,0.0124,-0.0074,0.0329,-0.0002,0.0735,0.0342,0.0186,0.09,0.1338,0.0075,923.76,1286.38,1702.63,436.21,244.59,211,62.24,35.16,48.4,,,,
HURN,Huron Consulting Group Inc.,152.175,2421.12,United States and Canada,US,-0.1852,0.0051,0.0259,0.0271,0.0274,0.0545,0.0069,0.0311,0.0342,0.0117,,,,,,,1871.98,2039.97,,1486.09,1362.06,1132.45,905.64,844.13,876.76,795.13,732.57,726.27,699.01
FOUR,Shift4 Payments Inc.,41.204,3268.67,United States and Canada,US,-0.5559,0.0051,0.0057,0.0091,-0.0167,-0.0508,0.0029,0.0043,0.009,-0.0316,-0.0697,0.0064,0.0064,-0.0115,-0.0287,,5126.62,5828.32,6591.52,3331,2565,1993.6,1367.5,766.9,731.4,560.6,,,
NI,NiSource Inc.,42.62,20438.85,United States and Canada,US,-0.1339,0.005,-0.0066,0.0121,0.1216,0.1356,0,0.0001,0.0088,0.122,0.1452,0,-0.0008,0.0056,0.1229,0.1159,7201.39,7591.86,8004.3,5455.1,5505.4,5850.6,4899.6,4681.7,5208.9,5114.5,4874.6,4492.5,4651.8
EHC,Encompass Health Corporation,125.32,12381.62,United States and Canada,US,-0.0209,0.005,0.0047,0.0041,0.0026,0.0013,0.0057,0.0055,0.0053,0.0045,0.0038,0.0077,0.0074,0.0116,0.0171,0.0243,6452.53,6982.16,7558.34,5373.2,4801.2,4348.6,4014.9,3566.3,4605,4277.3,3913.9,3642.6,3115.7
WGS,GeneDx Holdings Corp.,77.151,2300.84,United States and Canada,US,-0.5485,0.005,0.005,-0.0278,-0.113,-0.012,-0.0004,-0.0004,-0.0314,-0.1067,0.0246,-0.0076,-0.0076,-0.0095,-0.1127,0.1083,480.77,594.69,727.68,305.45,202.57,234.69,212.19,179.32,196.17,133.34,,,
ALHC,Alignment Healthcare Inc.,14.368,2980.43,United States and Canada,US,-0.428,0.005,0.005,0.0061,-0.0033,0.0535,-0.0017,-0.0016,-0.0009,-0.0266,0.0395,0.0032,0.0032,0.0007,-0.0259,0.1155,5214.75,6499.45,8057.27,2703.56,1823.63,1434.16,1167.77,959.22,756.96,,,,
NWL,Newell Brands Inc.,6.012,2560.51,United States and Canada,US,-0.1568,0.0048,0.0055,0.007,0.0199,-0.0146,0.0044,0.005,0.0083,0.0145,-0.016,0.0134,0.0138,0.0207,0.0003,-0.0161,7329.77,7438.11,7574.03,7582,8133,9459,10589,9385,9715,10154,11170.4,9181.1,5915.7
BC,Brunswick Corporation,81.544,5298.28,United States and Canada,US,-0.0965,0.0048,0.005,0.0061,0.0107,0.0707,0.0043,0.0051,0.006,0.018,0.0682,-0.0014,-0.0014,-0.0023,-0.0042,0.0806,5776.15,6092.23,6403.35,5237.1,6401.4,6812.2,5846.2,4347.5,4108.4,4120.9,3802.2,4488.5,3780.2
OC,Owens Corning,157.155,12422.9,United States and Canada,US,-0.0172,0.0048,0.0044,0.0101,0.0183,-0.0628,0.0075,0.0068,0.0171,0.0201,-0.0622,0.0055,0.0036,0.0204,0.0266,-0.0942,9951.91,10331.99,10818.32,9851,8372,9761,8498,7055,7160,7057,6384,5677,5350
FHI,Federated Hermes Inc.,63.171,4496.43,United States and Canada,US,-0.06,0.0047,0.0101,0.0118,0.0132,0.1167,-0.0046,0.0026,0.0102,0.0103,0.1301,0,0,-0.0065,,0.0597,1981.54,2064.78,1989,1632.09,1609.57,1445.81,1300.45,1448.27,1326.89,1135.68,1102.92,1143.37,926.61
IRTC,iRhythm Holdings Inc.,127.788,4199.42,United States and Canada,US,-0.3972,0.0046,0.0047,0.0046,0.0177,0.0486,0.0127,0.013,0.013,0.0307,0.0589,0.012,0.011,0.011,0.0031,0.0342,885.24,1032.57,1192.86,591.84,492.68,410.92,322.82,265.17,214.55,147.28,99.13,64.07,36.14
ESAB,ESAB Corporation,91.938,5712.66,United States and Canada,US,-0.331,0.0046,0.009,0.0569,0.0489,0.1013,0.0105,0.0155,0.1023,0.0926,0.1324,0.0026,-0.0031,0.1147,0.1042,0.1417,3062.34,3337.67,3545.01,2740.8,2774.77,2593.48,2428.11,1950.07,2247.03,,,,
UNIT,Uniti Group Inc.,9.534,2314.14,United States and Canada,US,-0.2631,0.0045,0.0046,0.0068,0.0165,0.0008,0.0021,-0.0017,-0.0158,0.0161,-0.0109,-0.0031,-0.0078,-0.0172,-0.0007,-0.0446,3650.84,3626.07,3714.25,1166.9,1149.8,1128.85,1100.52,1067.04,1057.61,1017.63,916.03,770.41,714.47
UFPI,UFP Industries Inc.,94.055,5312.25,United States and Canada,US,-0.2029,0.0045,0.0132,0.02,-0.0277,-0.0628,0.0003,-0.0041,0.0267,-0.027,-0.0458,0,0.0117,0.0431,,,6333.51,6715.22,7278,6652.31,7218.38,9626.74,8636.13,5154,4416.01,4489.18,3941.18,3240.49,2887.07
FTV,Fortive Corporation,61.7,18634.45,United States and Canada,US,-0.0443,0.0045,0.0061,0.0072,0.0137,0.0262,0.0049,0.0071,0.008,0.0157,0.0255,0.0042,0.0062,0.0072,0.0112,0.0246,4365.7,4532.43,4711.26,6231.8,6065.3,5825.7,5254.7,4634.4,4563.9,3800.4,5756.1,5378.2,6178.8
CYD,China Yuchai International Limited,47.364,1777.02,United States and Canada,US,-0.2296,0.0045,0.0297,0.0179,-0.0077,0.3457,0.0096,0.0256,0.0112,-0.0231,,0.0011,0.0068,-0.0354,,,4200.48,4534.62,4669.33,2621.4,2542.53,2324.29,3346.33,3152.85,2587.44,2364.36,2489.41,1964.92,2115.28
IPGP,IPG Photonics Corporation,90.102,3832.45,United States and Canada,US,-0.4218,0.0044,0.0044,0.0031,0.0596,0.0942,0.0171,0.0171,0.0214,0.0844,0.1706,0.0177,0.0177,-0.0129,0.036,0.1244,1118.43,1235.53,1367.43,977.13,1287.44,1429.55,1460.86,1200.72,1314.58,1459.87,1408.89,1006.17,901.26
SHC,Sotera Health Company,18.869,5380.82,United States and Canada,US,-0.0494,0.0044,0.0044,0.0031,0.0152,0.0307,0.0046,0.0047,0.0032,0.014,0.0266,0.0034,0.0034,0.002,0.0043,0.0074,1246.55,1320.57,1399.22,1100.44,1049.29,1003.69,931.48,818.16,778.33,746.15,,,
DOC,Healthpeak Properties Inc.,21.399,15032.06,United States and Canada,US,-0.0675,0.0044,0.018,0.0418,0.0344,-0.0003,0,0.013,0.0014,0.0253,-0.022,0,-0.009,0.0392,-0.0436,-0.0919,2882.05,2962.95,2985.81,2700.45,2181,2061.18,1896.18,1644.88,1240.34,1191.32,1848.38,2129.29,1940.49
MA,Mastercard Incorporated,562.95,493149.8,United States and Canada,US,-0.0645,0.0043,0.0041,0.0043,0.0083,0.0239,0.0048,0.0052,0.0057,0.0124,0.032,0.006,0.004,0.0032,0.0113,0.0556,37239.59,41943.32,46981.27,28167,25098,22237,18884,15301,16883,14950,12497,10776,9667
RLX,RLX Technology Inc.,2.015,2462.84,United States and Canada,US,-0.2905,0.0043,0.0017,0.0092,0.1276,0.5139,-0.0035,-0.0001,0.014,0.1189,0.472,-0.0159,-0.0081,0.008,,,830.14,973.24,1150.38,334.91,175.27,765.57,1340.83,585.15,222.52,19.28,,,
OUST,Ouster Inc.,43.356,2917.63,United States and Canada,US,-0.3203,0.0043,0.0043,-0.0105,0.1021,0.1289,-0.0027,-0.0027,-0.0131,0.0654,0.0175,0.0105,0.0105,-0.0407,0.0322,0.0625,221.48,295.64,405.02,111.1,83.28,41.03,33.58,18.9,11.41,1.34,,,
NE,Noble Corporation plc,40.785,6511.01,United States and Canada,US,-0.2582,0.0043,-0.0295,-0.0362,-0.0413,-0.1459,-0.0068,-0.0226,-0.0236,-0.0328,-0.0718,-0.0018,-0.0062,-0.0145,,,2887.53,3252.53,3500.99,2918.77,2461.72,1332.84,782.18,909.24,1246.06,1036.08,1207.03,2242.2,3261.61
CFR,Cullen/Frost Bankers Inc.,164.426,10218.88,United States and Canada,US,-0.0344,0.0043,0.005,0.0068,0.0149,0.0305,0.0062,0.0098,0.0158,0.0233,0.0621,0.0197,0.0134,0.0281,0.0332,0.1127,2406.49,2539.8,2623.79,1998.72,1941.04,1693.1,1371.53,1200.22,1334.15,1287.49,1167.43,1074.37,1013.52
KAI,Kadant Inc.,337.63,3986.89,United States and Canada,US,-0.056,0.0043,0.0026,0.0161,0.0347,0.1093,0.0003,0.0029,0.0158,0.0109,,,,,,,1199.41,1256.1,,1053.38,957.67,904.74,786.58,635.03,704.64,633.79,515.03,414.13,390.11
RL,Ralph Lauren Corporation,395.691,23550.08,United States and Canada,US,-0.0615,0.0042,0.0053,0.0263,0.0314,0.1121,0.0058,0.0066,0.0272,0.0339,0.1078,0.0045,0.0055,0.059,0.1003,0.1232,8656.4,9104.5,9591.65,7079,6631.4,6443.6,6218.5,4400.8,6159.8,6313,6182.3,6652.8,7405.2
TME,Tencent Music Entertainment Group,9.53,14999.31,United States and Canada,US,-0.6431,0.0042,0.0075,-0.0008,0.0002,0.0996,0.0043,0.0078,0.0033,-0.0166,0.0838,0.0039,0.006,-0.0087,-0.1399,0.0277,5286.25,5832.52,6314.11,3891.08,3909.94,4108.89,4916.44,4465.98,3652.79,2760.05,1687.65,628.08,
RSG,Republic Services Inc.,214.576,66017.33,United States and Canada,US,-0.1008,0.0042,0.0045,0.0067,-0.0027,-0.0207,0.0033,0.0026,0.0037,-0.0061,-0.0319,0.0018,0.0007,0.0006,-0.0158,-0.0442,17270.71,18096.18,18980.96,16032,14964.5,13511.3,11295,10153.6,10299.4,10040.9,10041.5,9387.7,9115
CR,Crane Company,219.955,12713.48,United States and Canada,US,-0.0457,0.0042,0.0071,0.0073,0.0069,0.1792,0.0021,0.0049,0.0056,0.0044,0.1666,0.0037,0.0065,0.0092,0.0012,0.1552,2886.78,3046.7,3226.83,2131.2,2086.4,3374.9,3408,2936.9,3074.5,3345.5,2786,2748,2740.5
WAT,Waters Corporation,406.991,39960.76,United States and Canada,US,-0.0173,0.0042,0.004,0.0048,0.9213,0.9446,0.0035,0.0032,0.0054,0.9887,1.0154,0.0007,0.0038,0.0047,0.9966,0.9963,6465.9,7131.77,7569,2958.39,2956.42,2971.96,2785.87,2365.36,2406.6,2419.93,2309.08,2167.42,2042.33
CNX,CNX Resources Corporation,35.146,5199.63,United States and Canada,US,-0.1943,0.0041,0.0857,0.0904,0.2034,0.1648,-0.0231,-0.0025,-0.0349,-0.0241,-0.0252,-0.0092,0.0018,-0.0067,,,2392.79,2204.58,2346.09,1345.85,1462.67,3923.57,2383.74,1085.68,1544.24,1755.28,1198.37,847.91,750.9
CSTM,Constellium SE,29.44,3989.94,United States and Canada,US,-0.2041,0.0041,0.0223,0.0062,0.1376,0.2123,0.0041,0.0087,-0.0135,0.1138,0.0672,0.0065,-0.0351,-0.0562,,,10425.16,10483.81,10396.85,7335,7826,8532,7002.05,5965.06,6625.91,6513.92,6283.14,4992.11,5596.52
MDLN,Medline Inc.,35.22,46291.63,United States and Canada,US,-0.3077,0.0041,0.004,0.0045,0.0215,,-0.0385,-0.0353,0.0088,0.025,,0.0051,0.0047,0.0081,0.0224,,31212.01,33681.23,36221.05,25507,23231,21448,,,,,,,
FTI,TechnipFMC plc,69.611,27298.96,United States and Canada,US,-0.1066,0.0041,0.0069,0.0048,0.006,0.0104,0.0014,-0.0053,0.0008,0.0206,0.0189,-0.002,-0.0084,-0.0082,0.0288,0.0552,10712.88,11406.43,11969.91,9103.4,7827.1,6700.4,6403.5,6530.6,6950.2,12552.9,15056.9,9199.6,11471.9
POWI,Power Integrations Inc.,64.601,3599.57,United States and Canada,US,-0.2915,0.0041,0.0045,0.0167,0.0156,-0.1248,-0.0026,-0.0026,0.0036,-0.0046,-0.1065,-0.0011,-0.0011,0.0333,0.0333,,477.41,545.37,658.68,418.97,444.54,651.14,703.28,488.32,420.67,415.95,431.75,389.67,344.61
TENB,Tenable Holdings Inc.,36.356,4004.25,United States and Canada,US,-0.1675,0.0041,0.0043,0.0041,0.0066,0.0141,0.0043,0.0044,0.006,0.0096,0.0058,-0.0018,-0.0023,0.0032,-0.001,-0.0502,1078.44,1156.1,1229.53,900.02,798.71,683.19,541.13,440.22,354.59,267.36,187.73,124.37,
HSY,The Hershey Company,182.35,36638.79,United States and Canada,US,-0.2386,0.004,0.0034,0.0031,0.0104,0.033,0.0014,0.0009,0.001,0.014,0.0361,0.0007,-0.0007,-0.0001,0.0082,0.0271,12293.55,12606.64,12944.39,11202.26,11164.99,10419.29,8971.34,8149.72,7986.25,7791.07,7515.43,7440.18,7386.63
NYT,The New York Times Company,63.55,10286.37,United States and Canada,US,-0.2704,0.004,0.004,0.0066,0.018,0.0554,0.0021,0.0021,0.0087,0.0246,0.0633,0.0026,0.0026,0.0206,0.0098,0.0607,3110.16,3326.11,3527.73,2558.92,2399.15,2279.32,2047.88,1754.64,1781.18,1725.6,1658.64,1538.34,1562.32
MMYT,MakeMyTrip Limited,60.029,5646.25,United States and Canada,US,-0.4252,0.004,-0.0009,-0.0711,-0.0911,-0.1612,0.0052,0.0015,-0.0939,-0.1178,-0.1806,0.0125,0.0146,,,,1206.53,1415.18,1714.69,978.34,782.52,593.04,303.92,163.44,511.53,486.01,675.26,447.62,336.05
PRI,Primerica Inc.,321.323,10020.14,United States and Canada,US,-0.0182,0.0039,0.0107,0.0235,0.0264,0.0472,-0.0004,0.0102,0.0199,0.0171,0.0393,0,0.0052,0.0166,0.0568,0.0508,3536.54,3694.47,3908.54,3101.8,2813.98,2721.37,2771.94,2275.01,2100.83,1937.33,1715.97,1537.96,1417.25
FIVN,Five9 Inc.,33.987,2602.18,United States and Canada,US,-0.0029,0.0039,0.004,0.004,0.0091,0.0085,0.0022,0.0006,0.0006,0.0138,0.0185,0.005,0.005,0.0002,0.0205,-0.0051,1266.29,1390.57,1514.32,1041.94,910.49,778.85,609.59,434.91,328.01,257.66,200.22,162.09,128.87
RUSHA,Rush Enterprises Inc.,80.145,6196.85,United States and Canada,US,-0.0414,0.0039,0.0051,0.0051,0.0316,-0.0225,0.0026,0.0069,0.0069,0.0646,,0,0.0439,0.0439,,,7759.4,8519.98,9096.33,7804.75,7925.02,7101.67,5126.14,4735.94,5809.85,5506.19,4713.88,4214.61,4979.73
RBC,RBC Bearings Incorporated,567.569,17917.03,United States and Canada,US,-0.1499,0.0039,0.0091,0.0143,0.0242,0.0501,0.0063,0.0102,0.0221,0.047,0.095,0.0046,0.0053,-0.034,,,2127.14,2368.95,2568.91,1636.3,1560.3,1469.3,942.9,609,727.46,702.52,674.95,615.39,597.47
SOLV,Solventum Corporation,82.943,14118.87,United States and Canada,US,-0.0784,0.0039,0.004,0.0043,0.027,-0.0215,0.0041,0.0043,0.0037,0.0294,-0.0092,0.004,0.005,0.0029,0.0344,0.0109,8225.95,8514.28,8842.03,8254,8197,8130,8171,7281,,,,,
FRSH,Freshworks Inc.,11.828,3086.17,United States and Canada,US,-0.1587,0.0039,0.0039,0.0097,0.0207,0.036,0.0031,0.0031,0.0096,0.0217,0.0483,0,-0.0004,0.0118,0.0263,,965,1102.01,1273.4,720.42,596.43,498,371.02,249.66,172.38,,,,
PDFS,PDF Solutions Inc.,49.356,2066.42,United States and Canada,US,-0.3115,0.0038,0.0038,0.0049,0.0122,0.0268,0.0028,0.0028,0.0142,0.0348,0.0446,0.0114,0.0201,,,,263.89,316.75,376.03,179.47,165.84,148.55,111.06,88.05,85.58,85.79,101.87,107.46,97.98
CWK,Cushman & Wakefield Limited,13.813,3242.1,United States and Canada,US,-0.2061,0.0038,0.0066,0.0196,0.0332,0.0628,0.0042,0.0169,0.0237,0.0423,0.0777,0.0048,0.0216,0.0213,0.0539,0.0683,11132.27,11882.03,12523.05,9446.5,9493.7,10105.7,9388.7,7843.7,8751,8219.9,6923.9,6215.7,4193.2
ATAT,Atour Lifestyle Holdings Limited,35.305,4853.04,United States and Canada,US,-0.1822,0.0038,0.0133,0.0321,0.0699,0.1697,0.0034,0.0156,0.0313,0.0574,0.1598,0.0026,0.0136,0.0448,,,1863.5,2217.55,2592.33,993,657.38,328.11,337.94,239.98,225.06,,,,
DAN,Dana Incorporated,28.441,3059.53,United States and Canada,US,-0.2811,0.0038,0.0018,0.0071,0.0051,0.0029,0.0068,0.0086,0.4452,0.4542,0.4649,0.0024,0.0042,0.424,0.4455,0.4261,7681.62,11485.75,12028.84,10284,10555,10156,8945,7106,8620,8143,7209,5826,6060
LMND,Lemonade Inc.,52.94,4097.38,United States and Canada,US,-0.4701,0.0038,0.008,0.0086,0.0529,0.0379,0.0049,0.0144,0.0163,0.0836,0.021,0.003,0.0148,0.0181,0.0446,0.0914,1216.45,1639.77,2141.61,526.5,429.8,256.7,128.4,94.4,67.3,22.5,2.4,,
AX,Axos Financial Inc.,100.166,5682.82,United States and Canada,US,-0.0527,0.0038,-0.0008,0.0001,0.007,0.1429,0.0103,0.0122,0.0122,,,,,,,,1620.35,1797.05,,1059.19,878.86,702.02,620.25,538.4,464.01,413.63,370.3,317.65,218.34
META,Meta Platforms Inc.,591.933,1507953,United States and Canada,US,-0.2566,0.0038,0.0057,0.0052,0.0136,0.1197,0.0045,0.011,0.0142,0.0374,0.1831,0.0027,0.0203,0.0235,0.0488,0.2436,254313.93,305527.1,360842.58,164501,134902,116609,117929,85965,70697,55838,40653,27638,17928
CWT,California Water Service Group,50.539,3125.29,United States and Canada,US,-0.061,0.0038,0.0038,0.0038,0.0173,0.0321,0.0043,0.0043,0.0043,0.0479,0.0531,0.0049,0.0049,0.0049,0.0626,0.0626,1112.87,1163.13,1230.45,1036.81,794.63,846.43,790.91,794.31,714.56,698.2,676.11,609.37,588.37
ENPH,Enphase Energy Inc.,41.865,5532.24,United States and Canada,US,-0.4323,0.0038,-0.0097,-0.0061,-0.0397,-0.1622,-0.0078,-0.0321,-0.0328,-0.0779,-0.1937,-0.0165,-0.0305,-0.0358,-0.0378,-0.1667,1187.39,1256.85,1403.41,1330.38,2290.79,2330.85,1382.05,774.42,624.33,316.16,286.17,322.59,357.25
MNSO,MINISO Group Holding Limited,12.55,3763.56,United States and Canada,US,-0.5307,0.0037,0.0061,0.0142,0.0391,0.1016,0.0032,0.0055,0.0127,0.0334,0.0989,0.0017,0.0041,0.0163,,,3774.13,4349.49,4927.02,2328.27,2150.66,1581.27,1505.28,1404.91,1270.82,1368.18,,,
PRK,Park National Corporation,203.4,3674.25,United States and Canada,US,-0.054,0.0037,0.0305,0.0262,0.0344,0.2207,0.0098,0.0213,0.0189,0.0304,,,,,,,691.61,709.41,,506.06,462.84,478.44,471.75,441.24,388.76,357.35,321.15,327.19,298.89
PB,Prosperity Bancshares Inc.,73.941,7441.87,United States and Canada,US,-0.0422,0.0037,0.0042,0.0041,0.004,0.1846,-0.0014,0.0045,0.0055,-0.0007,0.3167,-0.005,-0.0123,-0.0142,0.0076,,1745.63,2050.81,2129.78,1183.24,1091.16,1150.36,1133.27,1142.27,815.75,729.25,719.17,727.04,743.73
PII,Polaris Inc.,71.484,4067.69,United States and Canada,US,-0.0833,0.0036,0.0222,0.0221,0.0217,0.0443,0.0025,0.0161,0.0158,0.0138,0.0379,0.0063,0.0167,0.0159,0.019,0.0472,7438.61,7673.24,7918.04,7273,9014.8,8637.4,7493,6361.8,6863.4,6165.9,5504.78,4595.09,4788.59
TGLS,Tecnoglass Holdings Inc.,44.208,1961.28,United States and Canada,US,-0.4694,0.0035,0.0037,0.0021,0.0169,-0.0049,-0.0025,-0.0019,0.0187,0.0367,0.0701,-0.0008,-0.0008,0.0462,0.0754,0.0557,1101.08,1223.17,1269,890.18,833.26,716.57,496.79,376.61,430.91,370.98,314.46,305.02,242.24
DRVN,Driven Brands Holdings Inc.,13.319,2197.05,United States and Canada,US,-0.3253,0.0035,0.0035,-0.0085,-0.0161,-0.1258,0.0025,0.0025,-0.0147,-0.0149,-0.1189,-0.0057,-0.0057,-0.0575,-0.0481,-0.1498,2002.73,2178.72,2342.52,1752.48,1710.04,2033.19,1467.28,904.2,600.27,492.71,,,
FNF,Fidelity National Financial Inc.,50.184,13507.4,United States and Canada,US,-0.1827,0.0035,0.0015,-0.0634,-0.0318,-0.0201,-0.0134,-0.0163,-0.0693,-0.0695,0.0128,0,0,-0.119,-0.0465,,14859.56,15644.31,16275,13714,11788,11606,15647,10815,8477,7601,7668,7260,6648
RPRX,Royalty Pharma plc,56.774,32531.39,United States and Canada,US,-0.0607,0.0034,0.0149,0.0203,0.044,0.0681,0.0176,0.0306,0.0346,0.0516,0.0807,0.0046,0.0302,0.0284,-0.0015,-0.0823,3481.36,3771.23,4071.71,2263.58,2354.55,2237.22,2289.46,2122.35,1814.25,1794.89,1597.93,,
MRK,Merck & Co. Inc.,128.58,317570.02,United States and Canada,US,-0.0479,0.0034,0.0051,0.0037,0.0043,-0.0118,0.0033,0.0059,0.0005,-0.004,-0.0132,0.0069,0.0018,-0.0132,-0.002,0.0274,67097.71,70340.68,74732.89,64168,60115,59283,48704,41518,39121,42294,40122,39807,39498
SPOT,Spotify Technology S.A.,488.35,100397.05,United States and Canada,US,-0.3474,0.0034,0.0111,-0.0161,-0.0302,-0.0353,0.0023,0.0107,-0.0131,-0.0301,-0.034,0.0028,0.0143,-0.0063,-0.0268,-0.0009,22516.44,25707.25,29188.9,16236.4,14624.64,12557.02,11003.87,9626.19,7587.21,6024.75,4907.02,3107.04,2107.44
ADUS,Addus HomeCare Corporation,119.857,2192.58,United States and Canada,US,-0.0368,0.0034,0.0034,0.0006,-0.0007,0.0203,0.0049,0.0049,0.0033,0.0032,-0.0016,0.0094,0.0094,0.0079,-0.0064,0.0361,1523.2,1598.27,1669.96,1154.6,1058.65,951.12,864.5,764.77,648.79,516.65,416.47,393.56,332.51
IDXX,IDEXX Laboratories Inc.,586.763,46225.84,United States and Canada,US,-0.238,0.0034,0.0032,0.0045,0.0105,0.0364,0.0049,0.0049,0.0059,0.0115,0.0369,0.0039,0.0038,0.0047,0.0058,0.0331,4723.57,5140.06,5602.48,3897.5,3660.95,3367.32,3215.36,2706.66,2406.91,2213.24,1969.06,1775.42,1601.89
CHH,Choice Hotels International Inc.,106.872,4820.71,United States and Canada,US,-0.1474,0.0033,0.0048,0.0035,0.012,-0.0011,0.0017,0.0033,0.0031,0.0074,-0.025,-0.0009,0.0003,-0.0018,-0.0754,-0.101,1630.11,1677.18,1721.58,946.65,896.59,676.5,540.46,371.5,1114.82,1041.3,941.3,807.91,859.88
KC,Kingsoft Cloud Holdings Limited,12.323,3702.88,United States and Canada,US,-0.3346,0.0033,0.0132,0.0547,0.1716,0.2403,0.0072,0.028,0.0679,0.2415,0.3004,0.0028,0.0293,0.1035,0.1831,0.3162,1882.48,2311.33,2853.78,1066.61,992.91,1186.04,1425.77,1007.58,568.2,322.48,189.95,,
AMH,American Homes 4 Rent,34.649,14204.43,United States and Canada,US,-0.0335,0.0033,0.0043,0.0042,-0.0175,-0.022,-0.0006,-0.0012,-0.0024,-0.0484,-0.061,-0.0007,-0.0052,-0.0004,-0.0988,-0.1101,1902.33,1963.92,2052.1,1728.7,1623.61,1490.53,1303.88,1172.51,1132.14,1072.86,960.4,878.89,630.58
PAYO,Payoneer Global Inc.,7.105,2402.87,United States and Canada,US,-0.0731,0.0033,0.0037,0.0168,-0.0027,0.007,0.0009,0.0024,0.0142,-0.0148,-0.0171,0,0,-0.003,,,1124.89,1238.24,1387.42,977.72,831.1,627.62,473.4,345.59,317.75,260.13,,,
KLAC,KLA Corporation,198.036,258689.52,United States and Canada,US,-0.3557,0.0033,0.0547,0.0705,0.1409,0.3146,0.0007,0.0626,0.1143,0.2089,0.4162,0,0.081,0.128,0.2823,0.3988,18099.53,20994.01,23458.14,12156.16,9812.25,10496.06,9211.88,6918.73,5806.42,4568.9,4036.7,3480.01,2984.49
SYM,Symbotic Inc.,40.18,24216.76,United States and Canada,US,-0.5428,0.0032,0.0028,0.013,0.0143,-0.031,0.0086,0.0085,0.0171,0.0166,0.0431,0.0098,0.0092,-0.013,0.0102,0.0594,2803.69,3616.95,4523.68,1788.18,1176.89,593.31,251.91,92.09,100.12,,,,
DBX,Dropbox Inc.,34.811,7833.66,United States and Canada,US,-0.0235,0.0032,0.0032,0.0072,0.0113,0.0189,0.0049,0.0049,0.011,0.0154,0.0195,0.0051,0.0051,0.0047,0.0375,0.0375,2517.07,2508.59,2503.37,2548.2,2501.6,2324.9,2157.9,1913.9,1661.3,1391.7,1106.8,844.8,603.8
FSS,Federal Signal Corporation,128.048,7816.26,United States and Canada,US,-0.048,0.0032,0.0032,0.003,0.0238,0.1642,-0.0002,-0.0002,0,0.0219,0.1343,-0.0001,-0.0001,-0.0001,,,2641.16,2797.87,3104.6,1861.5,1722.7,1434.8,1213.2,1130.8,1221.3,1089.5,898.5,707.9,768
EQIX,Equinix Inc.,1042.698,102884.77,United States and Canada,US,-0.0762,0.0032,0.0034,0.0045,0.0185,0.0268,0.0092,0.0107,0.0147,0.0375,0.0488,0.0206,0.0237,0.027,0.0459,0.064,10274.43,11387.84,12723.07,8737,8197,7117,6259.78,5622.59,5159.22,5102.26,4347.58,3611.99,2725.87
GEN,Gen Digital Inc.,29.166,17458.1,United States and Canada,US,-0.0946,0.0032,0.0032,0.0327,0.0333,0.0755,0.0051,0.0052,0.0451,0.0482,0.0879,0.0194,0.0194,0.1415,0.1415,0.1844,5393.6,5731.86,6013.2,3935,3800,3317,2796,2551,2490,2456,2559,4019,3600
WIX,Wix.com Ltd.,60.195,2519.13,United States and Canada,US,-0.6847,0.0032,-0.0013,-0.0132,-0.0108,0.0076,-0.0031,-0.011,-0.0311,-0.025,-0.0085,-0.0086,-0.0132,-0.0372,-0.0149,-0.0075,2254.91,2505.3,2812.92,1760.65,1561.66,1387.67,1269.66,984.37,757.67,603.7,425.64,290.1,203.52
GEO,The GEO Group Inc.,30.687,4024.85,United States and Canada,US,-0.0485,0.0031,0.0031,0.0095,0.0074,-0.1015,0.0071,0.0071,0.014,0.0987,,,,,,,2993.74,3265.23,,2423.7,2413.17,2376.73,2256.61,2350.1,2477.92,2331.39,2263.42,2179.49,1843.31
CEG,Constellation Energy Corporation,269.745,96326.48,United States and Canada,US,-0.3464,0.0031,-0.0015,0.0763,0.3377,0.2275,-0.0014,-0.0126,0.0492,0.3226,0.2999,0.0007,-0.0106,0.0597,0.1694,0.4746,34596.9,35170.16,37037.05,23568,24918,24440,19649,17603,18924,20437,18500,17757,19135
OPCH,Option Care Health Inc.,23.772,3560.69,United States and Canada,US,-0.354,0.0031,0.0064,0.0066,-0.0394,-0.0572,0.0003,0.0027,-0.0018,-0.0563,-0.0763,-0.0035,-0.0035,-0.0126,-0.0582,,5747.87,6130.2,6623.28,4998.2,4302.32,3944.74,3438.64,3032.61,2310.42,1939.79,1782.44,1672.91,
TSAT,Telesat Corporation,58.853,3919.36,United States and Canada,US,-0.0045,0.0031,0.0138,-0.0254,-0.1082,-0.1382,0.003,0.0057,-0.326,-0.3946,-0.4115,0.0598,0.1595,0.0153,-0.2994,-0.2996,227.81,196.07,416.15,397.2,531.45,560.71,599.6,644.81,701.5,661.5,737.68,693.21,688.23
ASH,Ashland Inc.,76.45,3500.9,United States and Canada,US,-0.0189,0.0031,0.0094,0.0073,0.0034,-0.0088,0.0015,0.0028,0.0016,0.003,-0.0094,0.0075,0.0064,0.0053,0.0038,,1864.86,1933.85,2008.14,2113,2191,2391,2111,2016,2148,2589,2309,3019,3420
RIG,Transocean Ltd.,5.265,5881,United States and Canada,US,-0.3127,0.0031,0.0003,0.0033,-0.0002,0.008,0.0083,0.0115,0.0187,0.0227,0.0126,-0.0081,-0.0052,0.0049,,,3869.72,3866.85,3804.39,3524,2832,2575,2556,3152,3088,3018,2731,4161,7386
BIPC,Brookfield Infrastructure Corporation,39.454,4853.05,United States and Canada,US,-0.2372,0.0031,0.0351,-0.023,-0.0093,-0.0667,0.0031,0.0351,-0.0205,-0.0025,-0.0599,0.0031,0.0351,-0.0192,,,3818.12,4055.73,4303.14,3666,2503,1886,1643,1430,1619,1561,1323,347,
AMZN,Amazon.com Inc.,274.586,2961770.7,United States and Canada,US,-0.0439,0.0031,0.0043,0.0062,0.0289,0.0648,0.0111,0.0152,0.0205,0.0547,0.101,0.0186,0.0283,0.0386,0.0811,0.1485,827898.56,944759.1,1091050,637959,574785,513983,469822,386064,280522,232887,177866,135987,107006
STUB,StubHub Holdings Inc.,8.959,3363.54,United States and Canada,US,-0.6788,0.003,0.004,0.0255,-0.1711,,0.0032,0.0028,-0.0453,-0.355,,0.0069,0.0063,-0.0087,-0.4904,,2027.86,2277,2616.3,1770.64,1367.72,1036.71,672.79,35.64,211.63,,,,
RRR,Red Rock Resorts Inc.,61.91,6160.71,United States and Canada,US,-0.1026,0.003,0.003,0.0009,-0.0239,-0.0208,0.0037,0.0045,0.0054,-0.0029,0.0135,0.005,0.002,-0.0057,,,2020.86,2148.07,2275.34,1939.01,1724.09,1663.79,1617.9,1182.44,1856.53,1681.03,1642.14,1475.76,1352.13
BDX,Becton Dickinson and Company,176.844,48727.67,United States and Canada,US,-0.1701,0.003,0.0034,0.0056,-0.1435,-0.1577,0,0.0006,0.0001,-0.1526,-0.1767,0.0019,0.0026,0.0016,-0.1342,-0.1863,19271.24,19722.37,20515.19,20178,19372,18870,19131,16074,17290,15983,12093,12483,10282
EMR,Emerson Electric Co.,158.277,88286.91,United States and Canada,US,-0.0416,0.0029,0.0019,0.0014,-0.0049,-0.0086,0.0027,0.0018,0.0009,-0.0031,-0.0008,0.0031,0.001,0.0017,0.0023,-0.0307,18874.78,19915.87,21026.9,17492,15165,13804,12932,16785,18372,17408,15264,14522,16249
LEA,Lear Corporation,122.84,6059.05,United States and Canada,US,-0.1829,0.0029,0.0038,0.0028,0.0075,0.0217,-0.0114,-0.0111,-0.0125,-0.0064,0.0106,-0.0057,-0.0034,-0.0047,0.009,-0.0191,23805.97,24186.06,24893.51,23306,23466.9,20891.5,19263.1,17045.5,19810.3,21148.5,20467,18557.6,18211.4
WK,Workiva Inc.,65.144,3544.91,United States and Canada,US,-0.3291,0.0029,0.0029,0.003,0.0199,0.0313,0.0031,0.0031,0.0025,0.0207,0.0156,-0.0108,-0.0108,-0.0033,-0.0015,-0.1622,1042.05,1203.19,1382.38,738.68,630.04,537.88,443.29,351.59,297.89,244.34,207.87,178.65,145.27
PEN,Penumbra Inc.,324.609,12786.16,United States and Canada,US,-0.1043,0.0029,-0.0004,-0.0024,0.0081,0.025,-0.0023,0.0009,-0.0034,-0.0004,0.0207,-0.0022,0.0019,0.0003,0.0052,0.0211,1595.28,1799.79,2038.72,1194.62,1058.52,847.13,747.59,560.41,547.4,444.94,333.76,263.32,186.09
BA,The Boeing Company,234.461,185310.95,United States and Canada,US,-0.0782,0.0029,0.0036,0.004,0.0037,-0.0061,0.0025,0.0043,0.0061,0.0078,0.0246,0.0036,0.0026,0.0058,0.0063,0.0388,98011.99,112830.05,123474.43,66517,77794,66608,62286,58158,76559,101127,94005,93496,96114
DAO,Youdao Inc.,18.19,2194.34,United States and Canada,US,-0.0103,0.0028,0.0045,0.0064,0.0193,0.0413,0.0028,0.0085,0.0109,0.026,0.0594,0.0028,0.0052,0.0059,,,975.55,1113.56,1256.77,770.78,759.28,726.86,631.91,387.08,173.41,106.36,70.04,,
VIPS,Vipshop Holdings Limited,15.673,7527.28,United States and Canada,US,-0.2565,0.0028,0.0052,-0.0064,-0.005,0.0332,0.0028,0.0052,-0.0063,-0.0059,0.0408,0.0028,0.0052,-0.0076,-0.0195,0.0688,15683.87,16016.42,16307.43,14854.2,15900.14,14956.14,18420.09,15603.8,13355.7,12288.14,11205.73,8150.37,6192.25
VNET,VNET Group Inc.,7.325,2085.37,United States and Canada,US,-0.4941,0.0028,0.0028,0.009,0.039,0.1186,0.0028,0.0006,0.0206,0.0601,0.1346,0.0028,-0.0001,0.0356,0.1213,0.2586,1733.87,2102.88,2503.92,1131.53,1044.4,1024.39,974,739.76,544.17,494.44,521.42,524.49,559.78
WRD,WeRide Inc.,6.295,2070.78,United States and Canada,US,-0.4984,0.0028,-0.0147,-0.0591,-0.1399,-0.3689,0.0028,0.0052,-0.0915,-0.3186,-0.6566,0.0028,0.0052,0.1351,-0.3238,,158.36,300.83,771.13,49.48,56.62,76.49,21.74,2.79,,,,,
CHA,Chagee Holdings Limited,10.17,1940.06,United States and Canada,US,-0.5745,0.0028,-0.0046,0.0492,-0.0561,-0.1863,0.0028,-0.0227,-0.0162,-0.0942,-0.2466,0.0028,-0.0119,0.069,0.1443,,2094.25,2341.41,2531.01,1699.63,653.75,71.29,,,,,,,
BEKE,KE Holdings Inc.,17.055,19531.43,United States and Canada,US,-0.1871,0.0028,0.0028,0.0137,-0.0742,-0.2113,0.0028,0.0017,-0.0367,-0.1061,-0.2639,0.0028,-0.0008,0.0179,-0.1485,-0.3085,13198.6,13848.98,14383.3,12804.15,10957.89,8796.4,12706.91,10797.05,6608.58,4164.64,3919.91,,
ZTO,ZTO Express (Cayman) Inc.,23.586,17895.05,United States and Canada,US,-0.0998,0.0028,0.0058,0.0439,0.0946,0.0888,0.0028,0.0064,0.0387,0.0832,0.0652,0.0028,0.0077,0.0411,0.1268,0.121,8497.18,9235.51,10067.43,6066.68,5412.79,5129.33,4784.55,3862.6,3175.39,2559.34,2007.17,1409.79,937.46
PDD,PDD Holdings Inc.,91.746,130590.93,United States and Canada,US,-0.3419,0.0028,0.0051,-0.0172,0.0006,0.0221,0.0028,0.0051,-0.0222,0.0025,0.016,0.0028,0.005,-0.0264,-0.052,-0.0479,71066.87,79379.9,86471.86,53957.54,34889.57,18929.62,14783.63,9113.62,4328.93,1907.39,268.04,72.71,
DIDIY,DiDi Global Inc.,3.52,15866.46,United States and Canada,US,-0.4964,0.0028,0.0052,0.0163,0.0353,0.0945,0.0028,0.0052,0.0156,0.033,0.1166,0.0028,0.0052,0.0182,0.047,0.1108,37106.47,40797.59,44806.55,28332.46,27104.16,20413.47,27352.85,21712.7,22230.12,19668.25,,,
LXP,LXP Industrial Trust,60.56,3570.45,United States and Canada,US,-0.017,0.0028,0.015,0.0207,-0.0234,-0.0504,0.0031,0.006,0.0109,-0.0428,-0.0915,0.006,-0.0024,0.0092,-0.0437,-0.0687,351.4,371.51,399.25,358.46,340.5,321.25,344,330.45,325.97,396.97,392.69,429.5,430.84
CW,Curtiss-Wright Corporation,691.32,25538.17,United States and Canada,US,-0.1446,0.0028,0.004,0.0115,0.0277,0.0501,0.0055,0.0067,0.0151,0.0346,0.0684,0.0064,0.0085,0.0159,0.0302,0.1022,3796.24,4109.03,4453.38,3121.19,2845.37,2557.03,2505.93,2391.34,2487.96,2411.84,2271.03,2108.93,2205.68
BILI,Bilibili Inc.,18.733,7839.87,United States and Canada,US,-0.4854,0.0028,0.0051,0.0078,0.0271,0.0609,0.0031,0.0055,0.0129,0.0355,0.0683,0.0044,0.0067,0.0184,0.0246,0.0425,4898.13,5390.12,5915.08,3676.05,3173.94,3175.17,3050.15,1838.13,973.43,600.27,379.37,75.37,20.18
WAY,Waystar Holding Corp.,24.233,4646.64,United States and Canada,US,-0.4156,0.0028,0.0015,0.0005,0.0014,0.1313,0.0021,0.0019,0.001,0.0033,0.1305,0.0084,0.0072,0.0048,0.0183,0.1575,1285.94,1423.65,1599.94,943.55,791.01,704.87,578.57,,,,,,
QRVO,Qorvo Inc.,99.076,8740.65,United States and Canada,US,-0.0951,0.0027,0.0136,0.0048,0.0083,-0.1019,-0.0003,-0.0028,-0.0077,-0.0185,-0.1155,-0.0007,-0.0182,-0.039,-0.039,-0.0674,3502.45,3663.09,3891.37,3718.97,3769.51,3569.4,4645.71,4015.31,3239.14,3090.32,2973.54,3032.57,2610.73
ORLY,O'Reilly Automotive Inc.,93.508,76318.03,United States and Canada,US,-0.1399,0.0027,0.0026,0.0018,0.0076,0.0124,0.002,0.0016,0.0017,0.0054,0.0112,-0.0011,-0.0007,0.0027,0.0181,0.0274,19112.32,20276.37,21572.98,16708.48,15812.25,14409.86,13327.56,11604.49,10149.99,9536.43,8977.73,8593.1,7966.67
ODFL,Old Dominion Freight Line Inc.,216.276,44846.26,United States and Canada,US,-0.1419,0.0027,0.0197,0.0314,0.0598,-0.0049,0.0042,0.0146,0.0293,0.0436,-0.0065,0.0029,0.022,0.0419,0.0587,-0.0274,5911.93,6353.55,6901.89,5814.81,5866.15,6260.08,5256.33,4015.13,4109.11,4043.7,3358.11,2991.52,2972.44
CHE,Chemed Corporation,552.39,7189.41,United States and Canada,US,-0.0011,0.0027,0.011,0.0106,0.0063,0.0019,0.0062,0.009,0.0082,0.0231,0.0224,0.0124,0.0124,0.0124,0.0339,,2720.65,2882.59,3051.8,2431.29,2264.42,2134.96,2139.26,2079.58,1938.56,1782.65,1666.72,1576.88,1543.39
NSP,Insperity Inc.,52.488,2004.79,United States and Canada,US,-0.0827,0.0027,0.0027,0.0027,-0.0486,-0.0423,-0.0047,-0.0047,-0.0047,-0.0877,-0.047,-0.0062,-0.0062,-0.0062,,,6907.12,7202.22,7578.61,6581,6485.87,5938.82,4973.07,4287,4314.8,3828.55,3300.22,2941.35,2603.61
MYRG,MYR Group Inc.,337.888,5260.66,United States and Canada,US,-0.329,0.0027,0.0737,0.0751,0.123,0.1701,0.0583,0.0989,0.1081,0.1736,0.1673,0.0269,0.0649,0.086,0.1573,,4409.97,4955.4,5390,3362.29,3643.91,3008.54,2498.29,2247.39,2071.16,1531.17,1403.32,1142.49,1061.68
PIPR,Piper Sandler Companies,74.798,5286,United States and Canada,US,-0.2132,0.0026,0.0071,0.0068,0.0288,0.0734,0.0047,0.0144,0.0139,0.0207,0.1309,0.005,0.0076,0.0068,,,2081.97,2348.91,2505.67,1525.91,1347.97,1425.64,2031.06,1238.21,834.57,740.95,823.62,747.35,672.92
LDOS,Leidos Holdings Inc.,137.57,17263.96,United States and Canada,US,-0.3314,0.0026,0.0032,0.0033,0.0223,0.0267,0.0032,0.0034,0.001,0.0368,0.0411,0.0005,0.0015,0.0026,0.0528,,18292.61,19145.49,20011.72,16662,15438,14396,13737,12297,11094,10194,10170,7043,5140.36
STVN,Stevanato Group S.p.A.,20.32,5547.44,United States and Canada,US,-0.2743,0.0026,0.004,-0.018,-0.0334,-0.0223,-0.0002,0.0011,-0.0233,-0.0418,-0.0262,0.0072,0.0085,-0.0179,-0.0772,-0.0273,1464.48,1602.06,1764.54,1143.72,1198.23,1053.3,960.53,808.74,601.84,,,,
LNT,Alliant Energy Corporation,69.357,17983.21,United States and Canada,US,-0.1199,0.0025,0.0053,-0.0019,0.0337,0.0336,0,0.017,0.0175,0.0285,0.0388,0,0.0143,0.0119,0.0254,0.0319,4578.71,4831.07,5195.73,3981,4027,4205,3669,3416,3648,3534,3382.2,3320,3253.6
CSL,Carlisle Companies Incorporated,387.365,15347.84,United States and Canada,US,-0.1052,0.0025,0.0237,0.0233,0.0362,-0.0154,0.0032,0.0303,0.0288,0.0426,-0.0252,-0.0001,0.0361,0.0354,0.0355,,5266.89,5527.05,5784,5003.6,4586.9,6591.9,4810.3,3969.9,4484.6,4479.5,3750.8,3425.2,3543.2
SHO,Sunstone Hotel Investors Inc.,11.089,2065.78,United States and Canada,US,-0.0813,0.0025,-0.0121,-0.0227,0.0018,-0.0076,-0.0015,-0.0349,-0.061,-0.0382,-0.0457,-0.002,-0.0063,-0.0902,-0.0899,,984.31,975.08,964.82,905.81,985.98,912.05,509.15,267.91,1115.17,1153.25,1193.64,1189.44,1250.38
VMC,Vulcan Materials Company,284.69,36889.77,United States and Canada,US,-0.1401,0.0025,0.0037,0.005,-0.0259,-0.0649,0.0022,0.0031,0.0037,-0.0373,-0.0663,-0.0024,-0.0081,-0.0029,-0.0888,-0.0735,8167.91,8630.83,9223.99,7417.7,7781.9,7315.2,5552.2,4856.8,4929.1,4382.87,3890.3,3592.67,3422.18
TEM,Tempus AI Inc.,52.065,9394.34,United States and Canada,US,-0.5009,0.0024,0.002,0.003,0.0138,0.0249,0.0046,0.0123,0.0134,0.0136,-0.0024,0.0066,0.0191,0.022,0.0047,-0.0226,1596.74,1969.93,2364.7,693.4,531.82,320.67,257.85,188,62.06,,,,
NP,Neptune Insurance Holdings Inc.,32.03,4395.58,United States and Canada,US,-0.0888,0.0024,0.0298,0.0347,0.072,,0.0087,0.0408,0.0543,0.0904,,0.0054,0.0424,0.0664,0.0784,,203.15,239.97,278.56,119.3,84.87,,,,,,,,
DLO,DLocal Limited,14.401,4226.22,United States and Canada,US,-0.1418,0.0024,0.0012,0.0049,0.1147,0.2826,0.0059,0.0055,0.0258,0.1502,0.3654,0.0147,0.0147,0.0528,-0.0032,,1538.18,1996.05,2416.32,745.97,650.35,418.93,244.12,104.14,55.29,,,,
GDS,GDS Holdings Limited,31.979,6407.88,United States and Canada,US,-0.3421,0.0024,0.0033,0.0073,0.0207,0.0288,0.003,0.0047,-0.0201,0.0026,-0.0018,0.001,0.0015,-0.0366,-0.0301,-0.0313,1875.31,2079.6,2414.04,1414.18,1378.24,1343.79,1230.32,879.16,592.05,405.91,248.38,152.08,108.38
BIO,Bio-Rad Laboratories Inc.,352.386,9393.88,United States and Canada,US,-0.0027,0.0024,0.0024,0.0003,-0.024,-0.0365,-0.0005,-0.0005,-0.0002,-0.0363,-0.044,0.0021,0.0022,0.0124,-0.001,-0.012,2573.32,2633.5,2681.88,2566.5,2671.2,2802.2,2922.55,2545.63,2311.66,2289.41,2160.15,2068.17,2019.44
BLBD,Blue Bird Corporation,68.615,2171.43,United States and Canada,US,-0.1772,0.0024,0.0024,0.0106,0.1562,0.109,0.0139,0.0139,0.0079,0.2801,0.2405,0.1159,0.1159,,0.3557,0.3085,1752.39,2029.02,2274.3,1347.15,1132.79,800.64,684,879.22,1018.87,1024.98,990.6,932.01,919.13
DRS,Leonardo DRS Inc.,44.816,11961.01,United States and Canada,US,-0.1141,0.0023,0.0023,0.0069,0.0325,0.0381,0.0034,0.0034,0.0117,0.0437,0.0454,0.0016,0.0016,0.0211,0.0421,0.0443,3946.61,4216.06,4453.38,3234,2826,2693,2879,2778,2714,2333,3295.38,2821.11,1735.53
DCOM,Dime Commercial Bancshares Inc.,40.341,1781.32,United States and Canada,US,-0.0525,0.0023,0.0101,0.0117,0.0094,0.0059,-0.003,-0.0082,-0.0113,-0.0066,,,,,,,518.08,571.98,,277.99,350.01,412.64,409.97,179.41,142.25,153.6,173.72,217.3,138.51
ITGR,Integer Holdings Corporation,125.27,4258.18,United States and Canada,US,-0.0069,0.0022,0.0022,0.0022,-0.0117,-0.0913,0.0021,0.0023,0.0023,-0.0139,-0.1028,0.004,0.004,0.004,-0.037,-0.0952,1820.74,1929.25,2033.8,1716.6,1596.67,1376.1,1221.08,1073.44,1258.09,1215.01,1136.08,1075.5,800.41
TBBK,The Bancorp Inc.,69.685,2901.3,United States and Canada,US,-0.1466,0.0022,0.0022,0.0022,-0.0118,-0.1283,-0.0024,-0.0024,-0.0024,-0.0468,,,,,,,360.58,361.16,,495.38,447.82,347.42,312.51,273.13,241.01,271.06,196.21,129.44,167.37
CMG,Chipotle Mexican Grill Inc.,32.79,41493.06,United States and Canada,US,-0.2593,0.0022,0.003,0.0031,0.0055,-0.0487,0.0022,0.0029,0.0021,0.0014,-0.06,-0.003,-0.0025,-0.0047,-0.0109,-0.0926,13019.44,14418.96,15870.68,11313.85,9871.65,8634.65,7547.06,5984.63,5586.37,4864.98,4476.41,3904.38,4501.22
MTCH,Match Group Inc.,37.265,8554.22,United States and Canada,US,-0.0999,0.0022,0.0029,0.0037,-0.0037,-0.0412,0.0026,0.0038,0.0044,-0.007,-0.056,-0.0006,0.0002,0.0034,-0.0022,-0.07,3481.3,3619.51,3832.86,3479.37,3364.5,3188.84,2983.28,2391.27,2051.26,1729.85,3307.24,3139.88,3230.93
AR,Antero Resources Corporation,34.712,10671.82,United States and Canada,US,-0.2413,0.0022,-0.0046,-0.007,0.1063,0.1278,0.0101,-0.0051,-0.0247,0.0046,0.2098,0.018,0.0173,-0.0058,,,6763.37,6734.3,7299.49,4297.76,4485.1,8716.67,6510.7,3397.27,3944.72,4133.14,3018.68,2161.07,1573.36
XHR,Xenia Hotels & Resorts Inc.,19.405,1920.53,United States and Canada,US,-0.1204,0.0021,0.001,0.0044,0.0088,0.0214,0.0007,0.0007,0.0035,0.0014,0.0234,0,0,-0.0062,-0.0184,,1123.9,1155.38,1181.49,1039.05,1025.44,997.61,616.19,369.78,1149.09,1058.21,945.28,950.16,976.14
INTA,Intapp Inc.,37.72,2903.91,United States and Canada,US,-0.213,0.0021,0.0021,0.0021,0.014,0.0245,0.0047,0.0047,0.0047,0.0348,,-0.0595,-0.0595,-0.0595,,,657.71,756.03,911.95,504.12,430.52,350.87,272.07,214.63,186.85,143.22,,,
TCOM,Trip.com Group Limited,46.151,29061.53,United States and Canada,US,-0.4157,0.0021,-0.0014,-0.0367,-0.0125,0.0294,0.0022,-0.003,-0.0433,-0.026,0.0189,0.0028,-0.0053,-0.061,-0.043,0.0168,9996.55,11149.41,12295.97,7301.55,6270.96,2905.47,3150.75,2805.85,5122.29,4501.71,4118.22,2771.7,1678.49
GLBE,Global-E Online Ltd.,42.277,7101.16,United States and Canada,US,-0.0055,0.0021,0.0092,0.0228,0.073,0.089,0.0029,0.0154,0.0364,0.0964,0.0964,0.0051,0.0128,0.0342,0.086,0.0935,1271.42,1605.29,1997.39,752.76,569.95,409.05,245.27,136.38,65.85,38.64,,,
KRG,Kite Realty Group Trust,26.75,5501.26,United States and Canada,US,-0.1059,0.0021,0.0022,-0.005,-0.0263,-0.0917,-0.0006,-0.0095,-0.0178,-0.0357,-0.0951,0,-0.0018,-0.0049,-0.0257,,799.64,823.3,864.19,837.48,821.34,802,373.32,266.64,315.17,354.18,358.82,354.12,347
HRI,Herc Holdings Inc.,167.9,5613.14,United States and Canada,US,-0.1086,0.002,0.0362,0.0336,-0.0187,-0.0303,0.0123,0.041,0.0389,-0.0097,-0.0477,0.014,0.0372,0.0237,-0.013,-0.0606,4962.13,5297.32,5777.49,3568,3282,2738.8,2073.1,1781.3,1999,1976.7,1754.5,1554.8,1678.2
RDNT,RadNet Inc.,72.229,5679.67,United States and Canada,US,-0.1586,0.002,0.002,0.0136,0.1089,0.177,0,0,0.0164,0.1186,,0,0,0.0143,0.111,,2493.1,2744.03,3074.9,1829.66,1616.63,1430.06,1324.19,1098.1,1154.18,975.15,922.19,884.53,809.63
WEC,WEC Energy Group Inc.,107.63,35071.17,United States and Canada,US,-0.1024,0.002,-0.006,0.0272,0.0347,0.0473,-0.0019,-0.001,-0.0001,0.0196,0.0426,-0.0035,-0.0039,-0.0028,0.037,0.0535,10251.75,10805.99,11689.93,8599.9,8893,9597.4,8316,7241.7,7523.1,7679.5,7648.5,7472.3,5926.1
PLNT,Planet Fitness Inc.,50.01,3972.93,United States and Canada,US,-0.5623,0.002,0.002,-0.0165,-0.0257,-0.0105,-0.0034,-0.006,-0.054,-0.0647,-0.0366,-0.0019,-0.0052,-0.0656,-0.0695,-0.0141,1421.38,1523.08,1649.72,1102.73,1001.31,878.7,534.66,363.32,638.65,530.7,429.94,378.24,330.54
NMRK,Newmark Group Inc.,14.806,3566.38,United States and Canada,US,-0.2535,0.002,0.0113,0.0108,0.0579,0.1138,0.0007,0.0188,0.0177,0.0651,0.1379,0.0021,0.0169,0.0136,0.0961,0.1781,3841.51,4196.46,4548.77,2738.5,2470.37,2705.53,2906.44,1905,2218.13,2047.58,1596.45,1349.98,1200.25
SBCF,Seacoast Banking Corporation of Florida,34.546,3309.41,United States and Canada,US,-0.0307,0.002,0.0071,0.0024,-0.0011,0.0033,0.0012,-0.0008,-0.0009,-0.0039,,,,,,,849.97,900.99,,499.14,529.87,406.07,356.17,286.13,288.39,249.53,229.12,174.51,139.02
MGM,MGM Resorts International,44.47,11188.33,United States and Canada,US,-0.138,0.002,-0.0007,-0.0005,0.0056,0.0029,0.0006,-0.002,-0.001,0.0032,-0.0054,-0.0002,-0.0078,-0.0068,-0.0198,-0.0196,17695.62,17947.55,18322.65,17240.54,16164.25,13127.49,9454.06,4917.13,12462.78,11337.6,10395.44,9081.12,8791.23
FTRE,Fortrea Holdings Inc.,18.433,1752.98,United States and Canada,US,-0.1382,0.002,0.0214,0.0214,-0.024,0.037,0.0018,0.0191,0.0199,-0.0259,0.0271,0.0022,0.0211,0.0241,-0.0249,0.0336,2663.23,2744.17,2865.58,2696.4,3109,3096.1,3057.5,2580.3,,,,,
DUK,Duke Energy Corporation,124.86,97353.62,United States and Canada,US,-0.0716,0.002,0.0043,0.0019,0.0193,0.0147,-0.0003,0.0031,0.0119,0.0227,0.0185,-0.0003,0.0015,0.0111,0.008,0.0176,33735.22,35271.04,37099.94,29934,28602,28319,24201,22951,24658,24116,23189,22381,21975
SIRI,Sirius XM Holdings Inc.,29.905,10079.99,United States and Canada,US,-0.0844,0.0019,0.0022,0.0024,0.0048,0.0085,-0.0012,0.0021,0.0014,0.012,0.0198,-0.0018,0.0064,0.0067,0.0308,0.0361,8585.85,8697.57,8866.12,8699,8953,9003,8696,8040,7794,5771,5425,5017.22,4570.06
PSKY,Paramount Skydance Corporation,9.183,10302.83,United States and Canada,US,-0.5598,0.0019,0.0019,0.0016,-0.0051,0.0407,0.0035,0.0042,0.0047,-0.0047,0.058,0.0017,0.0045,0.0047,-0.0008,0.0598,29904.84,30467.77,31821.78,29213,29652,30154,28586,25285,26998,26425,26535,13166,12671
APG,APi Group Corporation,41.718,18028.86,United States and Canada,US,-0.1655,0.0019,0.0289,0.0416,0.0675,0.0987,0.0162,0.0323,0.0606,0.0889,0.1271,0.0266,0.0358,0.0631,,,8983.81,9675.86,10259.28,7018,6928,6558,3940,3587,4092,,17.77,,
AVTR,Avantor Inc.,13.584,9187.66,United States and Canada,US,-0.1473,0.0019,0.0141,0.0144,0.0107,-0.0282,0.0035,0.0167,0.0173,-0.0021,-0.0475,0.0048,0.0195,0.0203,0.0044,-0.0373,6593.69,6749.72,6994.25,6783.6,6967.2,7512.4,7386.1,6393.6,6040.3,5864.3,1247.4,691.3,636.9
WMS,Advanced Drainage Systems Inc.,143.95,11033.1,United States and Canada,US,-0.1972,0.0019,0.0019,0.0118,0.0095,0.1326,0.0041,0.0041,0.0078,0.0062,0.1708,0.0222,0.0222,,,,3456.91,3681.09,3986.34,2904.24,2874.47,3071.12,2769.32,1982.78,1673.81,1384.73,1330.35,1257.26,1290.68
NWBI,Northwest Bancshares Inc.,15.545,2275.73,United States and Canada,US,-0.0381,0.0018,0.0071,0.0071,0.0134,0.0113,0.0067,0.0122,0.0122,0.0145,,,,,,,726.3,759.62,,498.08,526.63,513.67,546.03,440.02,437.21,410.01,421.51,379.15,322.38
CPAY,Corpay Inc.,393.155,25697.37,United States and Canada,US,-0.0315,0.0018,0.0021,0.0139,0.0072,0.086,-0.0064,-0.007,0.0068,-0.0052,0.0754,-0.0076,-0.0091,-0.0086,-0.0096,,5314.15,5781.5,6279,3974.59,3757.72,3427.13,2833.74,2388.86,2648.85,2433.49,2249.54,1831.55,1702.87
AMAT,Applied Materials Inc.,538.795,427781.37,United States and Canada,US,-0.2716,0.0018,0.003,0.0616,0.1469,0.0968,0.0084,0.0291,0.1347,0.2746,0.3311,0.0128,0.0411,0.2096,0.4107,0.5246,33490.07,43260.86,51861.66,27176,26517,25785,23063,17202,14608,16705,14698,10825,9659
FCF,First Commonwealth Financial Corporation,21.497,2164.95,United States and Canada,US,-0.0378,0.0018,0.0007,0.0007,-0.0023,-0.0137,-0.0047,-0.0043,-0.0043,-0.0092,,,,,,,556.96,589.64,,448.5,467.27,389.48,386.37,305.35,339.09,327.25,302.19,244,233.24
RTX,RTX Corporation,223.039,300602.63,United States and Canada,US,-0.0116,0.0018,0.023,0.023,0.0316,0.0637,0.0023,0.0248,0.0267,0.0388,0.0773,0.0036,0.0275,0.033,0.0494,0.1059,96233.68,103136.2,110317.05,80738,68920,67074,64388,56587,45349,34701,59837,57244,56098
MSFT,Microsoft Corporation,499.89,3711955.94,United States and Canada,US,-0.0972,0.0018,0.0166,0.0175,0.0337,0.0597,0.0056,0.0293,0.0322,0.0606,0.1035,0.0144,0.0626,0.0754,0.0904,0.2176,390956.25,467596.21,562535.16,281724,245122,211915,198270,168088,143015,125843,110360,96571,91154
VLTO,Veralto Corporation,98.373,23982.68,United States and Canada,US,-0.1066,0.0018,0.0053,0.0059,0.0101,0.0174,0.0036,0.0058,0.0063,0.0084,0.01,0.003,0.0044,0.0047,0.0034,-0.0146,5904.91,6213.51,6572.14,5193,5021,4870,4700,4348,,,,,
REGN,Regeneron Pharmaceuticals Inc.,784.269,78313.17,United States and Canada,US,-0.0449,0.0017,0.0627,0.0652,0.0827,0.1618,0.0069,0.0437,0.0444,0.0726,0.1482,0.0079,0.0322,0.0298,0.061,0.1478,16888.64,18340.11,19594.86,14202,13117.2,12172.9,16071.7,8497.1,6557.6,5145.6,5872.2,4860.4,4103.73
CVSA,Covista Inc.,141.075,4800.91,United States and Canada,US,-0.0972,0.0017,0.0017,0.0115,0.0095,0.0427,0.004,0.004,0.0115,0.0171,,0.0023,0.0023,0.004,,,2072.31,2241.15,2418.83,1788.29,1584.65,1450.83,1381.84,899.25,866.43,1013.84,960.28,1207.91,1080.08
SW,Smurfit Westrock Plc,48.283,25291.45,United States and Canada,US,-0.0829,0.0016,0.0054,0.0081,0.0029,-0.0151,0.0071,0.0288,0.0327,0.0346,0.0169,0.0073,0.0267,0.0301,0.0248,0.0069,32033.27,33959.01,34633.21,21109,12444.25,13722.03,11503.53,10420.23,10149.19,10248.6,10272.35,8587.52,8806.95
XYZ,Block Inc.,79,47462.8,United States and Canada,US,-0.0893,0.0016,-0.0067,-0.0108,-0.0359,-0.0666,0.0008,-0.0077,-0.0099,-0.0304,-0.0396,-0.0034,-0.0152,-0.0114,-0.0237,-0.1004,26001.62,28986.59,32218.85,24121.05,21915.62,17531.59,17661.2,9497.58,4713.5,3298.18,2214.25,1708.72,1267.12
ACHC,Acadia Healthcare Company Inc.,31.553,2937.59,United States and Canada,US,-0.1194,0.0016,0.0055,0.0059,0.009,-0.0537,0.0017,0.0038,0.0055,0.0138,-0.0691,0.0011,0.0033,0.0021,-0.0208,-0.1217,3428.03,3628.28,3815.28,3153.96,2928.74,2610.4,2314.39,2089.93,2008.38,1904.69,2836.32,2810.91,1794.49
C,Citigroup Inc.,134.989,226430.55,United States and Canada,US,-0.0877,0.0016,0.0181,0.0266,0.0576,0.0986,0.0012,0.0209,0.0316,0.0582,0.1054,0.0015,0.0141,0.0264,0.0563,0.1722,95791.33,99514.97,103181.77,70946,70304,70560,74990,59572,66849,65500,65272,64048,69246
ALLY,Ally Financial Inc.,43.731,13171.76,United States and Canada,US,-0.0753,0.0016,0.0082,0.0107,0.0049,-0.0019,0.001,0.006,0.0064,0.0076,0.0231,-0.0022,-0.0004,0.0038,-0.0016,0.0111,9049.17,9616.53,9952.68,6751,7106,7943,8671,6200,6379,5912,5861,6289,6760
ATR,AptarGroup Inc.,135.472,8613.46,United States and Canada,US,-0.0779,0.0016,0.0001,-0.0004,0.056,0.0229,-0.0026,-0.005,-0.0055,0.0374,-0.0044,0.0034,0.0036,0.0036,0.0483,-0.0062,3981.88,4153.75,4471.1,3582.89,3487.45,3322.25,3227.22,2929.34,2859.73,2764.76,2469.28,2330.93,2317.15
NSC,Norfolk Southern Corporation,334.549,75142.51,United States and Canada,US,-0.0671,0.0016,0.0361,0.0429,0.0596,0.0292,0.0041,0.035,0.041,0.0548,0.0332,0.004,0.0362,0.039,0.0461,0.0347,13220.4,13788.34,14344.84,12123,12156,12745,11142,9789,11296,11458,10551,9888,10511
CUBE,CubeSmart,41.767,9445.46,United States and Canada,US,-0.0345,0.0016,0.003,0.0049,-0.0059,-0.0178,-0.0019,0.0073,0.0036,-0.0101,-0.0342,0,0.0109,-0.0005,-0.0098,-0.09,1139.21,1181.55,1236.63,1068.73,1056.42,1058.5,847.84,679.36,655.04,597.08,557.56,507.38,444.11
SBAC,SBA Communications Corporation,184.134,19534.41,United States and Canada,US,-0.1828,0.0016,0.0015,0.0016,0.0064,-0.0087,-0.0006,-0.0007,-0.0007,0.0089,-0.0149,-0.0017,-0.0012,-0.0011,-0.0072,-0.053,2865.14,2937.54,3053.98,2679.63,2711.58,2633.45,2308.83,2083.14,2014.64,1865.69,1727.67,1633.13,1638.47
STT,State Street Corporation,184.68,50731.92,United States and Canada,US,-0.0407,0.0016,0.0363,0.0509,0.0827,0.1267,0.0017,0.0402,0.0589,0.09,0.1381,0,0.0387,0.0627,0.1033,0.2169,15926.39,16716.72,17668.05,12925,11899,12128,12060,11615,11746,12116,11264,10197,10348
LNTH,Lantheus Holdings Inc.,100.97,6573.76,United States and Canada,US,-0.0974,0.0015,0.0013,0.0116,-0.021,-0.1225,-0.003,-0.0102,-0.0028,-0.0249,-0.1222,0,-0.0172,-0.0205,-0.0253,-0.1002,1468.57,1644.65,1856.75,1533.91,1296.43,935.06,425.21,339.41,347.34,343.37,331.38,301.85,293.46
TSLA,Tesla Inc.,328.536,1297568.5,United States and Canada,US,-0.3414,0.0015,0.0229,0.0341,0.0278,-0.0411,0.0012,0.0128,0.0189,-0.0173,-0.0844,-0.0012,0.0119,0.0159,-0.0023,-0.132,105875.72,120628.62,141344.35,97690,96773,81462,53823,31536,24578,21461,11759,7000.13,4046.03
FRT,Federal Realty Investment Trust,118.641,10371.07,United States and Canada,US,-0.0746,0.0015,0.0019,-0.0007,0.0126,0.0225,-0.0036,-0.0028,-0.0036,0.023,0.0148,-0.0003,-0.0038,0.0064,0.0339,0.0111,1359.66,1419.82,1506.71,1205.61,1136.02,1079.55,952.47,827.43,933.78,912.04,856.93,801.64,745.43
CWST,Casella Waste Systems Inc.,89.618,5700.6,United States and Canada,US,-0.1699,0.0015,0.0017,0.0018,0.0463,0.0506,0.0015,-0.0013,-0.0005,0.0498,0.0472,0,-0.0025,0.0136,-0.0115,-0.0299,2075.37,2224.16,2391.27,1557.28,1264.54,1085.09,889.21,774.58,743.29,660.66,599.31,565.03,546.5
LOPE,Grand Canyon Education Inc.,152.5,3924.44,United States and Canada,US,-0.3163,0.0015,0.0015,-0.0085,-0.0104,0.0028,0.0059,0.0059,-0.0108,,,0.0044,0.0044,,,,1168.89,1240.38,1312.79,1033,960.9,911.31,896.56,844.1,778.64,845.5,974.13,873.34,778.2
ARES,Ares Management Corporation,136.819,45129.29,United States and Canada,US,-0.2993,0.0015,0.0066,0.0068,-0.1035,-0.0477,0.0004,-0.05,-0.0481,-0.1101,-0.0333,-0.0129,-0.0644,-0.0646,-0.0863,0.0626,4954.29,5811.97,6696.4,3884.78,3631.88,3055.44,4212.09,1764.05,1765.44,958.46,1479.94,1254.37,814.44
ULCC,Frontier Group Holdings Inc.,7.388,1700.83,United States and Canada,US,-0.121,0.0014,0.0264,0.0441,0.1116,0.1144,0.002,0.0166,0.0286,0.0816,0.111,-0.0174,-0.0138,-0.0094,,,4799.08,5258.57,5592.02,3775,3589,3326,2060,1250,2508,2156,1714,1604,1593
HSAI,Hesai Group,19.21,3005.21,United States and Canada,US,-0.3773,0.0014,0.004,-0.0031,-0.0316,-0.0274,0.0014,0.0075,0.0118,0.0348,0.0676,0.0014,0.0123,0.0115,0.0494,0.0135,644.25,909.09,1195.69,284.58,264.45,174.38,113.42,63.65,49.99,,,,
BABA,Alibaba Group Holding Limited,128.41,292917.39,United States and Canada,US,-0.3335,0.0014,0.0057,-0.011,0.0105,0.044,0.0017,0.0086,-0.0046,0.0297,0.0865,0.0026,0.0182,0.0106,0.0593,0.2009,166641.05,186391.47,210299.19,137239.77,130346.65,126490.62,134539.63,109467.99,71967.67,56148.16,39893.84,22985.09,15670.64
WAB,Westinghouse Air Brake Technologies Corporation,291.882,49302.04,United States and Canada,US,-0.0481,0.0014,0.0111,0.0112,0.0463,0.0544,0.0014,0.0096,0.0107,0.0582,0.0757,0.0017,0.0089,0.0107,0.0567,,12524.02,13392.83,14186.41,10387,9677,8362,7822,7556,8200,4363.5,3881.7,2931.19,3308
PEB,Pebblebrook Hotel Trust,18.162,2074.05,United States and Canada,US,-0.0887,0.0013,0.0024,0.0038,0.0136,-0.0214,0.0034,0.0044,0.01,0.0104,-0.0328,0,-0.0002,0.0145,0.0084,-0.0522,1478.03,1506.14,1554.38,1453.31,1419.95,1391.89,733.04,442.89,1612.21,828.68,769.32,814.2,777.08
FNMA,Federal National Mortgage Association,6.05,34719.98,United States and Canada,US,-0.6216,0.0013,0.0119,0.0054,0.0051,-0.089,0.0012,0.001,-0.0091,0.0254,-0.0791,-0.0074,-0.0074,-0.0074,,,29291.75,29955.6,31822,30995,31725,24532,36611,23033,25402,27261,25263,24667,23181
PFS,Provident Financial Services Inc.,24.46,3190.15,United States and Canada,US,-0.0404,0.0013,0.0013,0.0016,-0.0091,-0.0118,0.0024,0.0024,0.0029,-0.0018,,,,,,,926.59,985.73,,607.16,451.38,496.95,473.77,355.28,348.67,335.65,328.3,308.56,300.75
STNE,StoneCo Ltd.,10.594,2576.76,United States and Canada,US,-0.469,0.0013,0.0107,-0.0416,0.0123,-0.0219,-0.001,0.0076,-0.041,0.0098,-0.0028,-0.0019,0.0346,-0.0202,-0.0944,,2928.83,3090.68,3218.76,2059.82,2342.57,1705.51,820.82,609.75,594.52,395.11,223.84,130.06,
GD,General Dynamics Corporation,392.05,105912.39,United States and Canada,US,-0.0199,0.0013,0.0107,0.0129,0.0229,0.0503,0.0025,0.012,0.0138,0.0226,0.0677,0.0038,0.0142,0.0153,0.0252,0.0737,55912.84,58486.43,61085.63,47716,42272,39407,38469,37925,39350,36193,30973,30561,31781
NEXA,Nexa Resources S.A.,14.1,1867.38,United States and Canada,US,-0.1652,0.0013,0.0586,0.0761,0.2036,0.3337,0.0226,0.0917,0.1109,0.1414,0.232,-0.0026,0.0253,0.0671,,0.1698,3611.67,3434.88,3291.94,2766.48,2573.23,3033.99,2622.11,1950.93,2332.72,2491.67,2449.48,1964.84,1865.18
VAL,Valaris Limited,78.841,5459.88,United States and Canada,US,-0.3091,0.0013,0.0013,0.0036,0.0137,-0.0144,0.0067,0.0067,0.0039,0.0044,-0.0135,-0.0328,-0.0328,-0.0328,,,2158.08,2488.68,2480,2362.6,1784.2,1602.5,1232.4,1427.2,2053.2,1705.4,1843,2776.4,4063.4
LMT,Lockheed Martin Corporation,587.95,135693.42,United States and Canada,US,-0.1504,0.0012,0.023,0.0227,0.0245,0.0502,0.0014,0.0235,0.0238,0.0291,0.0668,0,0.0269,0.0283,0.0415,0.1001,80960.77,85308.16,90207.21,71043,67571,65984,67044,65398,59812,53762,49960,47290,40536
SFM,Sprouts Farmers Market Inc.,85.797,8000.37,United States and Canada,US,-0.442,0.0012,-0.0019,-0.0012,-0.0195,-0.0389,0.0031,0.0012,0.002,-0.0346,-0.0627,0.0091,0.0079,0.0094,-0.0358,-0.0705,9488.74,10216.79,11184.15,7719.29,6837.38,6404.22,6099.87,6468.76,5634.84,5207.34,4664.61,4046.39,3593.03
IRT,Independence Realty Trust Inc.,17.26,4164.11,United States and Canada,US,-0.0509,0.0012,0.0011,-0.0003,-0.0217,-0.0354,0.0056,0.0058,0.0045,-0.017,-0.0684,0,0.0042,,-0.0564,,673.36,696.78,727.2,640.38,656.5,626.36,250.25,211.91,203.22,191.23,161.22,153.39,109.58
DXCM,DexCom Inc.,84.765,31986.99,United States and Canada,US,-0.0351,0.0012,0.001,0.0007,-0.0001,-0.0215,-0.0039,-0.0049,-0.0082,-0.0155,-0.0494,-0.0057,-0.0096,-0.0135,-0.0282,-0.0694,5230.2,5800.69,6460.5,4033,3622.3,2909.8,2448.5,1926.7,1476,1031.6,718.5,573.3,402
LNC,Lincoln National Corporation,46.03,8812.32,United States and Canada,US,-0.0343,0.0012,0.0064,-0.0041,-0.0169,-0.0005,-0.0015,0.0106,-0.0035,-0.0192,0.0082,-0.0011,0.0159,-0.0012,-0.0279,-0.0169,19718.84,20430.45,21217.28,17968,11702,18925,17715,17439,17258,16424,14257,13330,13572
SARO,StandardAero Inc.,29.22,9714.83,United States and Canada,US,-0.1526,0.0012,0.002,0.0076,0.0167,-0.0264,0.0007,0.001,0.0047,0.0153,-0.032,0.001,0.001,0.008,0.0405,0.0227,6438.22,7037.28,7685.47,5237.16,4563.28,4150.48,3479.89,,,,,,
NGVT,Ingevity Corporation,77.781,2673.95,United States and Canada,US,-0.019,0.0012,0.0012,-0.0683,-0.0927,-0.1982,-0.0009,-0.0009,-0.0433,-0.1176,-0.225,-0.0013,-0.0013,-0.0444,-0.169,,1110.33,1129.67,1153,1406.4,1692.1,1668.3,1391.5,1216.1,1292.9,1133.6,972.4,908.3,958.3
SWK,Stanley Black & Decker Inc.,103.884,15688.21,United States and Canada,US,-0.0049,0.0012,-0.0008,-0.0003,-0.0086,-0.0471,0.001,-0.0034,-0.0029,-0.0237,-0.0689,-0.0016,-0.0117,-0.0056,-0.0352,,15167.11,15425.45,16039.08,15365.7,15781.1,16947.4,15281.3,12750,12912.9,13982.4,12966.6,11593.5,11171.8
WHR,Whirlpool Corporation,43.27,2821.18,United States and Canada,US,-0.5519,0.0012,-0.0012,-0.0145,-0.0294,-0.0305,0.0025,0.0013,-0.0205,-0.0342,-0.051,0.0047,0.0013,-0.0118,-0.0237,,14916.46,15463.86,16114.89,16607,19455,19724,21985,19456,20419,21037,21253,20718,20891
FAST,Fastenal Company,51.828,59472.5,United States and Canada,US,-0.0014,0.0012,0.0162,0.019,0.0313,0.0382,0.0016,0.02,0.0229,0.0388,0.0588,0.0013,0.0246,0.0297,0.0591,0.0683,9273.95,10126.35,10952.89,7546,7346.7,6980.6,6010.9,5647.3,5333.7,4965.1,4390.5,3962,3869.2
CPK,Chesapeake Utilities Corporation,134.058,3218.03,United States and Canada,US,-0.0481,0.0012,0.001,-0.0014,0.0652,0.1077,-0.003,0.0029,-0.0016,0.0771,0.123,-0.0013,0.0079,0.0079,0.1007,0.1331,1018.41,1069.2,1122.03,787.2,670.6,680.7,569.97,488.2,479.61,490.32,449.65,498.86,459.24
HST,Host Hotels & Resorts Inc.,23.275,16164.83,United States and Canada,US,-0.0947,0.0012,0.0057,0.0176,0.0076,0.0186,0.0002,0.0033,0.0165,-0.0057,-0.0098,-0.0015,-0.0025,0.0008,-0.0108,-0.0079,6155.44,6166.19,6340.53,5691,5317,4910,2921,1590,5483,5554,5417,5451,5426
BLFS,BioLife Solutions Inc.,34.642,1692.52,United States and Canada,US,-0.0034,0.0012,0.0021,0.0104,0.0315,-0.0065,0,0,0.0114,-0.0011,-0.0592,0,0,0.0165,-0.048,-0.0844,114.12,134.59,164.38,74.65,68.02,76.24,119.16,48.09,27.37,19.74,11.02,8.23,6.45
MKTX,MarketAxess Holdings Inc.,162.536,5776.44,United States and Canada,US,-0.1706,0.0012,-0.0077,-0.0209,-0.0216,-0.0595,0.0015,-0.0099,-0.0234,-0.0324,-0.0903,0.0012,-0.0145,-0.035,-0.0285,-0.0667,893.89,954.77,1023.31,817.1,752.55,718.3,698.95,689.13,511.35,435.56,393.42,367.73,303.1
VSNT,Versant Media Group Inc.,38.695,5475.27,United States and Canada,US,-0.3442,0.0011,0.0016,0.0076,0.0128,,0.0033,-0.0033,-0.0032,-0.0014,,0.0043,-0.0096,-0.0287,-0.0391,,6418.02,6100.94,5904.37,7062,7445,7834,,,,,,,
BZ,Kanzhun Limited,16.475,7365.9,United States and Canada,US,-0.3478,0.0011,0.0071,0.0127,0.0267,0.0628,0.0011,0.0065,0.0091,0.028,0.0677,0.0011,0.0066,0.0169,0.0329,0.0478,1377.46,1550.63,1737.26,1007.77,838.57,654.06,670.2,297.86,143.43,,,,
HTHT,H World Group Limited,42.386,13034.7,United States and Canada,US,-0.2516,0.0011,0.0021,0.0126,0.0329,0.0804,0.0011,0.0019,0.0082,0.0242,0.0698,0.0011,0.0001,0.0009,,,3976.23,4211.07,4473.15,3273.19,3082.93,2009.86,2011.8,1561.94,1610.25,1462.96,1264.7,946.65,889.43
AZZ,AZZ Inc.,151.015,4538.23,United States and Canada,US,-0.069,0.0011,0.0392,0.0392,0.0368,0.0443,0.0023,0.0279,0.038,0.0482,0.0306,0,0.0201,0.0201,0.0248,0.0292,1818.47,1902.85,1958.55,1577.74,1537.59,1323.65,525.6,480.57,1061.82,927.09,810.43,863.54,889.4
CSX,CSX Corporation,50.255,93087.89,United States and Canada,US,-0.0624,0.0011,0.0239,0.0291,0.0486,0.0232,0.0025,0.0258,0.0324,0.0525,0.0384,0.0034,0.0329,0.0348,0.0504,0.0263,15187.77,15941.62,16517.95,14540,14657,14853,12522,10583,11937,12250,11408,11069,11811
GEF,Greif Inc.,88.653,4556.27,United States and Canada,US,-0.0211,0.0011,0.0168,0.0168,0.0025,-0.2554,0.0177,0.0243,0.0243,0.0179,-0.249,0.0256,0.0353,0.0353,0.038,,4324.39,4456.64,4557.27,5448.1,,5218.6,6349.5,5556.1,4515,4595,3873.8,3638.2,3323.6
MTB,M&T Bank Corporation,250.45,36169.05,United States and Canada,US,-0.0178,0.0011,0.0093,0.0093,0.0082,0.0017,0.0008,0.0075,0.0077,0.0073,0.0069,0.002,0.0167,0.0195,0.0386,0.0832,10045.26,10399.71,10836.12,8669,8998,7661.56,6066.77,5154.76,5967.94,5796.3,5464.19,5105.88,4518.62
LH,Labcorp Holdings Inc.,319.17,25884.69,United States and Canada,US,-0.0024,0.0011,0.0018,0.0028,0.0082,0.0056,0.0012,0.0026,0.0026,0.0072,0.0079,0.0017,0.002,0.002,-0.0001,0.0118,14748.92,15458.31,16176.67,13008.9,12161.6,14876.8,16120.9,13978.5,11554.8,11333.4,10308,9552.9,8505.7
SAIA,Saia Inc.,364.61,9700.49,United States and Canada,US,-0.263,0.001,0.0063,0.0216,0.0697,0.0505,-0.0034,0.0057,0.0213,0.0557,0.049,0.0005,0.0105,0.0411,0.0729,0.0212,3606.35,3882.92,4188.34,3209.07,2881.43,2792.06,2288.7,1822.37,1786.73,1653.85,1404.7,1250.39,1221.31
NOV,NOV Inc.,19.64,7001.23,United States and Canada,US,-0.0886,0.001,0.005,0.0045,0.0005,0.0155,-0.0003,0.0051,0.0079,0.0261,0.0542,-0.003,0.0132,0.0199,0.0165,0.0227,8662.77,9117.54,9490.48,8870,8583,7237,5524,6090,8479,8453,7304,7251,14757
HUM,Humana Inc.,385,46230.92,United States and Canada,US,-0.1023,0.001,0.003,0.0014,0.1188,0.2088,0.0005,-0.0055,-0.0107,0.0815,0.1843,0.0052,0.0056,-0.0062,0.0532,0.1522,162819.44,169347.58,181470.4,117761,106374,92870,84193,77155,64888,56912,53767,54379,54289
OSW,OneSpaWorld Holdings Limited,26.206,2659.88,United States and Canada,US,-0.104,0.001,0.004,0.0069,0.0054,-0.012,0.0004,0.004,0.0092,0.0158,-0.0128,0,0.0041,0.0041,,,1034.09,1123.99,1200.2,895.02,794.04,546.26,144.03,120.92,562.23,540.78,506.69,476.28,
LGND,Ligand Pharmaceuticals Incorporated,293.381,5812.52,United States and Canada,US,-0.1018,0.001,0.0084,0.0038,0.0918,0.2522,0.0082,0.0213,0.0126,0.2089,0.3842,0.0099,0.0286,0.0237,0.2413,0.3639,290.07,378.44,435.68,167.13,131.31,196.25,241.54,163.56,120.28,251.45,141.1,108.97,71.91
ITW,Illinois Tool Works Inc.,296.66,85349.08,United States and Canada,US,-0.0214,0.001,0.0131,0.0138,0.0159,0.0126,0.004,0.0155,0.0164,0.0184,0.0145,0.004,0.0186,0.0211,0.0232,0.0076,16825.8,17463.93,18159.1,15898,16107,15932,14455,12574,14109,14768,14314,13599,13405
AIZ,Assurant Inc.,289.46,14310.8,United States and Canada,US,-0.0476,0.001,0.0011,0.001,0.0347,0.0544,-0.0089,0.0003,0.0133,0.045,0.0847,,0.06,,,,13870.17,14653.33,15745.35,11877.5,11131.6,10193,10187.6,9597.6,9406.1,8000.7,6415,7502.2,10308.7
WWD,Woodward Inc.,362.798,21421.71,United States and Canada,US,-0.1954,0.001,0.0013,0.0007,0.0625,0.1318,0.0023,0.0034,0.0072,0.0619,0.1475,0.0013,0.0042,0.0089,0.0685,0.2486,4329.66,4717.12,5181.82,3324.25,2914.57,2382.79,2245.83,2495.66,2900.2,2325.87,2098.68,2023.08,2038.3
CASY,Casey's General Stores Inc.,833.987,30861.62,United States and Canada,US,-0.1012,0.001,0.0005,0.1174,0.1285,0.1185,-0.0001,-0.002,0.0768,0.0798,0.0799,0.0051,0.003,0.1146,0.0888,0.0857,20553.64,20736.07,22149.06,15940.9,14862.91,15094.48,12952.59,8707.19,9175.3,8364.91,7472.12,6640.59,6304.09
BNY,The Bank of New York Mellon Corporation,157.616,106943.11,United States and Canada,US,-0.0376,0.001,0.0293,0.0369,0.0519,0.0939,0.0019,0.0348,0.0455,0.0541,0.1131,0,0.0278,0.0394,0.0573,0.1264,22268.15,23293.32,24271.09,18549,17578,16490,16162,15472,16487,16403,15567,15248,15034
AAT,American Assets Trust Inc.,22.83,1771.28,United States and Canada,US,-0.1209,0.001,-0.0057,0.0057,-0.0023,-0.0222,0.0043,0.0022,0.0133,0.0357,0.0133,0,-0.0064,-0.0064,,,444.18,460.87,454.11,453.34,436.78,418.57,373.04,342.09,362.58,326.53,310.53,290.58,271.21
CMS,CMS Energy Corporation,71.05,22279.66,United States and Canada,US,-0.1159,0.001,-0.0063,0.0091,0.0405,0.0625,-0.0041,0.0057,0.0141,0.0449,0.0714,-0.0005,-0.0022,0.0096,0.0464,0.0574,8887.73,9389.86,9918.46,7515,7462,8596,7329,6418,6624,6873,6583,6399,6456
MDLZ,Mondelez International Inc.,62.594,79889.23,United States and Canada,US,-0.0609,0.001,0.0049,0.0046,0.0092,-0.0038,0.0009,0.0048,0.0037,0.0051,-0.0135,0.0004,0.0027,0.0037,0.0075,-0.0221,40118.21,41294.3,42675,36441,36016,31496,28720,26581,25868,25938,25896,25923,29636
MCK,McKesson Corporation,869.58,101384.65,United States and Canada,US,-0.1295,0.0009,-0.0001,-0.0239,-0.0236,-0.0148,-0.0014,-0.0025,-0.0322,-0.0289,-0.0194,-0.0041,-0.0054,-0.0324,-0.0267,-0.0309,431601.94,462801.91,496623.84,359051,308951,276711,263966,238228,231051,214319,208357,198533,190884
ACIW,ACI Worldwide Inc.,53.714,5460.65,United States and Canada,US,-0.1206,0.0009,0.0009,0.0069,0.0224,0.0431,0.0009,0.001,0.0081,0.0232,0.0823,,,,,,1903.93,2048.15,,1594.29,1452.58,1421.9,1370.6,1294.32,1258.29,1009.78,1024.19,1005.7,1045.98
ULS,UL Solutions Inc.,78.217,15791.87,United States and Canada,US,-0.2727,0.0009,-0.001,-0.0006,-0.0006,-0.0016,0.0018,0.0002,-0.0022,0.012,0.0093,0.0023,0.0005,-0.0047,,0.0059,3213.52,3446.36,3649.46,2870,2678,2520,2517,2301,2315,,,,
WST,West Pharmaceutical Services Inc.,353.898,24905.84,United States and Canada,US,-0.0832,0.0009,0.0125,0.013,0.0372,0.043,0.0012,0.0142,0.0138,0.0308,0.0385,0.002,0.0185,0.0178,0.0402,0.0409,3374.56,3587.12,3853.76,2893.2,2949.8,2886.9,2831.6,2146.9,1839.9,1717.4,1599.1,1509.1,1399.8
CCC,CCC Intelligent Solutions Holdings Inc.,6.91,4069.95,United States and Canada,US,-0.3182,0.0009,0.001,0.0012,0.0091,0.0123,0.001,0.0015,0.0022,0.0125,0.0132,-0.0093,-0.0145,-0.0072,,,1161.4,1264.64,1367.66,944.8,866.38,782.45,688.29,633.06,616.08,569.77,,,
AER,AerCap Holdings N.V.,151.706,23427.97,United States and Canada,US,-0.0447,0.0009,0.0182,0.0159,0.029,0.0337,0.0039,0.0058,0.0058,0.0053,0.0236,-0.0003,0.0014,0.0014,-0.0646,,8577.43,8429.87,8485.13,7996.64,7574.66,6914.98,4588.93,4493.63,4937.34,4799.98,5037.49,5043.03,5287.45
JD,JD.com Inc.,32.954,44504.38,United States and Canada,US,-0.106,0.0009,-0.0054,-0.0082,0.0229,0.0617,0.001,-0.0064,-0.0084,0.0201,0.06,0.0011,-0.0109,-0.0091,0.0389,0.1004,202568.51,214379.36,225082.26,158764.08,152816.65,151694.36,149739.1,114250.13,82851.69,67168.68,55685.95,37199.35,27884.84
CON,Concentra Group Holdings Parent Inc.,34.043,4356.2,United States and Canada,US,-0.0309,0.0009,0.0009,0.0103,0.0089,0.0198,0.0011,0.0011,0.0095,0.0081,0.0158,0,0,0.0039,0.0011,-0.0143,2335.86,2473.52,2622.99,1900.19,1838.08,1724.36,1732.04,,,,,,
PAGS,PagSeguro Digital Ltd.,9.132,2534.28,United States and Canada,US,-0.2588,0.0009,0.0106,-0.0496,0.0157,0.0014,0.0009,0.0091,-0.0475,0.0374,0.046,0.0009,0.0061,-0.0546,0.0191,,4145.31,4376.61,4316.36,2964.41,3232.32,2867.47,1847.23,1287.42,1388.47,1047.77,759.3,348.21,167.67
KDP,Keurig Dr Pepper Inc.,30.007,40826.31,United States and Canada,US,-0.165,0.0009,0.0014,0.0014,0.5291,0.5537,0.0017,0.002,0.0027,0.6815,0.7052,0.0046,0.0033,0.0048,0.6761,0.7094,26280.1,29917.99,30884.06,15351,14814,14057,12683,11618,11120,7442,4680,4269,4318
AVB,AvalonBay Communities Inc.,187.533,26927.81,United States and Canada,US,-0.0559,0.0008,-0.0076,0.0025,-0.0135,-0.026,0.0002,-0.0007,-0.0046,-0.029,-0.0507,-0.0031,0.0113,-0.0395,-0.0533,-0.0845,3113.98,3226.02,3391.37,2912.85,2776.34,2608.7,2333.43,2302.53,2327.49,2289.15,2189.26,2052.06,1895.45
QXO,QXO Inc.,16.16,16770.93,United States and Canada,US,-0.4147,0.0008,0.0415,0.2316,0.2997,0.2161,0.0006,0.0186,0.3169,0.2729,0.226,0.0028,-0.0118,0.3325,0.2276,0.1703,14181.09,19386.93,23948.98,56.87,54.52,44.99,41.7,41.22,38.5,36.1,34.85,34.12,27.64
AJG,Arthur J. Gallagher & Co.,248.043,63583.59,United States and Canada,US,-0.2089,0.0008,0.0018,-0.0049,-0.0101,-0.0197,0.0031,-0.0001,-0.0108,-0.0197,-0.0293,0.0044,0.0014,-0.0138,-0.0256,-0.0096,16741.56,18291.78,19927.86,10928,9559,8270.1,7973.9,6781.8,6894.2,6711.2,6050.9,5489.5,5301
FITB,Fifth Third Bancorp,57.092,51776.31,United States and Canada,US,-0.0405,0.0008,0.0014,0.0013,-0.0073,0.3679,0.0008,0.0026,0.0103,0.0046,0.4149,0.0015,-0.0015,0.0088,0.0022,,12857.77,13954.57,14645.57,7949,8193,7823,8297,6552,7893,6772,6820,5733,6136
ENSG,The Ensign Group Inc.,182.98,10574.86,United States and Canada,US,-0.1606,0.0008,0.011,0.011,0.0291,0.0656,0.0047,0.0113,0.0113,0.0371,0.0629,0.0005,0.0079,0.0079,0.0372,,5904.9,6505.1,7096.38,4260.48,3729.36,3025.47,2627.46,2402.6,2036.52,1754.6,1598.33,1654.86,1341.83
DXC,DXC Technology Company,10.835,1731.2,United States and Canada,US,-0.309,0.0008,-0.0013,-0.0138,-0.0162,-0.019,0.0007,-0.0023,-0.023,-0.0214,-0.0223,-0.0012,0.0004,,,,12161.15,11988.08,12139.2,12871,13667,14430,16265,17729,19577,20753,21733,7607,7106
BOBS,Bob's Discount Furniture Inc.,17.849,2329.33,United States and Canada,US,-0.2401,0.0008,0.0009,-0.0003,,,0.002,0.002,-0.0013,,,-0.0002,-0.0002,-0.0019,,,2612,2804.06,3049.95,2028.14,2008.08,2105.51,,,,,,,
ARCB,ArcBest Corporation,137.767,3079.28,United States and Canada,US,-0.2203,0.0008,0.0053,0.0278,0.0784,0.0563,0,0.0144,0.0421,0.0914,0.0775,-0.0036,0.0147,0.0596,0.1079,,4485.85,4834.69,5194.45,4179.02,4427.44,5324.05,3980.07,2940.16,2988.31,3093.79,2826.46,2700.22,2666.91
RS,Reliance Inc.,423.88,21641,United States and Canada,US,-0.0021,0.0008,0.0849,0.0919,0.1736,0.1938,-0.0072,0.0687,0.0741,0.1345,0.1581,0,0.0433,0.0467,,,17537.35,17284.37,17307.81,13835,14805.9,17025,14093.3,8811.9,10973.8,11534.5,9721,8613.4,9350.5
FICO,Fair Isaac Corporation,1041.4,22491.78,United States and Canada,US,-0.4788,0.0008,0.0001,-0.0017,0.0366,0.1224,-0.0097,-0.0128,-0.0112,0.0016,0.1063,-0.0128,-0.0224,-0.0231,0.0061,0.0875,2547.69,2896.78,3275.27,1717.53,1513.56,1377.27,1316.54,1294.56,1160.08,1000.15,934.98,881.36,838.78
PENN,PENN Entertainment Inc.,20.167,2563.75,United States and Canada,US,-0.0981,0.0008,0.0055,0.0081,0.0413,0.0094,0.0003,0.0064,0.0076,0.0494,0.006,0.0003,-0.0051,-0.0015,0.0171,-0.0411,7406.48,7715.24,7967.12,6578.1,6362.9,6401.7,5905,3578.7,5301.4,3530.6,3121.9,3018.38,2838.36
UDR,UDR Inc.,38.406,13183.41,United States and Canada,US,-0.0856,0.0008,-0.0074,-0.0081,-0.0214,-0.0351,0.0003,-0.0012,-0.008,-0.0257,-0.0565,0.0009,0.0041,-0.0118,-0.0275,-0.0718,1706.59,1756.09,1819.98,1700.18,1632.19,1522.33,1307.51,1260.01,1290.07,1041.8,1027.05,964.39,897.57
CRH,CRH plc,100.495,66857.77,United States and Canada,US,-0.2361,0.0007,-0.0005,-0.0006,-0.0039,0.0072,0.0014,0.0048,0.0078,-0.0003,0.0068,-0.0034,0.0006,0.01,-0.0132,0.0126,39735.67,42124.37,44875.74,35572,34949,32723,29206,25888,28132,27449,25978.4,26090.94,23248.44
AXTA,Axalta Coating Systems Ltd.,38.185,8172.35,United States and Canada,US,-0.011,0.0007,0.0034,0.0041,0.0037,-0.0246,-0.0003,-0.0017,0.0001,0.0079,-0.0244,0,0.0015,0.0008,0.001,-0.0096,5239.35,5403.81,5550.29,5276,5184.1,4884.4,4416.2,3737.6,4482.2,4696,4377,4092.7,4110
CATY,Cathay General Bancorp,63.402,4236.86,United States and Canada,US,-0.0229,0.0007,0.0101,0.0107,0.0133,0.0477,0.0008,0.0035,0.0043,0.0049,0.0327,,,,,,891.21,931.59,,692.22,784.06,775.97,668.37,537.43,626.66,601.77,528.88,466.89,423.82
GM,General Motors Company,87.58,76847.21,United States and Canada,US,-0.0465,0.0007,0.0007,-0.0019,-0.0001,0.0295,0,-0.002,-0.0057,0.001,0.0358,0,0.0072,0.0025,0.0094,0.0669,185806.03,190460.02,194433.24,187442,171842,156735,127004,122485,137237,147049,145588,149184,135725
AMT,American Tower Corporation,172.536,80394.88,United States and Canada,US,-0.1967,0.0007,0.0056,0.0058,0.0026,0.0029,-0.0003,0.0091,0.0091,-0.0046,-0.0083,-0.0011,0.0105,0.0114,-0.0165,-0.0317,10999.48,11382.14,12046.65,10127.2,11144.2,10711.1,9356.9,8041.5,7580.3,7440.1,6663.9,5785.7,4771.5
SAH,Sonic Automotive Inc.,82.439,2606.29,United States and Canada,US,-0.2748,0.0007,0.0083,0.0043,0.0036,0.0272,0.0079,0.0095,0.0043,-0.0019,-0.0106,0.0171,0.0171,0.008,-0.0493,-0.0562,15726.39,16400.53,17441.48,14224.3,14372.4,14001.1,12396.4,9767,10454.3,9951.63,9867.21,9731.78,9624.3
FDX,FedEx Corporation,318.57,75370.64,United States and Canada,US,-0.2303,0.0007,0.0007,,,,0.0017,0.0026,,,,0.0022,0.0022,,,,90995.41,94548.16,96299.5,87926,87693,90155,93512,83959,69217,69693,65450,60319,50365
SHW,The Sherwin-Williams Company,369.683,89216.07,United States and Canada,US,-0.0263,0.0007,0.0161,0.0167,0.0219,0.0345,0.0005,0.0133,0.0135,0.0195,0.0254,0.0002,0.0115,0.0105,0.0171,0.0206,25123.02,26210.83,27482.86,23098.5,23051.9,22148.9,19944.6,18361.7,17900.8,17534.5,14983.8,11855.6,11339.3
PLUS,ePlus inc.,89.591,2316.12,United States and Canada,US,-0.0871,0.0007,0.0007,0.0082,-0.0049,0.1928,-0.0044,-0.0044,-0.0168,-0.0464,,,,,,,2556.7,2681.8,,2000.17,2178.25,2067.72,1821.02,1568.32,1588.4,1372.67,1418.8,1331.78,1204.2
TDY,Teledyne Technologies Incorporated,690.981,32030.89,United States and Canada,US,-0.0057,0.0007,0.0206,0.0204,0.027,0.0262,0.0037,0.0217,0.0228,0.0296,0.0286,0,0.017,0.0157,0.0196,,6556.36,6910.02,7190.27,5670,5635.5,5458.6,4614.3,3086.2,3163.6,2901.8,2603.8,2149.9,2298.1
ATMU,Atmus Filtration Technologies Inc.,51.393,4197.39,United States and Canada,US,-0.2272,0.0007,0.0036,0.0036,0.0182,0.1297,0.0004,0.0063,0.0063,0.0117,0.1134,0,0,0,,,1999.58,2102.13,2169,1669.6,1628.1,1562.1,1438.8,1232.6,1280.9,,,,
PECO,Phillips Edison & Company Inc.,40.746,5749.26,United States and Canada,US,-0.0818,0.0007,0.007,-0.002,0.0135,0.0195,0.0007,0.0057,0.0165,0.029,0.0257,-0.0196,-0.0029,0.0057,0.0201,,766.22,810.29,847.82,661.39,610.12,575.37,532.85,498.02,536.71,430.39,311.54,257.73,242.1
GLW,Corning Incorporated,165.68,142714.82,United States and Canada,US,-0.3904,0.0007,0.0123,0.0143,0.0354,0.0929,0.0007,0.0184,0.0475,0.0941,0.2098,0.0015,0.0112,0.1154,0.1996,,19217.11,22876.46,27782.2,13118,12588,14189,14082,11303,11503,11290,10116,9390,9111
GNRC,Generac Holdings Inc.,212.22,12522.33,United States and Canada,US,-0.2841,0.0007,0.0029,0.0036,0.0455,0.0268,0.013,0.0599,0.0686,0.1509,0.148,0.0075,0.0413,0.0719,0.2037,0.1794,4939.62,5967.1,6741.88,4295.83,4022.67,4564.74,3737.18,2485.2,2204.34,2023.46,1679.37,1447.74,1317.3
AEE,Ameren Corporation,108.852,30134.94,United States and Canada,US,-0.08,0.0007,-0.0032,-0.006,0.0128,0.0449,-0.001,-0.0035,-0.004,0.0178,0.0409,-0.0025,-0.0023,-0.0003,0.0518,0.0572,9246.12,9799.26,10450.55,7324,7213,7662,6119,5540,5646,6009,5909,5817,5885
PYPL,PayPal Holdings Inc.,59.058,50521.81,United States and Canada,US,-0.2545,0.0006,0.0104,0.0109,0.0121,-0.011,0.0016,0.0108,0.011,0.0063,-0.0336,0.0009,0.0145,0.0136,0.0055,-0.0235,34690.54,36183.54,37875.34,31797,29771,27518,25371,21454,17772,15451,13094,10842,9248
NVDA,NVIDIA Corporation,223.94,5423944.42,United States and Canada,US,-0.0533,0.0006,0.0031,0.0644,0.2035,0.54,0.0014,0.0128,0.1596,0.3502,0.8624,0.0032,0.0156,0.1996,0.4727,1.1746,393852.73,561509.44,690149.31,130497,60922,26974,26914,16675,10918,11716,9714,6910,5010
WYNN,Wynn Resorts Limited,102.516,10484.73,United States and Canada,US,-0.239,0.0006,-0.0001,0.0049,0.0099,0.0371,-0.002,-0.0038,-0.0041,-0.0022,0.0389,-0.0012,-0.0079,-0.0041,-0.1472,-0.0242,7488,7779.64,8150.07,7127.96,6531.9,3756.82,3763.66,2095.86,6611.1,6717.66,6070.16,4345.8,4075.88
PATH,UiPath Inc.,15.05,7797.71,United States and Canada,US,-0.2414,0.0006,0.0006,0.0118,0.0218,0.0595,0.0006,0.0006,0.012,0.0246,0.0495,0.0026,0.0026,0.0058,,,1778.48,1928.19,2064.79,1429.66,1308.07,1058.58,892.25,607.64,336.16,,,,
VICI,VICI Properties Inc.,26.738,29440.61,United States and Canada,US,-0.2116,0.0006,0.0069,0.0066,0.0195,0.0276,0.0042,0.0052,0.0051,0.0223,0.037,0.0062,0.0099,0.0091,0.0092,0.0101,4211.36,4371.9,4527.35,3849.2,3613.27,2660.47,1509.57,1225.57,894.8,897.98,201.44,18.79,18.08
ROST,Ross Stores Inc.,255.167,81852.74,United States and Canada,US,-0.0071,0.0006,0.0009,0.0303,0.0593,0.0929,0.0003,0.0007,0.0307,0.0639,0.1063,0,0.0029,0.0358,0.0492,0.1168,25164.59,26769.94,28591.2,21129.22,20376.94,18695.83,18916.24,12531.57,16039.07,14983.54,14134.73,12866.76,11940
EGP,EastGroup Properties Inc.,202.669,10880.72,United States and Canada,US,-0.106,0.0006,-0.0017,-0.0015,0.0056,-0.0017,0.0003,-0.0013,-0.001,0.0011,-0.0062,0.0006,-0.0122,-0.0159,-0.0338,-0.053,782.79,850.62,929.49,638.53,570.59,487.02,409.48,363.02,330.81,299.02,274.15,253.05,235.01
BAC,Bank of America Corporation,63.17,441731.91,United States and Canada,US,-0.0125,0.0006,0.0179,0.0233,0.0344,0.0852,0.0027,0.0221,0.0278,0.0363,0.0867,0.0065,0.0196,0.0196,0.0305,0.087,124071.77,130529.5,134606.25,100035,98375,92407,93707,74208,85582,87738,83730,80104,79804
LAD,Lithia Motors Inc.,375.63,8257.52,United States and Canada,US,-0.1453,0.0006,0,-0.0033,-0.0237,-0.0237,0.0004,-0.0026,-0.0067,-0.0562,-0.0783,0.0058,-0.0126,-0.0204,-0.0233,-0.0392,38390.49,39736.3,41996.27,36188.2,31042.3,28187.8,22831.7,13126.5,12672.7,11821.4,10086.5,8678.2,7864.25
JNJ,Johnson & Johnson,259.24,624742.11,United States and Canada,US,-0.057,0.0006,0.0017,0.0028,0.0054,0.0387,-0.0189,0.0102,0.0147,0.0285,0.0709,-0.0076,0.0315,0.037,0.0584,0.1164,101121,108767.75,118943.5,88821,85159,79990,78740,82584,82059,81581,76450,71890,70074
BRO,Brown & Brown Inc.,71.427,23900.21,United States and Canada,US,-0.2734,0.0006,-0.0073,-0.0092,-0.0285,-0.049,-0.0022,-0.0149,-0.0222,-0.0519,-0.0775,-0.0039,-0.0119,-0.0156,-0.0372,,6987.67,7292.34,7726.09,4705,4199,3566,3050.3,2610.6,2386.39,2009.86,1857.27,1762.79,1656.95
TEVA,Teva Pharmaceutical Industries Limited,35.351,41194.38,United States and Canada,US,-0.0534,0.0006,-0.0035,0.0011,-0.0061,-0.0236,0.0006,0.0031,0.0014,0.0081,-0.0144,0.0008,0.0042,0.0061,0.0141,-0.0212,16582.08,17304.3,18056.08,16544,15846,14925,15878,16659,16887,18271,21853,21903,19652
ACT,Enact Holdings Inc.,48.926,6830.11,United States and Canada,US,-0.0053,0.0006,0.002,-0.0055,-0.0015,-0.0076,0.0012,0.0044,-0.0147,-0.0138,-0.0158,-0.0004,0.0038,-0.0097,,,1266.47,1283.66,1303.76,1201.77,1153.69,1095.05,1117.86,1106.46,978.85,841.1,,,
TPR,Tapestry Inc.,162.312,32794.28,United States and Canada,US,-0.0099,0.0006,0.0017,0.0215,0.0571,0.1306,0.0008,0.0041,0.0259,0.0697,0.1526,-0.0008,0.005,0.0373,0.1035,0.2033,7992.51,8459.44,8987.1,6671.2,6660.9,6684.5,5746.3,4961.4,6027.1,5880,4488.3,4491.8,4191.6
USFD,US Foods Holding Corp.,108.874,23976.41,United States and Canada,US,-0.011,0.0006,0.0013,-0.002,-0.0121,-0.017,-0.0001,-0.0012,-0.0052,-0.015,-0.023,0.0002,-0.0018,-0.008,-0.022,-0.026,41484.84,43029.47,45272.27,37877,35597,34057,29487,22885,25939,24175,24147,22919,23127.53
TFC,Truist Financial Corporation,52.354,63957.02,United States and Canada,US,-0.0684,0.0006,0.0006,-0.0005,-0.0069,-0.0025,-0.0002,-0.0091,-0.0087,-0.0146,-0.0075,0.0008,-0.0065,-0.001,-0.001,-0.0014,21286.51,22007.6,22892.03,11408,21281,22258,23109,20370,11953,10992,10770,10221,9183
TGT,Target Corporation,149.7,67992.41,United States and Canada,US,-0.0025,0.0006,0.001,0.0209,0.0207,0.0179,0.0007,0.0014,0.0235,0.0212,0.0221,0.0007,0.0017,0.0237,0.0161,0.0272,108995.07,112206.58,115534.93,106566,107412,109120,106005,93561,78112,75356,72714,70271,73785
HTFL,HeartFlow Inc.,28.807,2484.34,United States and Canada,US,-0.3012,0.0006,0.0005,0.0443,0.0789,,0.0013,0.0011,0.039,0.082,,0,0,0.0314,0.074,,230.08,283.13,344.89,125.81,87.17,,,,,,,,
CZR,Caesars Entertainment Inc.,30.134,6138.91,United States and Canada,US,-0.0242,0.0006,0.0041,0.0039,0.0107,0.0056,0.0001,0.0026,0.0036,0.0134,0.0044,0,-0.0048,-0.0012,-0.0407,-0.0518,11873.6,12164.2,12369.75,11245,11528,10821,9570,3628,2528,2056,1480.8,900.47,719.78
AXGN,Axogen Inc.,46.446,2497.01,United States and Canada,US,-0.0107,0.0006,0.0321,0.0321,0.0818,0.1003,0.0126,0.0372,0.0372,0.0903,0.1135,0.0035,0.0541,0.0541,0.1237,0.151,279.58,330.26,398.82,187.34,159.01,138.58,127.36,112.3,106.71,83.94,60.43,41.11,27.33
BXP,BXP Inc.,69.714,12430.61,United States and Canada,US,-0.1212,0.0006,0.0071,0.0093,0.0266,0.0104,0.0004,0.0061,0.0086,0.0234,0.0081,0,0,-0.0004,0.0352,-0.0125,3554.48,3653.71,3693.21,3380.32,3236.2,3090.58,2865.88,2737.8,2974.6,2715.57,2620.51,2560.69,2512.85
CTAS,Cintas Corporation,202.997,81233.22,United States and Canada,US,-0.1048,0.0005,0.0114,0.013,0.0164,0.0264,0.0011,0.0135,0.0145,0.017,0.0286,-0.0008,0.0139,0.014,0.0199,0.0223,12211.99,13120.32,14062.68,10340.18,9596.61,8815.77,7854.46,7116.34,7085.12,6892.3,6476.63,5323.38,4795.77
CARG,CarGurus Inc.,38.943,3512.16,United States and Canada,US,-0.0549,0.0005,0.0008,0.0024,0.0218,0.0011,0.0005,0.0008,0.005,0.0339,0.0194,0.0031,0.0036,0.0063,0.0441,0.0345,1015.71,1109.09,1196.65,798.04,698.42,1655.04,951.37,551.45,588.92,454.09,316.86,198.14,98.59
ZWS,Zurn Elkay Water Solutions Corporation,51.418,8528.4,United States and Canada,US,-0.0651,0.0005,0.0149,0.0149,0.0353,0.066,0.0132,0.0242,0.0242,0.0471,0.0847,0.0142,0.0192,0.0192,0.0382,0.0678,1854.75,1970.74,2067,1566.5,1530.5,1281.8,910.9,1980.1,710.1,2050.9,1851.6,1712.5,1923.8
OMF,OneMain Holdings Inc.,64.95,7471.94,United States and Canada,US,-0.097,0.0005,0.0068,0.006,-0.0046,0.0032,0.0026,0.0122,0.0108,-0.0025,-0.0148,0,0.0451,0.037,0.0317,,5262.37,5652.04,6308,2497,2559,2797,3443,2587,2685,2318,2014,2108,761
VNT,Vontier Corporation,35.085,4939.97,United States and Canada,US,-0.2721,0.0005,0.0024,-0.0287,-0.0238,-0.0547,0.0001,-0.001,-0.0564,-0.0675,-0.0863,0.0007,-0.002,-0.0617,-0.1159,-0.0857,3032.84,3075.63,3233.23,2979,3095.2,3184.4,2990.7,2704.6,2772.1,2665.9,2498.2,2388.1,
PBI,Pitney Bowes Inc.,17.428,2389.21,United States and Canada,US,-0.0861,0.0005,0.0023,0.0079,0.0017,-0.0343,0.0003,0.0022,0.0087,-0.0099,,0.0013,0.0013,0.0094,,,1847.62,1836.69,1836.82,2026.6,3266.35,3538.04,3673.56,3554.07,3205.13,3211.52,2784.01,2981.32,3578.06
AGCO,AGCO Corporation,102.848,7202.62,United States and Canada,US,-0.2847,0.0005,-0.0385,-0.0383,-0.0312,-0.0125,-0.0164,-0.0327,-0.0342,-0.029,-0.0171,-0.0159,-0.0295,-0.0334,-0.0297,-0.1307,10178.94,10786.75,11423.49,11661.9,14412.4,12651.4,11138.3,9149.7,9041.4,9352,8306.5,7410.5,7467.3
BFB,Brown-Forman Corporation,28.503,13138.46,United States and Canada,US,-0.107,0.0005,0.0015,0.0029,0.0088,0.0044,0.0006,0.0016,-0.0059,-0.007,-0.0151,0.0009,0.0026,-0.0073,-0.0308,-0.0307,3946.08,4020.51,4148.55,3975,4178,4228,3933,3461,3363,3324,3248,2994,3089
RGEN,Repligen Corporation,163.912,9250.48,United States and Canada,US,-0.0675,0.0005,0.0069,0.0036,0.0039,0.001,0.0006,0.0275,0.0226,0.0193,0.0056,0.0008,0.0456,0.0385,0.0144,0.0132,827.04,969.23,1136.73,634.44,638.76,801.54,670.53,366.26,270.25,194.03,141.24,104.54,83.54
GPK,Graphic Packaging Holding Company,12.11,3585.43,United States and Canada,US,-0.484,0.0005,0.0012,0.0104,0.0155,-0.0119,0.0056,0.0068,0.0187,0.0248,-0.0133,0.0081,0.0094,0.0247,0.0349,-0.0268,8622,8788.44,8975.41,8807,9428,9440,7156,6560,6160,6029.4,4405.6,4298.1,4160.2
COST,Costco Wholesale Corporation,947.548,420217.45,United States and Canada,US,-0.1358,0.0005,0.001,0.0085,0.0144,0.0204,0.0004,0.0007,0.0116,0.0211,0.0284,0.0006,0.0002,0.007,0.0186,0.0473,301566.28,326072.53,349894.31,254453,242290,226954,195929,166761,152703,141576,129025,118719,116199
CBRE,CBRE Group Inc.,148.122,42892.47,United States and Canada,US,-0.15,0.0005,0.0128,0.0071,0.0511,0.0711,0.0008,0.0252,0.0293,0.0699,0.0946,0.001,0.0376,0.0431,,0.0964,46982.02,52278.2,57429.32,35767,31949,30828,27746,23826.19,23894.09,21340.09,18628.79,17369.11,10855.81
COLB,Columbia Banking System Inc.,31.225,8833.62,United States and Canada,US,-0.0728,0.0004,-0.0118,-0.0126,-0.0142,-0.057,-0.0026,-0.0174,-0.0173,-0.0184,-0.0467,0,-0.0249,0.002,-0.0163,,2738.7,2811.14,2894.22,1823,1784,1185.53,1318.62,1089.67,1187.94,1162.15,1096.92,1098.17,1110.77
MBLY,Mobileye Global Inc.,8.735,7426.39,United States and Canada,US,-0.4475,0.0004,0.0106,0.0124,0.0253,-0.0113,-0.0025,-0.012,-0.0175,-0.0217,-0.1333,0.0005,-0.0253,-0.0442,-0.0769,-0.2055,2000.58,2201.28,2709.97,1654,2079,1869,1386,967,879,,,,
BKU,BankUnited Inc.,46.469,3358.62,United States and Canada,US,-0.1083,0.0004,-0.0153,-0.0175,-0.0291,-0.0081,0.0007,-0.0169,-0.0173,-0.0191,-0.0068,0,-0.0062,-0.0169,-0.0214,,1153.86,1215.83,1250.88,958.35,873.03,915.44,996.96,706.55,891.09,1156.19,1039.43,925.89,803.57
SVV,Savers Value Village Inc.,12.225,1882.48,United States and Canada,US,-0.1199,0.0004,0.003,0.0032,-0.002,-0.0063,0.003,0.003,0.0058,0.0002,-0.014,0.0012,0.0012,0.0012,,,1783.03,1926.93,2045.18,1537.62,1500.25,1437.23,1204.12,834.01,1205.5,,,,
NUE,Nucor Corporation,272.641,62091.52,United States and Canada,US,-0.0267,0.0004,0.0394,0.0552,0.1254,0.1893,-0.0048,0.0296,0.0523,0.0959,0.1427,0.0002,0.0273,0.0343,0.0779,,40166.72,40518.82,40688.47,30734,34713.5,41512.47,36483.94,20139.66,22588.86,25067.28,20252.39,16208.12,16439.28
TMO,Thermo Fisher Scientific Inc.,594,219629.89,United States and Canada,US,-0.0776,0.0004,0.0021,0.0018,0.0223,0.0414,0.0004,0.0001,-0.0019,0.0204,0.0352,0,0.0006,-0.0015,0.0167,0.0494,47861.33,50323.33,53454.39,42879,42857,44915,39211,32218,25542,24358,20918,18274,16965
BBY,Best Buy Co. Inc.,81.979,17278.48,United States and Canada,US,-0.1017,0.0004,0.0004,0.0053,-0.0103,-0.0031,-0.0009,-0.0009,0.0041,-0.0152,-0.0152,-0.0022,-0.0022,-0.0004,-0.0417,-0.0508,41984.02,42558.76,43102.57,41528,43452,46298,51761,47262,43638,42879,42151,39403,39528
WING,Wingstop Inc.,116.717,3179.67,United States and Canada,US,-0.6625,0.0004,-0.0168,-0.0186,-0.0677,-0.1241,-0.0013,-0.0114,-0.0142,-0.0774,-0.1481,-0.0068,-0.0128,-0.0209,-0.1165,-0.1658,765.66,887.89,1006.85,625.81,460.06,357.52,282.5,248.81,199.68,153.18,133.32,103.32,77.97
BLKB,Blackbaud Inc.,45.853,2050.51,United States and Canada,US,-0.3515,0.0004,0.0005,0.0006,-0.0001,0.0036,0.0006,0.0025,0.0025,0.0043,0.0068,0.0004,-0.002,-0.002,-0.0128,-0.0109,1176.76,1230.34,1271.5,1154.62,1107.08,1058.11,927.74,913.22,900.42,848.61,788.49,731.64,637.94
D,Dominion Energy Inc.,67.375,59258.06,United States and Canada,US,-0.0769,0.0004,0.0176,0.0193,0.0653,0.0732,0.0015,0.021,0.0231,0.0761,0.0908,0.0019,0.0263,0.0299,0.078,0.0923,18202.88,19414.95,20612.87,14459,14393,17174,13964,14172,14401,11199,12586,11737,11683
OSK,Oshkosh Corporation,155.328,9589.91,United States and Canada,US,-0.1394,0.0004,0.0173,0.0224,0.0195,0.006,0.0036,0.0198,0.0228,0.0285,0.017,0.0049,0.016,0.024,0.0316,,11165.39,11978.91,12555.68,10730.2,9657.9,8282,7952.5,7737.3,6856.8,8382,7705.5,6829.6,6279.2
SHAK,Shake Shack Inc.,71.167,3045.87,United States and Canada,US,-0.3778,0.0004,0.0001,-0.0031,0.0041,0.0017,-0.0022,-0.0045,-0.0057,0.0036,0.0041,0.0018,-0.0032,-0.0145,-0.0139,0.0096,1650.08,1891.35,2141.31,1252.61,1087.53,900.49,739.89,522.87,594.52,459.31,358.81,268.48,190.59
WCN,Waste Connections Inc.,166.71,42019.18,United States and Canada,US,-0.1272,0.0004,0.0046,0.0054,0.0074,-0.0057,0.0001,0.0017,0.0024,0.0023,-0.016,0.0001,-0.0008,0.0004,-0.0149,-0.0584,10045.36,10619.02,11200.64,8919.59,8021.95,7211.86,6151.36,5445.99,5388.68,4922.94,4630.49,3375.86,2117.29
COR,Cencora Inc.,320.594,61178.04,United States and Canada,US,-0.1508,0.0003,-0.0009,-0.0013,-0.0261,-0.0165,-0.0053,-0.0076,-0.0208,-0.0342,-0.0259,-0.0084,-0.0118,-0.0303,-0.0438,-0.0351,337010.86,356148.99,377370.33,293958.6,262173.41,238587.01,213988.84,189893.93,179589.12,167939.64,153143.83,146849.69,135961.8
ARMK,Aramark,55.974,14718.56,United States and Canada,US,-0.0461,0.0003,0.0006,0.0088,0.0135,0.0163,0.0019,0.0033,0.02,0.0274,0.0305,0.0052,0.0081,0.0338,0.0424,0.013,19976.88,21452.31,23095.57,17400.7,18853.86,16326.62,12095.97,12829.56,16227.34,15789.63,14604.41,14415.83,14329.14
SLB,SLB N.V.,50.53,74993.76,United States and Canada,US,-0.1409,0.0003,0.012,0.0107,-0.0091,-0.0053,-0.0035,0.0086,0.0108,0.02,0.0312,-0.0136,-0.0017,-0.0005,0.0311,0.0824,36942.5,39736.42,42000.25,36289,33135,28091,22929,23601,32917,32815,30440,27810,35475
CINF,Cincinnati Financial Corporation,176.894,27149.35,United States and Canada,US,-0.092,0.0003,0.1006,0.1006,0.0813,0.0712,-0.0118,-0.0167,-0.0167,-0.0388,-0.0237,0.0069,0.0049,0.0049,,,13227.08,12614.7,12921,11337,10013,6557,9630,7536,7924,5407,5732,5449,5142
HUBB,Hubbell Incorporated,513.99,27155.41,United States and Canada,US,-0.0911,0.0003,0.0124,0.0727,0.0876,0.1065,0.0001,0.0062,0.1155,0.1347,0.1598,-0.0079,0.0015,0.1287,0.1496,0.1543,6863.52,7544.01,8054.79,5628.5,5372.9,4947.9,4194.1,3682.5,3946.6,4481.7,3668.8,3505.2,3390.4
IDA,IDACORP Inc.,141.84,8204.32,United States and Canada,US,-0.0844,0.0003,0.0096,0.0072,-0.0446,-0.0396,-0.0013,0.0109,0.0102,-0.0269,-0.0112,-0.0016,0.0023,0.0015,-0.0281,-0.0604,1985.98,2180.42,2366.18,1826.63,1766.36,1643.98,1458.08,1350.73,1346.38,1370.75,1349.49,1262.02,1270.29
PNC,The PNC Financial Services Group Inc.,252.481,100725.7,United States and Canada,US,-0.0219,0.0003,0.0231,0.0227,0.028,0.0883,0,0.0219,0.0223,0.0341,0.1028,0,0.0313,0.0308,0.0457,0.2113,26309.06,27687.6,28951.97,20766,20748,20643,19990,13726,16066,15782,15888,14729,14970
DD,DuPont de Nemours Inc.,142.408,19231.2,United States and Canada,US,-0.4308,0.0003,-0.0004,0.0001,0.015,-0.4651,0.0007,0.0001,0.0022,0.0165,-0.4695,0.0031,0.0029,0.0056,0.0151,-0.472,7161.77,7448.58,7766.65,6719,6614,13017,12566,11128,15436,22594,11672,48158,48778
CVNA,Carvana Co.,70.85,78939.97,United States and Canada,US,-0.2724,0.0003,0.0384,0.0402,0.127,0.2368,0.0061,0.0349,0.0371,0.1285,0.2534,0.0045,0.0486,0.0504,0.251,0.2147,28871.74,35888.15,44639.4,13673,10771,13604,12814,5587,3940,1955.47,858.87,365.15,130.39
BWA,BorgWarner Inc.,68.459,13942.79,United States and Canada,US,-0.1315,0.0003,-0.0013,0.0005,-0.0241,-0.0372,-0.0025,-0.0054,0.0003,-0.017,-0.0525,-0.0014,0.0009,0.0396,0.0129,-0.0382,14195.24,14838.06,16049.45,14086,14198,15801,14838,10165,10168,10530,9799,9071,8023.2
WFC,Wells Fargo & Company,87.25,263843.94,United States and Canada,US,-0.1075,0.0003,0.014,0.0146,0.0052,0.0256,0.0005,0.0114,0.0126,0.0082,0.025,0,0.0309,0.0309,0.0024,,88929.69,92941.94,97101.55,77962,77198,72247,82606,60172,84227,84696,85989,84541,83690
BLCO,Bausch + Lomb Corporation,16.76,5986.09,United States and Canada,US,-0.1139,0.0003,0.0046,0.0049,0.0201,0.0228,0.0008,0.0046,0.005,0.0217,0.0307,0,0.0037,0.0045,0.0303,0.051,5493.15,5806.9,6121.28,4791,4146,3768,3765,3412,3778,3665,,,
BIRK,Birkenstock Holding plc,38.462,7073.39,United States and Canada,US,-0.2815,0.0003,0.008,-0.0186,-0.0277,-0.0415,0.0003,0.008,-0.0208,-0.0301,-0.0526,0.0017,0.0085,-0.0225,-0.0258,,2691.74,3064.19,3476.89,2009.45,1577.24,1217.87,1286.07,,,,,,
ADP,Automatic Data Processing Inc.,271.285,107771.42,United States and Canada,US,-0.1251,0.0003,0.0019,0.0035,0.0077,0.0132,0.0001,0.0041,0.0072,0.0061,0.0083,0.0001,-0.0069,0.0456,0.0158,0.0154,23224.51,24555.46,25919.32,20560.9,19202.6,18012.2,16498.3,15005.4,14589.8,14110.2,13274.2,12372,11667.8
CAKE,The Cheesecake Factory Incorporated,106.975,5323.14,United States and Canada,US,-0.009,0.0003,0.0231,0.0228,0.0249,0.0039,0.0016,0.0303,0.0302,0.0321,0.0138,0,0.0386,0.0371,0.0613,,4011.38,4304.77,4654.27,3581.7,3439.5,3303.16,2927.54,1983.22,2482.69,2332.33,2260.5,2275.72,2100.61
CHDN,Churchill Downs Incorporated,87.869,6124.49,United States and Canada,US,-0.2575,0.0003,-0.001,-0.0008,0.0007,0.0006,-0.0036,-0.0059,-0.0066,-0.0038,0,-0.003,-0.0131,-0.0131,-0.0132,,3025.69,3118.18,3210.96,2734.3,2461.7,1809.8,1597.2,1054,1329.7,1009,882.6,822.4,798.6
INTC,Intel Corporation,101.61,512520.84,United States and Canada,US,-0.2862,0.0003,0.0767,0.0798,0.1722,0.1724,0.0037,0.0878,0.1034,0.2318,0.2598,0.0032,0.1229,0.1588,0.328,0.3718,63044.33,71359.75,82081.69,53101,,63054,79024,77867,71965,70848,62761,59387,55355
BLLN,BillionToOne Inc.,93.318,4403.4,United States and Canada,US,-0.3797,0.0002,0.0002,0.0384,0.1062,,0.0035,0.0036,0.017,0.0624,,-0.0027,-0.0018,0.0079,0.0312,,454.25,579.03,729.83,152.58,71.73,,,,,,,,
ECL,Ecolab Inc.,285.079,80231.92,United States and Canada,US,-0.0782,0.0002,0.0024,0.0246,0.039,0.0661,0.0005,0.0042,0.0468,0.0632,0.0905,0,0.0136,0.0603,0.0673,0.0997,17949.78,19369.47,20627.61,15741.4,15320.2,14187.8,12733.1,11790.2,12562,12222.1,13835.9,13151.8,13545.1
THC,Tenet Healthcare Corporation,262.231,21114.58,United States and Canada,US,-0.0116,0.0002,0.0203,0.0203,0.0106,0.0183,0.0003,0.0068,0.0074,-0.0243,-0.0281,0.0004,0.0001,-0.0029,0.0051,0.0059,22439.53,22499.22,23538.28,20675,20564,19174,19485,17640,18479,18313,19179,19621,18634
BOOT,Boot Barn Holdings Inc.,163.532,4952.54,United States and Canada,US,-0.2222,0.0002,-0.0006,0.0208,0.0213,0.0632,0.0006,-0.0003,0.0202,0.0202,0.0614,0,-0.0075,0.006,0.006,,2613.33,2944.9,3307.33,1911.1,1667.01,1657.62,1488.26,893.49,845.58,776.85,677.95,629.82,569.02
QSR,Restaurant Brands International Inc.,73.867,33708.24,United States and Canada,US,-0.0987,0.0002,-0.0006,-0.0005,0.0116,0.0346,-0.0009,-0.0076,-0.0061,-0.0079,0.0141,-0.0007,-0.0007,0.0066,-0.0476,0.0148,9848.19,9920.03,9945.94,8406,7022,6505,5739,4968,5603,5357,4576,4146,4052.2
TXRH,Texas Roadhouse Inc.,207.99,13671.1,United States and Canada,US,-0.0247,0.0002,0.0006,0.0004,0.0037,0.0226,0.0013,0.0012,0.0017,0.0053,0.0248,0.0027,0.0026,0.0034,-0.001,0.0049,6537.87,7151.24,7750.43,5373.33,4631.67,4014.92,3463.95,2398.12,2756.16,2457.45,2219.53,1990.71,1807.37
COF,Capital One Financial Corporation,217.686,133547.06,United States and Canada,US,-0.1616,0.0002,0.0056,0.0051,0.0098,0.0245,0,0.0061,0.0073,0.0163,0.0273,0.0016,0.0039,0.0076,0.0245,0.0808,64020.59,67737.07,71691.86,27396,26361,28403,32379,18259,22357,22220,19686,19042,18877
NFLX,Netflix Inc.,74.115,308610.39,United States and Canada,US,-0.4151,0.0002,-0.0035,-0.0037,0.0013,0.007,0,-0.0069,-0.007,-0.0018,0.0104,0,-0.0083,-0.007,-0.0039,0.0074,51219.5,57004.49,62799.46,39000.97,33723.3,31615.55,29697.84,24996.06,20156.45,15794.34,11692.71,8830.67,6779.51
NJR,New Jersey Resources Corporation,55.016,5582.36,United States and Canada,US,-0.096,0.0002,0.0003,-0.0156,-0.0131,0.1157,-0.0023,-0.0314,-0.0534,-0.0424,0.0648,-0.0037,-0.0289,-0.0465,-0.0231,0.084,2191.46,2171.6,2280.69,1796.54,1962.99,2905.98,2156.61,1953.67,2592.05,2915.11,2268.62,1880.9,2733.99
DOV,Dover Corporation,211.002,28417.8,United States and Canada,US,-0.1117,0.0002,0.0012,0.0019,0.0104,0.0142,0.0003,0.0035,0.0047,0.0146,0.0221,0,0.0048,0.0093,0.0173,0.0323,8656.74,9086.56,9511.07,7745.91,8438.13,8508.09,7907.08,6683.76,7136.4,6992.12,6820.89,6043.22,6956.31
ADSK,Autodesk Inc.,249.177,52612.54,United States and Canada,US,-0.2428,0.0002,0.0004,0.006,0.0298,0.0584,0.0005,-0.0003,0.0055,0.0296,0.0627,0.0014,0.0017,0.0028,-0.0049,0.0493,8200.66,9061.92,9987.33,6131,5497,5005,4386,3790,3274.3,2569.8,2056.6,2031,2504.1
URBN,Urban Outfitters Inc.,76.9,6585.34,United States and Canada,US,-0.0883,0.0002,0.0013,0.0031,0.0113,0.0446,0.0001,0.0022,-0.0006,0.0111,0.0609,0.0003,0.0089,-0.0044,-0.0216,0.0092,6707.73,7155.02,7541.62,5550.67,5153.24,4795.24,4548.76,3449.75,3983.79,3950.62,3616.01,3545.79,3445.13
MTD,Mettler-Toledo International Inc.,1429.46,28641.46,United States and Canada,US,-0.0628,0.0002,-0.0003,0.0014,0.0139,0.026,0.0018,0.0012,0.0005,0.0072,0.0198,0.002,0.0009,-0.0018,0.0129,0.0253,4233.94,4437.72,4669.3,3872.36,3788.31,3919.71,3717.93,3085.18,3008.65,2935.59,2725.05,2508.26,2395.45
SNA,Snap-on Incorporated,416.35,21536.59,United States and Canada,US,-0.0158,0.0002,0.0077,0.008,0.0044,0.0184,0.0005,0.0082,0.0105,-0.0016,0.0045,0.009,0.009,0.009,-0.0219,0.0403,4945.48,5151.16,5458.5,5108.4,5108.3,4842.5,4601.7,3942.2,4067.7,4070.4,4000.3,3711.8,3593.1
AS,Amer Sports Inc.,36.859,21445.38,United States and Canada,US,-0.138,0.0002,0.0002,0.0351,0.069,0.147,-0.0003,-0.0003,0.0314,0.0628,0.1496,0.0005,0.0005,0.0283,0.0076,0.1581,8011.66,9142.04,10315.16,5183.3,4400.4,3571.2,3066.5,2446.3,,,,,
PG,The Procter & Gamble Company,145.79,338879.1,United States and Canada,US,-0.1283,0.0002,-0.0089,-0.0089,-0.003,-0.0116,0.0004,-0.012,-0.0129,-0.0057,-0.0164,0.0007,-0.0141,-0.017,-0.0111,-0.0222,88748.49,91483.66,94533.32,84284,84039,82006,80187,76118,70950,67684,66832,65058,65299
KRC,Kilroy Realty Corporation,37.97,4459.29,United States and Canada,US,-0.1568,0.0002,0.0057,-0.002,-0.0089,-0.0239,-0.0014,-0.004,-0.0051,-0.0105,-0.0491,0,-0.0042,-0.0013,-0.0056,-0.0695,1071.53,1097.59,1135.66,1135.63,1129.69,1096.99,955.04,898.4,837.45,747.3,719,637.57,581.27
AXP,American Express Company,340.91,230219.88,United States and Canada,US,-0.1202,0.0002,0.0009,0.0053,0.0109,0.027,0.0004,0.0035,0.0044,0.0097,0.04,0.0002,0.0053,0.0052,0.0122,0.0698,79495.8,86751.03,94038.78,60764,55592,50680,43799,31357,39983,36986,33872,33227,30747
NOC,Northrop Grumman Corporation,571.58,81200.38,United States and Canada,US,-0.2615,0.0002,0.0013,0.0019,0.0035,-0.0057,0.0004,0.0033,0.0041,0.0087,0.0112,0.0004,0.003,0.0041,0.0174,0.0288,44046.72,47003.85,49884.26,41033,39290,36602,35667,36799,33841,30095,26004,24706,23526
AXSM,Axsome Therapeutics Inc.,212.795,10950.38,United States and Canada,US,-0.1822,0.0002,-0.0063,-0.0065,-0.0273,0.0084,0,-0.0007,0.0017,0.0304,0.0706,0,-0.0136,-0.008,0.0746,0.1061,979.08,1596.37,2259.6,385.69,270.6,50.04,,,,,,,
MCO,Moody's Corporation,477.75,82737.22,United States and Canada,US,-0.1264,0.0002,0.0064,0.0059,-0.0022,0.022,0.0001,0.0042,0.0037,-0.0083,0.0164,0.0003,0.0039,0.0035,0.0045,0.031,8288.03,8889.01,9572.2,7088,5916,5468,6218,5371,4829,4443,4204,3604.2,3484.5
USB,U.S. Bancorp,63.94,99601.37,United States and Canada,US,-0.0166,0.0001,0.0134,0.0238,0.0246,0.0495,0.0009,0.0185,0.037,0.0391,0.0712,0.0022,0.0227,0.0431,0.044,,31088.13,33241.54,34939.78,25097,25738,22142,23762,19242,21140,20813,19883,19211,18524
HESM,Hess Midstream LP,39.8,8205.9,United States and Canada,US,-0.0573,0.0001,-0.0025,0.0025,-0.0006,-0.1247,-0.0016,-0.004,0.005,0.0144,-0.1484,-0.0009,-0.0121,0.001,0.0308,,1611.18,1679.72,1731.2,1495.5,1348.6,1275.2,1203.8,1091.9,848.3,712.7,579.5,509.8,565.1
KTB,Kontoor Brands Inc.,77.05,4258.74,United States and Canada,US,-0.1339,0.0001,0.0005,-0.2157,-0.2163,-0.2053,0.0001,0.0004,-0.213,-0.2097,-0.1995,0.0002,0.0015,-0.2031,,,2701.63,2815.6,2915.02,2607.58,2607.47,2631.44,2475.92,2097.84,2548.84,2764,2830.11,2926.46,
CMC,Commercial Metals Company,75.148,8313.2,United States and Canada,US,-0.1146,0.0001,-0.0008,0.0131,0.0163,0.1066,0.0027,0.0035,0.0206,0.0297,0.1338,0.0109,0.0113,0.0337,0.051,,9289.29,10043.23,10245.32,7925.97,8799.53,8913.48,6729.76,5476.49,5829,4643.72,3844.07,3596.07,5424.41
BURL,Burlington Stores Inc.,368.858,22943.24,United States and Canada,US,-0.025,0.0001,0.0001,0.0091,0.0224,0.0195,0.0001,0.0001,0.0073,0.0063,0.0018,0,0.0003,0.0123,,0.0121,12852.19,13993.5,15442.52,10625.78,9718.15,8693.16,9312.73,5756.39,7277.29,6658.89,6100.97,5581.82,5113.71
SCHW,The Charles Schwab Corporation,107.587,187108.37,United States and Canada,US,-0.0134,0.0001,0.0365,0.0592,0.0679,0.0964,0.0015,0.062,0.0862,0.0944,0.1088,-0.0002,0.066,0.0905,0.1242,0.0678,28262.77,31555.91,34260.38,19606,18934,20762,18520,11691,10721,10132,8618,7462,6305
G,Genpact Limited,34.302,5814.41,United States and Canada,US,-0.2948,0.0001,0,-0.0003,-0.0002,0.0258,-0.0014,-0.0017,-0.0012,-0.0011,0.0117,-0.0043,-0.0049,-0.0058,-0.0145,,5435.41,5824.94,6293.62,4767.14,4476.89,4371.17,4022.21,3709.38,3520.54,3000.79,2736.93,2570.76,2461.04
IVZ,Invesco Ltd.,31.58,13942.56,United States and Canada,US,-0.0298,0.0001,0.0416,0.0458,0.0232,0.0888,0.0028,0.0658,0.0726,0.0483,0.1272,,,,,,5418.25,5894.17,,6067,5716.4,6048.9,6894.5,6145.6,6117.4,5314.1,5160.3,4734.4,5122.9
AFRM,Affirm Holdings Inc.,75.267,25206.81,United States and Canada,US,-0.2473,0.0001,-0.0003,0.0149,0.0375,0.0841,0.0008,0.0038,0.0276,0.043,0.1127,0,0.0067,0.0263,0.0507,0.1211,4202.06,5282.66,6610.65,2323,1587.98,1349.29,870.46,509.53,264.37,,,,
CARR,Carrier Global Corporation,64.012,52766.7,United States and Canada,US,-0.1661,0.0001,0.0408,0.0442,0.0508,-0.049,0.0017,0.0387,0.0419,0.0412,-0.0558,0.003,0.034,0.0368,0.0396,-0.0723,23190.85,24305.28,25606.09,22486,22098,20421,20613,17456,18608,18914,17814,,
MS,Morgan Stanley,216.33,339760.61,United States and Canada,US,-0.0685,0.0001,0.0595,0.0668,0.0817,0.1738,0.0025,0.0525,0.0648,0.0766,0.1775,0.005,0.0675,0.0766,0.088,0.1497,82655.7,86501.62,90275.86,61497,53611,53388,59751,47996,41377,40107,37945,34631,35226
DOX,Amdocs Limited,58.508,6211.44,United States and Canada,US,-0.352,0.0001,0.0001,0,-0.0012,0.0007,-0.0032,-0.0032,-0.0037,-0.0057,-0.0467,-0.006,-0.006,-0.0059,-0.0083,,4696.17,4834.27,5083.55,5004.99,4887.55,4576.7,4288.64,4169.04,4086.67,3974.84,3867.16,3718.23,3643.54
ALKT,Alkami Technology Inc.,19.724,2098.84,United States and Canada,US,-0.2665,0.0001,0.0003,0.0006,-0.0323,-0.0492,0,-0.0026,-0.0024,-0.0557,-0.0671,0,-0.0005,-0.0057,,,529.88,619.14,714.8,333.85,264.83,204.27,152.16,112.14,73.54,,,,
OKTA,Okta Inc.,148.294,25774.59,United States and Canada,US,-0.0555,0.0001,0.0001,0.005,0.0078,0.0192,0.0001,0.0001,0.0062,0.0075,0.0105,0.0003,0.0003,0.0091,0.0311,0.0413,3199.9,3504.87,3857.98,2610,2263,1858,1300,835,586.07,399.25,256.55,160.81,85.91
RCL,Royal Caribbean Cruises Ltd.,320.137,85621.31,United States and Canada,US,-0.1265,0.0001,-0.0035,-0.0038,-0.0094,-0.0101,-0.0004,-0.0044,-0.0052,-0.0116,-0.0213,0.0002,0.0022,-0.0029,-0.0101,-0.0204,19563.57,20980.39,22904.17,16484,13900,8840,1532,2208.8,10950.66,9493.85,8777.84,8496.4,8299.07
DCO,Ducommun Incorporated,196.918,2970.62,United States and Canada,US,-0.064,0.0001,0.0017,0.0091,-0.0117,0.0021,0.0008,0.0031,0.0156,0.0037,0.027,0.0027,0.0049,0.0228,,,884.97,967.24,1048.71,786.44,756.99,712.54,645.41,628.94,721.09,629.31,558.18,550.64,666.01
WSFS,WSFS Financial Corporation,81.264,4151.83,United States and Canada,US,-0.0202,0.0001,0.0184,0.0185,0.0357,0.0376,0.0047,0.0234,0.0242,0.0311,,,,,,,1141.57,1185.47,,984.95,926.9,874.93,736.22,513.8,607.5,395.85,334.95,285.82,249.27
FULT,Fulton Financial Corporation,24.234,4631.93,United States and Canada,US,-0.0395,0.0001,0.0017,0.0019,0.0036,0.066,-0.0001,-0.0006,-0.0012,0.0022,,,,,,,1439.43,1519.16,,1147.69,1027.93,980.14,942.17,792.17,825.7,776.48,743.9,697.77,679.58
GABC,German American Bancorp Inc.,50.486,1897.1,United States and Canada,US,-0.0334,0.0001,0.0091,0.0091,0.0247,0.0629,0.0042,0.0083,0.0083,0.0246,,,,,,,405.3,423.08,,250.48,248.14,253.37,226.79,192.17,185.4,149.61,130.01,125.72,103
DHR,Danaher Corporation,204.676,143884.37,United States and Canada,US,-0.157,0.0001,0.0072,0.0338,0.028,0.0053,0.0004,-0.0043,0.0578,0.0522,0.0147,0.0004,-0.0114,0.0599,0.0551,0.0095,26343.02,28464.16,30440.45,23875,23890,31471,29453,22284,17911,17049,15518.8,16882.4,14433.7
SKYW,SkyWest Inc.,111.864,4343.49,United States and Canada,US,-0.0974,0.0001,0.0031,0.0057,0.0123,0.0328,0.0004,0.01,0.0144,0.019,0.0383,0.0005,0.0782,0.0878,,,4368.62,4554.25,4992.73,3527.92,2935.43,3004.93,2713.49,2127.11,2971.96,3221.68,3122.59,3063.7,3095.56
IQV,IQVIA Holdings Inc.,238.7,39290.02,United States and Canada,US,-0.0504,0.0001,0.0074,0.01,0.0121,0.0259,0.0011,0.0102,0.0119,0.0177,0.0289,0.0032,0.0166,0.0164,0.0207,0.0418,17414.2,18468.83,19665.2,15405,14984,14410,13874,11359,11088,10412,9702,6815,4326
GPC,Genuine Parts Company,135.617,18696.13,United States and Canada,US,-0.1053,0,0.0031,0.0035,0.0116,0.0246,-0.0003,0.0007,0.0009,0.0011,0.0164,-0.0005,-0.003,-0.0072,0.0039,0.0322,25538.56,26425.19,27536.67,23486.57,23090.61,22095.97,18870.51,16537.43,17522.23,16831.6,16308.8,15339.71,15280.04
JCI,Johnson Controls International plc,152.21,92199.91,United States and Canada,US,-0.0309,0,0.0115,0.0141,0.0176,0.0343,0.004,0.0157,0.0259,0.0329,0.057,0.0035,0.0234,0.0448,0.0533,0.077,25559.69,27509.26,29585.02,22952,26793,25299,23668,22317,23968,23400,22835,20837,17100
ULTA,Ulta Beauty Inc.,565.187,24297,United States and Canada,US,-0.2095,0,0.0001,0.0012,0.0111,0.0792,0,0.0001,-0.0004,0.0104,0.083,0,0.0001,-0.0017,0.0041,0.0787,13246.2,13958.72,14670.81,11295.65,11207.3,10208.58,8630.89,6151.95,7398.07,6716.61,5884.51,4854.74,3924.12
STX,Seagate Technology Holdings plc,812.984,184258.37,United States and Canada,US,-0.29,0,0.1239,0.1583,0.3267,0.6616,0.0066,0.1634,0.2452,0.5472,1.0916,0.0403,0.1855,0.2253,0.4855,1.3184,18806.87,25012.03,31351.23,9097,6551,7384,11661,10681,10509,10390,11184,10771,11160
BL,BlackLine Inc.,29.573,1718.94,United States and Canada,US,-0.5036,0,0,0.0015,0.0079,0.0103,-0.0034,-0.0042,-0.0026,-0.002,-0.0002,-0.0236,-0.0236,-0.0185,-0.0498,-0.0337,766.85,847.1,933.81,653.34,590,522.94,425.71,351.74,288.98,227.79,175.6,128.03,83.61
FLOC,Flowco Holdings Inc.,21.8,1969.53,United States and Canada,US,-0.2286,0,-0.0008,0.008,0.1406,0.0671,0,-0.0009,0.0103,0.1595,0.0718,0,-0.0003,0.0209,0.1399,0.007,923.05,1000.06,1053.27,535.28,243.32,148.61,,,,,,,
NVCR,NovoCure Limited,16.389,1908.43,United States and Canada,US,-0.236,0,0.0311,0.0311,0.0671,0.0683,0,0.0392,0.0349,0.048,0.0158,0.017,0.0263,0.0022,-0.0066,0.0147,725.82,804.39,949.58,605.22,509.34,537.84,535.03,494.37,351.32,248.07,177.03,82.89,33.09
ALK,Alaska Air Group Inc.,50.007,5580.94,United States and Canada,US,-0.2409,0,0.0001,0.0026,0.0289,0.0367,0,0.0078,0.0081,0.0333,0.041,0,0.0006,0.0035,0.0329,,15798.84,16856.75,17815.78,11735,10426,9646,6176,3566,8781,8264,7894,5925,5598
WMT,Walmart Inc.,111.811,889800.79,United States and Canada,US,-0.1727,0,-0.0001,0.0051,0.0152,0.0247,-0.0001,-0.0002,0.0041,0.0114,0.0256,-0.0002,-0.0003,0.0057,-0.0014,0.0247,752158.94,786843.57,825425.36,680985,648125,611289,572754,559151,523964,514405,500343,485873,482130
STRA,Strategic Education Inc.,84.85,1863.53,United States and Canada,US,-0.0544,0,0.0079,0.0079,-0.0115,-0.0109,0.001,-0.0024,-0.0024,-0.03,-0.0143,0,-0.017,-0.017,,,1300.08,1338.49,1392.78,1219.93,1132.92,1065.48,1131.69,1027.65,997.14,634.18,454.85,441.09,434.44
NIQ,NIQ Global Intelligence plc,11.668,3443.65,United States and Canada,US,-0.376,0,0,0.0059,0.0151,,0,0,0.0041,0.0146,,0,0,0.0015,-0.0037,,4475.62,4705.66,4938.87,3972.6,3341.3,2786.4,,,,,,,
ROL,Rollins Inc.,37.755,18165.64,United States and Canada,US,-0.4292,0,-0.0094,-0.0092,-0.0104,-0.0033,0,-0.0105,-0.0106,-0.0103,0.0007,0,-0.0113,-0.0122,-0.0117,0.0148,4089.95,4448.39,4823.84,3388.71,3073.28,2695.82,2424.3,2161.22,2015.48,1821.57,1673.96,1573.48,1485.31
BE,Bloom Energy Corporation,219.34,64601.63,United States and Canada,US,-0.3756,0,0.1018,0.1234,0.322,0.966,0,0.0536,0.0892,0.3936,1.5196,0,0.0265,0.0523,0.4835,2.3993,4126.9,6772.49,9924.74,1473.86,1333.47,1199.13,972.18,794.25,785.18,632.65,365.62,208.54,172.89
MANH,Manhattan Associates Inc.,195.295,11386.67,United States and Canada,US,-0.1152,0,0.0095,0.0094,0.0164,0.0154,0,0.0083,0.0084,0.0133,0.0101,0,0.0079,0.0079,0.0117,0.0095,1164.56,1263.72,1374.6,1042.35,928.73,767.08,663.64,586.37,617.95,559.16,594.6,604.56,556.37
SPGI,S&P Global Inc.,408.19,120323.84,United States and Canada,US,-0.2951,0,-0.0629,-0.1133,-0.1124,-0.0948,-0.0009,-0.0055,-0.1161,-0.1168,-0.0985,-0.001,-0.0053,-0.1176,-0.107,-0.0787,14637.06,15641.62,16748.83,14208,12497,11181,8297,7442,6699,6258,6063,5661,5313
PLUG,Plug Power Inc.,2.185,3046.07,United States and Canada,US,-0.5229,0,0.0004,0.0171,-0.0448,-0.1921,0,-0.0021,0.0174,-0.0881,-0.3031,-0.0001,-0.0027,0.0054,-0.0793,-0.1759,813.71,962.5,1156.7,628.81,891.34,701.44,502.34,-93.24,229.97,174.22,100.15,82.82,103.29
UNP,Union Pacific Corporation,293.13,174141.35,United States and Canada,US,-0.0723,0,0.0258,0.0311,0.0571,0.0404,0.0025,0.0253,0.0301,0.051,0.042,0.0046,0.0295,0.0353,0.0548,0.0335,26753.65,27923.83,29227,24250,24119,24875,21804,19533,21708,22832,21240,19941,21813
EFX,Equifax Inc.,182.56,21448.04,United States and Canada,US,-0.3284,0,-0.0016,-0.0021,0.0024,0.0196,0,-0.0061,-0.008,-0.0033,-0.0053,0,-0.0096,-0.0084,0.0106,-0.0006,6754.86,7347.54,8079.85,5681.1,5265.2,5122.2,4923.9,4127.5,3507.6,3412.1,3362.2,3144.9,2663.6
SAIL,SailPoint Inc.,18.645,10575.13,United States and Canada,US,-0.2231,0,0,0.0029,-0.0025,0.0189,-0.0006,-0.0002,0.0043,-0.0098,0.0113,0,0.0014,0.0201,,0.1242,1270.25,1504.33,1766.05,861.61,699.57,552.83,450.04,,,,,,
TRLV,Trulieve Cannabis Corp.,8.75,1682.69,United States and Canada,US,-0.3411,0,-0.0239,-0.1472,-0.1682,-0.1919,0,0.0097,-0.2387,-0.2539,-0.245,0,0,,-0.2994,-0.2992,995.46,929.9,901.4,1186.49,1129.19,1218.23,931.93,521.53,252.82,102.82,19.78,0.16,
UAL,United Airlines Holdings Inc.,129.565,42054.7,United States and Canada,US,-0.0663,0,0.0133,0.017,0.0617,0.0722,0,0.0215,0.0228,0.0445,0.0631,0,0.0179,0.019,0.0447,0.0946,67796.8,71152.55,74668.69,57063,53717,44955,24634,15355,43259,41303,37784,36558,37864
KO,The Coca-Cola Company,87.05,374536.91,United States and Canada,US,-0.0426,0,0.0129,0.0132,-0.0221,-0.0285,0,-0.0044,-0.004,-0.0533,-0.0762,0,-0.0044,-0.0036,-0.0059,-0.0759,49722.51,49815.92,52112.46,47061,45754,43004,38655,33014,37266,34300,36212,41863,44294
ALV,Autoliv Inc.,122.861,8998,United States and Canada,US,-0.0704,0,0.0018,-0.0009,0.005,0.0064,0,-0.0008,-0.0039,-0.0004,-0.0164,-0.0005,0.0016,-0.0027,0.0044,-0.0219,11093.98,11399.04,11793.89,10390,10475,8842,8230,7447,8548,8678.2,8136.8,7921.6,9169.6
AVGO,Broadcom Inc.,427.659,2034621.99,United States and Canada,US,-0.136,0,0,0.0172,0.098,0.4021,0.0005,0.0058,0.0896,0.2894,0.9559,0.0013,0.0153,0.1546,0.3862,1.1309,106039.61,173211.63,232228.59,51574,35819,33203,27450,23888,22597,20848,17636,13240,6824
BRKA,Berkshire Hathaway Inc.,781067.738,1123947.09,United States and Canada,US,-0.0092,0,0.0003,-0.0324,-0.0057,-0.0139,0,0.0003,0.016,-0.0082,0.0229,,,,,,381079.6,404633.1,,371433,364482,302089,276203,245579,254616,247837,240651,215865,201570
CSCO,Cisco Systems Inc.,121.434,478624.18,United States and Canada,US,-0.0685,0,0,0.0222,0.0355,0.0565,0.0004,0.0035,0.0588,0.0754,0.1026,-0.0004,0.0042,0.0747,0.0952,0.1177,62907.08,68817.99,73441.33,53803,56998,51557,49818,49301,51904,49330,48005,49247,49161
GE,General Electric Company,370.08,383981.13,United States and Canada,US,-0.0482,0,0.0339,0.0341,0.0458,0.1213,0,0.0412,0.043,0.0574,0.1328,0,0.0427,0.0458,0.0625,0.1581,50291.01,55675.42,60839.9,38702,67954,76555,74196,75833,90221,97012,99279,119468,115834
UNH,UnitedHealth Group Incorporated,407.08,369687.42,United States and Canada,US,-0.1181,0,0.0051,0.0043,0.0058,-0.0493,0,0.0063,0.0063,0.0002,-0.0737,0,0.0051,0.0053,0.0005,-0.0417,446533.51,459373.23,486213.18,400278,371622,324162,287597,257141,242155,226247,201159,184840,157107
PANW,Palo Alto Networks Inc.,363.798,296495.37,United States and Canada,US,-0.035,0,0,0.0115,0.0852,0.0918,0,0.0013,0.0189,0.1586,0.1604,0.0001,0.0016,0.0215,0.1693,0.1455,11422.92,13810.23,15698.18,8027.5,6892.7,5501.5,4256.1,3408.4,2899.6,2273.6,1755.1,1378.5,928.1
PM,Philip Morris International Inc.,189.46,295294.9,United States and Canada,US,-0.0881,0,0.0009,-0.0001,-0.0064,-0.0203,0,-0.0039,-0.0054,-0.0133,-0.0276,0,-0.009,-0.0136,-0.0205,-0.0502,43454.63,45976.36,48721.57,37878,35174,31762,31405,28694,29805,29625,28748,26685,26794
DELL,Dell Technologies Inc.,453.77,293200.05,United States and Canada,US,-0.0657,0,0.0003,0.207,0.3757,0.5327,0,0.0134,0.2616,0.4456,0.6594,0,0.0294,0.3142,0.5065,0.8346,171284.57,192871.23,212326.37,95567,88425,102301,101197,86670,84815,90621,79040,62164,50911
TXN,Texas Instruments Incorporated,285.94,261134.04,United States and Canada,US,-0.144,0,0.0427,0.0434,0.1202,0.1271,0,0.064,0.0748,0.1528,0.1625,0,0.0742,0.0878,0.1458,0.1834,21902.8,24824.4,27437.77,15641,17519,20028,18344,14461,14383,15784,14961,13370,13000
IBM,International Business Machines Corporation,237.28,223549.65,United States and Canada,US,-0.2863,0,-0.016,-0.0148,-0.0112,0.0112,0,-0.0184,-0.0186,-0.0162,0.0074,0,-0.0216,-0.0228,-0.0173,0.013,70375.24,73259.82,77067.46,62753,61860,60530,57351,55179,57714,79591,79139,79919,81741
CRWD,CrowdStrike Holdings Inc.,214.372,218286.28,United States and Canada,US,-0.0227,0,0,0.0067,0.0137,0.0186,0,-0.0001,0.0073,0.0122,0.008,0,-0.0009,0.012,0.02,0.0007,5945.45,7235.38,8831.81,3953.62,3055.55,2241.24,1451.59,874.44,481.41,249.82,118.75,52.74,
MRVL,Marvell Technology Inc.,218.669,191502.97,United States and Canada,US,-0.3371,0,0.0002,0.0615,0.1534,0.1763,0,0.0024,0.1289,0.2824,0.4598,0,0.0179,0.2266,0.321,0.8253,11529.8,16732.27,23510.14,5767.3,5507.7,5919.6,4462.4,2968.9,2699.16,2865.79,2409.17,2300.99,2602.5
TMUS,T-Mobile US Inc.,177.141,190014.12,United States and Canada,US,-0.3228,0,-0.0023,-0.0026,-0.0018,0.0351,0,-0.0029,-0.0031,-0.0001,0.0343,0,-0.004,-0.0044,0.0068,0.0245,94368.79,98601.82,102551.77,81400,78558,79571,80118,68397,44998,43310,40604,37490,32467
ADI,Analog Devices Inc.,389.918,189924,United States and Canada,US,-0.1256,0,0.0051,0.0572,0.1308,0.2477,0,0.0131,0.1139,0.1998,0.3227,0,0.0154,0.1036,0.1899,0.296,14810.17,17156.77,18840.64,9427.16,12305.54,12013.95,7318.29,5603.06,5991.06,6224.69,5246.35,3421.41,3435.09
PEP,PepsiCo Inc.,139.004,189725.39,United States and Canada,US,-0.1894,0,0.0006,0.0003,0.0093,0.0311,0,-0.0011,-0.0017,0.0082,0.0277,0,-0.0021,-0.0032,0.0035,0.0164,98954.48,101862.02,105449.93,91854,91471,86392,79474,70372,67161,64661,63525,62799,63056
BLK,BlackRock Inc.,1136.83,184851.19,United States and Canada,US,-0.0681,0,0.0276,0.0393,0.0337,0.1081,0,0.0329,0.0479,0.0418,0.1146,0,0.0231,0.053,0.0396,0.2667,29264.37,32649.84,36537.58,20407,17859,17873,19374,16205,14539,14198,13600,12261,11401
BX,Blackstone Inc.,137.119,170550.4,United States and Canada,US,-0.2786,0,0.0133,0.0043,-0.0498,-0.0661,0,-0.007,-0.0185,-0.0429,-0.0703,0,-0.0046,-0.0252,-0.0139,-0.0932,15029.77,18622.13,20805.65,12662.59,7683.9,8015.89,22175.79,6188.91,7058.63,5996.95,6947.53,4993.65,4502.03
SCCO,Southern Copper Corporation,199.099,166114.61,United States and Canada,US,-0.1018,0,0.0245,0.0505,0.064,0.4311,0,0.021,0.0545,0.147,0.3015,0,0.0166,0.0458,0.0692,0.2062,16887.01,16038.62,16469.72,11433.4,9895.8,10047.9,10934.1,7984.9,7285.6,7096.7,6654.5,5379.8,5045.9
T,AT&T Inc.,23.79,163018.25,United States and Canada,US,-0.2014,0,-0.0022,-0.0015,0.0063,0.0201,0,-0.0053,-0.0038,0.0051,0.0242,0,-0.0025,-0.0013,0.0063,0.0196,129269.01,131968.67,134936.37,122336,122428,120741,134038,143050,181193,170756,160546,163786,146801
CRM,Salesforce Inc.,192.74,157854.06,United States and Canada,US,-0.2838,0,0,-0.0006,-0.0009,0.0265,0,-0.0006,-0.0011,-0.0019,0.0225,0,-0.0008,-0.0072,-0.0006,0.0142,46106.76,50513.6,55279.73,37895,34857,31352,26492,21252,17098,13282,10540,8437,6667.22
CB,Chubb Limited,350.351,135165.37,United States and Canada,US,-0.0425,0,-0.0093,-0.0093,-0.0079,-0.0084,0,-0.0185,-0.0185,-0.0176,-0.0072,0,-0.0258,-0.0258,,,49499.2,51442.62,53051.94,55976,49783,42700,40529,36535,34230,32679,32340,31480,18968
NOW,ServiceNow Inc.,124.88,129108.69,United States and Canada,US,-0.3587,0,0.0012,0.0013,0.0147,0.0363,0,0.0022,0.0047,0.0171,0.0329,0,0.0007,0.0075,0.0136,0.0435,16219.29,19262.43,22877.77,10984,8971,7245,5896,4519,3460,2608.82,1918.49,1390.98,1005.48
MDT,Medtronic plc,87.16,111568.74,United States and Canada,US,-0.1803,0,-0.0002,0.0139,0.0213,0.046,0,0.0036,0.0056,0.0047,0.0332,0,0.0141,0.0264,0.0085,0.0284,38831.35,40230.93,42208.81,33537,32364,31227,31686,30117,28913,30557,29953,29710,28833
ACN,Accenture plc,175.72,107530.47,United States and Canada,US,-0.3963,0,0,-0.0071,-0.0039,0.0054,0,-0.0003,-0.0177,-0.0174,-0.0147,0,0.0009,-0.0239,-0.0246,-0.0247,73563.94,76614.92,80768.99,64896.46,64111.75,61594.31,50533.39,44327.04,43215.01,40992.53,36176.84,32882.72,31047.93
ADBE,Adobe Inc.,265.089,105372.88,United States and Canada,US,-0.2852,0,0.0002,0.0166,0.0193,0.0288,0,0.0009,0.0176,0.0185,0.0248,0,0.0032,0.0131,0.028,0.0371,26523.03,28918.65,31484.46,21505,19409,17606,15785,12868,11171,9030,7301.51,5854.43,4795.51
FCX,Freeport-McMoRan Inc.,69.62,100082.92,United States and Canada,US,-0.0367,0,0.025,0.0436,0.033,-0.0354,0,0.0318,0.0483,0.081,0.1343,0,0.0077,0.0399,0.0868,0.1913,29521.14,35536.27,36882.76,25455,22855,22780,22845,14198,14402,18628,16403,14830,14607
MRSH,Marsh & McLennan Companies Inc.,191.65,91457.54,United States and Canada,US,-0.1036,0,0.0052,0.0068,0.0087,0.0021,0,0.0053,0.0068,0.0052,-0.0056,0,0.0086,0.0097,0.0028,0.0044,28566.07,29951.61,31447.36,24458,22736,20720,19820,17224,16652,14950,14024,13211,12893
ELV,Elevance Health Inc.,394.252,85501.15,United States and Canada,US,-0.0962,0,0.01,0.0104,0.0068,-0.0565,0,0.0084,0.0096,-0.0008,-0.0969,0,0.0152,0.0178,0.0115,-0.0928,196237.84,200388.92,212489.96,176810,171340,156599,138643,121868,104212,92091,90049,84862,79158.4
SPG,Simon Property Group Inc.,222.895,84778.98,United States and Canada,US,-0.0654,0,0.0139,0.0422,0.0607,0.1094,0,0.0181,0.0554,0.0698,0.1296,0,0.0078,0.0209,0.0657,0.1539,6588.67,6880.12,7169.06,5963.8,5658.84,5291.45,5114.69,4602.3,5670.99,5645.29,5527.34,5435.23,5257.8
SNPS,Synopsys Inc.,415.884,79633.19,United States and Canada,US,-0.343,0,0.0001,0.0055,0.0048,-0.0708,0,0.0002,0.0071,0.0069,-0.0751,0,0.0003,0.016,0.0146,-0.0449,9680.1,10731.27,12012.14,6127.44,5842.62,5081.54,4204.19,3685.28,3360.69,3121.06,2724.88,2422.53,2242.21
COHR,Coherent Corp.,379.13,74172.74,United States and Canada,US,-0.1383,0,0.0003,0.0108,0.0202,0.0992,0.0092,0.0126,0.092,0.1331,0.3488,0,0.0321,0.1895,0.3251,0.8665,7056.07,9660.88,13434.72,4707.69,5160.1,3316.62,3105.89,2380.07,1362.5,1158.79,972.05,827.22,741.96
URI,United Rentals Inc.,1161.99,72325.15,United States and Canada,US,-0.0146,0,0.0285,0.0292,0.0369,0.0549,0,0.0394,0.0406,0.047,0.0816,0,0.0529,0.0526,0.0672,0.0533,17740.64,19261.09,20930.24,15345,14332,11642,9716,8530,9351,8047,6641,5762,5817
LITE,Lumentum Holdings Inc.,890.933,69314.59,United States and Canada,US,-0.1794,0,0.0002,0.0243,0.025,0.3704,0.0155,0.0235,0.1228,0.2602,1.2204,0.0283,0.0419,0.1667,0.5175,2.2181,2993.26,5693.19,8717.95,1359.2,1767,1712.6,1742.8,1678.6,1565.3,1247.7,1001.6,903,837.1
KMI,Kinder Morgan Inc.,30.85,68696.84,United States and Canada,US,-0.1136,0,0.023,0.011,0.0379,0.0543,0.0001,-0.0041,-0.0193,-0.0066,0.0011,0.0006,-0.0104,-0.0262,0.0442,-0.0955,18472.19,18662.09,19681.14,15100,15334,19200,16610,11700,13209,14144,13705,13058,14403
NU,Nu Holdings Ltd.,13.84,66853.91,United States and Canada,US,-0.2708,0,-0.0013,0.0522,0.0835,0.2169,0,0.0068,0.0613,0.065,0.2008,0,0,0.0691,,,22319.45,27254.63,35677.21,5513.23,3706.83,1839.42,850.04,453.72,327.23,154.87,,,
TEL,TE Connectivity plc,216.327,62629.53,United States and Canada,US,-0.1435,0,0.0135,0.0136,0.0216,0.0716,0,0.0208,0.021,0.0335,0.104,0,0.0229,0.0238,0.0306,0.1143,19851.75,21657.7,23136.31,15845,16034,16281,14923,12172,13448,13988,12185,11352,12233
DAL,Delta Air Lines Inc.,91.34,59742.73,United States and Canada,US,-0.0454,0,0.0288,0.0393,0.1065,0.1344,0,0.0255,0.0314,0.0712,0.1098,0,0.0277,0.0317,0.0649,0.1189,73016.62,74412.26,77554.82,61643,58048,50582,29899,17095,47007,44438,41138,39450,40704
FIX,Comfort Systems USA Inc.,1693.308,59496.63,United States and Canada,US,-0.1835,0,0.0889,0.0861,0.2762,0.4254,0,0.0987,0.1062,0.3698,0.5631,0,0.1244,0.2015,0.3265,0.6068,12980.58,15412.71,17886.43,7027.48,5206.76,4140.36,3073.64,2856.66,2615.28,2182.88,1787.92,1634.34,1580.52
CIEN,Ciena Corporation,412.39,58375.01,United States and Canada,US,-0.3531,0,0,0.0245,0.064,0.2545,0,0,0.0541,0.1559,0.4528,0,0,0.0455,0.2922,0.701,6328.24,8013.67,10141.13,4014.95,4386.55,3632.66,3620.68,3532.16,3572.13,3094.29,2801.69,2600.57,2445.67
KEYS,Keysight Technologies Inc.,340.97,58270.19,United States and Canada,US,-0.0907,0,0.0001,0.04,0.115,0.2214,0,0.0038,0.0705,0.1674,0.2786,0,0.0151,0.1015,0.2068,0.3174,6899.61,7688.72,8395.65,4979,5464,5420,4941,4221,4303,3878,3189,2918,2856
CAH,Cardinal Health Inc.,236.413,55369.31,United States and Canada,US,-0.0345,0,-0.0005,-0.0004,-0.0126,0.0252,0,-0.0026,-0.0026,-0.02,0.0292,0,-0.002,-0.002,-0.0202,0.0333,255822.4,276544.42,297720.04,226827,205012,181364,162467,152922,145534,136809,129976,121546,102531
EW,Edwards Lifesciences Corporation,89.71,51708.84,United States and Canada,US,-0.0683,0,0.0017,0.0017,0.021,0.0337,0,0.0025,0.0027,0.0217,0.0312,0,0.0038,0.0054,0.0262,0.0309,6759.25,7429.11,8177.06,5439.5,6004.8,5382.4,5232.5,4386.3,4348,3722.8,3435.3,2963.7,2493.7
CBRS,Cerebras Systems Inc.,226.59,51330.01,United States and Canada,US,-0.4135,0,0.0012,,,,-0.003,0.0014,,,,-0.0064,-0.0015,,,,864.44,2904.45,7313.57,290.25,78.74,24.62,,,,,,,
FERG,Ferguson Enterprises Inc.,256.596,49763.67,United States and Canada,US,-0.0554,0,0.0007,0.0011,0.0018,,0,0.0032,0.0033,0.0066,,0,0.0027,0.003,0.0089,,32715.54,34646,37050.84,30762,29635,29734,28566,22792,19940,19729,20752,19284,16663.24
AMP,Ameriprise Financial Inc.,551.796,48741.92,United States and Canada,US,-0.0235,0,0.0285,0.0331,0.0328,0.0653,0,0.037,0.0455,0.0451,0.0694,0,0.0317,0.0338,0.0361,0.02,20002.38,21151,22041.03,17926,16096,14347,13443,11958,12890,12924,12180,11839,12193
VIK,Viking Holdings Ltd,105.719,47167.28,United States and Canada,US,-0.0397,0,0.0021,0.0061,0.0119,0.0329,0,0.0051,0.0544,0.0724,0.1044,0,0.007,0.0585,0.0674,,7412.12,8882.76,10018.32,5333.88,4710.49,3175.98,625.1,,,,,,
CRDO,Credo Technology Group Holding Ltd,249.71,46565.4,United States and Canada,US,-0.191,0,0.0017,0.0279,0.4606,1.4498,0,0.0072,0.1078,0.7041,2.5192,0,0.0449,0.1871,0.6184,3.0683,2455.06,3677.59,4751.72,436.77,192.97,184.19,106.48,58.7,53.84,,,,
TTWO,Take-Two Interactive Software Inc.,246.528,46095.91,United States and Canada,US,-0.073,0,0.0014,-0.0706,-0.0694,-0.0469,0,0.0024,-0.0225,-0.0253,0.0739,0,0.0183,-0.0782,-0.0313,-0.0014,8611.93,9213.82,9527.43,5633.6,5349.6,5349.9,3504.8,3372.8,3088.97,2668.39,1792.89,1779.75,1413.7
WDAY,Workday Inc.,179.667,44372.98,United States and Canada,US,-0.2809,0,0.0002,0.0006,-0.0045,-0.0083,0,0.0002,-0.0013,-0.0138,-0.0282,0,0.0002,0.0016,-0.0321,-0.0416,10669.4,11840.36,13107.99,8446,7259,6216,5139,4318,3627.21,2822.18,2143.05,1574.44,1156.69
HEI,HEICO Corporation,367.58,42869.51,United States and Canada,US,-0.0246,0,0.0013,0.038,0.0531,0.1102,0,0.0072,0.0549,0.0746,0.1432,0,0.007,0.0661,0.0885,0.1595,5264.57,5806.78,6304.92,3857.67,2968.11,2208.32,1865.68,1787.01,2055.65,1777.72,1524.81,1376.26,1188.65
PAYX,Paychex Inc.,120.042,42696.88,United States and Canada,US,-0.154,0,0.0019,0.0015,-0.0005,-0.0155,0,-0.0002,-0.0006,-0.006,-0.0289,0,0.0007,-0.0009,-0.0046,-0.064,6877.75,7237.69,7610.05,5571.7,5278.3,5007.1,4611.7,4056.8,4040.5,3772.5,3377.7,3153,2951.9
DHI,D.R. Horton Inc.,151.007,42236.85,United States and Canada,US,-0.1817,0,-0.032,-0.032,-0.0365,-0.0507,0.0001,-0.0348,-0.0348,-0.0436,-0.0697,0.0009,-0.0477,-0.0477,-0.0361,-0.1265,32782.07,34568.39,37312.82,36801.4,35460.4,33480,27774.2,20311.1,17592.9,16068,14091,12157.4,10824
ROP,Roper Technologies Inc.,402.108,39768.83,United States and Canada,US,-0.2642,0,0.0026,0.0023,0.0057,-0.0026,0,-0.0019,-0.0025,-0.0008,-0.0188,0,-0.0225,-0.0199,-0.022,-0.1339,8567.03,9088.6,9690.96,7039.2,6177.8,5371.8,4833.8,4022.4,4727.7,5191.2,4607.5,3789.9,3582.39
CCL,Carnival Corporation Ltd.,28.99,39706.13,United States and Canada,US,-0.1481,0,-0.0011,-0.0083,-0.0087,0.002,0,-0.0012,-0.008,-0.0112,0.0023,0,-0.0011,-0.0054,-0.0108,0.0095,27635.17,28615.89,29855.9,25021,21593,12169,1908,5594,20825,18881,17510,16389,15714
HIG,The Hartford Insurance Group Inc.,143.28,38810.54,United States and Canada,US,-0.0191,0,0.0075,-0.0226,-0.0307,-0.0363,0.0024,0.0012,-0.0325,-0.0407,-0.0393,0.0037,0.0025,-0.0316,-0.0513,,28857.41,29833.04,30816.24,26560,24553,22356,22349,20494,20736,18925,17125,16254,15966
STLD,Steel Dynamics Inc.,262.625,37641.54,United States and Canada,US,-0.0904,0,0.0391,0.0652,0.1329,0.1845,0,0.0039,0.0266,0.0933,0.1373,0,0.0082,0.0227,0.1,,23518.37,23362.31,23585.22,17540.39,18795.32,22260.77,18408.85,9601.48,10464.99,11821.84,9538.8,7777.11,7594.41
VEEV,Veeva Systems Inc.,230.392,37425.63,United States and Canada,US,-0.258,0,-0.0003,0.0114,0.0238,0.0512,0,0.0003,0.0102,0.0184,0.0414,0,0.0001,0.0054,-0.0163,0.0238,3641.3,4081.18,4589.43,2746.62,2363.67,2155.06,1850.78,1465.07,1104.08,862.21,690.56,550.54,409.22
NTAP,NetApp Inc.,189.565,37199.15,United States and Canada,US,-0.0313,0,0.0003,0.0405,0.0548,0.0538,0,0.0001,0.0397,0.056,0.0576,0,-0.0054,,,,7478.49,7888.54,8286.75,6572,6268,6362,6318,5744,5412,6146,5919,5491,5546
JBL,Jabil Inc.,341.22,35755.45,United States and Canada,US,-0.2045,0,0,0.0243,0.079,0.1291,0,0,0.1378,0.2186,0.2977,0,0,0.1957,0.2724,,35034.68,42507.53,47607.06,28883,34702,33478,29285,27266,25282,22095.42,19063.12,18353.09,17899.2
HBAN,Huntington Bancshares Incorporated,17.545,35448.18,United States and Canada,US,-0.0982,0,-0.0077,-0.0072,-0.017,0.3121,0,-0.0072,-0.007,-0.0197,0.3516,0,0.0049,0.0114,0.0283,0.4864,11285.74,12253.27,13071.3,6947,6945,6956,5958,3763,4376,4279,4108,3328,2890
KR,The Kroger Co.,56.73,34755.48,United States and Canada,US,-0.2592,0,0.0005,0.0105,0.0009,-0.012,0,0.0003,0.005,-0.006,-0.0205,0,-0.0001,-0.0009,-0.0165,-0.0248,151102.9,153717.25,157039.53,147123,150039,148258,137888,132498,122286,121852,123280,115337,109830
UI,Ubiquiti Inc.,566.164,34265.43,United States and Canada,US,-0.4853,0,0,-0.0136,0.0409,0.2608,0,0,-0.0136,0.0387,,,,,,,3187.34,3687.72,,1928.49,1940.51,1691.69,1898.09,1284.5,1161.73,1016.86,865.27,666.39,595.95
RJF,Raymond James Financial Inc.,176.546,33960.69,United States and Canada,US,-0.0338,0,0.0118,0.0107,0.0085,0.0458,0,0.0367,0.0427,0.0371,0.0777,0,0.0324,0.0553,0.0396,0.0347,15738.66,17450.28,18318.9,12797,11510,10827,9813,7757,7693,7236,6378,5379.56,5159.58
NTRS,Northern Trust Corporation,185.467,33932.24,United States and Canada,US,-0.032,0,0.0188,0.0439,0.0765,0.1145,0,0.0181,0.0306,0.0567,0.0973,0,0.0127,0.0368,0.0599,0.1277,9226.07,9440.9,9967.64,8293.4,6749,6749.2,6546,5975.8,6087.6,5974.7,5403.3,5006.7,4745.6
SUNB,Sunbelt Rentals Holdings Inc.,81.042,33192.26,United States and Canada,US,-0.065,0,0.0053,0.0223,0.0335,0.014,0,0.0099,0.0244,0.0362,0.0198,0,0.0064,-0.0212,-0.0571,-0.0038,11816.64,12610.86,13540.51,10791.7,10858.7,9667.3,7962.3,6638.6,6364.09,5867.41,5101.45,4127.66,3725.51
VG,Venture Global Inc.,13.26,32942.59,United States and Canada,US,-0.2474,0,0.014,0.0298,0.2086,0.1802,0,-0.0256,-0.0143,0.0583,0.0127,0,0.0168,0.0365,0.0774,0.0457,18016.63,16260.65,21364.79,4972,7897,6448,,,,,,,
CCI,Crown Castle Inc.,75.59,32160.18,United States and Canada,US,-0.2914,0,-0.0062,-0.0064,-0.0031,-0.0724,0,-0.0093,-0.0088,-0.0095,-0.0873,0,-0.0064,-0.0018,-0.0059,-0.1153,4041.03,4091.69,4199.49,6568,6981,6986,6340,5840,5763,5370,4255,3921,3663.85
MDB,MongoDB Inc.,398.855,32080.68,United States and Canada,US,-0.1031,0,0.0001,0.0225,0.0241,0.1195,0,0.0004,0.0265,0.0253,0.1162,0,0,0.0288,0.0344,0.1495,2961.29,3483.76,4143.39,2006.44,1683.01,1284.04,873.78,590.38,421.72,267.02,166.03,114.81,65.27
EL,The Estée Lauder Companies Inc.,88.346,31963.13,United States and Canada,US,-0.2737,0,-0.0005,-0.001,-0.0007,0.0199,0,-0.0005,-0.0003,0.0008,0.0149,0,-0.0005,-0.0013,-0.0007,0.0192,14967.64,15545.24,16189.48,15608,15910,17737,16215,14294,14863,13683,11824,11262,10780
BAP,Credicorp Ltd.,386.965,30743.74,United States and Canada,US,-0.0636,0,0.001,0.0186,0.0483,0.1246,0,0.0062,0.0382,0.078,0.1612,0,0.0081,0.0341,,,7546.55,8406.83,9269.58,4825.1,4357.88,3990.65,3276.95,2059.89,3815.1,3508.35,3539.08,3278.43,3008.79
ZM,Zoom Communications Inc.,104.468,30633.38,United States and Canada,US,-0.0895,0,0,0.0038,0.0132,0.0276,0,0,0.004,0.0153,0.0283,0,0,0.0072,0.0145,0.0452,5090.77,5293.12,5501.01,4665.43,4527.22,4392.96,4099.86,2651.37,622.66,330.52,151.48,60.82,
P,Everpure Inc.,90.042,29930.4,United States and Canada,US,-0.1049,0,0.0002,0.026,0.05,0.1199,0,-0.0005,0.0209,0.0433,0.1644,0,0.0107,0.0414,0.0314,0.0928,4487.84,5160.93,5823.64,3168.16,2830.62,2753.43,2180.85,1684.18,1643.44,1359.82,1024.76,739.17,440.33
LVS,Las Vegas Sands Corp.,45.77,29643.76,United States and Canada,US,-0.3504,0,-0.0247,-0.0245,0.0044,0.0745,0,-0.0139,-0.014,0.01,0.0797,0,-0.0129,-0.0134,0.0113,0.0325,13800.38,14558.66,15213.64,11298,10372,4110,4234,2940,12127,13729,12728,11271,11688
WSM,Williams-Sonoma Inc.,251.739,29641.41,United States and Canada,US,-0.0049,0,-0.0003,0.0015,0.0022,0.0224,0,-0.0006,0.0031,0.0078,0.0301,0,0,0.0054,0.0062,0.037,8156.79,8555.49,9009.84,7711.54,7750.65,8674.42,8245.94,6783.19,5898.01,5671.59,5292.36,5083.81,4976.09
BSP,Bending Spoons S.p.A.,44.57,28311.72,United States and Canada,US,-0.0763,0,,,,,0,,,,,0,,,,,2895.08,4300.12,6488.07,671.05,387.07,,,,,,,,
OTIS,Otis Worldwide Corporation,73.973,28159.25,United States and Canada,US,-0.2178,0,0.0045,0.0038,0.0014,-0.0001,0,0.0035,0.0035,-0.0009,0.0024,0,0.0049,0.0069,-0.0001,-0.0069,15195.35,15939.98,16746.69,14261,14209,13685,14298,12756,13118,12915,12323,,
ASTS,AST SpaceMobile Inc.,71.952,27926.34,United States and Canada,US,-0.4625,0,-0.0068,-0.0682,-0.1771,-0.404,0,-0.0769,-0.1116,-0.012,-0.2352,0,-0.0398,-0.0291,-0.1409,-0.161,168.78,690.48,1809.32,4.42,,13.82,12.4,5.97,1.41,0.36,,,
DG,Dollar General Corporation,126.571,27919.87,United States and Canada,US,-0.2001,0,0.0001,-0.0004,0.0019,0.006,0,0.0003,0.0004,0.0014,0.0064,0,0,0.0032,0.0026,0.0108,44418.32,46296.18,48379.9,40612.31,38691.61,37844.86,34220.45,33746.84,27753.97,25625.04,23470.97,21986.6,20368.56
WRB,W. R. Berkley Corporation,71.596,27822.66,United States and Canada,US,-0.0933,0,-0.0051,-0.0041,-0.0177,-0.0441,0,-0.0118,-0.0103,-0.0248,-0.05,0,-0.0191,-0.0191,-0.0396,-0.0497,12802.7,13303,13834.88,13638.75,12142.94,11166.5,9455.47,8098.93,7902.2,7691.65,7684.76,7654.18,7206.46
HPQ,HP Inc.,30.05,27481.41,United States and Canada,US,-0.0003,0,-0.0001,0.0204,0.0334,0.0391,0,0.0005,0.0172,0.0225,0.0213,0,0.0005,0.0134,0.0114,0.0213,57730.46,57720.17,57863.69,53559,53718,62983,63487,56639,58756,58472,52056,48238,51463
CPRT,Copart Inc.,29.653,27453.09,United States and Canada,US,-0.4082,0,-0.0002,0.0081,-0.0243,-0.0834,0,-0.0016,0.0006,-0.0489,-0.1295,0,0,-0.0055,-0.0644,-0.2543,4644.77,4826.61,5233.31,4236.82,3869.52,3500.92,2692.51,2205.58,2041.96,1805.69,1447.98,1268.45,1146.08
ZS,Zscaler Inc.,168.717,27283.15,United States and Canada,US,-0.4993,0,0,0.0043,0.0108,0.0392,0,0,-0.0186,-0.0128,0.0096,0,0,-0.0369,-0.0315,-0.0219,3331.82,3898.75,4555.6,2167.77,1616.95,1090.95,673.1,431.27,302.84,190.17,125.72,80.33,53.71
RF,Regions Financial Corporation,31.436,26826.84,United States and Canada,US,-0.0318,0,-0.0043,-0.0044,-0.0084,-0.0061,0,0.0006,0.0026,0.0007,-0.0004,0,-0.0052,0.0052,-0.0005,,7841.59,8220.34,8537.18,6596,7021,6943,6960,4955,5473,5517,5425,5192,5074
PPL,PPL Corporation,35.46,26678.34,United States and Canada,US,-0.1158,0,0.0023,0.013,0.0204,0.0558,0,0.0015,0.0143,0.025,0.0639,0,0,0.0176,0.0346,0.12,9709.54,10246.12,10853.07,8462,8312,7902,5783,5474,5602,7785,7447,7517,7669
VRSN,VeriSign Inc.,294.564,26599.13,United States and Canada,US,-0.0573,0,0.0051,0.0068,0.0236,0.0311,0,0.034,0.0374,0.0581,0.0337,0,0.0563,0.0578,0.0993,0.0353,1753.27,1913.37,2073.35,1557.4,1493.1,1424.9,1327.6,1265.1,1231.66,1214.97,1165.1,1142.17,1059.37
HAL,Halliburton Company,31.89,26568.53,United States and Canada,US,-0.2684,0,0.0059,0.0103,0.032,0.0536,0,-0.0009,0.0059,0.0486,0.0672,0,-0.0052,0.0048,0.052,0.093,22354.51,23571.17,24553.68,22944,23018,20297,15295,14445,22408,23995,20620,15887,23633
DGX,Quest Diagnostics Incorporated,238.272,26298.88,United States and Canada,US,-0.0077,0,0.0129,0.0129,0.0548,0.0673,0.0011,0.0156,0.0156,0.0607,0.0784,0.001,0.0159,0.0159,0.0557,0.0814,12007.46,12569.96,13088.15,9872,9252,9883,10788,9437,7726,7531,7402,7214,7493
JBHT,J.B. Hunt Transport Services Inc.,268.449,25211.37,United States and Canada,US,-0.1045,0,0.0572,0.0627,0.1043,0.0796,0,0.0699,0.0824,0.1266,0.1199,0,0.0934,0.1013,0.1473,0.0855,13670.14,14903.02,15984.64,12087.2,12829.67,14814,12168.3,9636.57,9165.26,8614.87,7189.57,6555.46,6187.65
DLTR,Dollar Tree Inc.,130.899,25155.46,United States and Canada,US,-0.0808,0,0.0001,0.0008,-0.0005,0.0178,0,0.0001,0.0008,-0.0003,0.0216,0,0.0002,-0.0023,0.0091,0.0404,20669.39,21896.88,23205.73,17578.5,16781.1,15411.5,26321.2,25509.3,23610.8,22823.3,22245.5,20719.2,15498.4
PHM,PulteGroup Inc.,132.937,24919.38,United States and Canada,US,-0.08,0,-0.0034,-0.0034,-0.0054,-0.0254,0,-0.0019,-0.0019,-0.0087,-0.0652,0,-0.0057,-0.0057,-0.0104,,16401.02,17122.17,18344.96,17946.95,16061.58,16002.98,13737,11036.08,10212.96,10188.33,8577.69,7676.53,5981.96
DRI,Darden Restaurants Inc.,213.76,24385.31,United States and Canada,US,-0.0312,0,0,-0.001,0.0005,0.0103,0,-0.0001,0.0009,0.0055,0.0179,0,-0.0006,-0.0012,-0.0008,0.0131,13690.12,14522.13,15407.85,12076.7,11390,10487.8,9630,7196.1,7806.9,8510.4,8080.1,7170.2,6933.5
IOT,Samsara Inc.,40.88,23821.19,United States and Canada,US,-0.1388,0,0,0.0198,0.0469,0.062,0,0.0017,0.0187,0.044,0.0522,0,0,0.0101,-0.0117,,2010.37,2407.83,2850.24,1249.2,937.38,652.54,428.35,249.91,119.86,,,,
TPL,Texas Pacific Land Corporation,340.849,23509.87,United States and Canada,US,-0.3771,0,-0.0209,-0.0811,0.0835,,0,0,-0.0697,0.0842,,,,,,,986,1094,,705.82,631.6,667.42,450.96,302.56,490.5,299.73,154.13,65.61,78.11
STZ,Constellation Brands Inc.,135.749,23179.48,United States and Canada,US,-0.2213,0,-0.0001,-0.001,-0.0005,-0.0495,0,-0.0001,-0.0009,-0.007,-0.0639,0,-0.0001,-0.0014,-0.028,-0.1001,9100.92,9271.04,9487.68,10208.7,9961.8,9452.6,8820.7,8614.9,8343.5,8116,7580.3,7321.1,6548.4
LUV,Southwest Airlines Co.,47.05,23017.25,United States and Canada,US,-0.1463,0,0.0085,0.0082,0.0409,0.0996,0,0.0138,0.0137,0.035,0.0789,0,0.0185,0.0202,0.0274,0.0507,32958.62,34152.41,35346.99,27483,26091,23814,15790,9048,22428,21965,21146,20289,19648
FFIV,F5 Inc.,400.365,22751.14,United States and Canada,US,-0.0796,0,0.0181,0.0167,0.035,0.0532,0,0.0293,0.0457,0.0781,0.0848,0,0.04,0.0765,0.1396,0.037,3384.16,3642.56,3935.44,2816.12,2813.17,2695.84,2603.42,2350.82,2242.45,2161.41,2090.04,1995.03,1919.82
PKG,Packaging Corporation of America,256.044,22671.4,United States and Canada,US,-0.0107,0,0.0062,0.0083,-0.0022,0.0841,0,0.0177,0.0208,0.0109,0.1122,0,0.0212,0.025,0.0123,,10070.29,10683.77,11026.12,8383.3,7802.4,8478,7730.3,6658.2,6964.3,7014.6,6444.9,5779,5741.7
FDXF,FedEx Freight Holding Company Inc.,144.907,21666.22,United States and Canada,US,-0.2755,0,-0.0054,,,,0,-0.0024,,,,0,0.0244,,,,8918.25,9422.67,9894.11,8892,9424,10084,,,,,,,
DOW,Dow Inc.,29.34,21193.48,United States and Canada,US,-0.3135,0,-0.0239,-0.0259,0.1095,0.0384,0,-0.044,-0.0519,0.0572,-0.0104,0,-0.0142,-0.015,0.0479,0.0171,43723.61,43282.74,44352.74,42964,44622,56902,54968,38542,42951,49604,43730,36099,37101
SQM,Sociedad Química y Minera de Chile S.A.,71.975,20558.78,United States and Canada,US,-0.2656,0,0.012,0.1353,0.3552,0.579,0,0.0237,0.0955,0.2731,0.3211,0,0.0319,0.1061,0.1142,0.1889,7977.14,7962.44,8258.5,4528.76,7467.49,10710.58,2862.32,1817.19,1943.65,2265.8,2157.32,1939.32,1728.33
INIO,Innio N.V.,27.351,20513.25,United States and Canada,US,-0.3632,0,0.0215,,,,0,0.0099,,,,0,0.0137,,,,3875.32,5178.99,6034.54,2159.1,2015,,,,,,,,
SNX,TD SYNNEX Corporation,252.369,20179.11,United States and Canada,US,-0.1488,0,0,0.0993,0.1508,0.1854,0,-0.0003,0.1141,0.1813,0.2153,0,0.0032,0.1456,0.2355,,74792.69,80031.19,87116.1,58452.44,57555.42,62343.81,31614.17,19977.15,19069.97,19767.94,16771.13,14061.84,13338.4
FN,Fabrinet,562.444,20152.22,United States and Canada,US,-0.249,0,0.0007,0.0007,0.0141,0.1832,0,0.0043,0.0043,0.0857,0.2373,0,0.0069,0.0069,0.1273,0.3584,4601.65,5681.99,6914.11,2882.97,2645.24,2262.22,1879.35,1641.84,1584.34,1371.92,1420.49,976.75,773.59
SMCI,Super Micro Computer Inc.,31.11,20124.22,United States and Canada,US,-0.4707,0,-0.0043,-0.0489,-0.0444,0.326,0,0.0307,0.0586,0.0875,0.4636,0,0.0622,0.1434,0.1618,,39506.33,53291.7,64866.88,14989.25,7123.48,5196.1,3557.42,3339.28,3500.36,3360.49,2484.93,2225.02,1954.35
GIS,General Mills Inc.,36.878,19682.1,United States and Canada,US,-0.2816,0,-0.0024,-0.0111,-0.0385,-0.0447,0,-0.0037,-0.0145,-0.0477,-0.0591,0,-0.0065,-0.0192,-0.0504,-0.057,17789.95,17931.71,18150.34,19486.6,19857.2,20094.2,18992.8,18127,17626.6,16865.2,15740.4,15619.8,16563.1
DKS,DICK'S Sporting Goods Inc.,208.852,18692.78,United States and Canada,US,-0.1454,0,0,0.0016,0.0261,0.5447,0,0.0062,0.0119,0.0276,0.5257,0,0.0003,0.0054,0.0252,0.5321,22360.61,23164.06,23924.28,13442.85,12984.4,12368.2,12293.37,9584.02,8750.74,8436.57,8590.47,7921.98,7270.97
SSNC,SS&C Technologies Holdings Inc.,79.223,18590,United States and Canada,US,-0.1301,0,0.0032,0.0032,0.025,0.0365,0,0.0021,0.0021,0.0272,0.0378,0,0.0088,0.0088,0.0266,0.0453,6770.62,7095.64,7401.24,5882,5502.8,5283,5051,4667.9,4632.9,3421.1,1675.3,1481.4,1000.28
PFGC,Performance Food Group Company,114.929,18054.18,United States and Canada,US,-0.0217,0,0.0005,0.0044,0.0046,0.0163,0,0.0014,0.0095,0.0085,0.0346,0,0.0022,0.0075,0.0061,0.0191,67918.42,72680.52,75043.27,54681.2,53354.7,47194.1,29198.9,23986.3,19743.5,17619.9,16761.8,16104.8,15270
EWBC,East West Bancorp Inc.,131.701,18044.49,United States and Canada,US,-0.0333,0,0.0011,-0.001,0.027,0.0788,0,0.0029,0.0025,0.0289,0.0833,0,0.0095,0.0096,0.0535,,3193.23,3407.46,3655.02,2385.69,2362.22,2157.69,1730.01,1332.01,1492.99,1443.53,1304.79,1103.99,1083.48
NLY,Annaly Capital Management Inc.,23.04,17365.58,United States and Canada,US,-0.0604,0,-0.0915,-0.0028,0.1022,-0.0855,0,-0.0841,-0.0914,-0.075,-0.0593,0,0.0999,0.0999,0.0383,,2108.09,2392.51,2755.38,1308.34,-1324.06,2000.12,2877.73,-669.56,-459.19,380.24,1960.26,1722.91,913.46
NDSN,Nordson Corporation,310.172,17282.15,United States and Canada,US,-0.0174,0,0.0001,0.0121,0.0253,0.019,0,0.0004,0.0158,0.0292,0.0079,0,0.0064,0.0211,0.0317,-0.0581,2982.68,3140.01,3340.33,2689.92,2628.63,2590.28,2362.21,2121.1,2194.23,2254.67,2066.98,1808.99,1688.67
NVR,NVR Inc.,6397.971,17049.7,United States and Canada,US,-0.2576,0,0.0048,-0.0059,-0.0599,-0.0498,0,-0.0014,-0.0057,-0.055,,,,,,,9209.04,9811.77,,10687.46,9682.9,10575.33,8966.31,7562.79,7425.59,7187.11,6320.23,5832.93,5168.45
NTNX,Nutanix Inc.,62.669,16940.72,United States and Canada,US,-0.2396,0,0,0.004,-0.003,-0.0303,0,-0.0006,-0.0015,-0.0155,-0.0491,0,-0.0003,0.0056,-0.0049,-0.1862,2834.47,3196.76,3590.7,2148.82,1862.89,1580.8,1394.36,1307.68,1236.14,1155.46,845.9,503.41,241.43
MEDP,Medpace Holdings Inc.,590.12,16471.23,United States and Canada,US,-0.1295,0,0.028,0.0291,0.0137,0.0695,0,0.0271,0.043,-0.0095,0.0396,0,0.0198,0.0361,-0.0306,0.0031,2851.75,3026.94,3321.27,2109.05,1885.84,1460,1142.38,925.92,860.97,704.59,386.46,370.62,320.1
OVV,Ovintiv Inc.,59.376,16358.3,United States and Canada,US,-0.081,0,0.0276,0.034,0.1406,0.1706,0,0.009,0.0093,-0.0323,0.0221,0,0.0813,0.0192,,,10060.18,9385.8,9931.05,8943,10661,14263,10468,5509,7013,5457,3892,3122,3830
TRU,TransUnion,80.02,15331.83,United States and Canada,US,-0.1621,0,0.0071,0.0063,0.0497,0.0648,0,0.0039,0.0049,0.0443,0.0492,0,0.0013,0.0083,0.0393,0.1035,5166.02,5575.12,6026.44,4183.8,3831.2,3709.9,2960.2,2530.6,2463.2,2317.2,1933.8,1704.9,1506.8
QNT,Quantinuum Inc.,58.56,15300.88,United States and Canada,US,-0.3253,0,0,,,,0,0,,,,0,0,,,,26.47,44.35,260.41,,,,,,,,,,
MLI,Mueller Industries Inc.,68.85,15228.34,United States and Canada,US,-0.0319,0,0.0635,0.0635,0.1081,0.138,0,0.0538,0.0538,0.1104,0.1743,0,0.0716,0.0716,0.1469,,5073,5463,5943,3768.77,3420.34,3982.45,3769.34,2398.04,2430.62,2507.88,2266.07,2055.62,2100
RPM,RPM International Inc.,117.36,14991.73,United States and Canada,US,-0.0911,0,0.008,0.0084,0.03,0.0357,0,0.0105,0.0096,0.0245,0.0457,0,,,,,8292.18,8606.35,8950.04,7372.64,7335.28,7256.41,6707.73,6106.29,5506.99,5564.55,5321.64,4958.18,4813.65
SUI,Sun Communities Inc.,120.449,14954.22,United States and Canada,US,-0.1262,0,-0.0488,-0.079,-0.0893,-0.0939,0,-0.0314,-0.119,-0.1573,-0.1524,0,0,-0.1393,-0.169,-0.1512,2194.24,2141.66,2269.1,2235.1,2246.5,2937.4,2246.4,1382.8,1251.28,1121.41,978.88,830.74,672.51
TOL,Toll Brothers Inc.,155.136,14500.72,United States and Canada,US,-0.0785,0,0.0024,0.0085,0.0335,-0.0087,0,0.0002,-0.0199,-0.0099,-0.0463,0,0.0006,0.0029,0.0197,-0.1258,10748.55,11068.46,12095,10846.74,9994.94,10275.56,8790.36,7077.66,7223.97,7143.26,5815.06,5169.51,4171.25
COO,The Cooper Companies Inc.,74.24,14479.07,United States and Canada,US,-0.1736,0,0,-0.0031,-0.0024,-0.018,0,0.0005,-0.006,-0.0071,-0.0307,0,0.0017,-0.0073,-0.0114,-0.0512,4306.91,4517.14,4760.36,3895.4,3593.2,3308.4,2922.5,2430.9,2653.4,2532.8,2139,1966.8,1797.1
REG,Regency Centers Corporation,77.133,14388.94,United States and Canada,US,-0.078,0,-0.0061,-0.0182,0.0005,0.0505,0,-0.0016,-0.0026,0.0142,0.0282,0,-0.012,0.0072,0.0346,,1612.33,1685.71,1764.29,1503.29,1369.85,1271.1,1203.87,1047.93,1164.67,1160.34,1021.08,645.89,591.16
ALLE,Allegion plc,168.966,14368.33,United States and Canada,US,-0.0772,0,0.0069,0.0079,0.0201,0.0385,0,0.0062,0.0111,0.0201,0.0484,0,0.0084,0.0194,-0.0542,-0.0504,4413.01,4629,4862.05,3772.2,3650.8,3271.9,2867.4,2719.9,2854,2731.7,2408.2,2238,2068.1
MKC,McCormick & Company Incorporated,52.96,14232.08,United States and Canada,US,-0.2703,0,0.0004,0.0026,0.0055,0.1172,0,0.0005,0.0008,0.0017,0.1139,0,0.0004,0.0001,0.0024,0.1037,7894.04,8176.26,8473.27,6723.7,6662.2,6350.5,6317.9,5601.3,5347.4,5302.8,4730.3,4411.5,4296.3
GWRE,Guidewire Software Inc.,170.53,14197.71,United States and Canada,US,-0.3744,0,0.0011,0.0212,0.046,0.0858,0,-0.0039,0.0169,0.0416,0.0939,0,-0.0032,0.0183,0.0471,0.0939,1475.92,1701.73,1962.2,980.5,905.34,812.61,743.27,742.31,719.51,652.85,509.53,424.45,380.54
GL,Globe Life Inc.,183.726,14119.24,United States and Canada,US,-0.0408,0,-0.0022,-0.0031,0.0077,0.005,0,0.0016,0.0024,0.0249,0.0236,0,-0.0125,-0.0034,0.018,0.0201,6389.66,6804.03,7155.51,5778.07,5447.53,5226.74,5112.04,4737.92,4527.53,4303.75,4155.57,3934.63,3766.07
TRMB,Trimble Inc.,59.516,13873.87,United States and Canada,US,-0.3033,0,-0.0001,0.0066,0.0145,0.0581,0,-0.0001,0.0067,0.0096,0.0649,0,0,0.0121,0.041,,3891.76,4210.24,4579.33,3683.3,3798.7,3676.3,3659.1,3147.7,3264.3,3108.4,2646.5,2362.1,2290.4
HRL,Hormel Foods Corporation,25.02,13768.88,United States and Canada,US,-0.1474,0,-0.0015,-0.0018,-0.0084,-0.0115,0,-0.002,-0.0035,-0.0165,-0.0251,0,-0.0021,-0.0045,-0.0108,-0.0189,12279.26,12452.48,12755.41,11920.8,12110.01,12458.81,11386.19,9608.46,9497.32,9545.7,9167.52,9523.22,9263.86
AMKR,Amkor Technology Inc.,55.269,13731.72,United States and Canada,US,-0.4283,0,0.0069,0.0053,0.0449,0.0967,0,0.0175,0.0165,0.0817,0.1417,0,0.0444,0.0394,0.1676,,7669.46,8632.21,9508.32,6317.69,6503.06,7091.59,6138.33,5050.59,4052.65,4316.47,4207.03,3927.85,2884.6
GGG,Graco Inc.,83.536,13528.97,United States and Canada,US,-0.127,0,-0.0035,-0.0019,-0.0058,0.005,0,-0.001,0.0037,-0.0019,-0.0127,0,0.0005,0.0005,-0.0007,-0.1095,2351.67,2470.98,2631.39,2113.32,2195.61,2143.52,1987.61,1650.12,1646.05,1653.29,1474.74,1329.29,1286.48
FIVE,Five Below Inc.,244.051,13494.89,United States and Canada,US,-0.0301,0,0.0016,0.0348,0.0611,0.1336,0,-0.0003,0.029,0.051,0.1198,0,0.0042,0.0308,0.0629,,5509.64,6019,6649.58,3876.53,3559.37,3076.31,2848.35,1962.14,1846.73,1559.56,1278.21,1000.41,831.95
RNR,RenaissanceRe Holdings Ltd.,321.904,13375.72,United States and Canada,US,-0.0419,0,-0.0827,-0.087,-0.1007,-0.2506,0,-0.1033,-0.1161,-0.1523,-0.271,0,-0.0828,-0.113,-0.1686,,8135.57,8062.58,8277.99,11771.22,9176.09,5119.52,5321.02,5144.54,4204.89,2087.37,2093.05,1741.63,1518.15
AIT,Applied Industrial Technologies Inc.,359.872,13300.7,United States and Canada,US,-0.0084,0,0,0.0001,0.0065,0.0244,0,0.0008,0.0015,0.0097,0.0257,0,0.003,0.005,0.023,0.0433,4906.54,5188.04,5468.77,4479.41,4412.79,3810.68,3235.92,3245.65,3472.74,3073.27,2593.75,2519.43,2751.56
DECK,Deckers Outdoor Corporation,97.462,13272.56,United States and Canada,US,-0.2231,0,-0.0029,0.0106,0.0118,-0.0022,0,-0.0026,0.0134,0.012,-0.023,0,-0.0037,0.0067,0.0067,-0.0052,5884.49,6316.41,6770.3,4985.61,4287.76,3627.29,3150.34,2545.64,2132.69,2020.44,1903.34,1790.15,1875.2
AA,Alcoa Corporation,50.17,13240.34,United States and Canada,US,-0.4054,0,-0.0192,0.003,0.0773,0.2004,0,-0.0195,0.0145,0.0919,0.1953,0,-0.0465,-0.0318,0.0103,-0.0036,14849.03,15215.43,14385.55,11895,10551,12451,12152,9286,10433,13403,11652,9318,11199
HAS,Hasbro Inc.,93.523,13190.9,United States and Canada,US,-0.1258,0,0.0148,0.0228,0.0654,0.1007,0.0001,0.0207,0.0289,0.08,0.1347,0.0001,0.0069,0.0204,0.0679,0.107,5062.08,5401.92,5507.19,4135.5,5003.3,5856.7,6420.4,5465.4,4720.2,4579.65,5209.78,5019.82,4447.51
JEF,Jefferies Financial Group Inc.,56.62,13053.87,United States and Canada,US,-0.203,0,0,0.036,0.0162,0.1155,0,0,0.0146,0.009,0.0862,0,0,0.0173,0.0279,0.3192,8528.59,9208.38,9559.08,7010.6,4700.42,5978.84,8013.83,5850.52,3805.8,4008.86,3798.01,2939.62,10770.65
SMTC,Semtech Corporation,139.476,12992.35,United States and Canada,US,-0.2136,0,0.0004,0.1012,0.1472,0.2073,0,0.0043,0.2213,0.2822,0.4071,0,0,0.4768,,,1366.64,1709.64,2204.84,909.29,868.76,756.53,740.86,595.12,547.51,627.2,587.85,544.27,490.22
CCK,Crown Holdings Inc.,120.723,12978.84,United States and Canada,US,-0.0178,0,0.0335,0.0335,0.093,0.0976,0,0.0307,0.0307,0.0814,0.0869,0,0.0318,0.0318,0.0715,0.0359,13694.2,13971.57,14161.53,11801,12010,12943,11394,9392,9559,11151,8698,8284,8762
AGNC,AGNC Investment Corp.,10.845,12856.55,United States and Canada,US,-0.1103,0,-0.1823,-0.1366,-0.1178,-0.2275,0,-0.0917,-0.0654,0.1561,1.3856,0,0.1399,0.1399,1.2158,,1469.08,1933.29,1309.76,973,251,-1116,837,-173,771,229,844,728,354
SF,Stifel Financial Corp.,83.124,12600.68,United States and Canada,US,-0.0746,0,0.001,0.0057,-0.0336,0.0112,0,0.0027,0.0106,-0.0252,0.0023,0,0.0159,0.0498,-0.0132,,6031.02,6535.67,6664.37,4944.92,4323.94,4357.93,4748.59,3718.14,3327.05,3006.51,2926.43,2575.5,2331.59
SEIC,SEI Investments Company,104.69,12564.81,United States and Canada,US,-0.0216,0,0.0106,0.0106,-0.0073,0.0761,0,0.0146,0.0146,-0.0012,0.1183,0,0.0107,0.0107,-0.017,0.1398,2580.7,2777.92,2953.24,2125.15,1919.79,1991.04,1918.31,1684.06,1649.88,1624.17,1526.55,1401.55,1334.21
DY,Dycom Industries Inc.,408.051,12254.37,United States and Canada,US,-0.2797,0,0,0.0775,0.1019,0.3053,0,0,0.0956,0.1181,0.3155,0,0,0.0496,0.0039,,7586.18,8466.57,8951.28,4702.01,4175.57,3808.46,3130.52,3199.16,3339.68,3127.7,2977.87,3066.88,2672.54
FPS,Forgent Power Solutions Inc.,38.71,11784.44,United States and Canada,US,-0.4135,0,0.0001,0.0678,,,0,0.0176,0.1255,,,0,0.0279,0.1227,,,1388.45,2087.4,2849.09,245.79,,,,,,,,,
DPZ,Domino's Pizza Inc.,350.887,11607.95,United States and Canada,US,-0.2518,0,-0.007,-0.0077,-0.0111,-0.0145,0,-0.0153,-0.0175,-0.0263,-0.0322,0,-0.0183,-0.0244,-0.0428,-0.0491,5177.76,5306.16,5509.59,4706.42,4479.36,4537.16,4357.37,4117.41,3618.77,3432.87,2787.98,2472.63,2216.53
DOCU,DocuSign Inc.,60.28,11510.14,United States and Canada,US,-0.3043,0,0,0.0016,0.0185,0.0377,0,0,0.0021,0.0169,0.0121,0,0,-0.0028,0.0304,0.0175,3495.6,3758.15,3990.1,2976.74,2761.88,2515.91,2107.21,1453.05,973.97,700.97,518.5,381.46,250.48
DCI,Donaldson Company Inc.,98.63,11432.31,United States and Canada,US,-0.1259,0,0,0.0145,0.0125,0.022,0,0,0.0403,0.0399,0.0448,0,0,0.0403,0.0435,0.0303,3875.26,4163.35,4358.13,3586.3,3430.8,3306.6,2853.9,2581.8,2844.9,2734.2,2371.9,2220.3,2371.2
KNX,Knight-Swift Transportation Holdings Inc.,70.02,11396.18,United States and Canada,US,-0.155,0,0.0092,0.0161,0.0413,0.0216,0,0.0101,0.0227,0.044,0.0216,0,0.0051,0.0251,0.0285,0.0732,8156.94,8816.23,9350.59,7410.08,7141.77,7428.58,5998.02,4673.86,4843.95,5344.07,2425.45,1118.03,1182.96
BMNR,Bitmine Immersion Technologies Inc.,18.82,11352.72,United States and Canada,US,-0.7377,0,-0.524,-0.1923,-0.6625,,0,-0.046,-0.046,-0.1348,,0,,,,,125.2,429.85,441.7,3.31,0.65,0.43,,,0,0,0.02,0,0.02
TECH,Bio-Techne Corporation,72.303,11266.87,United States and Canada,US,-0.0009,0,0,-0.0019,-0.0142,-0.0328,0,0.0001,-0.0165,-0.0318,-0.0859,0,0.0019,-0.0155,-0.0371,-0.1114,1209.61,1263.86,1377.9,1159.06,1136.7,1105.6,931.03,738.69,714.01,642.99,563,499.02,452.25
BPOP,Popular Inc.,174.145,11122.06,United States and Canada,US,-0.0271,0,0.0122,0.0116,0.0208,0.027,0,-0.0028,-0.0041,0.0051,0.0041,0,-0.0042,-0.0102,0.0084,,3455.81,3569.69,3725.35,2684.26,2573.64,2981.39,2793.18,2076.39,2295.8,2056.55,1595.71,1686.17,1687.05
JKHY,Jack Henry & Associates Inc.,155.903,11077.03,United States and Canada,US,-0.1938,0,0.0004,0.0047,0.0046,0.0036,0,-0.0002,0.0006,0.0004,-0.0042,0,-0.0006,0.0013,0.0006,-0.0245,2529.97,2678.77,2856.27,2215.54,2077.7,1942.88,1758.22,1697.07,1552.69,1470.8,1388.29,1354.65,1256.19
RMBS,Rambus Inc.,101.42,11000.18,United States and Canada,US,-0.4175,0,0.0063,0.009,0.0198,0.0446,0,0.0013,0.0068,0.0542,0.091,0,0.0001,0.02,0.0141,,824.99,987.81,1128.89,556.62,461.12,454.79,328.3,246.32,227.6,231.2,393.1,336.6,296.28
SANM,Sanmina Corporation,202.887,10874.21,United States and Canada,US,-0.2972,0,0.0015,0.0015,0.0083,0.6249,0,0.0085,0.0085,0.0261,0.7761,0,0.1072,0.1072,,,14149.7,16411.19,18311.71,7568.33,8935.05,7919.62,6738.36,6950.21,8233.86,7110.13,6868.62,6481.18,6374.54
GSAT,Globalstar Inc.,83.431,10744.99,United States and Canada,US,-0.0167,0,0,0.009,-0.0186,-0.0512,0,0,-0.0095,-0.0577,-0.0842,0,0,0,0.0105,,298.82,345.79,414.04,250.35,223.81,148.5,124.3,128.49,131.72,130.11,112.66,96.86,90.49
AYI,Acuity Inc.,359.839,10700.01,United States and Canada,US,-0.0535,0,0,0.0056,-0.0177,-0.0188,0,0,0.0048,-0.021,-0.0168,0,0,0.0024,-0.0198,-0.044,4652.08,4886.36,5134.66,3841,3952.2,4006.1,3461,3326.3,3672.7,3680.1,3505.1,3291.3,2706.7
SWKS,Skyworks Solutions Inc.,70.619,10626.24,United States and Canada,US,-0.2231,0,0.0083,0.0503,0.0501,0.0959,0,0.0033,0.0398,0.0385,0.0266,0,-0.0199,0.0145,0.0095,0.037,3947.54,4034.85,4308.15,4178,4772.4,5485.5,5109.1,3355.7,3376.8,3868,3651.4,3289,3258.4
GKOS,Glaukos Corporation,179.929,10607.88,United States and Canada,US,-0.0221,0,0.0948,0.0942,0.1261,0.1366,0,0.0617,0.0573,0.0746,0.1177,0,0.0477,0.0628,0.0446,0.1174,690.7,841.91,1074.74,383.48,314.71,282.86,294.01,224.96,236.98,181.28,159.25,114.4,71.7
AAL,American Airlines Group Inc.,15.933,10547.17,United States and Canada,US,-0.152,0,0.0094,0.0136,0.0575,0.0902,0,0.0147,0.018,0.0434,0.0784,0,0.0113,0.0128,0.0391,0.0937,63027,65574.27,68442.61,54211,52788,48971,29882,17337,45768,44541,42622,40142,40990
SSB,SouthState Bank Corporation,108.132,10486.05,United States and Canada,US,-0.0211,0,-0.0047,-0.005,-0.0191,-0.0113,0,-0.0053,-0.0081,-0.0171,0.0036,0,-0.0033,0.0274,0.0174,,2727.3,2906.6,3121.82,1701.74,1625.43,1563.06,1552.7,901.62,635.06,645.18,537.13,441.53,437.46
ORI,Old Republic International Corporation,43.044,10304.97,United States and Canada,US,-0.0795,0,0.0171,0.0171,0.0218,0.0565,0,0.0112,0.0112,-0.0017,0.0384,0,0.0129,0.0129,,,9932.35,10370.05,10730,8231.5,7258.3,8083.5,9341.5,7166,7460.4,6258.7,6263.1,5900.5,5765.9
MOH,Molina Healthcare Inc.,196.45,10233.29,United States and Canada,US,-0.1978,0,0.0001,0.0024,-0.0273,-0.0667,0,0.0116,0.0301,-0.0455,-0.0418,0,0.0184,0.0429,-0.0172,-0.018,44435.24,48081.57,51227.6,39164,33003,31101,26984,18375,16340,18144,19445,17022,13537
VICR,Vicor Corporation,221.324,10204.53,United States and Canada,US,-0.4216,0,0.0134,0.0601,0.2883,0.3617,0,0.0104,0.0518,0.7521,,0,0.0081,0.1888,,,604.17,940.33,1146.7,359.06,405.06,399.08,359.36,296.58,262.98,291.22,227.83,200.28,220.19
FDS,FactSet Research Systems Inc.,285.57,10156.45,United States and Canada,US,-0.279,0,0.0005,0.0025,0.0087,0.0111,0,0.0008,0.0043,0.0141,0.0106,0,0.0014,0.0066,0.0176,0.0121,2470.44,2614.63,2772.57,2203.06,2085.51,1843.89,1591.44,1494.11,1435.35,1350.14,1221.18,1127.09,1006.77
APGE,Apogee Therapeutics Inc.,134.763,10117.85,United States and Canada,US,-0.0006,0,0,,,,0,0,2.25,1.25,,0,0,11.54,9.26,0.8038,9.09,12.5,57,,,,,,,,,,
R,Ryder System Inc.,262.258,10056.77,United States and Canada,US,-0.0774,0,0.0041,0.0108,0.001,-0.0136,0,0.0086,0.0138,-0.0006,-0.0181,0,0.0018,0.0036,,,13184.37,13986.9,14854.75,12636,11783,12011,9663,8420,8925.8,8413.95,7280.07,6758.14,6571.89
SFD,Smithfield Foods Inc.,25.393,9991.57,United States and Canada,US,-0.148,0,-0.0013,-0.0038,0.0161,0.0423,0,-0.0013,-0.0067,0.0019,0.0296,0,-0.0016,-0.0022,,,15727.9,15801.07,16277.77,14142,14640,16199,15009,14438.4,15031.3,14360.55,13221.1,13094.3,12202.7
ACM,AECOM,75.849,9748.33,United States and Canada,US,-0.4403,0,-0.0017,-0.0147,0.2269,-0.0537,0,-0.0051,-0.0205,0.2244,-0.0376,0,0,-0.0057,0.435,,16405.01,17285.04,17884.06,16105.5,14378.46,13148.18,13340.85,13239.98,13642.45,13878.32,18203.4,17410.83,17989.88
CTRE,CareTrust REIT Inc.,41.219,9737.59,United States and Canada,US,-0.055,0,0,0.0434,0.083,0.2859,0,0,0.0591,0.0644,0.256,0,0,0.0131,,,588.46,690.23,849.89,296.29,217.77,196.13,192.35,178.33,163.4,156.94,132.98,104.68,74.95
EAT,Brinker International Inc.,225.164,9656.79,United States and Canada,US,-0.0239,0,-0.0006,-0.0007,-0.0013,0.0296,0,-0.001,-0.002,0.0015,0.0319,0,-0.0007,-0.002,0.0066,,5805.1,6139.03,6357.71,4415.1,4133.2,3804.1,3337.8,3078.5,3217.9,3135.4,3150.8,3257.49,3002.28
CHWY,Chewy Inc.,23.53,9633.75,United States and Canada,US,-0.4591,0,0.0002,-0.014,-0.0083,0.0042,0,-0.0005,-0.0218,-0.0179,-0.0212,0,0,-0.0306,-0.0437,-0.0448,13489.23,14435.4,15406.1,11861.33,11147.72,10119,8967.41,7146.26,4846.74,3532.84,2104.29,1437.84,900.57
VMI,Valmont Industries Inc.,493.919,9535.04,United States and Canada,US,-0.1567,0,0.01,0.0107,0.018,0.0103,0,0.0126,0.0186,0.0359,0.0407,0,0.0024,0.0191,0.048,0.0648,4355.78,4640.92,4894.45,4075.03,4174.6,4345.25,3501.57,2895.36,2766.98,2757.14,2745.97,2521.68,2618.92
TTC,The Toro Company,99.64,9488.67,United States and Canada,US,-0.0527,0,0,0.0044,0.0215,0.0243,0,0,0.0063,0.0226,0.0416,0,0,0.0163,0.0303,0.0815,4759.57,4980.85,5124.62,4583.8,4553.2,4514.66,3959.58,3378.81,3138.08,2618.65,2505.18,2392.18,2390.88
LEVI,Levi Strauss & Co.,24.41,9394.2,United States and Canada,US,-0.0502,0,0.0095,0.0102,0.0162,0.0449,0,0.0092,0.0093,0.0152,0.0453,0.0014,0.0159,0.0156,0.0091,,6760.63,7084.83,7554.3,6032,5842.1,6168.6,5763.9,4452.6,5763.09,5575.44,4904.03,4552.74,4494.49
MSGS,Madison Square Garden Sports Corp.,389.99,9389.44,United States and Canada,US,-0.0528,0,0.0153,0.0948,0.0936,0.0486,0,0.0067,0.0145,0.0122,-0.0282,0,-0.0064,0.004,0.0098,-0.0525,1095.2,1058.11,1101.04,1027.15,887.45,821.35,415.72,603.32,729.4,712.41,1318.45,1115.31,1071.55
LLYVK,Liberty Live Holdings Inc.,102.75,9349.09,United States and Canada,US,-0.0571,0,0,-0.0276,0.5099,-0.9538,0,0,-0.0276,,,,,,,,398,426,,340.49,,,,,,,,,
XE,X-Energy Inc.,22.674,9213.95,United States and Canada,US,-0.3888,0,0,,,,0,0,,,,0,0,,,,212.4,858.24,1236.02,83.99,121.88,,,,,,,,
BAH,Booz Allen Hamilton Holding Corporation,76.05,9147.67,United States and Canada,US,-0.3357,0,-0.0027,-0.0111,-0.0136,-0.1131,0,-0.0113,-0.0202,-0.0255,-0.1135,0,0.0008,,,,11376.37,11852.62,12325.98,11980,10662,9259,8363.7,7858.94,7463.84,6704.04,6167.6,5809.49,5405.74
CNM,Core & Main Inc.,46.548,9007.97,United States and Canada,US,-0.3071,0,0.0002,-0.0012,-0.0116,-0.0415,0,0.0008,-0.0024,-0.0157,-0.0518,0,0.0017,0.0014,0.007,,7841.65,8190.27,8625.15,7441,6702,6651,5004,3642,3389,3201.6,,,
FRO,Frontline plc,39.74,8847.03,United States and Canada,US,-0.078,0,0.0161,0.1439,0.5819,0.6441,0,0.0217,0.0104,0.1657,0.0831,0,0,-0.1632,-0.0605,,2429.13,1708.04,1326.09,2050.39,1802.18,1430.21,749.38,1221.19,956.63,740.97,644.58,752.11,452.48
JXN,Jackson Financial Inc.,129.96,8802.03,United States and Canada,US,-0.0582,0,0.0171,0.0114,0.0096,0.0545,0,0.046,0.049,0.0381,0.1062,0,0.0556,0.0556,0.0422,0.1068,7793,8361,8768,3350,3083,9848,6360,3546,3478,13677.4,6196.3,,
FCFS,FirstCash Holdings Inc.,202.543,8784.65,United States and Canada,US,-0.1417,0,0.0224,0.0198,0.0597,0.1591,0,0.0228,0.0274,0.0925,0.1005,0,0.0146,0.0544,,,4371.98,4784.69,5443.45,3388.51,3151.8,2728.94,1698.96,1631.28,1864.44,1780.86,1779.82,1088.38,704.6
WAL,Western Alliance Bancorporation,81.348,8761.25,United States and Canada,US,-0.1633,0,-0.0146,-0.0167,0.0134,0.0562,0,-0.0187,-0.0163,0.0019,0.0418,0,-0.0232,-0.0073,-0.0044,,3997.2,4275.76,4625.93,3016.2,2557,2472.8,1974.4,1114.1,1086.2,934,812.76,692.13,519.23
HQY,HealthEquity Inc.,104.727,8755.4,United States and Canada,US,-0.0159,0,-0.0002,0.0026,0.0047,-0.0029,0,-0.0018,-0.002,-0.0007,-0.0071,0,-0.0065,-0.0107,,,1415.07,1524.64,1607.73,1199.77,999.59,861.75,756.56,733.57,531.99,287.24,229.53,178.37,126.79
BOKF,BOK Financial Corporation,143.792,8737.79,United States and Canada,US,-0.0216,0,0.0005,0.0011,0.0038,0.0007,0,0.0022,0.004,0.0098,0.0154,0,-0.0027,0.0008,0.0157,,2280.28,2416.07,2491.48,2032.4,2016.13,1824.64,1973.81,1728.17,1764.11,1593.65,1543.8,1356.25,1327.83
GME,GameStop Corp.,19.16,8596.92,United States and Canada,US,-0.3181,0,,,-0.0878,0.2407,0,,,,0.6465,,,,,,3901.07,4116.29,,3823,5272.8,5927.2,6010.7,5089.8,6466,8285.3,8547.1,7965,9363.8
PL,Planet Labs PBC,23.93,8528.71,United States and Canada,US,-0.5377,0,0,0.0211,0.1465,0.3166,0,0,0.0118,0.1973,0.4063,0,0,0.006,,,436.15,570.97,748.78,244.35,220.7,191.26,131.21,113.17,95.74,,,,
KNSL,Kinsale Capital Group Inc.,373.76,8513.66,United States and Canada,US,-0.2294,0,0.0281,0.0276,-0.0186,-0.0032,0,-0.0107,-0.0191,-0.1003,-0.1138,0,-0.0151,-0.0252,-0.1346,,1961.57,1982.11,2069.08,1587.53,1224.45,819.2,639.78,459.89,315.89,222.11,186.78,141.62,80.6
CBSH,Commerce Bancshares Inc.,59.067,8499.39,United States and Canada,US,-0.0304,0,0.0089,0.0138,0.0076,-0.0109,0,0.0125,0.019,0.0069,-0.0371,0,0.0019,0.0156,-0.0157,,1985.01,2053.18,2136.13,1630.72,1550.71,1481.15,1492.2,1209.56,1299.18,1281.98,1174.75,1090.23,1060.05
OKLO,Oklo Inc.,48.42,8424.64,United States and Canada,US,-0.7502,0,0.0003,3.9478,,,0,0.0636,3.9934,-0.27,-0.572,0,0.0051,0.2992,-0.1347,0.7255,1.16,5.71,55.22,,,,,,,,,,
AGX,Argan Inc.,597.82,8380.99,United States and Canada,US,-0.2581,0,0,0.0241,0.0671,0.0739,0,0,0.062,0.1217,0.2121,0,0,0.1264,0.3147,,1281.98,1607.18,1861.89,874.18,573.33,455.04,509.37,392.21,239,482.15,892.82,675.05,413.27
KMX,CarMax Inc.,58.18,8256.39,United States and Canada,US,-0.0701,0,0.0022,0.0427,0.0552,-0.048,0,0.0029,0.0423,0.0542,-0.076,0,0.0129,0.0629,0.0308,-0.0686,27089.09,27699.38,28407.73,28207.32,28213.44,31126.37,33197.21,20092.15,21424.09,19146,17976.81,16637.12,15832.58
ALKS,Alkermes plc,49.162,8247.58,United States and Canada,US,-0.1169,0,0.0075,0.0129,0.001,0.2675,0,0.0278,0.0354,0.0171,0.3768,0,0.0196,0.0348,0.0566,0.4369,1824.89,1944.58,2129.51,1557.63,1663.4,1111.8,1173.75,1038.76,1170.95,1094.27,903.37,745.69,628.34
TTAN,ServiceTitan Inc.,85.704,8175.95,United States and Canada,US,-0.2857,0,0,0.0178,0.0367,0.0886,0,0,0.0212,0.0324,0.0909,0,0,0.0056,-0.0518,0.1112,1137.23,1302.44,1525.77,771.88,614.34,467.73,,,,,,,
VLY,Valley National Bancorp,14.54,8041.62,United States and Canada,US,-0.0434,0,0.0019,0.0007,0.0103,0.0384,0,0.0001,-0.0002,0.0191,0.0934,0,-0.0055,-0.0013,0.0233,,2275.73,2502.28,2663.35,1518.1,1823.01,1793.21,1321.37,1162.88,1067.96,934.55,720.06,674.76,598.66
LQDA,Liquidia Corporation,90.28,8028.43,United States and Canada,US,-0.0141,0,0,0.2332,0.5145,2.4214,0,0,0.2192,0.941,2.59,0,0,0.1885,0.6758,1.7514,725.19,1184.25,1347.17,14,17.49,15.94,12.85,0.74,8.07,2.71,7.26,13.22,
FLR,Fluor Corporation,57,7961.18,United States and Canada,US,-0.0113,0,0,-0.03,-0.0493,-0.0822,0,0,-0.0267,-0.0447,-0.0993,0,0,-0.0357,-0.0177,-0.1009,15866.53,17050.45,18142.9,16315,15474,13744,14156,15788,15454.48,18851.01,14806.51,19036.53,18114.05
AWI,Armstrong World Industries Inc.,185.482,7838.99,United States and Canada,US,-0.1,0,0.0077,0.0078,0.0216,0.0312,0,0.0091,0.0091,0.0306,0.0345,0,0.0141,0.0141,,,1786.74,1912.54,2056.5,1445.7,1295.2,1233.1,1106.6,936.9,1038.1,975.3,893.6,837.3,805.1
VSXY,Victoria's Secret & Co.,98.552,7834.07,United States and Canada,US,-0.0078,0,0.0008,0.0244,0.0565,0.1227,0,0.0014,0.026,0.0623,0.1495,0,0.0072,0.0318,,,7133.83,7446.27,7802.77,6230,6182,6344,6785,5413,7509,8103,,,
SNEX,StoneX Group Inc.,65.87,7830.44,United States and Canada,US,-0.3041,0,0,0,,,,,,,,,,,,,84790.8,,,98704.3,59996.4,65855.8,42443.3,54035.6,32742.3,27542,29381.5,14726.6,34676.1
ESTC,Elastic N.V.,75.105,7807.29,United States and Canada,US,-0.2182,0,0.0007,0.0137,0.0228,0.0604,0,0.0014,0.0232,0.0282,0.0588,0,-0.0015,0.1436,-0.0399,0.014,1994.93,2283.29,2617.74,1483.3,1267.32,1068.99,862.37,608.49,427.62,271.65,159.94,88.18,
AAON,AAON Inc.,94.877,7771.54,United States and Canada,US,-0.3694,0,0.0008,0.2009,0.3215,0.3031,0,0.0601,0.2406,0.3374,0.342,0,0.1461,0.282,0.3146,,2067.74,2416.98,2865.9,1200.63,1168.52,888.79,534.52,514.55,469.33,433.95,405.23,383.98,358.63
FRVO,Fervo Energy Company,25.889,7628.06,United States and Canada,US,-0.393,0,-0.0115,,,,0,0,,,,0,0,,,,7.08,79.88,233.36,0.2,,,,,,,,,
DPC,DPC Holdings PLC,52.3,7591.44,United States and Canada,US,-0.0865,0,,,,,0,,,,,0,,,,,948.27,1054.61,1229.77,,,,,,,,,,
RHP,Ryman Hospitality Properties Inc.,120.867,7586.98,United States and Canada,US,-0.1207,0,0.0012,0.0024,0.0149,0.0201,0,0.0023,0.0061,0.0077,0.0001,0,0.0018,0.0031,-0.0178,,2800.46,2918.86,3035.61,2339.5,2140.83,1795,930.41,518.02,1603.46,1268.72,1180.32,1146.41,1088.52
FAF,First American Financial Corporation,74.19,7574.8,United States and Canada,US,-0.0711,0,0.0298,0.0209,0.058,0.0646,0,0.0215,0.0104,0.049,0.0296,0,0.0133,-0.0002,0.0175,,8182.06,8518.24,8690.8,6128.1,6003.5,7605,9221,7086,6202,5747.84,5772.36,5575.85,5175.46
KLAR,Klarna Group plc,19.9,7524.46,United States and Canada,US,-0.6521,0,0.0004,0.0001,-0.0225,,0,0.0014,-0.0015,-0.0295,,0,0.0031,-0.0023,-0.0328,,4424.09,5304.36,6268.39,2811,2276,1904,1618.97,1333.34,849.54,677.71,547.51,389.62,
POOL,Pool Corporation,206.165,7492.19,United States and Canada,US,-0.3867,0,0.0009,0.0007,-0.0099,-0.0125,0,-0.0023,-0.0024,-0.0194,-0.022,0,-0.0036,-0.0043,-0.0164,,5437.89,5629.12,5877.52,5310.95,5541.6,6179.73,5295.58,3936.62,3199.52,2998.1,2788.19,2570.8,2363.14
NAVN,Navan Inc.,29.082,7396.46,United States and Canada,US,-0.0115,0,0,0.0455,0.084,,0,0,0.0503,0.0689,,0,0,0.0509,0.0401,,911.2,1126.71,1364.2,536.84,402.26,,,,,,,,
S,SentinelOne Inc.,21.39,7332.57,United States and Canada,US,-0.0053,0,0,-0.0011,0.0004,-0.0064,0,0,-0.0018,-0.0003,-0.0127,0,0,-0.0064,-0.0746,-0.1235,1200.19,1412.33,1640.61,821.46,621.15,422.18,204.8,93.06,46.47,,,,
HIMS,Hims & Hers Health Inc.,31.59,7311.75,United States and Canada,US,-0.5162,0,0.0089,0.1228,0.1042,0.08,0,-0.0681,0.306,0.2728,0.2353,0,-0.1032,0.3325,0.298,0.3709,3048.13,4158.04,4799.98,1476.51,872,526.92,271.88,148.76,82.56,26.68,,,
COGT,Cogent Biosciences Inc.,42.396,7245.98,United States and Canada,US,-0.0305,0,0.0467,-0.3253,-0.6907,-0.7221,0,0.0104,-0.0009,0.0087,0.5483,0,0.0112,0.0004,-0.0121,0.8935,9.9,348.89,738.24,,,,,7.87,22.5,,,,
CAG,Conagra Brands Inc.,15.11,7231.13,United States and Canada,US,-0.2563,0,-0.025,-0.0278,-0.0253,-0.0362,0,-0.0299,-0.0337,-0.0318,-0.0438,0,-0.0369,-0.0425,-0.0491,-0.0643,10843.02,10900.31,10950.72,11612.8,12050.9,12277,11535.9,11184.7,11054.4,9538.4,7938.3,7826.9,8664.1
SLAB,Silicon Laboratories Inc.,219.21,7229.95,United States and Canada,US,-0.0076,0,0.0014,-0.0017,-0.0015,-0.0197,-0.0006,0.0036,-0.0029,-0.0032,-0.0102,0,0,0,0,,925.24,1075.25,1218.02,584.39,782.26,1024.11,720.86,510.93,473.79,868.27,768.87,697.63,644.83
LW,Lamb Weston Holdings Inc.,52.27,7186.13,United States and Canada,US,-0.2207,0,0.0196,0.0237,0.0114,0.006,0,0.0136,0.0141,-0.0006,-0.0138,0,0.0031,0.0031,-0.0199,-0.0527,6511.1,6617.06,6792.56,6451.3,6467.6,5350.6,4098.9,3670.9,3792.4,3756.5,3423.7,3168,2993.8
CAMT,Camtek Ltd.,155.626,7165.72,United States and Canada,US,-0.2795,0,0,0.0195,0.0891,0.0686,0,0,0.0533,0.1538,0.1361,0,-0.0229,0.0043,0.0448,0.0593,571.26,698.07,790.12,429.23,315.38,320.91,269.66,155.86,134.02,123.17,93.48,79.23,69.39
APPF,AppFolio Inc.,198.848,7042.6,United States and Canada,US,-0.3694,0,0.0028,0.0029,0.0072,0.0132,0,0.0065,0.0065,0.0129,0.0082,0,0.0103,0.013,0.0161,,1123.18,1316.75,1537.63,794.2,620.45,471.88,359.37,310.06,256.01,190.07,143.8,105.59,74.98
PJT,PJT Partners Inc.,171.234,7006.85,United States and Canada,US,-0.1247,0,0.0432,0.0428,0.0332,0.0451,0,0.0491,0.049,0.041,0.078,0,0.0323,0.0319,0.0303,,1952.52,2169.19,2245.13,1494.37,1155.9,1024.61,993.95,1052.5,720.34,580.35,499.28,499.23,406.14
ENS,EnerSys,191.665,6987.36,United States and Canada,US,-0.2155,0,0.0018,0.0123,0.0186,0.0284,0,0.0033,0.0183,0.0344,,0,0.0123,0.0309,0.1039,,3900.85,4105.48,4267.36,3617.58,3581.87,3708.58,3357.32,2977.93,3087.87,2808.02,2581.89,2367.15,2316.25
LGN,Legence Corp.,64.396,6957.21,United States and Canada,US,-0.3995,0,0.0017,0.1,0.1819,,0,0.0049,0.1143,0.1948,,0,0.0114,0.1005,0.1656,,4274.76,4871.76,5551.68,2098.6,1615.06,1246.5,,,,,,,
MSM,MSC Industrial Direct Co. Inc.,122.92,6864.63,United States and Canada,US,-0.0578,0,0.0005,0.0109,0.0099,0.0192,0,0.002,0.0262,0.0252,0.0389,0,0.008,0.0284,0.0239,0.0362,3991.51,4260.06,4492.44,3820.95,4009.28,3691.89,3243.22,3192.4,3363.82,3203.88,2887.74,2863.51,2910.38
MXL,MaxLinear Inc.,74.959,6798.27,United States and Canada,US,-0.4158,0,0.1243,0.1247,0.3063,0.3665,0,0.2047,0.2051,0.5238,0.595,0,0.2739,0.2822,0.6377,0.6916,738.02,953.67,1114.79,360.53,693.26,1120.25,892.4,478.6,317.18,385,420.32,387.83,300.36
ROAD,Construction Partners Inc.,119.775,6771.45,United States and Canada,US,-0.2068,0,-0.0025,0.021,0.0259,0.1389,0,-0.005,0.0261,0.0398,,,,,,,3611.86,4003.55,,1823.89,1563.55,1301.67,910.74,785.68,783.24,680.1,568.21,542.35,
FNB,F.N.B. Corporation,18.965,6705.27,United States and Canada,US,-0.0319,0,-0.0128,-0.013,-0.0119,-0.0161,0,-0.023,-0.0232,-0.0245,-0.0348,0,,,,,1877.62,2007.71,2177.68,1515.9,1499.2,1376.5,1231.2,1124.76,1164.79,1148.5,1037,751.99,620.19
M,Macy's Inc.,25.4,6681.16,United States and Canada,US,-0.0446,0,0.0056,0.0089,0.0418,0.0617,0,0.0084,0.0118,0.0635,0.1253,0,0.1105,0.1211,,,21784.48,21568.57,20796.11,23006,23866,25305,25292,18097,25331,25739,25641,26564,27079
EPRT,Essential Properties Realty Trust Inc.,30.625,6677.76,United States and Canada,US,-0.1182,0,-0.0128,-0.0104,-0.0083,0.027,0,-0.0062,0.0031,0.0056,0.0435,0,-0.0009,0.0091,0.031,0.0386,656.92,771.77,874.09,449.61,359.6,286.51,230.23,164.01,139.36,96.22,54.45,20.69,
UBSI,United Bankshares Inc.,48.319,6601.25,United States and Canada,US,-0.0262,0,-0.0023,-0.0063,-0.0047,0.0245,0,-0.0129,-0.0179,-0.0182,,,,,,,1293.2,1343.33,,1009.61,1024.03,1030.87,1044.83,937.99,707.09,695.34,652.24,470.85,435.18
GTLB,GitLab Inc.,38.997,6586.59,United States and Canada,US,-0.2555,0,-0.0001,0.0038,-0.0103,-0.0276,0,0,-0.0004,-0.0333,-0.0851,0,0,0.0192,-0.0267,-0.0478,1116.88,1290.99,1491.62,759.25,579.91,424.34,252.65,152.18,81.23,,,,
MRCY,Mercury Systems Inc.,108.822,6534.03,United States and Canada,US,-0.1528,0,0.0009,0.0076,0.0085,0.0227,0,0.0011,0.0029,0.007,0.0441,0,0.0015,0.0102,0.0192,,960.35,1047.84,1154.37,835.27,973.88,988.2,924,796.61,654.74,493.18,408.59,270.15,234.85
GBCI,Glacier Bancorp Inc.,48.742,6346.79,United States and Canada,US,-0.1069,0,-0.0047,-0.0047,-0.0029,0.0016,0,-0.0061,-0.0061,-0.0016,0.0235,,,,,,1305.1,1414.12,,802.49,787.47,884.97,778.89,727.79,629.09,538.72,446.57,419.51,386.88
WEX,WEX Inc.,185.235,6313.11,United States and Canada,US,-0.0371,0,0.0126,0.0119,0.0544,0.0424,0,0.0049,0.0039,0.0099,-0.0027,0,0.0019,0.0014,-0.0045,,2884.58,2930.07,3032.98,2628.2,2548,2350.51,1850.54,1553.37,1707.59,1492.64,1248.58,1012.49,854.64
ENVA,Enova International Inc.,252.761,6293.34,United States and Canada,US,-0.0481,0,-0.0132,-0.0133,0.023,0.0114,0,0.0342,0.0341,0.1012,0.0306,,,,,,3718.8,4537.79,,1239.01,1035.14,1001.68,947.75,597.5,1099.15,893.26,654.9,679.97,599.72
HWC,Hancock Whitney Corporation,77.611,6245.43,United States and Canada,US,-0.022,0,0.0117,0.0357,0.0095,0.0064,0,0.0081,0.054,0.0531,0.0434,0,0.0174,0.0349,0.0441,,1627.49,1774.69,1807.43,1387.63,1321.18,1405.12,1367.03,660.2,1163.42,1092.7,996.27,799.24,780.91
LSTR,Landstar System Inc.,183.052,6212.22,United States and Canada,US,-0.1988,0,0.0622,0.0725,0.1058,0.055,0,0.0775,0.0891,0.1276,0.1096,0,0.0731,0.093,0.137,0.115,5497.66,6151.22,6679.7,4834.06,5313.46,7439.72,6540.43,4136.38,4089.62,4618.96,3648.86,3169.14,3322.49
HOMB,Home BancShares Inc.,30.81,6176.17,United States and Canada,US,-0.0281,0,0.004,0.0066,-0.0148,0.0502,0,-0.0051,0.0006,-0.0223,0.078,0,0.0093,-0.008,-0.0061,,1154.68,1204.69,1243.21,969.02,981.63,855.2,715.29,565.09,661.41,659.52,540.37,474.4,394.41
MWH,SOLV Energy Inc.,29.058,6095.74,United States and Canada,US,-0.3996,0,-0.0001,0.0027,,,0,0.0049,0.024,,,0,0.0083,0.0228,,,3780.76,4378.66,4637.51,1847.8,2115.32,2328.65,,,,,,,
MCY,Mercury General Corporation,109.5,6065.05,United States and Canada,US,-0.0315,0,0,0.023,0.0235,0.0026,0,0,0.0243,0.021,-0.0014,0,0,,,,6205.85,6543.61,6872.57,5460.83,4629.63,3643.07,3993.36,3784.51,3972.52,3380,3412.66,3227.68,3009.3
BYD,Boyd Gaming Corporation,83.393,6058.95,United States and Canada,US,-0.0877,0,-0.0086,-0.0086,0.0032,0.1165,0,-0.01,-0.01,0.0013,0.143,0,-0.004,-0.0046,,,4100.88,4193.43,4403.6,3930.19,3738.49,3555.38,3369.81,2178.49,3326.12,2626.73,2400.82,2199.26,2199.43
AMTM,Amentum Holdings Inc.,24.781,6054.4,United States and Canada,US,-0.3498,0,0.0001,0.0012,-0.0039,-0.0146,0,0.0001,0.0004,-0.0039,-0.0068,0,0,-0.0007,-0.0064,-0.0177,14140.54,14686.67,15219.67,8388,5536,5183,5092,,,,,,
NTSK,Netskope Inc.,14.869,6005.94,United States and Canada,US,-0.4688,0,0,0.007,0.0176,,0,0,0.0037,0.0113,,0,0,0.0148,,,881.23,1071.28,1285.72,538.27,406.88,,,,,,,,
KGS,Kodiak Gas Services Inc.,59.9,5950.13,United States and Canada,US,-0.2289,0,-0.009,0.0084,0.0857,0.0618,0,-0.0137,0.0719,0.1942,0.1699,0,0.0024,0.1388,0.3182,,1515.06,1753.3,2049.74,1159.31,850.38,707.91,606.38,532.42,,,,,
KNSA,Kiniksa Pharmaceuticals International plc,76.009,5930.53,United States and Canada,US,-0.0836,0,0.0566,0.0577,0.0926,0.295,0,0.0771,0.0842,0.1454,0.3409,0.002,0.101,0.1106,0.1706,0.2997,993.71,1221.28,1409.09,423.24,270.26,220.18,38.54,,,,,,
AUB,Atlantic Union Bankshares Corporation,41.774,5928.74,United States and Canada,US,-0.0423,0,0.005,0.0073,-0.0103,-0.002,0,-0.0046,-0.004,-0.0186,0.0118,0,-0.0109,0.0108,0.0115,,1561.04,1616.09,1733.69,767.33,670.27,683.76,737.95,599.64,649.6,517.2,330.63,314.93,307.27
RLI,RLI Corp.,64.252,5896.6,United States and Canada,US,-0.0714,0,0.0701,0.0697,0.0611,0.0398,0,0.0392,0.0384,0.045,0.0278,0,0.0637,0.0637,,,1915.07,1945.99,2047.56,1770.38,1511.99,1697.99,1179.24,983.63,1003.59,818.12,797.22,816.33,794.63
ABCB,Ameris Bancorp,87.78,5870.7,United States and Canada,US,-0.0584,0,-0.0074,-0.0076,0.0057,0.0183,0,-0.0129,-0.0133,-0.0054,,,,,,,1289.75,1353.92,,1082.45,936.22,991.97,1041.2,978.94,677.77,439.64,354.95,320.09,255.68
HRB,H&R Block Inc.,46.19,5855.05,United States and Canada,US,-0.1744,0,0.0005,0.0064,0.0064,0.0222,0,-0.0013,0.0105,0.0105,0.0403,0,-0.0043,0.0167,0.0167,,3912.11,4054.28,4176.87,3610.35,3472.18,3463.27,2796.64,3413.99,2639.72,3094.88,3159.93,3036.31,3038.15
ACMR,ACM Research Inc.,83.831,5793.52,United States and Canada,US,-0.3409,0,0,0.0114,0.014,0.0637,0,0,0.0335,0.1057,0.1274,0,0,0.1355,0.3033,0.2796,1156.58,1455.23,1898.93,782.12,557.72,388.83,259.75,156.62,107.52,74.64,36.51,27.37,31.21
PAGP,Plains GP Holdings L.P.,24.725,5760.94,United States and Canada,US,-0.0766,0,-0.0141,0.0453,0.037,0.0018,0,-0.0078,0.0689,0.0541,0.0216,0,-0.0039,0.0681,0.1161,,51010.88,52382.62,53714.51,48889,47336,57342,42078,23290,33669,34055,26223,20182,23152
SON,Sonoco Products Company,58.03,5737.72,United States and Canada,US,-0.0435,0,0.0006,0.0006,-0.0013,-0.0363,0,-0.0007,-0.0007,-0.0008,-0.0556,0,0.0002,0.0002,-0.0038,-0.1,7450.36,7597.27,7762.47,5305.36,5441.43,5859.33,5590.44,5237.44,5374.21,5390.94,5036.65,4782.88,4964.37
BKH,Black Hills Corporation,74.62,5680.68,United States and Canada,US,-0.0517,0,0,0.0177,-0.0064,0.0812,0,0,-0.0004,0.1952,0.3814,0,0,-0.0009,0.3112,0.3646,2546.07,3218.65,3595.8,2127.7,2331.3,2551.82,1949.1,1696.94,1734.9,1754.27,1680.27,1538.92,1261.32
AIR,AAR Corp.,143.103,5636.32,United States and Canada,US,-0.0708,0,0.0057,0.0052,0.0279,0.1814,0,0.0063,0.0092,0.0347,0.1745,0,0.0111,0.0173,0.0421,,3648.1,3893.13,4162.48,2780.5,2318.9,1990.5,1820,1652.3,2072,2051.8,1748.3,1590.8,1525.4
CVLT,Commvault Systems Inc.,135.323,5608.4,United States and Canada,US,-0.3172,0,0.0006,0.0003,-0.0065,0.007,0,-0.0025,-0.0024,-0.0183,-0.0015,0,-0.0169,-0.0169,-0.0111,,1306,1453.45,1616.78,995.62,839.25,784.59,769.59,723.47,670.88,710.96,699.39,645,593.77
OZK,Bank OZK,51.405,5605.23,United States and Canada,US,-0.042,0,-0.0092,-0.0089,-0.0035,-0.0495,0,-0.0241,-0.0268,-0.0263,-0.0646,0,-0.0223,-0.0192,-0.0243,,1733.63,1811.07,1970.97,1481.24,1365.83,1152.15,1166.09,780.71,959.21,931.6,912.76,680.11,465.46
ANDG,Andersen Group Inc.,49.58,5599.19,United States and Canada,US,-0.0183,0,0,0.0313,0.0502,,0,0,0.0303,0.0605,,0,0,0.024,0.016,,981.17,1117.44,1219.25,731.59,639.11,,,,,,,,
UEC,Uranium Energy Corp.,11.26,5572.26,United States and Canada,US,-0.4464,0,0.0313,-0.3113,-0.5219,-0.7462,0,0.0263,-0.1387,-0.2762,-0.511,0,0.0091,-0.1549,-0.2829,-0.3859,23.93,116.39,229.07,0.22,164.39,23.16,,,,,,,3.08
SXT,Sensient Technologies Corporation,129.898,5528.82,United States and Canada,US,-0.0183,0,0.013,0.0116,0.05,0.0558,0,0.0334,0.0316,0.1002,0.0964,0,0.0245,0.021,0.1243,,1799.08,2035.09,2374.59,1557.23,1456.45,1437.04,1380.26,1332,1322.93,1386.82,1362.27,1383.21,1375.96
MMED,MiniMed Group Inc.,19.647,5517.72,United States and Canada,US,-0.0408,0,-0.0005,0.0061,,,0,0.0005,0.0085,,,0,-0.0002,0.0095,,,3421.63,3700.68,4063.71,2715,2469,2245,,,,,,,
ALH,Alliance Laundry Holdings Inc.,27.763,5513.97,United States and Canada,US,-0.0165,0,0,0.0048,0.0156,,0,0,0.0089,0.0164,,0,0,0.0075,0.0271,,1826.58,1939.79,2058.83,1508.44,1365.15,1376.28,,,,,,,
MAIN,Main Street Capital Corporation,58.94,5480.82,United States and Canada,US,-0.1303,0,0.0041,-0.0162,0.0107,0.0461,0,0.0053,0.0069,0.0292,,0,0,,,,584.43,627.73,687.9,541.03,500.38,376.86,289.05,222.61,243.37,233.35,205.74,178.34,164.59
WH,Wyndham Hotels & Resorts Inc.,73.795,5476.41,United States and Canada,US,-0.193,0,-0.0076,-0.0059,-0.0243,-0.0511,0,-0.0051,-0.0053,-0.0208,-0.0569,0,-0.0115,-0.0067,-0.0678,-0.1097,1477.74,1567.18,1660.32,1404,1384,1354,1245,950,1430,1282,1016,998,1029
BETA,BETA Technologies Inc.,23.51,5425.07,United States and Canada,US,-0.4048,0,0.0097,0.0341,0.2235,,0,0.0001,-0.0724,-0.0276,,0,0,0.0597,0.0645,,41.55,380.18,1036.64,15.09,15.36,,,,,,,,
PEGA,Pegasystems Inc.,32.734,5381.63,United States and Canada,US,-0.5193,0,-0.051,-0.051,0.0101,0.0371,0,-0.0691,-0.0691,0.0253,0.0767,0,-0.1045,-0.0892,0.171,0.1839,1875.28,2062.35,2223.79,1497.18,1432.62,1317.85,1211.65,1017.52,911.38,891.58,888.47,762.23,682.7
SAIC,Science Applications International Corporation,126.58,5351.4,United States and Canada,US,-0.005,0,0,0.01,-0.0273,-0.0851,0,0,0.0049,-0.0396,-0.0947,0,0,0.0126,-0.074,,7189.47,7271.05,7428.75,7479,7444,7704,7394,7056,6379,4659,4454,4442,4315
PSMT,PriceSmart Inc.,177.28,5336.05,United States and Canada,US,-0.1129,0,0.0066,0.0066,0.0099,0.0078,0,0.0058,0.0058,0.009,0.0015,,,,,,5828.97,6464.41,,4913.9,4411.84,4066.09,3619.87,3329.19,3223.92,3166.7,2996.63,2905.18,2802.6
MTN,Vail Resorts Inc.,148.83,5303.34,United States and Canada,US,-0.1007,0,0,-0.0061,-0.049,-0.0783,0,0,-0.0148,-0.0364,-0.0686,0,0,-0.012,-0.0379,,2837.17,2992.74,3095.27,2885.19,2889.36,2525.91,1909.71,1963.7,2271.57,2011.55,1907.22,1601.29,1399.92
IRDM,Iridium Communications Inc.,49.936,5291.24,United States and Canada,US,-0.1267,0,0.0509,0.0614,0.0454,0.0317,0,0.102,0.1066,0.0816,0.0648,0,0.1211,0.125,0.0833,0.0417,938.53,1015.53,1054.58,830.68,790.72,721.03,614.5,583.44,560.44,523.01,448.05,433.64,411.38
OCTV,Octave Intelligence plc,19.67,5280.17,United States and Canada,US,-0.3443,0,0,,,,0,0,,,,0,0,,,,1659,1746.61,1861.49,1616.51,1552.49,1368.31,,,,,,,
RNG,RingCentral Inc.,63.01,5261.72,United States and Canada,US,-0.0258,0,0.004,0.0048,0.0089,-0.0066,0,0.0042,0.0049,0.0101,-0.002,0,0.006,0.0084,-0.0057,-0.009,2641.73,2761.16,2884.54,2400.39,2202.43,1988.33,1594.75,1183.66,902.86,673.62,503.62,380.44,296.23
UNF,UniFirst Corporation,290.292,5249.69,United States and Canada,US,-0.0534,0,-0.0027,0.002,0.0059,0.0002,0,0.001,0.0046,0.0088,-0.0055,0,0.0042,0.0042,0.0084,,2506.21,2602.66,2706.31,2427.43,2233.05,2000.82,1826.22,1804.16,1809.38,1696.49,1590.96,1468.05,1456.61
ONDS,Ondas Inc.,9.104,5187.99,United States and Canada,US,-0.4042,0,0.3301,0.3868,1.972,10.5431,0,0.4185,0.4679,2.3805,6.2785,0,0.4226,0.358,1.2735,5.487,525.68,981.36,1311.98,7.19,15.69,2.13,2.91,2.16,0.32,0.19,0.27,0.64,0.71
EQPT,EquipmentShare.com Inc.,20.449,5160.82,United States and Canada,US,-0.424,0,0.0057,0.0275,,,0,-0.0063,0.0077,,,0,-0.0042,-0.0017,,,5361.37,6474.82,7670.41,3763.3,2556.2,1732.8,,,,,,,
SLM,SLM Corporation,27.386,5147.12,United States and Canada,US,-0.1742,0,-0.0287,-0.0283,-0.0445,-0.1395,0,-0.0255,-0.0339,-0.0728,-0.1791,0,-0.0033,-0.0314,0.01,,1418.16,1455.03,1511,1440.54,1463.87,1189.97,2049.17,1718.31,1317.99,1116.31,940.55,790.75,795.04
GLNG,Golar LNG Limited,50.442,5134.84,United States and Canada,US,-0.1272,0,0.0092,0.0601,0.0902,0.0603,0,-0.0099,0.0358,0.0271,0.0538,0,0.001,0.0049,,,418.28,425.4,854.19,260.37,298.43,267.74,260.27,261.39,448.75,430.6,143.54,80.26,102.67
GNTX,Gentex Corporation,24.077,5072.62,United States and Canada,US,-0.1805,0,-0.008,-0.0076,0.0084,0.0049,0,-0.0053,-0.0025,0.0178,0.0094,0,-0.0094,-0.0094,-0.0034,-0.0602,2674,2811.98,2942.11,2313.31,2299.22,1918.96,1731.17,1688.19,1858.9,1834.06,1794.87,1678.92,1543.62
GHC,Graham Holdings Company,1185.78,5021.69,United States and Canada,US,-0.0607,0,0,-0.0063,-0.0316,0.0258,0,0,-0.0095,-0.0315,0.0332,0,0,-0.0094,-0.0217,,5205.4,5415.1,5815.7,4790.9,4414.88,3924.49,3185.97,2889.12,2932.1,2695.97,2591.85,2481.89,2586.11
EBC,Eastern Bankshares Inc.,22.827,4999.33,United States and Canada,US,-0.0389,0,-0.0094,-0.006,-0.0191,-0.0257,0,-0.0223,-0.0164,-0.0168,,,,,,,1225.67,1283.46,,664.13,292.6,626.88,537.12,530.04,587.26,555.54,351.07,279.82,246.78
VRNS,Varonis Systems Inc.,43.47,4992.99,United States and Canada,US,-0.3197,0,0.0042,0.004,0.0152,0.0111,0,0.0077,0.0087,0.0255,0.0296,0,0.0094,0.0105,0.0317,0.0671,737.84,874.89,1023.74,550.95,499.16,473.63,390.13,292.69,254.19,270.29,215.39,165.86,127.21
FFIN,First Financial Bankshares Inc.,34.654,4934.17,United States and Canada,US,-0.0909,0,0.0106,0.0121,0.0176,0.0457,0,0.0033,0.0033,0.0122,,,,,,,704.86,747.41,,536.91,481.18,515.65,513.68,470.3,394.55,368.86,321.17,301.76,281.28
SFBS,ServisFirst Bancshares Inc.,88.923,4861.51,United States and Canada,US,-0.0313,0,0.0025,0.0035,0.0012,0.0387,0,0.005,0.0055,0.022,,,,,,,682.59,763.73,,458.73,410.59,454.49,377.29,325.37,288.24,259.97,220.48,188.19,159.03
FELE,Franklin Electric Co. Inc.,109.352,4834.61,United States and Canada,US,-0.0558,0,0.0145,0.0145,0.0082,0.0129,0,0.0182,0.0182,0.0071,,,,,,,2261.58,2370.31,,2021.34,2065.13,2043.71,1661.87,1247.33,1314.58,1298.13,1124.91,949.86,924.92
BILL,BILL Holdings Inc.,47.967,4777.36,United States and Canada,US,-0.1616,0,-0.0041,-0.003,0.0161,0.0031,0,-0.0021,-0.005,0.0116,-0.0262,0,-0.0159,-0.0301,-0.0248,-0.1378,1638.97,1849.31,2066.7,1290.17,1058.47,641.96,238.26,157.6,108.35,64.86,,,
USAR,USA Rare Earth Inc.,19.326,4728.27,United States and Canada,US,-0.5606,0,0.0002,-0.1819,0.435,0.9006,0,0,-0.0858,1.4057,2.9673,0,0,-0.0617,0.6765,2.594,72.94,676.73,1439.26,,,,,,,,,,
NNI,Nelnet Inc.,131.508,4725.61,United States and Canada,US,-0.0892,0,0.0002,-0.0021,0.0602,0.0387,0,0.0003,0.005,0.0628,,,,,,,1690,1794,,1354.96,1171.09,1508.14,1359.23,1105.33,1028.58,1051.23,800.94,862.46,871.29
CRC,California Resources Corporation,52.112,4627.28,United States and Canada,US,-0.276,0,-0.0098,-0.137,0.001,0.0719,0,-0.0478,-0.065,0.0157,0.1363,0,-0.0277,0.0003,,,3386.72,3591.02,3972.53,2957,2813,3235,2532,1592,2693,3063,2096,1753,2270
BOX,Box Inc.,33.249,4606.07,United States and Canada,US,-0.0186,0,0,0.0033,0.009,0.0156,0,0,0.0049,0.0071,0.0017,0,0,-0.0212,-0.0757,-0.0498,1279.1,1386.47,1488.58,1090.13,1037.74,990.87,874.33,770.77,696.26,608.39,506.14,398.61,302.7
INSW,International Seaways Inc.,92.41,4574.73,United States and Canada,US,-0.0593,0,-0.008,0.1936,0.4951,0.5177,0,0.0261,0.0751,0.2747,0.1601,0,-0.0801,-0.1266,0.0005,,1234.15,940.83,804.1,951.61,1071.78,864.66,272.55,421.65,366.18,270.36,290.1,398.32,497.63
BRC,Brady Corporation,97.087,4574.04,United States and Canada,US,-0.0221,0,0,0.0259,0.0293,0.0607,0,0,0.0281,0.5179,0.5615,0,0,,,,1652.09,2529.48,2878.67,1341.39,1331.86,1302.06,1144.7,1081.3,1160.64,1173.85,1113.32,1120.63,1171.73
CELC,Celcuity Inc.,92.677,4519.51,United States and Canada,US,-0.3863,0,-0.0751,-0.1764,-0.0492,-0.0638,0,0.0268,-0.0053,0.2015,0.3225,0,-0.0737,-0.1779,-0.0419,0.287,38.92,393.21,661.36,,,,,,,,,,
CHEF,The Chefs' Warehouse Inc.,110.08,4490.83,United States and Canada,US,-0.0618,0,0.0254,0.0247,0.0409,0.0499,0,0.0255,0.0256,0.0466,0.0398,0,0.0262,0.0304,0.0575,0.037,4581.63,4951.25,5339.42,3794.21,3433.76,2613.4,1745.76,1111.63,1591.83,1444.61,1301.52,1192.87,1046.88
PBLS,Parabilis Medicines Inc.,35.036,4461.39,United States and Canada,US,-0.0485,0,,,,,,,,,,,,,,,12.5,0,0,,,,,,,,,,
FLY,Firefly Aerospace Inc.,26.688,4383.11,United States and Canada,US,-0.6384,0,-0.0012,0.0108,-0.0131,,0,-0.0133,0.004,-0.1338,,0,-0.02,-0.0471,-0.1767,,440.29,695.53,1074.58,60.79,55.23,,,,,,,,
MRX,Marex Group Limited,60.875,4376.64,United States and Canada,US,-0.1448,0,0.0055,0.0329,0.1974,0.284,0,-0.0077,0.0228,0.1481,0.2321,0,0.0065,0.0453,,,2520.28,2618.32,2971.28,2356.7,1882.1,1010.3,,757.53,549.19,384.47,317.9,328.31,345.89
LFTO,Liftoff Mobile Inc.,25.71,4353.49,United States and Canada,US,-0.1458,0,0.0001,,,,0,0.0002,,,,0,0.0008,,,,855.56,995.44,1162.17,519.25,473.56,,,,,,,,
FBP,First BanCorp.,28.668,4346.32,United States and Canada,US,-0.0254,0,0.0232,0.0232,0.0278,0.0172,0,0.0202,0.0201,0.02,0.021,0,0,0,,,1094.6,1134.53,1131.99,876.76,863.28,890.62,916.12,535.67,610.8,529.03,481.21,480.04,438.33
SLG,SL Green Realty Corp.,56.369,4306.57,United States and Canada,US,-0.1497,0,-0.0191,-0.0191,0.0212,0.1151,0,-0.0325,-0.0325,-0.0313,-0.0206,0,-0.0515,-0.0515,-0.0625,0.0209,713.75,638.66,681.13,706.58,837.2,861.5,805.91,1027.55,1204.48,1234.7,1533.37,1781.86,1675.86
CNS,Cohen & Steers Inc.,83.618,4299.77,United States and Canada,US,-0.0246,0,0.0139,0.0646,0.0273,0.0244,0,0.0119,0.1062,0.0241,0.0444,0,-0.0093,0.098,-0.1125,-0.1316,614.27,666.66,605.69,517.42,489.64,566.91,583.83,427.54,410.83,381.11,378.7,351.5,328.65
RHI,Robert Half Inc.,42.707,4296.53,United States and Canada,US,-0.0333,0,0.002,0.002,-0.0137,-0.0424,0,-0.0031,-0.0031,-0.0273,-0.0765,0,0.0058,0.003,-0.017,,5313.13,5531.78,5817.36,5795.84,6392.52,7238.14,6461.44,5109,6074.43,5800.27,5266.79,5250.4,5094.93
MDU,MDU Resources Group Inc.,20.55,4295.07,United States and Canada,US,-0.1057,0,0.0051,-0.0039,0.0047,0.0221,0,-0.0007,0.0068,0.0046,0.0727,0,-0.0018,0.0145,0.0186,,1999.52,2129.79,2238.49,1757.98,1803.35,1747.3,3454.44,5532.75,5336.78,4531.55,4443.35,4128.83,4014.05
CDP,COPT Defense Properties,37.147,4284.46,United States and Canada,US,-0.0451,0,0.0153,0.0095,0.0421,0.009,0,0.014,0.026,0.0363,0.0032,0,0.0098,0.0275,0.0579,0.061,805.8,832.01,874.41,753.66,684.72,740.77,665.54,584.18,613.45,580.81,614.31,575.08,625.53
KFY,Korn Ferry,84.07,4275.55,United States and Canada,US,-0.0189,0,0,0.0088,0.0127,0.0278,0,0,0.0059,0.0091,0.0182,0,0,,,,3010.87,3151.1,3219.59,2730.09,2762.67,2835.41,2626.72,1810.05,1932.73,1926.03,1767.22,1565.52,1292.11
UCB,United Community Banks Inc.,35.512,4253.05,United States and Canada,US,-0.0449,0,-0.0005,-0.0335,-0.0259,-0.0089,0,-0.0064,-0.0698,-0.0454,,,,,,,1105.73,1143.6,,901.17,803.82,826.15,744.4,577.43,560.96,522.21,440.44,404.28,327.55
ACHR,Archer Aviation Inc.,5.59,4246.15,United States and Canada,US,-0.6176,0,0.0625,-0.3015,-0.6854,-0.9276,0,-0.0847,-0.2493,-0.7193,-0.8093,0,-0.0021,-0.0605,-0.5023,-0.5324,10.05,85.85,481.35,,,,,,,,,,
THO,THOR Industries Inc.,79.608,4144.18,United States and Canada,US,-0.3519,0,-0.0001,-0.0101,-0.0176,-0.0265,0,-0.0037,-0.0244,-0.0335,-0.0533,0,-0.0065,-0.0425,-0.0599,-0.1682,9468.38,9807.87,10312.44,10043.41,11121.6,16312.52,12317.38,8167.93,7864.76,8328.91,7246.95,4582.11,4006.82
BBWI,Bath & Body Works Inc.,20.353,4102.39,United States and Canada,US,-0.3703,0,-0.0014,0.0019,0.013,-0.0775,0,-0.0013,-0.0008,0.0048,-0.085,0,-0.01,-0.009,-0.0087,-0.0941,7091.59,7231.18,7454.48,7307,7429,7560,7882,6434,5405,13237,12632,12574,12154
CAAP,Corporación América Airports S.A.,25.107,4096.92,United States and Canada,US,-0.1768,0,0,0.0022,0.0386,0.0506,0,0,0.0021,0.0448,0.0598,0,0,0.0016,0.0038,0.1809,2115.11,2188.75,2282.73,1843.27,1400.04,1378.66,706.91,607.36,1558.64,1426.14,1575.15,1366.34,1187.09
BMI,Badger Meter Inc.,138.801,4023.4,United States and Canada,US,-0.3196,0,-0.0082,0.0055,-0.0567,-0.09,0,-0.0078,0.0124,-0.0454,-0.0514,0,-0.0047,0.0082,-0.0561,-0.0989,912.55,988.38,1066.75,826.56,703.59,565.57,505.2,425.54,424.63,433.73,402.44,393.76,377.7
LEGN,Legend Biotech Corporation,20.74,4011.94,United States and Canada,US,-0.4592,0,-0.001,-0.0107,-0.0351,-0.0871,0,0.012,-0.0108,-0.022,-0.1405,0,0.0155,-0.0072,-0.0373,-0.1793,1420.18,1811.31,2106.29,627.3,285.1,117,68.83,75,61.8,49.49,23.69,,
WSBC,WesBanco Inc.,41.681,3997.45,United States and Canada,US,-0.0193,0,0.0007,0.0002,-0.0133,-0.0221,0,-0.0092,-0.0087,-0.0128,,,,,,,1085.35,1161.52,,586.99,584.05,593.37,654.99,499.92,505.42,439.75,369.15,326.35,303.1
CALM,Cal-Maine Foods Inc.,85.083,3991.85,United States and Canada,US,-0.2756,0,-0.0284,-0.0744,-0.0632,-0.1791,0,-0.0651,-0.0666,-0.1152,,0,,,,,2596.76,2798.91,2966.65,4261.89,2326.44,3146.22,1777.16,1348.99,1351.61,1361.19,1502.93,1074.51,1908.65
CVBF,CVB Financial Corp.,22.644,3990.94,United States and Canada,US,-0.0309,0,-0.0143,-0.0138,0.002,0.285,0,-0.0098,-0.0084,-0.0205,,,,,,,699.4,797.3,,504.82,545.32,541.3,483.54,439.62,483.63,391.03,325.88,296.47,292.02
HHH,Howard Hughes Holdings Inc.,67.48,3989.76,United States and Canada,US,-0.259,0,0.0148,0.0148,0.0069,0.0323,0,0.0155,0.0155,-0.0059,-0.3693,0,0.4073,0.4073,,,1684.43,1464.27,2697.3,1750.69,908.75,1489.49,1427.9,699.49,1300.54,1064.54,1100.12,1035.01,797.09
MNDY,monday.com Ltd.,92.916,3986.74,United States and Canada,US,-0.648,0,-0.0005,0.0066,-0.0061,-0.0256,0,-0.0004,-0.0023,-0.0365,-0.0808,0,-0.0034,0.0028,-0.0585,-0.1493,1470.46,1707.47,1982.67,972,729.7,519.03,308.15,161.12,78.09,,,,
INDB,Independent Bank Corp.,83.677,3984.58,United States and Canada,US,-0.0437,0,-0.0093,-0.011,-0.0048,-0.0036,0,-0.0169,-0.0177,-0.0135,,,,,,,1034.4,1085.55,,653.49,707.88,718.36,489.06,425.26,501.44,380.67,338.9,304.17,287.69
CLBT,Cellebrite DI Ltd.,15.97,3983.55,United States and Canada,US,-0.2007,0,0,-0.0008,0.0197,0.0193,0,0,0.003,0.0168,0.0258,0,0,0.0145,0.0292,0.112,567.98,667.3,783.09,401.2,311.55,270.65,246.25,194.91,171.85,,,,
BULL,Webull Corporation,7.305,3967.62,United States and Canada,US,-0.5723,0,0.0412,0.0372,0.059,,0,0.0306,0.0381,-0.0128,,,,,,,744.04,908.43,,388.97,388.5,388.21,,,,,,,
YETI,YETI Holdings Inc.,52.186,3953.52,United States and Canada,US,-0.0334,0,0.0007,0.0061,0.0208,0.0141,0,0.001,0.0082,0.0193,0.029,0,0.0036,0.0109,0.0695,0.0679,2010.32,2153.61,2287.26,1829.87,1658.71,1595.22,1410.99,1091.72,913.73,778.83,639.24,818.91,468.95
WBI,WaterBridge Infrastructure LLC,31.989,3949.24,United States and Canada,US,-0.1329,0,-0.0016,-0.017,0.0287,,0,0.0032,-0.0022,0.0528,,0,0.0045,0.0112,,,899.7,1078.14,1290.02,316.3,200.77,,,,,,,,
FRMI,Fermi Inc.,6.183,3945.27,United States and Canada,US,-0.8328,0,0,-0.6365,-0.9285,,0,-0.1255,-0.3902,-0.4426,,0,-0.1172,-0.2681,-0.3016,,52.44,1144.91,3044.42,,,,,,,,,,
OSIS,OSI Systems Inc.,235.965,3889.39,United States and Canada,US,-0.243,0,-0.0004,0.0005,-0.0073,0.0227,0,-0.0004,-0.0003,-0.0032,0.0273,0,0,0.0008,0.0025,,1831.66,1940.82,2077.68,1538.76,1278.43,1183.24,1146.9,1166.04,1182.12,1089.29,960.95,829.66,958.2
SIG,Signet Jewelers Limited,96.87,3809.88,United States and Canada,US,-0.121,0,-0.0001,0,-0.0067,0.0055,0,-0.0002,-0.001,-0.0064,0.0199,0,0,0.0001,-0.0144,,6840.16,6949.54,7040.6,6703.8,7171.1,7842.1,7826,5226.9,6137.1,6247.1,6253,6690.9,6802.8
AMBA,Ambarella Inc.,86.791,3807.36,United States and Canada,US,-0.1024,0,0,0.0019,0.03,0.1468,0,0,0.0065,0.0484,0.1012,0,0,0.0251,0.0055,0.0229,441.47,504.25,593.27,284.87,226.47,337.61,331.86,222.99,228.73,227.77,295.4,310.3,316.37
TDS,Telephone and Data Systems Inc.,32.97,3753.63,United States and Canada,US,-0.3288,0,0,-0.0185,-0.0277,-0.7363,0,0,-0.0315,-0.0487,-0.7339,0,0,-0.0799,,,1245.09,1255.1,1300.55,4964,5160,5413,5329,5225,5176,5109,5044,5155,5210
JOYY,JOYY Inc.,74.489,3752.89,United States and Canada,US,-0.0286,0,0,0.0145,0.0153,0.0615,0,0,0.0096,0.0186,0.0774,0,0,0.0169,0.0502,0.2002,2329.18,2562.39,2878.71,2237.79,2267.87,2411.52,2619.05,1918.14,900.7,120.59,1781.98,1181.56,908.32
AADX,Applied Aerospace & Defense Inc.,21.508,3672.35,United States and Canada,US,-0.1127,0,0.006,,,,0,0.0028,,,,0,0.0042,,,,676.15,788.6,905.23,399.79,,,,,,,,,
NHI,National Health Investors Inc.,75.366,3653.07,United States and Canada,US,-0.1752,0,-0.0009,,0.0824,0.1009,0,-0.0126,0.0331,0.0418,-0.0263,0,0,0.0069,0.0499,-0.2458,439.72,460.78,522.69,335.58,320.39,278.76,297.17,329.69,318.08,294.61,278.66,247.25,227.18
COCO,The Vita Coco Company Inc.,62.223,3652.13,United States and Canada,US,-0.275,0,0.087,0.087,0.1704,0.2282,0,0.1689,0.1689,0.255,0.3348,0,0.1749,0.1749,0.2761,0.3825,799.19,962.37,1093.58,516.01,493.61,427.79,379.51,310.64,283.95,,,,
FG,F&G Annuities & Life Inc.,27.661,3623.59,United States and Canada,US,-0.2463,0,0,-0.0158,-0.5022,-0.4874,0,0,0.005,-0.4927,,0,0,0.0122,,,3113,3425,3650,5744,4500,2383,3970,1430,1894,711,1980,1.06,
NVTS,Navitas Semiconductor Corporation,13.878,3623.46,United States and Canada,US,-0.5939,0,0.1241,0.252,0.3233,-0.1636,0,0.0183,0.1159,0.1198,-0.276,0,-0.0053,-0.0101,-0.0469,-0.3956,47.69,74.25,123.9,83.3,79.46,37.94,23.74,11.85,1.69,,,,
MSGE,Madison Square Garden Entertainment Corp.,76.55,3621.22,United States and Canada,US,-0.0754,0,0.0003,0.0096,0.0099,0.0321,0,0.0001,0.0103,0.0137,0.0502,0,0.0004,0.0108,0.0164,,1031.29,1101.12,1158.41,959.26,851.5,653.49,81.81,584.6,,,,,
NIC,Nicolet Bankshares Inc.,172.656,3618.44,United States and Canada,US,-0.0223,0,0.0039,0.006,-0.0441,0.6928,0,0.0059,0.0079,-0.0694,,,,,,,536.75,581.64,,346.48,272.5,286.38,210.42,181.66,168.25,144.56,131.06,93.01,57.29
KBH,KB Home,58.59,3592.14,United States and Canada,US,-0.1473,0,0.0005,0.0097,-0.0719,-0.1503,0,0,-0.0008,-0.0532,-0.1366,0,0,-0.0171,-0.0802,,5117.17,5533.76,5786.97,6930.09,6410.63,6903.78,5724.93,4183.17,4552.75,4547,4368.53,3594.65,3032.03
FIBK,First Interstate BancSystem Inc.,37.528,3576.59,United States and Canada,US,-0.0757,0,-0.0061,-0.0062,-0.0086,-0.0518,0,-0.0231,-0.0231,-0.0289,-0.0712,0,-0.0123,-0.0123,-0.0203,,991.66,1022.22,1047.14,931.9,993.6,1019.7,646.4,606.7,624.1,562.7,480.6,402.1,378.06
OGN,Organon & Co.,13.605,3572.8,United States and Canada,US,-0.0004,0,0,-0.0011,0.0007,-0.0279,0,0,0.0013,0.0127,-0.0223,0,0,0.0014,-0.013,-0.046,6125.41,6236.19,6276.53,6403,6263,6174,6304,6532,7777,9777,10500,,
HG,Hamilton Insurance Group Ltd.,35.91,3564.9,United States and Canada,US,-0.0375,0,-0.0413,-0.0912,-0.0603,0.0247,0,0.027,-0.042,-0.0076,0.0605,0,0.0209,-0.0558,,,2639.26,3097.85,3417.89,2333.16,1577.23,1226.89,768.17,1327.09,690.28,,,,
PONY,Pony AI Inc.,8.145,3538.3,United States and Canada,US,-0.6732,0,0,0.1239,0.2379,0.3333,0,0,0.175,0.235,0.5277,0,0,-0.0274,0.1014,0.6445,146.86,319.67,723.32,75.03,71.9,68.39,8.12,,,,,,
FFBC,First Financial Bancorp.,33.643,3531.05,United States and Canada,US,-0.0718,0,-0.0132,-0.0132,0.0106,0.0569,0,0.0708,0.0727,0.0764,,0,,,,,1079.33,1205.38,1267.2,756.07,795.38,649.42,628.95,569.67,581.98,537.76,356.11,332.13,312.06
AAP,Advance Auto Parts Inc.,57.792,3489.75,United States and Canada,US,-0.1138,0,0.0001,0.003,-0.0107,-0.0055,0,-0.0001,0.0025,-0.0112,-0.0058,0,-0.0002,0.0036,-0.0187,-0.0072,8574.81,8787.74,8981.24,9094.33,9209.08,9148.87,10997.99,10106.32,9709,9580.55,9373.78,9567.68,9737.02
AB,AllianceBernstein Holding L.P.,37.12,3454.95,United States and Canada,US,-0.1585,0,-0.0005,-0.0301,-0.0449,-0.0367,0,0.0087,-0.0091,-0.029,-0.0204,0,-0.0321,-0.051,,,3674.69,3974.61,4186.5,,,,,,,,,,
CLMT,Calumet Inc.,39.503,3442.57,United States and Canada,US,-0.126,0,0.0003,0.0794,0.0879,0.1603,0,0.0005,0.0142,0.1137,0.1774,0,0.0007,0.2475,0.0301,0.0677,4582.52,4810.42,5349.43,4189.4,4181,4686.3,3148,2268.2,3452.6,3497.5,3763.8,3474.3,3930.3
TOWN,TowneBank,37.462,3420.12,United States and Canada,US,-0.0401,0,0.0036,0.0029,-0.0097,0.1162,0,0.0007,0.0007,-0.0236,,,,,,,1063.95,1116.02,,693.83,674.74,678.33,697.1,597.16,554.57,524.13,443.82,368.74,294.7
CURB,Curbline Properties Corp.,29.615,3406.85,United States and Canada,US,-0.0788,0,0.0633,0.071,0.1621,0.3739,0,0.0582,0.0854,0.1681,0.3103,0,0.0197,0.09,-0.2172,-0.1047,254.04,280.19,317.82,120.88,93.66,73.14,52.32,,,,,,
BKD,Brookdale Senior Living Inc.,14.21,3392.79,United States and Canada,US,-0.1685,0,-0.0065,-0.0127,-0.0302,-0.0392,0,-0.0079,-0.0146,-0.0463,-0.0637,0,0,-0.0102,,,2970.14,3073.16,3236.9,2982.57,2867.4,2597.52,2564.41,3023.26,3267.04,3521.2,3855.99,4239.38,4237.31
SFNC,Simmons First National Corporation,23.455,3387.9,United States and Canada,US,-0.0356,0,-0.004,-0.0032,0.0113,0.0245,0,-0.0094,-0.0076,0.0115,,0,-0.0066,0.0008,0.0331,,1004.19,1046.32,1102.16,728.85,759.66,869.39,815.68,804.16,756.39,658.3,467.3,398.52,371.71
AEHR,Aehr Test Systems Inc.,102.885,3356.15,United States and Canada,US,-0.1875,0,0.569,0.569,0.7848,0.6635,0,0.6408,0.6704,1.0241,1.0508,0,,,,,136.27,201.82,271,58.97,66.22,64.96,50.83,16.6,22.29,21.06,29.55,18.9,14.5
FHB,First Hawaiian Inc.,27.481,3343.91,United States and Canada,US,-0.1013,0,0.0215,0.0226,0.038,0.0488,0,0.5325,0.5373,0.5645,0.5745,0,0.5551,0.5644,,,935.68,1457.95,1525.22,793.79,810.31,791.68,754.48,611.4,752.13,723.13,715.91,709.11,670.54
ATRO,Astronics Corporation,77.718,3342.11,United States and Canada,US,-0.124,0,-0.0017,0.0155,0.0193,0.1027,0,-0.0055,0.0026,0.0229,0.1504,0,0,0,0,,986.37,1059.18,1074.15,795.43,689.21,534.89,444.91,502.59,772.7,803.26,624.46,633.12,692.28
KN,Knowles Corporation,39.08,3337.84,United States and Canada,US,-0.0897,0,0.0362,0.0362,0.0724,0.0905,0,0.0372,0.0372,0.0779,,0,,,,,666.58,712.55,796,553.5,707.6,764.7,868.1,764.3,854.8,826.9,744.2,755.7,753.6
AGO,Assured Guaranty Ltd.,75.416,3332.04,United States and Canada,US,-0.1838,0,0.0515,0.0798,0.0717,0.0798,0,0.0234,0.0097,0.0026,-0.0569,0,-0.1017,0.0482,,,883.65,849.62,944.92,830,970,818,744,1023,942,1072,1630,1387,2008
FUL,H.B. Fuller Company,61.04,3283.18,United States and Canada,US,-0.1106,0,0,0.0077,0.0337,0.0089,0,0,0.0448,0.0849,0.0395,0,0,0.0781,0.1166,,3637.16,3922.76,4169.72,3568.74,3510.93,3749.18,3278.03,2790.27,2897,3041,2306.04,2094.61,2083.66
ZIM,ZIM Integrated Shipping Services Ltd.,26.905,3242.58,United States and Canada,US,-0.1023,0,0,0.1118,0.2016,0.1408,0,0,0.0614,0.0588,0.0203,0,0,0.1138,,,6808.12,5916.91,6209.65,8427.4,5162.2,12561.6,10728.7,3991.7,3299.76,3247.86,2978.29,2539.3,2991.14
VECO,Veeco Instruments Inc.,52.779,3226.36,United States and Canada,US,-0.3908,0,0,-0.0242,0.0502,0.0736,0,0,0,0.1989,0.2842,,,,,,763.78,1002.29,,717.3,666.43,646.14,583.28,454.16,419.35,542.08,475.69,331.7,477.04
DX,Dynex Capital Inc.,12.95,3204.21,United States and Canada,US,-0.1326,0,0.0189,0.1034,0.1965,0.8994,0,-0.0162,0.0302,0.5564,,,,,,,389.91,489.17,,150.4,26.75,177,127.69,199.67,-136.7,23.7,49.91,56.93,34.03
ARLP,Alliance Resource Partners L.P.,24.625,3168.22,United States and Canada,US,-0.1638,0,0.0049,0.0099,0.02,-0.012,0,0.0045,0.0145,0.0205,-0.002,0,-0.0024,-0.0024,-0.0045,-0.0221,2235.47,2319.27,2366.4,2448.71,2566.7,2406.51,1569.98,1328.13,1961.72,2002.86,1796.22,1931.45,2273.73
WDFC,WD-40 Company,234.903,3152.66,United States and Canada,US,-0.2141,0,0.0324,0.0351,0.0493,0.0515,0,0.0323,0.0415,0.0535,0.0477,0,0.0433,0.0433,0.0433,,683.04,727.08,774.1,590.56,537.25,518.82,488.11,408.5,423.35,408.52,380.51,380.67,378.15
MZTI,The Marzetti Company,113.29,3106.68,United States and Canada,US,-0.4067,0,0,0.0014,-0.0014,-0.0073,0,0,0.0002,0.0193,0.0223,0,0,-0.0032,0.0165,,1925.38,2018.92,2050.5,1871.76,1822.53,1676.39,1467.07,1334.39,1307.79,1222.92,1201.84,1191.11,1104.51
MMS,Maximus Inc.,59.19,3099.07,United States and Canada,US,-0.4081,0,0,-0.0037,-0.0208,-0.0497,0,0,-0.007,-0.0215,-0.0502,,,,,,5295.85,5550.71,,5306.2,4904.73,4631.02,4254.48,3461.54,2886.82,2392.24,2450.96,2403.36,2099.82
AGYS,Agilysys Inc.,108.717,3058.75,United States and Canada,US,-0.2515,0,0.0083,0.0183,0.0183,0.0159,0,0.0132,0.0322,0.0445,0.0578,0,0.0057,,,,370.82,433.58,513.01,275.62,237.46,198.06,162.64,137.18,160.76,140.84,127.36,127.68,120.37
AD,Array Digital Infrastructure Inc.,35.264,3048.32,United States and Canada,US,-0.5546,0,-0.0002,-0.0291,-0.0568,-0.9443,0,0.0003,-0.0484,-0.1028,-0.9468,0,0,-0.0411,-0.0866,,203.19,193.02,195.93,3770,3906,4169,4122,4037,4022,3967,3890,3990,4031
FBK,FB Financial Corporation,60.861,3041.72,United States and Canada,US,-0.0252,0,-0.0064,-0.0091,-0.0234,-0.0109,0,-0.0105,-0.0088,-0.0303,,,,,,,713.01,761.91,,443.57,475.22,507.92,616.62,459.55,354.38,329.31,295.8,252.67,186.52
CDNL,Cardinal Infrastructure Group Inc.,64.075,3041.44,United States and Canada,US,-0.3353,0,0.0074,0.068,0.4023,,0,0.0133,0.0949,0.4298,,,,,,,717.66,797.63,,315.19,247.92,,,,,,,,
DBRG,DigitalBridge Group Inc.,15.945,3037.61,United States and Canada,US,-0.0016,0,0,-0.1141,-0.1181,-0.1307,0,0,-0.0159,-0.0159,-0.0072,0,0,-0.0446,-0.0446,0.0205,376.39,473.46,527.32,607.03,821.38,690.43,377.64,401.52,41.73,1198.36,2604.91,865.14,830.59
AEO,American Eagle Outfitters Inc.,17.959,3009.45,United States and Canada,US,-0.369,0,0.0003,0.0035,0.0236,0.103,0,0,0.0027,0.0294,0.1165,0,-0.0003,0.0005,,,5801.2,5996.56,6222.77,5328.65,5261.77,4989.83,5010.78,3759.11,4308.21,4035.72,3795.55,3609.86,3521.85
FIZZ,National Beverage Corp.,32.131,3007.85,United States and Canada,US,-0.3162,0,0.01,0.0087,0.0169,-0.0374,0,0.01,0.0087,0.0179,-0.0594,0,0.01,,,,1229.67,1237.55,1245.49,1201.35,1191.69,1172.93,1138.01,1072.21,1000.39,1014.11,975.73,826.92,704.78
AMBP,Ardagh Metal Packaging S.A.,5.024,3002.84,United States and Canada,US,-0.0748,0,0.0361,0.0361,0.0963,0.1257,0,0.036,0.036,0.0885,0.1052,0,0.0481,0.0481,0.1029,,6174.29,6320.95,6546.54,4908,4812,4689,4055,3451,3344,3338,,,
BSM,Black Stone Minerals L.P.,14.09,2997.09,United States and Canada,US,-0.0904,0,0.018,0.0253,-0.0269,-0.1747,0,0.0218,0.0359,-0.0048,-0.1083,0,0.0259,,,,439.86,492.04,554,426.97,488.59,771.23,491.44,287.56,462.94,558.52,360.69,265.22,279.56
KALU,Kaiser Aluminum Corporation,184.856,2994.44,United States and Canada,US,-0.0567,0,0.0271,0.0416,0.2165,0.2211,0,-0.0025,0.0135,0.1443,,0,-0.061,-0.0293,,,4600.63,4453.09,4226.91,3024,3087,3427.9,2622,1172.7,1514.1,1585.9,1397.5,1330.6,1391.9
PENG,Penguin Solutions Inc.,58.409,2993.03,United States and Canada,US,-0.35,0,0.0645,0.0967,0.1486,0.1184,0,0.1843,0.2313,0.3253,0.3035,0,0.1874,0.2178,0.3188,,1683.97,2198.24,2457.55,1170.8,1441.25,1395.88,1055.53,1122.38,1212,1288.82,761.29,534.42,643.47
BRZE,Braze Inc.,26.525,2987.56,United States and Canada,US,-0.2894,0,0,0.0119,0.0474,0.0915,0,0.0012,0.0097,0.0462,0.0692,0,0.0027,-0.0167,0.0168,0.0605,898.54,1047.94,1193.77,593.41,471.8,355.43,238.03,150.19,96.36,,,,
ASO,Academy Sports and Outdoors Inc.,48.137,2985.38,United States and Canada,US,-0.2291,0,-0.0001,0.0029,-0.0236,-0.0222,0,-0.0003,-0.0011,-0.0388,-0.0655,0,-0.0008,-0.01,-0.0289,-0.0793,6321.14,6639.54,6951.03,5933.45,6159.29,6395.07,6773.13,5689.23,4829.9,4783.89,4835.58,,
PK,Park Hotels & Resorts Inc.,14.76,2972.1,United States and Canada,US,-0.0465,0,-0.0018,-0.0087,-0.0178,-0.0489,0,-0.0066,-0.0128,-0.0169,-0.0541,0,0.0016,-0.0085,-0.0656,-0.1297,2512.41,2586.88,2650.86,2611,2709,2516,1355,830,2830,2730,2831,2747,2710
EROK,EagleRock Land LLC,22.861,2963.24,United States and Canada,US,-0.0782,0,0.0064,,,,0,0,,,,0,0,,,,174,202.89,229.54,17.7,,,,,,,,,
TTAM,Titan America SA,16.012,2952.01,United States and Canada,US,-0.1818,0,0.0211,0.0408,-0.0073,-0.0283,0,0.0281,0.0332,0.0015,-0.0289,0,0.0344,0.0633,0.0187,-0.0106,1776.69,1916.89,2064.91,1634.39,1591.6,1364.15,1152.42,,,,,,
NESR,National Energy Services Reunited Corp.,29.105,2935.25,United States and Canada,US,-0.0398,0,0.0133,0.049,0.0802,0.2864,0,0.0228,0.054,0.1493,0.5837,0,0.0284,0.0567,0.2868,0.8616,1897.28,2335.95,2792.41,1301.7,1145.91,909.52,876.73,834.15,658.38,597.58,,,
HUBG,Hub Group Inc.,47.813,2923.93,United States and Canada,US,-0.1023,0,0.0002,0.0002,0.0004,-0.0106,0,0,0.0024,0.0072,-0.031,0,0.0039,0.006,0.0054,-0.0224,3674.94,3806.61,4061.2,4202.59,5340.49,4232.38,3495.64,3668.12,3683.59,3123.06,2750.45,3525.59,3571.13
CLBK,Columbia Financial Inc.,10.845,2923.19,United States and Canada,US,-0.0763,0,0,0,-0.0563,0.4274,0,0,0,-0.0215,,,,,,,347.08,507.08,,165.43,228.47,291.69,281.92,234.4,199.78,179.04,149.82,150.53,143.53
EROC,ERock Inc.,10.59,2894.25,United States and Canada,US,-0.4884,0,,,,,0,,,,,0,,,,,448.32,1429.29,2205,,,,,,,,,,
WOR,Worthington Enterprises Inc.,58.434,2859.43,United States and Canada,US,-0.1381,0,0,-0.0075,0.0383,0.0846,0,0,-0.0154,0.0323,0.0624,0,0,-0.0181,0.0234,0.0364,1474.32,1524.9,1560.88,1153.76,1245.7,4916.39,5242.22,3171.43,3059.12,3759.56,3581.62,3014.11,2819.71
UNFI,United Natural Foods Inc.,47.059,2847.97,United States and Canada,US,-0.1747,0,0,-0.0036,-0.0231,-0.0257,0,0,-0.0038,-0.0216,-0.0122,0,0,-0.0054,-0.0232,-0.0016,31197.21,31873.79,32557.79,30980,30272,28928,26950,26559,22341,10226.68,9274.47,8470.29,8184.98
ABM,ABM Industries Incorporated,48.561,2844.75,United States and Canada,US,-0.0311,0,0,0.0056,0.0083,0.048,0,0,0.0064,0.0082,0.04,0,0,0.0032,0.0098,,9228.85,9556.47,9829.96,8359.4,8096.4,7806.6,6228.6,5987.6,6498.6,6442.2,5453.6,5144.7,4897.8
IMNM,Immunome Inc.,25.028,2834.43,United States and Canada,US,-0.0948,0,0,-0.3879,-0.6559,-0.8302,0,-0.0405,-0.2211,-0.2145,-0.0705,0,-0.0213,-0.0546,0.1192,0.3529,2.72,64.62,238.82,9.04,14.02,,,,,,,,
IHS,IHS Holding Limited,8.35,2811.2,United States and Canada,US,-0.067,0,0.0106,0.0391,-0.0122,-0.0052,0,-0.0189,0.0145,-0.0406,-0.0403,0,-0.039,-0.0136,-0.0136,0.0117,1773.77,1828.43,1996.05,1527.2,1925.3,1961.3,1579.73,1403.15,1231.06,1168.09,1106.95,905.61,726.74
MPT,Medical Properties Trust Inc.,4.7,2811.07,United States and Canada,US,-0.2736,0,-0.0044,-0.0014,0.0198,0.0107,0,-0.015,-0.0139,0.0102,0.0172,0,0,0,0.022,,1035.1,1081.19,1068,1039.69,885.77,1583.65,1573.16,1269.65,870.25,798.69,714.8,541.14,444.73
ETOR,eToro Group Ltd.,35.246,2803.01,United States and Canada,US,-0.4008,0,0.0031,0.037,0.0363,0.0751,0,0.009,0.0193,0.0289,0.0698,0,0.0153,0.0364,0.0663,,968.17,1069.45,1128.15,12519.98,3813.22,6264.31,945.43,512.31,229.92,,,,
NTCT,NetScout Systems Inc.,38.441,2794.73,United States and Canada,US,-0.151,0,0,0.0327,0.0327,0.06,0.0044,0.0044,0.0256,0.0167,,,,,,,903.67,926.07,,822.68,829.46,914.53,855.58,831.28,891.82,909.92,986.79,1162.11,955.42
VC,Visteon Corporation,104.15,2780.33,United States and Canada,US,-0.1933,0,0.0028,0.0079,-0.0162,224.4134,0,0.0023,0.0348,0.0095,0.0035,0,-0.0045,0.0345,0.0119,-0.0255,3799.45,4110.32,4334.71,3866,3954,3756,2773,2548,2945,2984,3146,3161,3245
HLIO,Helios Technologies Inc.,83.39,2755.74,United States and Canada,US,-0.1227,0,0.0014,0.0223,0.0364,0.0415,0,0.0004,0.0256,0.0382,0.0669,0,0.0021,0.0484,0.041,0.0601,868.32,913.79,962.5,805.9,835.6,885.4,869.2,523,554.66,508.05,342.84,196.93,200.73
WAFD,WaFd Inc.,37.154,2749.22,United States and Canada,US,-0.0591,0,0.0034,0.0035,0.0309,0.0133,0,0.0092,0.0063,0.03,,0,,,,,791.1,822.34,852.6,704.02,700.93,657.96,578.96,548.53,545.03,521.67,486.24,473.54,475.62
GCMG,GCM Grosvenor Inc.,13.571,2742.01,United States and Canada,US,-0.0559,0,0,-0.0175,-0.0245,-0.0162,0,0,0.0028,0.023,,,,,,,573.01,653.04,,511.74,443.92,445.59,530.18,429.17,415.56,378.5,377.01,,
ARX,Accelerant Holdings,12.469,2720.75,United States and Canada,US,-0.5908,0,-0.0001,0.0744,0.0698,,0,0.0069,0.053,0.0552,,0,0.0224,0.0464,,,1108.85,1250.3,1476.89,561.8,324.2,220.3,101.2,,,,,,
SDRL,Seadrill Limited,43.257,2704.88,United States and Canada,US,-0.2202,0,0.0137,0.0394,0.0608,0.1103,0,0.0025,0.0211,0.0636,0.0822,0,-0.0082,0.0085,,,1495.65,1695.18,1696.3,1315,1444,936,840,894,1201,1182,1999,2969,4106
ATAI,AtaiBeckley Inc.,7.245,2680.32,United States and Canada,US,-0.0007,0,-0.0352,1.1073,1.7838,4.7059,0,-0.2727,0,-0.5714,-0.9942,0,-0.8033,-0.7876,-0.9922,-0.9984,1.07,0.22,0.22,0.31,0.31,0.23,20.38,,,,,,
FRME,First Merchants Corporation,42.582,2674.21,United States and Canada,US,-0.0606,0,-0.0051,-0.0047,0.0023,0.1351,0,-0.008,-0.0076,-0.0023,,,,,,,805.79,846.53,,610.99,647.5,611.39,520,433.38,440.55,408.09,339.15,286.02,256.34
WLY,John Wiley & Sons Inc.,52.354,2662.89,United States and Canada,US,-0.0887,0,-0.014,0.0217,0.0324,0.0145,0,-0.0163,0.0278,,,,,,,,1755,1810,,1677.61,1872.99,2019.9,2082.93,1941.5,1831.48,1800.07,1796.1,1718.53,1727.04
IMAX,IMAX Corporation,48.49,2659.29,United States and Canada,US,-0.0603,0,0.0074,0.0048,0.0063,0.0416,0,-0.0024,0.0014,-0.0089,0.07,0,-0.0051,-0.0006,-0.0144,,444.18,471.71,499.42,352.21,374.84,300.81,254.88,137,395.66,374.4,380.77,376.06,373.66
NRIX,Nurix Therapeutics Inc.,25.528,2649.34,United States and Canada,US,-0.0146,0,13.6502,13.2025,12.0815,10.4011,0,0.5988,0.608,0.6873,0.4297,0,1.2034,1.3282,1.814,0.8845,755.34,120.76,315.54,54.55,76.99,38.63,29.75,17.82,31.11,37.45,,,
MAN,ManpowerGroup Inc.,56.6,2632.32,United States and Canada,US,-0.023,0,0.0139,0.0139,0.021,0.0393,0,0.0163,0.0163,0.0228,0.0308,0,0.0267,0.0267,0.0263,,19163.67,19866.11,20653.42,17853.9,18914.5,19827.5,20724.4,18001,20863.5,21991.2,21034.3,19654.1,19329.9
HTO,H2O America,62.717,2625.13,United States and Canada,US,-0.0652,0,0.0007,-0.058,0.0396,0.0432,0,-0.0098,-0.0103,0.0973,0.0768,0,-0.0068,-0.0094,,0.1418,869.47,916.42,1033.32,748.44,670.36,620.7,573.69,564.53,420.48,397.7,389.23,339.71,305.08
NKTR,Nektar Therapeutics,76.535,2585.81,United States and Canada,US,-0.2978,0,0.0055,-0.0019,-0.0164,0.0366,0,0.0022,0.0297,0.0278,0.0786,0,-0.0648,-0.0687,-0.0773,-0.0947,41.44,36.99,43.56,98.43,90.12,92.06,101.91,152.91,114.62,1193.32,307.71,165.44,230.78
RUM,RUM Group Inc.,6.387,2551.19,United States and Canada,US,-0.394,0,0,-0.4791,-0.4704,0.5535,0,0,-0.3495,-0.3188,1.5215,0,0,0.0154,0.0458,2.0507,239.63,440.72,734.53,95.49,80.96,39.38,9.47,4.56,3.36,,,,
HIMX,Himax Technologies Inc.,14.611,2548.54,United States and Canada,US,-0.4177,0,0,0.0522,-0.0025,-0.0753,0,0,0.148,0.1594,0.11,0,0,,,,933.55,1160.72,1415.27,906.8,945.43,1201.34,1547.1,887.28,671.84,723.61,685.17,802.92,691.79
AVEX,AEVEX Corp.,22.17,2528.3,United States and Canada,US,-0.4764,0,0,,,,0,0,,,,0,0,,,,605.7,683.07,817.5,392.19,,,,,,,,,
COTY,Coty Inc.,2.82,2482.92,United States and Canada,US,-0.4449,0,0,-0.0052,-0.0228,-0.0313,0,-0.0052,-0.0161,-0.0452,-0.0671,0,-0.0308,-0.0391,-0.0649,-0.0967,5738.43,5744.85,5732.74,6118,5554.1,5304.4,4629.9,4717.8,6287.9,6841.8,7650.3,4349.1,4395.2
HAWK,HawkEye 360 Inc.,25.19,2467.61,United States and Canada,US,-0.295,0,0.0006,,,,0,-0.0019,,,,0,0.0016,,,,213.41,267.95,329.42,67.56,,,,,,,,,
VISN,Vistance Networks Inc.,10.935,2466.6,United States and Canada,US,-0.4679,0,0,0.0034,0.0343,-0.6296,0,0,0.0043,,-0.6299,0,,,,,2110.25,2318,2468.38,1382.6,1863.8,5788.8,6737.4,8435.9,8345.1,4568.5,4560.6,4923.62,3807.83
ROG,Rogers Corporation,134.38,2401.15,United States and Canada,US,-0.2049,0,0.0132,0.0132,0.0073,0.0151,0,0.0131,0.0131,0.0311,,0,0.0119,,,,872.23,942.33,1035,830.1,908.4,971.17,932.89,802.58,898.26,879.09,821.04,656.31,641.44
CALX,Calix Inc.,37.991,2392.06,United States and Canada,US,-0.4666,0,0.0069,0.0069,0.0438,0.1377,0,0.0014,0.0015,0.0592,0.1403,0,-0.0045,-0.0045,,,1191.52,1377.79,1596.87,831.52,1039.59,867.83,679.39,541.24,424.33,441.32,510.37,458.79,407.46
EFSC,Enterprise Financial Services Corp,65.918,2385.74,United States and Canada,US,-0.0409,0,0.0002,0.0139,0.0027,0.0505,0,0.0022,0.0164,0.0088,,,,,,,772.81,805.63,,607.34,585.52,531.12,406.52,252.5,276.13,223.37,201.18,159.91,140.63
VERA,Vera Therapeutics Inc.,32.896,2361.37,United States and Canada,US,-0.4131,0,-0.1556,-0.0696,-0.1254,-0.168,0,0.0298,-0.013,-0.0381,0.2739,0,0.0863,0.0331,0.1575,0.3821,32.1,261.07,712.6,,,,,,,,,,
ARR,ARMOUR Residential REIT Inc.,16.68,2361.1,United States and Canada,US,-0.1362,0,0.1627,0.1627,0.0163,0.1448,0,0.0657,0.0657,,,,,,,,315,372.46,,39.26,-24.37,-192.1,50.28,-184.52,-211.8,-68.94,216.99,-14.5,5.74
NOG,Northern Oil and Gas Inc.,21.6,2339.74,United States and Canada,US,-0.307,0,0.003,-0.037,-0.0848,-0.0777,0,0.0208,0.0285,0.0679,0.0614,0,0.0081,0.0058,-0.093,,1921.88,2365.88,2368.14,2006.67,1746.89,1827.6,898.14,294.29,543.47,448.62,203.38,144.21,181.11
BKE,The Buckle Inc.,45.929,2324.89,United States and Canada,US,-0.2555,0,0,-0.0036,0.0112,0.0687,0,0,-0.0024,0.0095,0.0814,0,0,0.0002,,,1345.61,1414.07,1459.36,1217.69,1261.1,1345.19,1294.61,901.28,900.25,885.5,913.38,974.87,1119.62
GSHD,Goosehead Insurance Inc.,65.161,2314.25,United States and Canada,US,-0.2823,0,0.0184,0.018,-0.0039,-0.0442,0,0.0052,-0.0031,-0.0614,-0.1082,0,-0.0032,-0.0032,-0.0481,,426.79,492.92,591.99,313.57,259.83,207.99,150.16,116.2,76.87,59.73,42.47,31.38,
AMC,AMC Entertainment Holdings Inc.,2.59,2311.85,United States and Canada,US,-0.2055,0,0.0103,0.0225,0.0399,0.0434,0,0.0054,0.0149,0.034,0.0332,0,0.013,0.0217,0.0402,,5497.15,5744.31,6031.94,4637.2,4812.6,3911.4,2527.9,1242.4,5471,5460.8,5079.2,3235.9,2946.9
RAMP,LiveRamp Holdings Inc.,37.815,2298.63,United States and Canada,US,-0.0108,0,0,-0.0003,0.0109,0.0086,0,0,-0.0052,-0.0071,0.0234,0,0,0,,,886.34,972.82,1024.1,745.58,659.66,596.58,528.66,443.03,380.57,285.62,220.1,174.76,850.09
NMM,Navios Maritime Partners L.P.,79.09,2297.32,United States and Canada,US,-0.0453,0,-0.0092,0.0494,0.0404,0.2158,0,0.0103,0.0758,0.0816,,0,0,0.0815,,,1463.88,1491.59,1598.5,1334.07,1306.89,1210.53,713.17,226.77,219.38,231.36,211.65,190.52,223.68
MCRI,Monarch Casino & Resort Inc.,124.431,2230.12,United States and Canada,US,-0.0846,0,-0.0011,-0.0011,0.019,0.0034,0,-0.004,-0.0041,0.0161,0.0222,0,0.0067,0.0067,0.0241,,571.2,581.86,593.78,522.19,501.48,477.87,395.38,184.41,249.17,240.31,230.73,217.03,202.25
TILE,Interface Inc.,38.37,2227.62,United States and Canada,US,-0.053,0,0.0006,0.0102,0.0081,0.0061,0,0.0007,0.0107,0.0104,0.0033,0,,,,,1465.95,1548.98,1676.7,1315.66,1261.5,1297.92,1200.4,1103.26,1343.03,1179.57,996.44,958.62,1001.86
NN,NextNav Inc.,16.305,2222.45,United States and Canada,US,-0.3323,0,0.0022,-0.0263,-0.019,-0.4422,0,0,0,,,,,,,,3.8,3.2,,5.67,3.86,3.93,0.76,0.57,0.16,,,,
MH,McGraw Hill Inc.,11.6,2218.8,United States and Canada,US,-0.3556,0,0,-0.0085,-0.0076,,0,0,-0.0185,-0.0176,,0,0,-0.0128,-0.0263,,2148.67,2251.27,2321.14,2101.3,1960.48,1947.77,1790.22,1544.7,1584.76,1571.39,1596.94,1719.07,1740.03
GRC,The Gorman-Rupp Company,83.808,2213.39,United States and Canada,US,-0.0967,0,0.0035,-0.0064,0.0136,0.0107,0,0.0065,-0.0029,0.0465,,0,0.0012,,,,723.73,764.62,774,659.67,659.51,521.03,378.32,348.97,398.18,414.33,379.39,382.07,406.15
OFG,OFG Bancorp,52.301,2210.5,United States and Canada,US,-0.0282,0,0.0261,0.0261,0.0406,-0.0021,0,0.0364,0.0364,0.0262,-0.0281,0,0.003,0.003,,,750.97,753.96,764.23,629.44,628.61,589.61,541.84,432.84,308.19,339.88,302.2,313.17,228.45
KSS,Kohl's Corporation,19.3,2188.62,United States and Canada,US,-0.2347,0,0.0018,0.0079,0.0013,0.0265,0,0,0.0075,-0.0236,0.0301,0,-0.0149,-0.0135,-0.043,,14991.09,15017.66,15260.66,16221,17476,18098,19433,15955,19974,20229,20084,19681,19204
RAPP,Rapport Therapeutics Inc.,45.43,2179.65,United States and Canada,US,-0.0466,0,0,1,,,,,,,,,,,,,20,0,0,,,,,,,,,,
HE,Hawaiian Electric Industries Inc.,12.4,2140.68,United States and Canada,US,-0.2863,0,0,0,-0.1225,-0.0987,0,0.0005,0.0005,-0.1043,-0.1043,0,0.0009,0.0009,-0.1032,-0.1011,3156.5,3309.5,3409,3219.85,3287.5,3420.92,2850.38,2579.78,2873.95,2860.85,2555.63,2380.65,2602.98
PLGO,Pelagos Insurance Capital Limited,25.038,2140.67,United States and Canada,US,-0.0494,0,0,0.0008,-0.1154,-0.1413,0,-0.003,0.0121,-0.1235,-0.171,0,-0.0435,0.0023,,,2639.05,2902.6,3170.69,2420,3596.2,1513.6,1189.3,781.4,,,,,
ASAN,Asana Inc.,9.264,2135.44,United States and Canada,US,-0.4103,0,0,0.0076,0.0043,0.0126,0,0,0.0083,-0.0056,-0.0115,0,0,0.0037,-0.0284,-0.0401,860.83,929.19,1007.06,723.88,652.5,547.21,378.44,227,142.61,76.77,,,
NEO,NeoGenomics Inc.,16.571,2128.97,United States and Canada,US,-0.0017,0,0.0046,0.0046,0.0098,0.0101,0,0.0047,0.0047,0.0164,0.0239,0,0.0016,0.0016,0.0002,0.0475,804.16,884.79,966.22,660.57,591.64,509.73,484.33,444.45,408.83,276.74,240.25,231.81,99.8
SRCE,1st Source Corporation,88.147,2122.74,United States and Canada,US,-0.0362,0,0.0207,0.0217,0.0293,0.0516,0,0.0188,0.021,0.027,,,,,,,468.82,482.54,,374.66,363.4,341.49,340.22,294.52,309.45,291.62,275.66,252.77,247.68
PRDO,Perdoceo Education Corporation,33.847,2122.31,United States and Canada,US,-0.1209,0,0,0.0011,-0.0105,-0.0048,0,0,0,,,,,,,,866,890,,681.26,710,695.21,693.03,687.31,627.7,581.3,596.43,704.39,847.27
BLX,Bladex Inc.,56.99,2121.75,United States and Canada,US,-0.0982,0,0,0.008,0.0633,0.0988,0,0,0.0033,0.0481,0.103,0,0,0.0015,0.0921,,378,410.33,454.33,286.34,238.66,147.15,101.62,100.89,126.7,70.05,126.67,132.72,151.29
NTST,NETSTREIT Corp.,20.707,2111.54,United States and Canada,US,-0.0785,0,0.0156,0.0337,0.1155,0.2065,0,0.0248,0.0632,0.1017,0.3592,0,0.0269,0.1018,0.0798,0.3503,250.01,296.67,333.52,162.78,131.91,96.28,59.14,33.73,20.32,23.83,,,
HMN,Horace Mann Educators Corporation,52.22,2108.7,United States and Canada,US,-0.0601,0,-0.0002,-0.0186,-0.0234,-0.0182,0,-0.0002,-0.0119,-0.02,-0.0074,0,-0.0001,-0.0118,,,1769,1858,1934,1595.2,1491.9,1382.9,1330.1,1310.4,1430.5,1191.6,1171.55,1128.91,1080.45
ATRC,AtriCure Inc.,41.404,2106.07,United States and Canada,US,-0.0411,0,0.0021,0.0035,0.0064,0.0167,0,0.0017,0.0027,0.0025,0.007,0,0.0016,-0.0026,-0.0082,0.0045,606.23,679.63,764.63,465.31,399.25,330.38,274.33,206.53,230.81,201.63,174.72,155.11,129.09
NCNO,nCino Inc.,19.154,2098.38,United States and Canada,US,-0.4353,0,0,0.0042,0.0065,0.0195,0,0.0002,0.0033,0.0014,0.0011,0,0.0005,-0.0004,,,644.69,701.76,763.97,540.66,476.54,408.31,273.87,204.29,138.18,91.53,58.14,,
STC,Stewart Information Services Corporation,68.293,2084.45,United States and Canada,US,-0.1312,0,0.028,0.0262,0.0712,0.1276,0,0.0558,0.0527,0.0941,0.1543,0,0.0243,0.0177,0.0528,,3549.72,3877.13,4021.8,2488.82,2257.34,3070.9,3298.59,2287.23,1940.01,1907.67,1955.72,2013.34,2035.59
MFP,Midera Food Processing Inc.,45.957,2077.93,United States and Canada,US,-0.0783,0,0.0039,,,,0,0.0097,,,,0,,,,,934.17,986.43,1069.7,772,759.27,,,,,,,,
SPB,Spectrum Brands Holdings Inc.,90.164,2073.37,United States and Canada,US,-0.0898,0,-0.0013,0.0057,0.0076,0.0128,0,-0.0019,0.0065,0.0073,0.0142,0,-0.001,0.0028,0.0023,-0.0032,2854.39,2897.63,2925.46,2963.9,2918.8,3132.5,2998.1,2622.1,2446.4,3808.7,3706.5,3038.3,4753.8
QUBT,Quantum Computing Inc.,9.17,2068.16,United States and Canada,US,-0.6451,0,0,0.8403,13.7998,13.2193,0,0,0.9598,3.371,,0,0,,,,41.24,65.51,109.53,0.37,0.36,0.14,,,,,,3.48,3.86
GTY,Getty Realty Corp.,33.393,2068.12,United States and Canada,US,-0.0934,0,-0.025,-0.0111,-0.0079,0.054,0,0.0043,0.0209,0.0345,0.0768,0,0,0.1174,,,232.87,256.66,289.9,203.39,185.85,165.59,155.41,147.35,140.66,136.11,120.15,115.27,110.78
AVAH,Aveanna Healthcare Holdings Inc.,9.496,2067.8,United States and Canada,US,-0.0798,0,-0.0011,0.0274,0.028,0.1508,0,0.0042,0.0336,0.034,0.1741,0,0,0.0334,0.0414,,2629.53,2794.02,2930.38,2024.51,1895.21,1787.64,1678.62,1495.11,1384.07,1253.67,,,
PSNY,Polestar Automotive Holding UK PLC,14.17,2053.29,United States and Canada,US,-0.6674,0,0,-0.0471,-0.1396,-0.4455,0,0,-0.0901,-0.1324,-0.503,0,0,-0.0794,-0.1161,-0.3428,3712.05,5284.79,7535.25,2034.26,2368.09,2440.82,1346.35,610.25,92.42,,,,
ZBIO,Zenas BioPharma Inc.,32.467,2049.75,United States and Canada,US,-0.272,0,0,0.7056,1.0467,0.7033,0,0.0079,-0.1297,-0.1065,0.1431,0,0.0221,-0.0636,0.0401,-0.237,36.26,63.75,133.11,5,50,,,,,,,,
DRD,DRDGOLD Limited,23.631,2049.75,United States and Canada,US,-0.3998,0,-0.0012,0.0745,0.0438,0.4779,0,-0.1841,-0.1162,-0.1311,0.5318,0,-0.1811,-0.2974,-0.326,,655.31,806.97,800.2,342.93,292.02,314.61,368.8,241.08,196.08,181.56,178.84,165.26,173.3
CHCO,City Holding Company,145.037,2038.06,United States and Canada,US,-0.0172,0,0.0081,0.0081,0.0078,0.0275,0,0.0044,0.0044,0.0031,,,,,,,327.87,336.56,,291.75,286.63,251.64,228.38,226.6,231.1,201.08,186.73,173.38,164.38
CCS,Century Communities Inc.,71.332,2028.18,United States and Canada,US,-0.0614,0,0.0105,0.03,-0.0174,-0.1025,0,-0.0026,0.0035,-0.0834,,,,,,,3816.7,3947.8,,4398.29,3692.18,4505.92,4216.31,3161.19,2535.91,2147.41,1423.8,994.44,734.49
SGRY,Surgery Partners Inc.,15.528,2012.12,United States and Canada,US,-0.3557,0,0,0,-0.0431,-0.0758,0,0,-0.0007,-0.0658,-0.1202,0,0,-0.0206,-0.0635,-0.1579,3408.41,3588.05,3810.45,3114.3,2743.3,2539.3,2225.1,1860.1,1831.4,1771.5,1312.4,1121.23,936.31
ZD,Ziff Davis Inc.,53.947,1987.16,United States and Canada,US,-0.0708,0,0,-0.0044,-0.1925,-0.1993,0,0,-0.0058,-0.2047,-0.2148,0,0,-0.0176,,,1216.84,1235.46,1261.11,1401.69,1364.03,1391,1416.72,1158.83,1050.46,1207.3,1117.84,874.25,720.82
ALMR,Alamar Biosciences Inc.,28.461,1972.67,United States and Canada,US,-0.0329,0,0,,,,0,0.0003,,,,0,0.0032,,,,113.22,162.01,222.05,25.14,,,,,,,,,
LOB,Live Oak Bancshares Inc.,42.6,1971.68,United States and Canada,US,-0.0433,0,0.0002,0.0046,-0.0007,-0.0548,0,-0.0079,-0.0142,-0.0057,,,,,,,639.86,739.23,,391.81,383.34,508.33,438.59,240.06,187.79,198.41,240.52,127.67,106.11
INVX,Innovex International Inc.,28.1,1965.2,United States and Canada,US,-0.1664,0,0,0.0337,0.0048,0.0139,0,0,0.0643,0.0381,0.0571,0,0,0.0757,0.0486,0.0728,1005.78,1100.44,1161.8,660.8,555.54,467.19,294.84,,,,,,
WB,Weibo Corporation,7.933,1948.92,United States and Canada,US,-0.3879,0,0,-0.0337,0.0225,-0.002,0,0,-0.0334,0.0214,-0.0051,0,0,-0.0411,-0.0096,-0.0686,1802.67,1841.41,1874.75,1754.68,1759.84,1836.33,2257.08,1689.93,1766.91,1718.52,1150.05,655.8,477.89
RBCAA,Republic Bancorp Inc.,98.957,1943,United States and Canada,US,-0.0319,0,0.0261,0.0261,0.0357,0.028,0,0.0358,0.0358,0.046,,,,,,,417.4,433.5,,330.43,310.88,286.15,294.51,288.09,285.38,258.12,228.06,198.88,166.44
AMR,Alpha Metallurgical Resources Inc.,152.094,1933.82,United States and Canada,US,-0.4008,0,-0.0479,-0.0717,-0.1441,-0.2101,0,-0.0217,-0.0371,-0.0162,-0.0195,0,-0.0063,-0.012,-0.1336,0.0136,2200.51,2686.76,2739.75,2957.28,3471.42,4101.59,2258.69,1416.19,2001.28,2031.2,1649.97,917.41,926.02
ATEX,Anterix Inc.,99.119,1932.67,United States and Canada,US,-0.1228,0,0,2.1559,2.242,1.49,0,0,,,,0,,,,,20.82,27.83,8.98,6.03,4.19,1.92,1.08,0.92,1.56,6.5,6.36,4.79,3.54
EPAC,Enerpac Tool Group Corp.,37.713,1928.55,United States and Canada,US,-0.1619,0,-0.0016,-0.0016,0.0014,-0.0159,0,-0.0076,-0.0076,-0.0036,-0.0274,0,-0.0155,-0.0155,,,639.67,671.1,703.3,589.51,598.2,571.22,528.66,493.29,654.76,641.3,616.59,1149.41,1249.25
PLAB,Photronics Inc.,32.652,1925.28,United States and Canada,US,-0.4169,0,0,-0.0279,-0.0284,-0.026,0,0,-0.0321,-0.0509,,0,0,,,,859.43,898.26,961.74,866.95,892.08,824.55,663.76,609.69,550.66,535.28,450.68,483.46,524.21
SMA,SmartStop Self Storage REIT Inc.,34.338,1901.26,United States and Canada,US,-0.1366,0,0.058,0.0299,-0.0157,0.115,0,0.0567,0.0294,-0.0466,0.057,0,-0.0002,0.0099,0.0023,-0.0572,313.67,331.35,346.08,227.56,224.33,206.32,163.37,118.22,106.27,80.41,76.11,45.43,17.91
CTS,CTS Corporation,66.281,1892.73,United States and Canada,US,-0.047,0,0.0095,0.0095,0.0267,0.0202,0,0.0142,0.0142,0.0414,,,,,,,576.5,613.98,,515.77,550.42,586.87,512.92,424.07,469,470.48,422.99,396.68,382.31
SNDA,Sonida Senior Living Inc.,40.366,1884.67,United States and Canada,US,-0.0905,0,0.0065,-0.0285,1.0718,1.0588,0,0.0138,-0.0026,1.2897,1.2714,0,0.0359,,,,733.93,856.72,911.87,271.23,234.22,211.06,193.82,358.92,447.1,460.02,465.25,445.72,410.99
SAM,The Boston Beer Company Inc.,186.577,1880.82,United States and Canada,US,-0.2945,0,-0.0174,-0.0179,-0.0334,-0.045,0,-0.0243,-0.0248,-0.0453,-0.0584,0,-0.0278,-0.0291,-0.0653,-0.0928,1916.77,1932.89,1944.77,2012.93,2008.63,2090.33,2057.62,1736.43,1249.82,995.65,862.99,906.45,959.93
VSTS,Vestis Corporation,14.206,1876.68,United States and Canada,US,-0.1594,0,0,0.0059,0.0065,-0.0257,0,0,0.0071,0.007,-0.0467,0,0,0.0087,-0.0027,-0.0455,2661.45,2706.9,2775.99,2805.82,2825.29,2687.01,2456.58,2562,,,,,
WKC,World Kinect Corporation,36.417,1862.79,United States and Canada,US,-0.1161,0,0.1585,0.1585,0.2567,0.2379,0,0.1073,0.1073,0.2287,0.1782,0,-0.0063,-0.0063,,,47182.16,43415.08,34021.01,42168,47710.6,59043.1,31337,20358.3,36819,39750.3,33695.5,27015.8,30381.4
NBHC,National Bank Holdings Corporation,42.624,1857.78,United States and Canada,US,-0.0985,0,-0.0183,-0.0183,-0.0176,0.1957,0,-0.0158,-0.0158,-0.0143,,,,,,,534.41,572.36,,399.74,417.57,297.42,306.8,315.57,277.07,263.04,172.34,162.02,164.9
GEL,Genesis Energy L.P.,15.062,1844.56,United States and Canada,US,-0.192,0,0,0.0696,0.0764,-0.2241,0,0,0.0497,,,,,,,,1690,1690,,1660.83,1721.32,2788.96,2125.48,1824.65,2480.82,2912.77,2028.38,1712.49,2246.53
TCBK,TriCo Bancshares,57.261,1830.38,United States and Canada,US,-0.0721,0,0.0048,0.0048,0.006,0.0193,0,0.0038,0.0038,0.0036,,,,,,,450.38,468.98,,389.19,394.06,391.31,341.71,269.54,311.37,261.64,223.82,218.52,203.4
CASH,Pathward Financial Inc.,86.97,1828.45,United States and Canada,US,-0.1411,0,-0.0093,-0.0093,-0.0052,-0.0611,0,-0.0135,-0.0135,-0.0084,,,,,,,818.35,864.9,,738.31,615.18,572.59,497.53,434.06,431.1,285.64,254.81,173.47,115.93
TFIN,Triumph Financial Inc.,75.908,1813.79,United States and Canada,US,-0.0911,0,0.038,0.0448,0.0379,-0.0494,0,0.0349,0.0454,0.0342,,,,,,,474.94,524.68,,397.1,406.05,476.75,432.46,306.78,279.53,233.85,163.85,126.62,104.3
OPRA,Opera Limited,19.972,1790.45,United States and Canada,US,-0.0517,0,0,0,0.068,0.1037,0,0,0,0.0873,0.1004,0,0,0,0.1469,0.0663,736.72,850.3,968.91,480.65,396.83,331.04,250.99,165.06,177.08,161.33,128.89,107.28,
CMRE,Costamare Inc.,14.639,1767.49,United States and Canada,US,-0.1892,0,0.0179,0.0179,0.0377,0.0827,0,0.0053,0.0053,0.0502,0.1534,0,0.0337,0.0337,,,833.26,830.69,820.07,888.49,848.29,1113.86,793.64,460.32,478.11,380.4,412.43,468.19,490.38
BY,Byline Bancorp Inc.,38.838,1755.15,United States and Canada,US,-0.0298,0,-0.0016,-0.0016,-0.0009,0.0306,0,-0.0099,-0.0099,0.0002,,,,,,,465.1,479.92,,379.86,353.28,298.39,297.33,215.59,250.56,209.38,159.29,106.17,90.5
PRGS,Progress Software Corporation,42.771,1754.16,United States and Canada,US,-0.0971,0,-0.001,0.0016,0.0024,0.0118,0,-0.003,0.0004,-0.0004,-0.0025,0,0,-0.0014,-0.0054,-0.0159,995.75,1005.37,1018.57,753.41,694.44,602.01,531.31,442.15,413.3,378.98,389.15,405.34,377.55
CBL,CBL & Associates Properties Inc.,56.614,1752.21,United States and Canada,US,-0.0627,0,0,,,,,,,,,,,,,,586,,,515.56,535.29,563.01,576.88,575.86,768.7,858.56,927.25,1028.26,1055.02
SEPN,Septerna Inc.,38.872,1752.18,United States and Canada,US,-0.0437,0,-0.0004,0.1712,0.0379,1.4811,0,-0.0005,0.1017,-0.1544,0.975,0,0,0.1104,0.2896,0.5709,76.91,65.83,58.91,1.07,0.15,,,,,,,,
IE,Ivanhoe Electric Inc.,11.02,1744.37,United States and Canada,US,-0.4886,0,-0.0016,-0.1293,-0.0409,-0.1793,0,-0.1087,-0.1722,-0.0556,-0.4065,,,,,,3.28,3.26,,2.9,3.9,8.44,4.65,4.63,3.75,,,,
ARCO,Arcos Dorados Holdings Inc.,8.235,1734.81,United States and Canada,US,-0.1554,0,0.0076,0.0058,0.0449,0.041,0,0.007,0.0104,0.0362,0.0165,0,0.0067,-0.0014,0.0508,0.0074,5264.36,5601.51,5990.76,4470.16,4331.88,3618.9,2659.94,1984.22,2959.08,3081.57,3319.53,2928.63,3052.74
EFC,Ellington Financial Inc.,13.596,1726.9,United States and Canada,US,-0.0371,0,0,0.0028,0.1825,0.3917,0,0,-0.0229,0.2048,0.491,,,,,,643.39,688.82,,303.23,251.79,41.69,145.32,43.33,88.63,79.35,60.56,58.98,84.86
GLP,Global Partners LP,50.195,1716.75,United States and Canada,US,-0.0574,0,0,-0.0641,-0.0474,0.0216,0,0,0.0194,0.0425,0.1488,0,0,,,,28228.98,34356.43,37068.59,17163.57,16492.17,18877.89,13248.28,8321.6,13081.73,12672.6,8920.55,8239.64,10314.85
WOLF,Wolfspeed Inc.,32.87,1708.32,United States and Canada,US,-0.5933,0,0,0.0366,0.0783,-0.0611,0,-0.0055,-0.0397,0.0085,-0.1705,0,-0.0214,,,,788.94,825.86,801.5,807.2,758.5,572.1,525.6,470.7,538.2,924.9,771.5,1616.63,1632.51
ITG,ITG Inc.,13.7,1700.95,United States and Canada,US,-0.2887,0,,,,,0,,,,,0,,,,,1536.33,1861.39,2097.71,998,,,,,,,,,
BFC,Bank First Corporation,153.496,1700.63,United States and Canada,US,-0.0251,0,-0.0126,0.0188,-0.0159,-0.0391,0,-0.0141,0.2655,0.2367,,,,,,,265.6,342.7,,158.25,179.01,121.59,110.5,101.83,77.05,71.66,54.5,47.49,42.45
QCRH,QCR Holdings Inc.,103.719,1697.6,United States and Canada,US,-0.0266,0,0.0095,0.0095,-0.0318,0.0135,0,0.0066,0.0066,-0.0325,,,,,,,428.94,452.54,,330.22,337.15,303.56,275.16,224.2,223.94,171.28,138.08,118.08,93.79
LILA,Liberty Latin America Ltd.,8.515,1689.46,United States and Canada,US,-0.0581,0,0,0.0228,0.0204,-0.0411,0,0,0.0017,-0.0045,-0.0326,0,0,0.0018,0.0101,-0.0422,4468.61,4605.83,4749.87,4456.9,4511.1,4815.1,4814.8,3782.4,3867,3705.7,3590,2723.8,1217.3
LZB,La-Z-Boy Incorporated,42.14,1686.07,United States and Canada,US,-0.0615,0,0,-0.0016,-0.0106,-0.0357,0,0,0.0086,0.0118,-0.0268,0,0,,-0.0101,-0.0502,2168.85,2239.89,2258.9,2109.21,2047.03,2349.43,2356.81,1734.24,1703.98,1745.4,1583.95,1520.06,1525.4
EMAT,Evolution Metals & Technologies Corp.,2.827,1677.4,United States and Canada,US,-0.8826,0,0,,,,0,0,,,,0,0,,,,9.88,106,510,,,,,,,,,,
ANAB,AnaptysBio Inc.,56.628,1676.67,United States and Canada,US,-0.2274,0,-0.1429,0.3937,-0.2191,0.0501,0,-0.0028,0.034,-0.0655,0.5092,0,-0.0282,-0.0184,0.2683,1.8018,94.28,153.19,307.39,91.28,17.16,10.29,63.17,75,8,5,10,16.68,17.57
RLJ,RLJ Lodging Trust,11.137,1676.37,United States and Canada,US,-0.136,0,0.0023,0.0122,0.0076,-0.006,0,0.0036,0.0108,0.0009,-0.0149,0,0,0.0085,-0.0061,,1381.69,1410.4,1449.97,1369.9,1326,1194.12,785.19,464.63,1567.86,1763.33,1356.88,1159.99,1136.34
SNOW,Snowflake Inc.,330.49,114548.8,United States and Canada,US,-0.0027,0,-0.0027,0.0286,0.0531,0.0904,0,0.0012,0.0412,0.0739,0.1043,-0.0001,0.0037,0.0612,0.0993,0.1419,6084.08,7648.53,9592.2,3626.4,2806.49,2065.66,1219.33,592.05,264.75,96.67,,,
ABT,Abbott Laboratories,107.81,186552.62,United States and Canada,US,-0.2159,0,0.0009,0.0001,0.0499,0.0447,0,-0.0018,-0.0031,0.0605,0.0579,0,-0.0038,-0.0053,0.0595,0.0624,50304.33,54648.55,58413.37,41950,40109,43653,43075,34608,31904,30578,27390,20853,20405
WERN,Werner Enterprises Inc.,37.511,2249.8,United States and Canada,US,-0.2101,0,0.0044,0.0066,-0.0115,0.138,-0.0001,0.0065,0.0097,-0.0203,0.1632,0,0.0295,0.0383,,,3611.93,3876.59,4144.69,3030.26,3283.5,3289.98,2734.37,2372.18,2463.7,2457.91,2116.74,2008.99,2093.53
LAZ,Lazard Inc.,44.2,4307.32,United States and Canada,US,-0.2477,0,-0.0158,-0.0141,-0.063,-0.0642,0,-0.0022,-0.0059,0.0161,0.0085,0,-0.0205,-0.0173,-0.009,,3328.59,3998.69,4298.65,3048.99,2521.06,2773.17,3194.28,2566.86,2583.33,2829.23,2642.41,2334.52,2327.63
CME,CME Group Inc.,263.631,94796.24,United States and Canada,US,-0.1991,0,-0.0013,-0.0001,0.026,0.0374,0,0.0023,0.0033,0.02,0.025,0.0015,0.004,0.0068,0.0252,0.0865,7036.71,7360.92,7796.38,6120.3,5578.9,5019.4,4689.7,4883.6,4868,4309.4,3644.7,3595.2,3326.8
INFQ,Infleqtion Inc.,11.91,2598.72,United States and Canada,US,-0.5669,0,-0.0002,0.0477,,,0,0.0001,0.0715,,,0,-0.0001,0.0008,,,41.84,53.48,69.41,28.84,10.95,,,,,,,,
MSCI,MSCI Inc.,563.17,40942.46,United States and Canada,US,-0.1266,0,0.0064,0.0077,0.016,0.0356,-0.0001,0.0065,0.0081,0.0172,0.0422,-0.0011,0.0055,0.0078,0.0152,0.042,3512.92,3821.66,4135.48,2856.13,2528.92,2248.6,2043.54,1695.39,1557.8,1433.98,1274.17,1150.67,1075.01
NDAQ,Nasdaq Inc.,94.605,52882.05,United States and Canada,US,-0.0705,0,0.0268,0.0287,0.0369,0.0679,0,0.0268,0.0284,0.0362,0.0776,0,0.0316,0.0345,0.0404,0.1087,5911.6,6396.11,6935.9,4649,3895,3582,3420,2903,2535,2526,2411,2276,2090
BANR,Banner Corporation,70.585,2398.82,United States and Canada,US,-0.0284,0,-0.0051,-0.004,0.0299,0.0144,0,-0.0108,-0.0062,0.0789,,,,,,,723.42,798.5,,601.02,609.63,618.07,626.7,512.04,540.86,506.48,458.05,445.26,304.57
STE,STERIS plc,237.562,23152.24,United States and Canada,US,-0.1183,0,-0.0001,0.0101,0.0096,0.031,0.0003,0.0008,0.007,0.0021,0.0282,0.0009,0.003,0.0151,0.0151,0.0309,6370.93,6779.54,7212.19,5459.52,5138.7,4536.27,4223.4,3107.52,3030.89,2782.17,2620,2612.76,2232.96
A,Agilent Technologies Inc.,146.023,41241.56,United States and Canada,US,-0.0889,0,0.0002,0.0073,0.0127,0.0403,-0.0002,0.0004,0.0072,0.011,0.0401,-0.0003,0.0005,0.0034,0.0079,0.0451,7448.41,7899.47,8404.98,6510,6833,6848,6319,5339,5163,4914,4472,4202,4038
ORCL,Oracle Corporation,147.02,423486.85,United States and Canada,US,-0.5747,0,0.0011,0.0085,0.0365,0.1193,0.0007,0.0028,0.0092,0.0192,0.3833,0.001,0.0045,-0.0172,-0.014,0.6555,89316.9,130558.53,181984.86,57399,52961,49954,42440,40479,39068,39506,39383,37792,37047
CBU,Community Financial System Inc.,64.863,3411.66,United States and Canada,US,-0.0878,0,0.0007,-0.0023,-0.0026,0.0033,-0.0036,-0.0004,-0.0034,-0.0115,,,,,,,895.52,964.04,,723.53,640.67,664.58,629.49,582.19,581.36,558.6,507.11,421.44,365.27
RBRK,Rubrik Inc.,90.07,18538.98,United States and Canada,US,-0.097,0,0,0.0232,0.0457,0.1068,-0.0002,-0.0002,0.0125,0.0233,0.05,-0.0016,-0.0016,0.0259,0.0597,0.0975,1644.18,1997.01,2419.32,886.54,627.89,599.82,506.15,387.75,,,,,
PNFP,Pinnacle Financial Partners Inc.,104.698,15747.28,United States and Canada,US,-0.051,0,-0.0041,-0.0076,0.0015,1.2139,0.0001,-0.0043,-0.0072,-0.0009,1.1692,0,-0.0135,-0.0116,0.002,,5037.58,5460.23,5917.1,1616.18,1601.78,1477.49,1312.01,935.81,1004.18,902.82,664.55,427.67,313.97
TCBI,Texas Capital Bancshares Inc.,99.335,4318.43,United States and Canada,US,-0.088,0,-0.0039,-0.0058,-0.0064,-0.0199,-0.0005,-0.0042,-0.0051,-0.0133,-0.0089,0,0.0079,-0.0134,-0.0248,,1341.18,1431.6,1531.45,865.35,1003.54,1159.29,937.07,796.3,996.6,905.88,791.58,623.59,551.02
MIR,Mirion Technologies Inc.,15.71,3912.38,United States and Canada,US,-0.4811,0,0,-0.0013,-0.007,0.1403,-0.0001,-0.0013,-0.0007,-0.0054,0.1415,0.0009,-0.0022,-0.0132,-0.0363,,1138.3,1223.69,1304.14,860.8,800.9,717.8,668.3,611.6,478.2,440.1,444.1,228.12,201.76
AMCR,Amcor plc,47.862,22119.22,United States and Canada,US,-0.0604,0,0.0006,0.0054,0.007,-0.0266,-0.0008,-0.004,0.0074,0.0177,-0.0225,-0.001,-0.005,0.0023,0.0017,-0.0348,23133.41,23780.85,23942.47,13640,14694,14544,12861,12468,9458,9319.1,9101,9421.3,9611.8
GEV,GE Vernova Inc.,990.32,263755.47,United States and Canada,US,-0.1719,0,0.0159,0.0164,0.0401,0.1325,0.0003,0.0111,0.0129,0.0433,0.1505,-0.0014,0.0156,0.0168,0.0447,0.1957,46210.73,52507.07,60145.66,34935,33239,29654,33006,,,,,,
INTU,Intuit Inc.,325.196,88953.14,United States and Canada,US,-0.5864,0,-0.0001,0.0057,0.0077,0.014,-0.0001,-0.0026,-0.0036,-0.0031,0.0006,0,-0.0074,-0.0172,-0.0195,-0.027,21366.23,23792,26379.11,16285,14368,12726,9633,7679,6784,6025,5196,4694,4192
INCY,Incyte Corporation,120.597,24444.74,United States and Canada,US,-0.0905,0,0.0525,0.057,0.0747,0.107,0.0052,0.0058,0.0087,0.0273,0.0686,0.0069,0.0022,0.01,0.0292,0.0701,5942.54,6255.23,6545.99,4241.22,3695.65,3394.64,2986.27,2666.7,2158.76,1881.88,1536.22,1105.72,753.75
TXT,Textron Inc.,89.409,15377.18,United States and Canada,US,-0.1197,0,-0.0012,-0.0004,0.0048,0.0033,0.0007,0.0007,0.0018,0.0026,0.0108,0.0017,0.0006,0.0029,0,0.0198,15573.44,16207.14,16621.81,13702,13683,12869,12382,11651,13630,13972,14198,13788,13423
GOOGL,Alphabet Inc.,354.345,4327453.28,United States and Canada,US,-0.1328,0,0.0198,0.0231,0.0627,0.1326,0.0013,0.0426,0.0591,0.1308,0.2459,0.0022,0.0566,0.0673,0.1833,0.3395,497687.58,606647.4,721046.81,350018,307394,282836,257637,182527,161857,136819,110855,90272,74989
BJ,BJ's Wholesale Club Holdings Inc.,96.502,12322.73,United States and Canada,US,-0.1283,0,0.0003,0.0341,0.0312,0.0137,0,0.0001,0.032,0.0249,0.0088,0,0,0.0293,0.04,0.0232,23480.7,24929.09,26701.65,20501.8,19968.69,19315.17,16667.3,15430.02,13190.71,13007.35,12754.59,12350.54,12467.55
HPE,Hewlett Packard Enterprise Company,53.22,70474.11,United States and Canada,US,-0.1717,-0.0001,0.0006,0.1008,0.1028,0.1295,0.0003,0.003,0.1648,0.1641,0.2043,0.012,0.0189,0.1785,0.1818,0.2822,44968.56,50048.95,52933.72,30127,29135,28496,27784,26982,29135,30852,28871,30280,31077
UPS,United Parcel Service Inc.,104.5,88825.66,United States and Canada,US,-0.1463,-0.0001,0.0128,0.0167,0.0234,0.0392,0.0015,0.0116,0.0146,0.0205,0.0388,0.003,0.0151,0.0178,0.0283,0.0096,91451.33,94985.7,98325.66,91070,90958,100338,97287,84628,74094,71861,66585,61610,58363
TSCO,Tractor Supply Company,34.582,18136.52,United States and Canada,US,-0.4501,-0.0001,-0.0147,-0.0163,-0.0231,-0.0438,-0.0001,-0.0275,-0.0297,-0.0414,-0.0698,0,-0.0389,-0.041,-0.0551,-0.1022,15952.96,16614.83,17545.66,14883.23,14555.74,14204.72,12731.1,10620.35,8351.93,7911.05,7256.38,6779.58,6226.51
HCA,HCA Healthcare Inc.,413.36,89493.06,United States and Canada,US,-0.2572,-0.0001,-0.0009,-0.0009,-0.0019,0.0009,-0.0003,-0.0086,-0.0091,-0.0104,-0.013,-0.0004,-0.0146,-0.0156,-0.0163,-0.0346,78515.71,81634.33,85623.98,70603,64968,60233,58752,51533,51336,46677,43614,41490,39678
AZO,AutoZone Inc.,3126.526,51041.65,United States and Canada,US,-0.2875,-0.0001,-0.0002,-0.0021,-0.0025,0.0147,0,0.0016,-0.0004,-0.0008,0.0242,0,0.0022,-0.0026,-0.0049,0.0232,20468.81,22019.32,23606.43,18490.27,17457.21,16252.23,14629.58,12631.97,11863.74,11221.08,10888.68,10635.68,10187.34
CFG,Citizens Financial Group Inc.,72.655,30600.6,United States and Canada,US,-0.0274,-0.0001,0.0077,0.0072,0.0134,0.029,0.0003,0.0069,0.0064,0.0156,0.0394,0.005,0.0065,-0.0083,0.0554,,9181.69,9980.31,10564.87,7122,7537,7547,7058,5289,6098,5802,5386,4886,4522
TJX,The TJX Companies Inc.,161.36,178255.11,United States and Canada,US,-0.0508,-0.0001,-0.0001,0.0041,0.0093,0.0235,-0.0002,-0.0002,0.0047,0.0052,0.023,-0.0017,-0.0047,-0.0006,0.0045,0.0338,64130.24,67875.21,72482.04,56360,54217,49936,48550,32137,41716.98,38972.93,35864.66,33183.74,30944.94
FCNCA,First Citizens BancShares Inc.,2218.179,24883.54,United States and Canada,US,-0.0314,-0.0001,0.0096,0.0123,-0.0021,-0.0246,-0.0006,0.0062,0.0117,0.0012,-0.0447,0,0.0038,0.0151,0.0013,,8869.07,9298.14,9712.64,9329,7604,3999,1935,1807,1695.79,1554.03,1408.93,1266.35,1327.64
SYK,Stryker Corporation,338.947,130010.93,United States and Canada,US,-0.1459,-0.0001,0.0009,0.0006,-0.0004,0.0066,0.003,0.0033,0.0036,0.0027,0.0123,0.0003,0.0009,0.0012,-0.0018,0.0185,27292.13,29681.09,31999.09,22595,20498,18449,17108,14351,14884,13601,12444,11325,9946
GEHC,GE HealthCare Technologies Inc.,71.78,32422.04,United States and Canada,US,-0.2004,-0.0001,-0.0027,-0.0027,0.0052,0.0175,-0.0002,-0.0029,-0.0023,0.0055,0.0175,-0.0002,-0.0009,-0.0019,0.0053,0.034,21722.6,22721.28,23809.37,19672,19552,18341,17585,17164,16633,,,,
CSGP,CoStar Group Inc.,30.237,12251.96,United States and Canada,US,-0.6887,-0.0001,-0.0167,-0.0174,-0.022,0.0526,-0.0034,-0.0339,-0.0362,-0.0322,0.0263,-0.0049,-0.0489,-0.0473,-0.046,0.0173,3735.52,4126.2,4613.83,2736,2455,2182.4,1944.1,1659.02,1399.72,1191.83,965.23,837.63,711.76
VERX,Vertex Inc.,11.937,1936.4,United States and Canada,US,-0.5865,-0.0001,-0.0001,-0.0001,0.0027,-0.0542,-0.0063,-0.0063,-0.0101,-0.0156,-0.1103,-0.0095,-0.0095,-0.0191,-0.0248,-0.1469,827.14,914.04,1016.97,666.78,572.39,491.62,425.55,374.67,321.5,272.4,,,
SE,Sea Limited,113.358,69430.02,United States and Canada,US,-0.4312,-0.0001,0.0005,0.0276,0.0789,0.1775,-0.0002,0.0009,0.0235,0.1103,0.2525,-0.0003,0.0035,0.0257,0.1431,0.3115,29947.29,36344.25,42310.73,16819.87,13063.56,12449.7,9955.19,4375.66,2175.38,826.97,414.19,345.67,292.12
TRV,The Travelers Companies Inc.,384.406,80177.49,United States and Canada,US,-0.0358,-0.0001,-0.0027,-0.0029,-0.0305,-0.064,0.0003,-0.0024,-0.002,-0.0304,-0.0696,0,-0.0052,-0.0052,-0.0434,-0.0842,43430.6,44697.29,45958.13,46423,41364,36884,34816,31981,31581,30282,28902,27499,26815
CDNS,Cadence Design Systems Inc.,339.138,93396.23,United States and Canada,US,-0.1861,-0.0001,0.0178,0.0184,0.0633,0.0751,0.0013,0.0192,0.0207,0.0729,0.0843,0,0.0162,0.0202,0.0974,0.1126,6317.88,7160.96,8082.85,4641.26,4089.99,3561.72,2988.24,2682.89,2336.32,2138.02,1943.03,1816.08,1702.09
HR,Healthcare Realty Trust Incorporated,19.97,6928.99,United States and Canada,US,-0.0939,-0.0001,0.0003,-0.0325,-0.0273,-0.0535,0.0044,0.006,-0.0033,-0.0064,-0.0054,0.0085,0.0085,-0.0101,0.0634,0.0743,1119.15,1172.52,1255.4,1268.18,1342.09,931.95,534.02,498.86,470.12,450.28,424.62,411.79,388.26
WTFC,Wintrust Financial Corporation,158.739,10707.8,United States and Canada,US,-0.0507,-0.0001,-0.0025,-0.0022,0.0106,0.0359,-0.0005,-0.0025,-0.0021,0.0105,0.0289,0,0.0037,-0.0018,0.0279,,2967.79,3157.43,3398.9,2347.94,2156.4,1877.13,1769.74,1429.24,1408.19,1285.62,1120.59,1009.22,880.18
FHN,First Horizon Corporation,25.465,12086.14,United States and Canada,US,-0.0412,-0.0001,-0.003,-0.0041,-0.01,0.0227,0.0002,-0.0044,-0.0028,-0.0079,0.0291,0,-0.0072,-0.0003,,,3548.59,3697.09,3857.03,3040,2982,3112,3380,2118,1819,1935,1343.39,1267.18,1151.67
ALGN,Align Technology Inc.,173.662,12437.35,United States and Canada,US,-0.1336,-0.0001,-0.0041,-0.0042,-0.0049,-0.0073,0.0005,-0.0066,-0.0066,-0.0087,0.0043,0.0001,-0.0099,-0.0102,-0.0188,-0.0402,4166.51,4338.7,4576.2,3999.01,3862.26,3734.64,3952.58,2471.94,2406.8,1966.49,1473.41,1079.87,845.49
CHTR,Charter Communications Inc.,152.607,20569.71,United States and Canada,US,-0.4661,-0.0002,-0.0001,-0.0004,-0.007,-0.0288,-0.0001,-0.0029,-0.0035,-0.019,-0.0458,-0.0001,-0.0061,-0.0062,-0.031,-0.0613,54248.92,53703.88,53745.82,55085,54607,54022,51682,48097,45764,43634,41581,29003,9754
CPB,The Campbell's Company,23.037,6869.78,United States and Canada,US,-0.3259,-0.0002,-0.0006,-0.0066,-0.0187,-0.0304,-0.001,-0.003,-0.0073,-0.0289,-0.0462,-0.0016,-0.0034,-0.0087,-0.0346,-0.0803,9759.56,9749.03,9830.64,9636,9357,8562,8476,8691,8107,6615,5837,7961,8082
MU,Micron Technology Inc.,878.366,992020.54,United States and Canada,US,-0.3001,-0.0002,0.0013,0.1908,0.7213,1.7104,0.0054,0.025,0.4109,1.5211,3.6606,0.0176,0.0184,0.6429,1.7317,3.9492,129758.11,240106.24,263776.27,25111,15540,30758,27705,21435,23406,30391,20322,12399,16192
CUBI,Customers Bancorp Inc.,82.101,2772.76,United States and Canada,US,-0.022,-0.0002,-0.004,-0.0076,-0.0182,0.05,-0.0005,0.0038,0.0001,0.0017,,0,0.0066,0.0013,0.0036,,801.65,888.77,955.76,641.39,683.4,588.41,735.51,404.73,288.37,311.23,339.49,302.83,203.44
EXE,Expand Energy Corporation,92.829,21490.27,United States and Canada,US,-0.2669,-0.0002,-0.0267,-0.0262,0.0273,-0.1116,-0.0003,-0.0148,-0.0219,0.0214,-0.1059,0,-0.0487,-0.0322,0.0813,-0.3014,9804.27,10181.71,10816.02,4259,6047,14123,7301,4614,8484,10294,9474,7798,12665
KEY,KeyCorp,22.73,24255.83,United States and Canada,US,-0.0555,-0.0002,-0.0001,0.0017,0.0024,0.0214,-0.0004,-0.0016,0.0022,0.0076,0.0339,0.0019,0.0045,0.0147,0.0227,,8067.6,8602.65,9003.18,4239,5894,6743,7683,5665,6062,6178,6026,4724,4062
VSAT,Viasat Inc.,80.415,11077.61,United States and Canada,US,-0.1356,-0.0002,-0.0014,0.0044,0.0064,0.0087,-0.0008,-0.0031,-0.0114,-0.0223,0.0362,0.0295,0.0194,0.0681,,,4854.55,5077.86,5423.75,4519.57,4283.76,2556.16,2417.18,1920.88,2309.24,2068.26,1594.63,1559.34,1417.43
LULU,lululemon athletica inc.,128.604,14603.49,United States and Canada,US,-0.4309,-0.0002,-0.0007,-0.038,-0.0409,-0.0784,-0.0006,-0.0054,-0.0541,-0.0685,-0.1106,0.0004,-0.0115,-0.0546,-0.1097,-0.1454,11041.44,11342.78,11915.01,10588.13,9619.28,8110.52,6256.62,4401.88,3979.3,3288.32,2649.18,2344.39,2060.52
HOG,Harley-Davidson Inc.,26.01,2738.03,United States and Canada,US,-0.1677,-0.0002,-0.0021,0.0201,0.0089,-0.0242,-0.0006,-0.0095,0.0186,0.0043,0.0056,0.0289,0.0287,0.0597,0.0287,0.0035,3783.09,3913.6,3970.67,5186.8,5836.48,5755.13,5336.31,4054.38,5361.79,5716.88,5647.22,5996.46,5995.4
CMCSA,Comcast Corporation,25.355,89975.68,United States and Canada,US,-0.264,-0.0002,-0.0091,-0.009,-0.0058,-0.0545,-0.0004,-0.0123,-0.014,-0.0211,-0.0688,-0.0005,-0.0141,-0.016,-0.0308,-0.0667,120638.81,118442.94,121462.26,123731,121572,121427,116385,103564,108942,94507,85029,80736,74510
NKE,NIKE Inc.,41.7,61861.9,United States and Canada,US,-0.4798,-0.0002,-0.0015,-0.0204,-0.0605,-0.0538,-0.0008,-0.0049,-0.0276,-0.0675,-0.0575,0,0.0026,-0.0508,-0.0847,-0.0846,45668.62,47485.43,49216.72,46309,51362,51217,46710,44538,37403,39117,36397,34350,32376
PNR,Pentair plc,68.873,10994.74,United States and Canada,US,-0.3956,-0.0002,-0.083,-0.0829,-0.0879,-0.0849,0.0017,-0.044,-0.0446,-0.0502,-0.0437,0.0032,-0.0616,-0.0612,-0.0605,-0.0563,3929.23,4287.8,4403.2,4082.8,4104.5,4121.8,3764.8,3017.8,2957.2,2965.1,2845.7,2780.6,4616.4
AVAV,AeroVironment Inc.,186.648,9410.7,United States and Canada,US,-0.5533,-0.0002,-0.0094,-0.0025,-0.0613,-0.0529,0.0002,0.0039,-0.0075,-0.0558,-0.0224,0.005,0.0305,0.0152,-0.1392,-0.0486,2189.86,2527.24,2953.37,820.63,716.72,540.54,445.73,394.91,367.3,314.27,268.42,233.1,233.74
OSCR,Oscar Health Inc.,27.9,8402.87,United States and Canada,US,-0.1571,-0.0002,0.0012,-0.0081,0.4557,0.6599,0.0113,0.0108,0.0188,0.4236,0.574,-0.0056,-0.0064,0.0078,0.4678,,18569.28,20001.92,22101.6,9177.56,5861.31,3988.67,1894.04,390.99,475.57,,,,
HD,The Home Depot Inc.,355.62,354594.63,United States and Canada,US,-0.1667,-0.0002,-0.0002,-0.0015,-0.003,-0.0021,-0.0005,-0.0005,-0.0054,-0.0088,-0.0075,-0.0017,-0.0017,-0.0066,-0.0086,-0.005,170936.03,177325.89,184997.56,159514,152669,157403,151157,132110,110225,108203,100904,94595,88519
GS,The Goldman Sachs Group Inc.,1039.579,314748.46,United States and Canada,US,-0.0991,-0.0002,0.1205,0.1313,0.1275,0.2131,0.0034,0.0885,0.1006,0.098,0.1984,0.006,0.0818,0.0934,0.0992,0.2101,72133.53,73582.55,74328.15,52164,45226,44650,58982,41462,35481,35942,32073,30608,33820
ASND,Ascendis Pharma A/S,255.616,16851.4,United States and Canada,US,-0.094,-0.0002,0.0115,-0.0372,-0.0217,0.1607,-0.0002,0.0205,-0.0244,0.0052,0.084,-0.0002,0.0355,-0.0416,-0.0165,0.0495,1548.07,2267.35,2840.17,376.71,294.46,54.8,8.85,8.49,15,12.12,1.84,4.85,8.82
EXR,Extra Space Storage Inc.,149.477,32981.9,United States and Canada,US,-0.0592,-0.0002,0,0.0007,0.0058,0.0002,-0.0003,0.0006,0.001,0.0044,-0.0241,0,0.0026,-0.0009,0.0087,-0.0372,2966.06,3056.46,3229.5,3324.17,2615.08,1965.6,1609.72,1378.57,1319.73,1211.06,1120.34,1004.77,794.62
ACI,Albertsons Companies Inc.,12.011,5829.25,United States and Canada,US,-0.4,-0.0002,-0.006,-0.0066,-0.0109,-0.0252,0.0017,-0.0127,-0.014,-0.0213,-0.0397,0,-0.0183,-0.0239,-0.0315,-0.0459,81939.39,82483.95,83212.6,80390.9,79237.7,77649.7,71887,69690.4,62455.1,60534.5,59924.6,59678.2,58734
HIW,Highwoods Properties Inc.,31.45,3532.57,United States and Canada,US,-0.1125,-0.0002,0.0081,0.006,-0.0021,-0.0032,-0.0085,-0.004,-0.009,-0.013,0.0035,0,0.0088,-0.0019,0.0026,-0.0053,861.18,884.66,920.06,830.02,835.1,830.46,769.95,740.9,739.25,722.27,710.14,671.43,609.75
FUTU,Futu Holdings Limited,109.13,15299.42,United States and Canada,US,-0.4612,-0.0002,-0.0038,-0.0951,-0.046,0.1779,-0.0002,-0.0105,-0.1415,-0.0997,0.11,-0.0002,-0.0002,-0.1337,,,3000.39,3219.32,3669.08,1541.55,1165.09,937.99,864.28,403.19,124.78,91.4,37.35,10.78,
DVA,DaVita Inc.,183.702,11715.04,United States and Canada,US,-0.2577,-0.0002,-0.0002,-0.0023,0.0086,0.0108,-0.0018,-0.0018,-0.0009,0.0098,0.0056,-0.0051,-0.0051,-0.0051,-0.0039,-0.0184,14145.8,14603.77,15157.8,12815.55,12140.15,11609.89,11618.8,11550.6,11388.48,11412.15,10883.67,10695.79,9973
CALY,Callaway Golf Company,17.593,3140.54,United States and Canada,US,-0.1325,-0.0003,-0.0003,0.0124,-0.0075,-0.4637,0.0011,0.0011,0.0204,0.0084,-0.4891,0.013,0.013,0.0258,,,2065.32,2136.35,2199.74,2077.7,2132.7,3995.7,3133.4,1589.5,1701.06,1242.83,1048.74,871.19,843.79
SRPT,Sarepta Therapeutics Inc.,16.776,1771.15,United States and Canada,US,-0.3374,-0.0003,0.0007,0.0608,0.1463,0.2222,-0.0123,-0.023,-0.0308,-0.0851,0.0607,-0.0377,-0.044,-0.0651,-0.07,0.0054,1839.29,1391.15,1340.3,1901.98,1243.34,933.01,701.89,540.1,380.83,301.03,154.58,5.42,1.25
STAG,STAG Industrial Inc.,37.307,7245.95,United States and Canada,US,-0.1245,-0.0003,-0.0053,0.0005,0.0171,-0.0197,0.0079,-0.0076,0.0023,-0.0023,-0.0511,0.0125,-0.0001,-0.0137,0.0175,-0.0369,907.65,973.64,1062.29,767.38,707.84,657.35,562.16,483.41,405.95,350.99,301.09,250.24,218.63
CNP,CenterPoint Energy Inc.,40.686,26800.69,United States and Canada,US,-0.1011,-0.0003,0.0108,-0.006,0.0243,0.0416,0.0004,-0.0068,-0.0129,0.0184,0.033,0.0005,-0.0053,-0.0121,-0.0154,0.0112,9929.4,10352.72,11035.32,8643,8696,9321,8352,7418,7564,6277,9614,7528,7386
ANF,Abercrombie & Fitch Co.,112.604,5003.19,United States and Canada,US,-0.1541,-0.0003,-0.0024,-0.0049,-0.01,0.0151,-0.0003,-0.0031,-0.0049,-0.0128,0.0209,-0.0007,-0.0097,-0.0126,,,5444.47,5639.25,5764.21,4948.59,4280.68,3697.75,3712.77,3125.38,3623.07,3590.11,3492.69,3326.74,3518.68
OII,Oceaneering International Inc.,47.999,4777.32,United States and Canada,US,-0.1108,-0.0003,-0.0003,0.0116,0.0198,0.0364,-0.0171,-0.0171,0.006,-0.0172,0.0205,0,0,0.041,-0.0021,0.0439,2917.15,3045.45,3350.03,2661.16,2424.71,2066.08,1869.28,1827.89,2048.12,1909.48,1921.51,2271.6,3062.75
ZION,Zions Bancorporation National Association,70.326,10263.31,United States and Canada,US,-0.0411,-0.0003,0.0246,0.0263,0.0278,0.0473,-0.001,-0.0042,-0.0003,0.0052,0.0334,0,0.0039,0.0081,0.0109,0.0983,3620.12,3702.79,3838.49,3058,2983,3030,3187,2376,2795,2822,2585,2290,2032
OMC,Omnicom Group Inc.,85.25,23387.99,United States and Canada,US,-0.0247,-0.0003,0.0096,0.0155,-0.0285,0.5359,-0.0022,-0.0072,-0.0093,-0.0931,0.4337,-0.0026,-0.0032,-0.0069,-0.096,0.5273,25837.81,25105.16,26074.78,15689.1,14692.2,14289.1,14289.4,13171.1,14953.7,15290.2,15273.6,15416.9,15134.4
STBA,S&T Bancorp Inc.,50.868,1793.86,United States and Canada,US,-0.0492,-0.0003,0.0056,0.007,-0.0083,-0.0019,-0.0025,0.0052,0.004,-0.0152,,,,,,,422.72,437.43,,383.76,387.14,364.28,324.59,207.71,281.83,265.92,264.26,233.56,224.58
EQR,Equity Residential,67.074,25769.9,United States and Canada,US,-0.0619,-0.0003,-0.004,-0.0064,-0.0125,-0.0252,0.0005,-0.0041,-0.0069,-0.0162,-0.0389,0.0006,-0.0037,-0.0102,-0.0261,-0.0732,3160.27,3268.65,3408.72,2980.11,2873.96,2735.18,2464,2571.7,2700.69,2577.68,2471.41,2425.8,2744.97
WM,Waste Management Inc.,227.68,91007.15,United States and Canada,US,-0.0824,-0.0003,-0.005,-0.005,-0.0045,-0.0195,-0.0004,-0.0053,-0.0053,-0.0046,-0.0218,-0.0009,-0.005,-0.0052,-0.0058,-0.0372,26381.37,27828.35,29183.76,22063,20426,19698,17931,15218,15455,14914,14485,13609,12961
XYL,Xylem Inc.,120.338,28097.34,United States and Canada,US,-0.22,-0.0003,-0.0058,-0.0049,-0.0139,-0.0207,-0.0006,-0.0069,-0.0063,-0.0232,-0.0342,-0.0008,-0.0081,-0.0049,-0.0351,-0.0334,9200.97,9555.37,10076.39,8562,7364,5522,5195,4876,5249,5207,4707,3771,3653
JBLU,JetBlue Airways Corporation,6.069,2289.91,United States and Canada,US,-0.0832,-0.0003,0.0183,0.029,0.0604,0.0686,0.0017,0.0194,0.0261,0.0516,0.0653,0.0003,0.0397,0.0438,0.0783,,10375.39,11103.94,12004.59,9279,9615,9158,6037,2957,8094,7658,7012,6584,6416
MO,Altria Group Inc.,68.35,114127,United States and Canada,US,-0.113,-0.0003,0.0002,0.0057,0.0158,0.0172,0.0021,0.0026,0.0101,0.0214,0.0266,-0.0011,0.002,0.0144,0.0258,0.0019,20539.29,20735.5,20896.36,20444,20502,20688,21111,20841,19796,19627,19494,19337,18854
BFH,Bread Financial Holdings Inc.,108.388,4164.19,United States and Canada,US,-0.0502,-0.0003,0.012,0.0103,0.0166,0.0019,0.0019,0.0134,0.0121,0.0185,-0.0096,0.005,0.0246,0.0239,0.0283,-0.0061,3996.16,4151.07,4326.39,2441,3060,2232,2728,2032,2862,4108.3,3879.2,5769.1,5441.3
WFRD,Weatherford International plc,86.783,6221.08,United States and Canada,US,-0.233,-0.0004,-0.0056,-0.0177,-0.029,-0.005,-0.0011,0.0007,0.0002,0.0114,0.0364,0.0011,0.0157,0.0245,0.021,0.0548,4677.76,5108.91,5402.28,5513,5135,4331,3645,3685,5215,5744,5699,5749,9433
PTC,PTC Inc.,147.644,16020.3,United States and Canada,US,-0.3216,-0.0004,-0.002,0.0123,-0.0364,-0.0271,0.0008,0.0032,0.0174,-0.0423,-0.0479,0.0022,0.0013,0.0153,-0.0465,-0.059,2724.63,2898.64,3129.67,2298.47,2097.05,1933.35,1807.16,1458.41,1255.63,1241.82,1164.04,1140.53,1255.24
UHS,Universal Health Services Inc.,173.534,10505.12,United States and Canada,US,-0.2955,-0.0004,0.0048,0.006,0.0187,0.0308,0.0011,0.0055,0.0037,0.0176,0.0254,0.0003,-0.0029,-0.0047,0.0449,0.0692,18610.84,19506.6,20417.07,15827.93,14281.98,13399.37,12642.12,11558.9,11378.26,10772.28,10409.86,9766.21,9043.45
KVUE,Kenvue Inc.,19.23,36921.77,United States and Canada,US,-0.1243,-0.0004,-0.0003,0.0037,0.0117,-0.0242,-0.0003,-0.0003,0.0031,0.0079,-0.0319,-0.0003,-0.0003,0.0028,0.0067,-0.0291,15619.35,16007.09,16540.41,15455,15444,14950,15054,14467,14324,,,,
QCOM,QUALCOMM Incorporated,167.822,179244.05,United States and Canada,US,-0.3543,-0.0004,0.0083,0.0127,-0.0176,-0.0332,0.0015,0.0204,0.0487,0.009,-0.029,0,0.028,0.0998,0.0843,0.0889,42922.78,44701.79,51323.14,38962,35820,44200,33566,23531,24273,22611,22258,23554,25281
GAP,The Gap Inc.,20.456,7363.73,United States and Canada,US,-0.3033,-0.0004,-0.0009,-0.0118,-0.0121,-0.0044,-0.0007,-0.0011,-0.013,-0.0105,0.0055,-0.0015,-0.0015,-0.0159,-0.0007,0.0093,15563.76,16000.56,16401.02,15086,14889,15616,16670,13800,16383,16580,15855,15516,15797
SSD,Simpson Manufacturing Co. Inc.,198.27,8156.5,United States and Canada,US,-0.0713,-0.0004,-0.0016,-0.0018,0.0108,-0.0107,-0.0005,-0.0096,-0.0101,-0.0059,,-0.0011,-0.0084,-0.0105,,,2423.06,2519.35,2646,2232.14,2213.8,2116.09,1573.22,1267.94,1136.54,1078.81,977.02,860.66,794.06
VTRS,Viatris Inc.,16.421,19123.12,United States and Canada,US,-0.1071,-0.0004,0,0.0094,0.0323,0.0513,0.0004,0.0006,0.0099,0.033,0.0562,0.005,0.0082,0.0133,0.0399,0.0692,14774.74,15046.7,15463.37,14739.3,15426.9,16262.7,17886.3,11946,11500.5,11433.9,11907.7,11076.9,9429.3
VZ,Verizon Communications Inc.,47.06,195523.72,United States and Canada,US,-0.0894,-0.0004,-0.0116,-0.0139,-0.0231,-0.0007,-0.0005,-0.0075,-0.0091,-0.0159,0.0045,-0.001,-0.0094,-0.0104,-0.0137,-0.0043,140911.27,143591.66,145681.35,134788,133974,136835,133613,128292,131868,130863,126034,125980,131620
PVH,PVH Corp.,87.578,4038.05,United States and Canada,US,-0.1307,-0.0004,-0.001,-0.013,-0.0151,-0.0116,-0.0006,-0.001,-0.0152,-0.0242,-0.0221,-0.0076,-0.0076,-0.0321,-0.044,-0.0311,8899.76,9052.7,9282.98,8652.9,9217.7,9024.2,9154.7,7132.6,9909,9656.8,8914.8,8203.1,8020.3
TARS,Tarsus Pharmaceuticals Inc.,64.84,2789.67,United States and Canada,US,-0.2394,-0.0004,0.023,0.0299,0.0279,0.2086,0.0041,-0.0005,0.0003,0.0104,0.183,,-0.0647,-0.043,0.0168,0.2061,712.34,904.03,1015.36,182.95,17.45,25.82,57.03,,,,,,
NXPI,NXP Semiconductors N.V.,239.887,60490.91,United States and Canada,US,-0.2943,-0.0004,0.0117,0.0129,0.0521,0.0698,-0.0013,0.0197,0.0251,0.0639,0.0818,-0.003,0.0186,0.0265,0.0738,0.0404,14244.73,15857.45,17146.01,12614,13276,13205,11063,8612,8877,9407,9256,9498,6101
IREN,IREN Limited,41.244,14739.73,United States and Canada,US,-0.4635,-0.0004,-0.0268,-0.2321,-0.3645,-0.2307,0.0028,-0.0177,0.0121,0.0602,1.9114,0.0109,-0.0375,0.4063,0.5325,,722.82,2997.64,6201.83,187.19,75.51,59.04,7.9,2.17,0,,,,
EYE,National Vision Holdings Inc.,22.55,1806.63,United States and Canada,US,-0.2488,-0.0004,-0.0004,-0.0061,-0.0067,0.0282,-0.0004,-0.0004,-0.0143,-0.0118,0.0063,-0.0011,-0.0011,-0.0058,0.016,,2062.82,2181.58,2369.01,1823.32,1756.37,1644.67,2079.53,1711.76,1724.33,1536.85,1375.31,1196.19,1062.53
GRMN,Garmin Ltd.,310.977,59972.7,United States and Canada,US,-0.0135,-0.0004,0.0139,0.014,0.0577,0.0703,0.0086,0.0256,0.0269,0.0752,0.1062,0.0047,0.0185,0.0434,0.1297,0.1248,8099.81,8956.63,9945.55,6296.9,5228.25,4860.29,4982.8,4186.57,3757.51,3347.44,3121.56,3045.8,2820.27
ESS,Essex Property Trust Inc.,288.086,19144,United States and Canada,US,-0.0503,-0.0004,0.001,0.0031,0.0042,-0.0006,0.0017,0.0045,0.0068,0.0038,-0.0094,0,0.0029,0.0012,0.0155,-0.0229,1948.48,2017.23,2092.5,1826.38,1713.66,1632.84,1552.28,1562.26,1583.79,1485.52,1450.34,1329.7,1216.27
JLL,Jones Lang LaSalle Incorporated,362.38,16672.27,United States and Canada,US,-0.0292,-0.0004,0.0128,0.0143,0.0456,0.0261,0.0064,0.0353,0.0376,0.0592,0.0284,0.0065,0.044,0.0486,0.0633,0.3364,28967.63,31353.87,33467.15,23432.9,20760.8,20862.1,19367,16589.9,10030.6,9089.5,7967.4,6910.6,5965.7
MLM,Martin Marietta Materials Inc.,548.57,32950.32,United States and Canada,US,-0.2284,-0.0004,0.0118,0.0227,0.0227,-0.0399,-0.0072,,0.0239,0.0281,-0.0358,-0.0118,,0.0219,,-0.0663,7282.87,7814.88,8396.51,6536,6777,6161,5414,4432.1,4422.3,3980.4,3723.5,3578.65,3268.12
BBIO,BridgeBio Pharma Inc.,84.458,16510.38,United States and Canada,US,-0.0959,-0.0004,-0.0083,0.0522,0.0601,0.3703,0.0017,0.0068,0.0173,0.0373,0.3464,0.0026,0.0111,0.019,0.0418,0.3344,960.73,1612.03,2465.59,221.9,9.3,77.65,69.72,8.25,40.56,,,,
NEM,Newmont Corporation,112.98,119046.15,United States and Canada,US,-0.1624,-0.0004,-0.0475,-0.0644,0.0296,0.3173,0.0003,-0.0371,-0.0415,0.0679,0.4148,0.0036,-0.0287,0.0063,0.0394,0.3116,26835.21,28974.53,29728.33,18682,11812,11915,12222,11497,9740,7253,7379,6680,6085
ITRI,Itron Inc.,103.823,4546.07,United States and Canada,US,-0.2689,-0.0005,0.0001,0.0001,-0.0442,-0.0484,0.0042,0.0052,0.0017,-0.0546,-0.049,0,-0.0114,-0.0114,,-0.1027,2387.81,2545.73,2697.22,2440.84,2173.63,1795.56,1981.57,2173.35,2502.47,2376.12,2018.2,2013.19,1883.53
SHAZ,SharonAI Holdings Inc.,49.894,1766.5,United States and Canada,US,-0.7197,-0.0005,-0.0406,0.0289,,,0.0637,0.0491,0.9941,,,0.0588,-0.0248,1.2056,,,137.79,1487.6,2654.61,0.44,,,,,,,,,
IT,Gartner Inc.,185.6,11720.45,United States and Canada,US,-0.3019,-0.0005,-0.001,-0.0034,-0.0177,-0.073,-0.0019,-0.0027,-0.0133,-0.0319,-0.1062,-0.0068,-0.0088,-0.0195,-0.0334,,6424.28,6688.86,7011.96,6267.41,5906.96,5475.85,4733.96,4099.4,4245.32,3975.45,3311.49,2444.54,2163.06
PCTY,Paylocity Holding Corporation,150.377,7978.55,United States and Canada,US,-0.2107,-0.0005,-0.001,0.0062,0.0067,0.011,-0.0066,-0.0083,-0.0169,-0.019,-0.0291,-0.0134,-0.0334,-0.0431,-0.0431,-0.0364,1891.14,2036.66,2190.32,1595.22,1402.52,1174.6,852.65,635.63,561.33,467.63,377.53,300.01,230.7
CRWV,CoreWeave Inc.,90.675,49469.59,United States and Canada,US,-0.4081,-0.0005,-0.0032,0.011,0.0484,0.0843,0.0004,0.0031,0.0657,0.288,0.5038,-0.009,-0.0079,0.092,0.3813,0.8128,12627.72,25144.55,39932.9,1915,229,15.83,,,,,,,
ONB,Old National Bancorp,26.544,10154.94,United States and Canada,US,-0.0298,-0.0005,0.0021,0.001,-0.0013,-0.0041,-0.0003,0.001,0.0003,0.0007,-0.0116,0,0.0246,0.015,0.0089,,2910.14,3063.14,3227.23,1761.53,1762.24,1571.95,833.47,773.7,796.09,702.99,605.77,612.71,578.2
RH,RH,196.222,3713.74,United States and Canada,US,-0.2365,-0.0005,0.0002,-0.0015,-0.0385,-0.0634,-0.0005,0.0011,-0.0043,-0.0325,-0.0595,0,0.0038,0.0066,-0.0454,-0.0464,3626.64,3949.26,4298.38,3180.75,3029.13,3590.48,3758.82,2848.63,2647.44,2505.65,2440.17,2134.87,2109.01
CAVA,CAVA Group Inc.,62.42,7266.46,United States and Canada,US,-0.3682,-0.0005,-0.0012,0.0269,0.0557,0.037,-0.0003,0.0003,0.0287,0.0598,0.0256,-0.0007,0.0008,0.0272,0.0706,0.0429,1498.32,1809.83,2196.42,963.71,728.7,564.12,500.07,,,,,,
DRH,DiamondRock Hospitality Company,12.515,2569.27,United States and Canada,US,-0.0925,-0.0005,0.001,-0.0043,-0.0041,0.0047,-0.0003,0.0012,-0.0078,-0.0069,-0.0172,0.0011,0.0028,-0.0038,-0.0091,,1141.23,1163.77,1200.52,1129.88,1074.87,1001.5,567.13,299.49,938.09,863.7,870,896.56,930.99
HLT,Hilton Worldwide Holdings Inc.,317.6,71480.62,United States and Canada,US,-0.1128,-0.0006,-0.0006,-0.0008,0.0151,0.017,-0.0007,0.001,-0.0003,0.0184,0.0098,-0.0014,0.0019,0.0018,0.0091,-0.0186,13039.68,14159.93,15348.2,4746,4408,3736,2444,1600,3766,3668,3404,2970,3122
LEN,Lennar Corporation,88.18,21193.48,United States and Canada,US,-0.3886,-0.0006,-0.0028,-0.0251,-0.0351,-0.0906,-0.0019,-0.0164,-0.0389,-0.0577,-0.1099,0,-0.0208,-0.0455,-0.0677,-0.156,32486.84,33812.3,35901.95,35441.45,34233.37,33671.01,27130.68,22488.85,22259.56,20571.63,12646.36,10950,9474.01
ISRG,Intuitive Surgical Inc.,378.762,133808.3,United States and Canada,US,-0.3728,-0.0006,0.0057,0.0056,0.0193,0.0503,-0.0007,-0.0004,-0.001,0.0107,0.0347,-0.0011,-0.003,-0.0033,0.0046,0.0713,11772.67,13249.55,14944.09,8352.1,7124.1,6222.2,5710.1,4358.4,4478.5,3724.2,3138.2,2706.5,2367.4
VST,Vistra Corp.,140.59,47404.48,United States and Canada,US,-0.3604,-0.0006,-0.0054,-0.0191,0.0075,0.0149,-0.0025,-0.0097,0.0069,0.0313,0.0434,-0.001,-0.0069,0.0272,0.1277,0.1366,22734.03,24918.08,26768.74,17224,14779,13728,12077,11443,11809,9144,5430,5164,5370
VRSK,Verisk Analytics Inc.,191.865,24972.38,United States and Canada,US,-0.3053,-0.0006,-0.0014,0.0004,-0.0142,-0.074,-0.0007,-0.0017,0.0002,-0.0148,-0.0771,0.0009,0,0.0007,-0.0226,,3221.31,3438.82,3669.64,2881.7,2681.4,2497,2462.5,2269.4,2607.1,2395.1,2145.2,1995.2,1760.7
BTDR,Bitdeer Technologies Group,10.875,2646.04,United States and Canada,US,-0.6088,-0.0006,-0.0004,-0.059,-0.2,-0.1097,0.0022,0.0006,-0.044,-0.3476,0.2482,0,0,0.23,,,959.7,1437.16,1894.35,349.78,368.55,333.34,394.66,186.39,88.77,,,,
SMG,The Scotts Miracle-Gro Company,62.908,3662.52,United States and Canada,US,-0.165,-0.0006,-0.0072,-0.0106,-0.0064,-0.0543,-0.0007,-0.0134,-0.0147,-0.0084,-0.0555,0.005,-0.0122,-0.0137,0.0018,-0.0155,3289.91,3360.6,3461.82,3552.7,3551.3,3924.1,4925,4131.6,3156,2663.4,2642.1,2506.2,2371.1
QGEN,Qiagen N.V.,42.28,8743.53,United States and Canada,US,-0.2687,-0.0006,-0.0056,-0.0023,-0.0292,-0.0264,-0.0008,-0.0066,-0.0188,-0.0373,-0.0404,-0.0007,-0.0059,-0.0159,-0.0646,-0.0882,2143.19,2256.32,2391.06,1978.21,1965.31,2143.02,2251.66,1870.35,1526.42,1501.85,1417.54,1337.99,1280.99
GMED,Globus Medical Inc.,82.331,11175.99,United States and Canada,US,-0.188,-0.0006,-0.0008,-0.0008,0.0118,0.0403,-0.0014,-0.0018,0.0015,0.0138,0.0362,-0.0061,-0.0075,-0.0034,0.0226,0.0027,3200.17,3398.02,3602.56,2519.36,1568.48,1022.84,958.1,789.04,785.37,712.97,635.98,563.99,536.65
V,Visa Inc.,362.5,665407.17,United States and Canada,US,-0.0307,-0.0007,0.0039,0.0062,0.0256,0.0382,0.0023,0.0085,0.0105,0.0308,0.0502,0.0036,0.0105,0.0126,0.0357,0.0564,45743.58,50769.67,56069.03,35926,32653,29310,24105,21846,22977,20609,18358,15082,13880
MAT,Mattel Inc.,14.787,4224.65,United States and Canada,US,-0.3422,-0.0007,-0.0008,0.0002,0.0088,0.0098,0.0032,0.0031,0.0037,0.0394,0.0415,0.0041,0.0041,0.0007,0.0376,0.0593,5670.98,5977.65,6147.41,5379.55,5441.22,5434.69,5457.74,4588.43,4504.57,4514.81,4881.49,5453.15,5702.61
CTSH,Cognizant Technology Solutions Corporation,57.66,25972.61,United States and Canada,US,-0.3375,-0.0007,-0.0053,-0.0058,-0.0077,0.0159,-0.0024,-0.0075,-0.0083,-0.012,0.0038,-0.0054,-0.0129,-0.0123,-0.0222,0.0338,22194.19,23258.72,24514.97,19736,19353,19428,18507,16652,16783,16125,14810,13487,12416
LHX,L3Harris Technologies Inc.,286.67,53382.14,United States and Canada,US,-0.2441,-0.0007,0.0036,0.0041,0.009,0.0269,-0.0112,-0.0083,-0.0077,0.0037,0.0383,-0.0126,-0.0074,-0.006,0.0201,0.0653,23634.3,25212.88,27169.07,21325,19419,17062,17814,18194,18526,6801,6168,5897,5992
GDDY,GoDaddy Inc.,91.034,11529.25,United States and Canada,US,-0.4161,-0.0007,-0.0008,-0.0016,-0.0074,-0.0082,-0.0055,-0.0057,-0.0065,-0.0256,-0.0337,-0.0127,-0.0132,-0.0144,-0.044,-0.0786,5237.97,5517.54,5799.33,4573.2,4254.1,4091.3,3815.7,3316.7,2988.1,2660.1,2231.9,1847.9,1607.3
SIGI,Selective Insurance Group Inc.,96.238,5732.81,United States and Canada,US,-0.0415,-0.0007,-0.0054,-0.0054,-0.0257,-0.0446,-0.0052,-0.0335,-0.0335,-0.0712,-0.0749,0,-0.0408,-0.0408,-0.1056,,5448.6,5452.62,5507.75,4861.66,4232.11,3558.06,3379.16,2922.27,2846.49,2586.08,2469.98,2284.27,2131.85
SYF,Synchrony Financial,78.596,25572.85,United States and Canada,US,-0.1146,-0.0007,-0.0095,-0.0095,-0.0206,-0.0297,-0.001,-0.0092,-0.0091,-0.0165,-0.0264,-0.0019,-0.0001,0.0008,-0.0193,0.0028,15183.38,15983.31,16732.3,9392,7662,8299,9466,5852,9132,7739,7071,6986,6795
CENT,Central Garden & Pet Company,44.779,2507.49,United States and Canada,US,-0.0517,-0.0007,-0.0105,-0.0359,-0.0361,-0.06,0.008,0.0009,-0.075,-0.075,-0.105,0.0215,-0.0142,-0.038,-0.0376,-0.1083,3013.5,2950.91,3193.11,3200.46,3310.08,3338.59,3303.68,2695.51,2383.01,2215.36,2054.48,1829.02,1650.74
FBNC,First Bancorp,64.663,2675.38,United States and Canada,US,-0.0282,-0.0007,0.0036,0.0036,0.0007,0.0617,0.0004,0.0559,0.0559,0.0591,,,,,,,512.24,575.59,,333.72,386.33,370.49,304.98,264.43,273.47,269.96,212.84,153.23,139.76
TNL,Travel + Leisure Co.,76.721,4701.62,United States and Canada,US,-0.0528,-0.0008,0.0169,0.0203,0.001,0.0042,-0.0011,0.0297,0.0301,0.015,0.0117,0,0.0305,0.0309,,,4168.91,4357.78,4482.15,3864,3750,3567,3134,2160,4042,3931,3806,3692,4878
MUR,Murphy Oil Corporation,33.37,4783.58,United States and Canada,US,-0.23,-0.0008,-0.0305,0.0067,0.2472,0.1114,-0.0088,-0.0116,-0.0134,0.0934,-0.0093,0,0.0239,0.0191,,,3122.15,3091.2,3272.12,3018.6,3448.85,4220.14,2801.22,1954.37,2817.11,1806.47,1306.99,1862.89,2787.12
DE,Deere & Company,620.879,167598.48,United States and Canada,US,-0.0791,-0.0008,-0.0007,0.0091,0.0404,0.018,-0.0009,-0.0031,-0.0054,0.0245,0.0126,-0.0012,-0.002,-0.0175,0.021,,41418.8,44677.91,49243.86,51532,61222,52563,43983,35514,39233,37318,29071,26549,28780.8
LOW,Lowe's Companies Inc.,223.35,125233.92,United States and Canada,US,-0.2379,-0.0008,-0.0008,0,-0.0012,0.0643,-0.0015,-0.0015,-0.004,-0.0052,0.0574,-0.0025,-0.0025,-0.0091,-0.0057,0.0507,93070.26,95935.35,99699.53,83674,86377,97059,96250,89597,72148,71309,68619,65017,59074
CL,Colgate-Palmolive Company,93.277,74357.89,United States and Canada,US,-0.0609,-0.0009,-0.0021,-0.0009,0.0064,0.0075,-0.0025,-0.0043,-0.0035,0.0036,-0.0002,-0.0034,-0.0034,-0.0023,0.0039,0.0017,21400.59,22059.56,22836.98,20101,19457,17967,17421,16471,15693,15544,15454,15195,16034
HON,Honeywell International Inc.,246.165,78019.54,United States and Canada,US,-0.5041,-0.0009,-0.004,-0.488,-0.4896,-0.53,-0.0003,0.0025,-0.5087,-0.5085,-0.543,0.0016,0.0168,-0.5088,-0.5088,-0.5385,20182.54,20555.44,21675.16,34717,33009,35466,34392,32637,36709,41802,40534,39302,38581
FSUN,FirstSun Capital Bancorp,39.647,1957.7,United States and Canada,US,-0.0636,-0.0009,-0.0208,-0.0198,-0.0444,0.5017,-0.0164,-0.0388,-0.0388,-0.0461,,,,,,,663.23,761.36,,359.15,354.28,313.15,276.48,261.24,192.14,,,,
WBS,Webster Financial Corporation,79.062,12810.69,United States and Canada,US,-0.0085,-0.0009,-0.013,-0.0103,-0.0058,-0.0068,-0.0001,-0.0079,-0.0074,-0.0017,0.0026,-0.0039,-0.0085,-0.008,-0.0058,,3005.59,3200.78,3340,2366.79,2500.86,2194.45,1278.96,1038.92,1202.64,1147.25,1014.87,926.64,853.1
EQH,Equitable Holdings Inc.,51.527,14066.87,United States and Canada,US,-0.0672,-0.0009,-0.0163,-0.0115,-0.0594,-0.0574,0.0082,-0.0015,-0.0087,-0.0488,-0.0451,0.015,-0.0133,-0.0222,-0.0653,-0.0538,15499.4,17043.57,18473.42,12747,10448,13136,9931,9583,7586,12069,12460,11763,10043
MOD,Modine Manufacturing Company,195.6,10388.85,United States and Canada,US,-0.3949,-0.0009,-0.0002,0.0595,0.1033,0.2082,-0.0003,0.0002,0.1062,0.1028,0.2939,-0.0006,-0.0006,,,,4062.55,5050.27,6569.29,2583.5,2407.8,2297.9,2050.1,1808.4,1975.5,2212.7,2103.1,1503,1352.5
PRGO,Perrigo Company plc,12.83,1780.41,United States and Canada,US,-0.4786,-0.0009,0.0008,-0.0095,-0.0235,-0.084,-0.004,-0.0022,-0.0104,-0.0327,-0.0981,-0.0063,-0.0063,-0.0119,-0.0267,-0.1176,4059.49,4089.33,4147.3,4373.4,4655.6,4451.6,4138.7,4088.2,3869.9,4731.7,4946.2,5280.6,5014.6
RNST,Renasant Corporation,42.694,3902.37,United States and Canada,US,-0.0414,-0.0009,-0.01,-0.0098,-0.0083,0.0105,-0.0051,-0.0173,-0.0168,-0.0223,,,,,,,1124.14,1160.61,,706.58,616.81,606.68,653.15,575.48,589.86,533.68,461.49,430.92,344.88
REXR,Rexford Industrial Realty Inc.,36.749,8491.82,United States and Canada,US,-0.1719,-0.0009,-0.0081,-0.0149,-0.0255,-0.1065,-0.0205,-0.0512,-0.0653,-0.0955,-0.1895,-0.039,-0.0885,-0.1118,-0.1597,-0.259,956.48,925.75,928.96,936.41,797.83,631.2,452.24,330.13,267.21,212.49,161.35,125.74,93.99
BKR,Baker Hughes Company,61.557,61106.04,United States and Canada,US,-0.1257,-0.0009,0.0669,0.071,0.0595,0.0503,-0.0011,0.1252,0.1309,0.1428,0.1534,-0.0013,0.1385,0.1362,0.1701,0.154,29065.21,32719.6,34468.85,27829,25506,21156,20502,20705,23838,22877,17179,13082,16688
DIS,The Walt Disney Company,104.91,181146.72,United States and Canada,US,-0.1241,-0.0009,-0.0016,0.0003,0.0058,0.0116,-0.0018,-0.0015,0.0013,0.0063,0.0096,-0.0028,-0.0021,-0.003,0.0019,0.0227,101509.83,105900.04,110068.4,91361,88898,82722,67418,65388,69607,59434,55137,55632,52465
ADMA,ADMA Biologics Inc.,9.887,2228.09,United States and Canada,US,-0.5167,-0.001,-0.002,-0.1432,-0.1593,-0.1623,-0.0014,-0.0022,-0.1074,-0.0973,-0.1411,0,-0.0009,-0.1581,-0.1662,-0.2146,533.82,699.58,782.57,426.45,258.21,154.08,80.94,42.22,29.35,16.99,15.76,10.66,7.18
CLF,Cleveland-Cliffs Inc.,12.26,6994.82,United States and Canada,US,-0.2659,-0.001,0.0262,0.0379,0.0388,0.039,0.0035,0.0285,0.0427,0.0314,0.0095,0,0.0189,0.0352,,,21416.28,22041.82,22063.63,19185,21996,22989,20444,5354,1990,2332,1866,1554.5,2013.3
PLD,Prologis Inc.,140.147,135568.03,United States and Canada,US,-0.0861,-0.001,0.0069,0.0059,0.0048,0.0208,0.0014,0.008,0.0015,0.0002,-0.0029,0.0045,0.0056,-0.0155,-0.0165,-0.0386,8735.65,9223.62,9841.67,8555.23,8330.7,6284.56,5163.69,4736.1,3530.8,3102.71,2866.7,2739.44,2356.34
DLR,Digital Realty Trust Inc.,193.767,72992.26,United States and Canada,US,-0.0691,-0.001,0.0529,0.0539,0.059,0.0731,0.0009,0.0409,0.0406,0.0448,0.0579,0.0018,0.0587,0.0627,0.0704,0.0698,7114.62,7831.4,8955.89,5434.83,5447.27,4678.34,4490.16,3845.98,3217.31,3079.46,2483.44,2159.32,1778.83
VOYA,Voya Financial Inc.,101.383,9192.02,United States and Canada,US,-0.0238,-0.0011,-0.0046,-0.0128,-0.05,-0.0165,0,0.0009,-0.0097,-0.0468,0.0214,0,0.009,-0.0014,-0.014,-0.0307,7785,8138.95,8419.53,8050,7348,5922,3956,7649,7478,7161,7229,8788,8743
OLLI,Ollie's Bargain Outlet Holdings Inc.,81.594,4932.63,United States and Canada,US,-0.4216,-0.0011,-0.0038,-0.0114,-0.0118,0.0267,-0.0011,-0.0053,-0.0143,-0.0123,0.0286,0,0.0002,-0.0184,,,2968.62,3296.63,3651.78,2271.7,2102.66,1827.01,1752.99,1808.82,1408.2,1241.38,1077.03,890.32,762.37
RIOT,Riot Platforms Inc.,20.505,7753.99,United States and Canada,US,-0.3237,-0.0011,-0.0141,-0.0039,-0.1209,-0.2166,0.0042,-0.0279,-0.0815,-0.0968,-0.1528,0.004,-0.0488,-0.1617,-0.3064,-0.1118,653.92,776.95,946.82,376.66,280.68,259.17,213.24,12.08,6.84,7.84,0.27,0.1,0.1
HCC,Warrior Met Coal Inc.,91.97,4856.2,United States and Canada,US,-0.1669,-0.0011,-0.0072,-0.0377,0.0323,0.1693,-0.0007,0.0239,-0.0183,-0.0028,0.0658,-0.0033,-0.0004,-0.002,-0.1332,0.085,1993.96,2159.4,2278.42,1525.22,1676.63,1738.74,1059.22,782.74,1268.31,1378.01,1163.69,369.02,544.73
GBDC,Golub Capital BDC Inc.,13.184,3423.25,United States and Canada,US,-0.1166,-0.0011,-0.0008,0.0029,-0.032,-0.0817,-0.0016,0.005,0.0058,-0.0247,-0.0237,-0.0022,-0.0022,-0.0152,-0.0307,,773.16,742.91,740.86,724.68,603.09,387.8,307.13,298.95,172.3,152.17,137.76,127.87,119.97
NIO,NIO Inc.,4.74,11862.87,United States and Canada,US,-0.409,-0.0011,0.0006,0.0542,0.1092,0.243,0.0016,0.0076,0.0376,0.1161,0.2558,0.0047,0.0117,0.03,0.163,0.2645,20106.08,23273,26006.15,9005.56,7835.94,7143.48,5686.3,2490.57,1123.8,719.8,,,
PPC,Pilgrim's Pride Corporation,27.446,6535.13,United States and Canada,US,-0.4572,-0.0012,-0.0111,-0.0158,0.0011,0.0042,-0.0032,-0.0077,-0.0127,-0.0047,-0.0001,-0.001,0.0033,0.0009,0.0058,0.0058,18528.67,18866.97,19276.1,17878.29,17362.22,17468.38,14777.46,12091.9,11409.22,10937.78,10767.86,9878.56,8752.67
DAC,Danaos Corporation,140.659,2560.5,United States and Canada,US,-0.032,-0.0012,-0.0012,-0.0075,0.0942,0.0656,-0.0098,-0.0098,0.0619,0.25,0.1533,0.0461,0.0461,0.2756,,,1062.49,1093.76,1137.83,1014.11,973.58,993.34,689.5,461.59,447.24,458.73,451.73,498.33,567.94
EZPW,EZCORP Inc.,27.877,1715.44,United States and Canada,US,-0.2491,-0.0012,-0.011,0.0766,0.0501,0.2352,0.0033,0.0019,0.0544,0.0247,0.2378,0.0063,0.0074,-0.0021,-0.0024,0.3034,1673.41,1826.66,1968.75,1161.6,1049.04,886.23,729.55,822.78,847.23,812.16,747.95,730.5,720
DUOL,Duolingo Inc.,130.885,6115.47,United States and Canada,US,-0.7203,-0.0012,0.0004,0.0006,-0.0443,-0.0458,-0.0093,-0.0072,-0.0071,-0.0955,-0.1388,-0.007,-0.0022,-0.0027,-0.1138,,1206.84,1363.98,1538.55,748.02,531.11,369.5,250.77,161.7,70.76,,,,
CDE,Coeur Mining Inc.,17.39,17990.14,United States and Canada,US,-0.3738,-0.0012,-0.1133,-0.2943,0.0068,1.5534,0.1821,0.0094,-0.0692,0.0207,2.031,-0.1058,-0.0045,-0.0491,-0.0446,,4968.08,6210.5,5294.53,1054.01,821.21,785.64,832.83,785.46,711.5,625.9,709.6,571.9,561.41
BFAM,Bright Horizons Family Solutions Inc.,73.381,3860.33,United States and Canada,US,-0.4094,-0.0012,-0.0012,-0.0012,-0.0065,-0.0043,-0.0055,-0.0057,-0.0057,-0.0201,-0.026,0.0021,0.0018,0.0018,-0.0023,,3098.99,3269.3,3490.87,2686.01,2418.26,2020.49,1755.31,1515.09,2062.02,1903.18,1740.9,1569.84,1458.44
VNO,Vornado Realty Trust,39.5,8033.28,United States and Canada,US,-0.0892,-0.0013,-0.0013,0.0074,0.0337,-0.0063,0.0067,0.0067,0.0216,0.0564,-0.0235,0.0056,0.0056,0.0466,0.084,0.0037,1874.82,2013.58,2134.1,1900.15,1833.46,1904.67,1705.15,1198.84,2003.57,2172.87,2096,2177.88,1966.98
TYL,Tyler Technologies Inc.,312.253,12787.47,United States and Canada,US,-0.4925,-0.0013,-0.0013,-0.0014,0.0005,-0.0045,0,0.0001,-0.0006,-0.0008,-0.0076,0.0004,0.0007,0.0025,0.0118,0.0011,2554.53,2807.77,3057.69,2137.8,1951.75,1850.2,1592.29,1116.66,1086.43,935.28,840.9,759.88,591.02
MMM,3M Company,182.9,94325.63,United States and Canada,US,-0.0108,-0.0013,0.0117,0.0124,0.0101,0.0195,0.0006,0.018,0.0211,0.018,0.03,0,0.0125,0.0169,0.0259,0.0305,25406.71,26447.2,27355.2,24575,32681,34229,35355,32184,32136,32765,31657,30109,30274
ALM,Almonty Industries Inc.,14.186,4091.5,United States and Canada,US,-0.4188,-0.0013,0.0976,0.0485,0.7061,1.431,-0.0013,0.0535,0.2416,0.7763,1.9263,-0.0013,0.0667,0.1798,0.6514,1.3207,288.23,687.29,960.13,20.06,16.99,18.31,16.49,19.72,29.44,36.25,50.45,31.27,28.44
ETR,Entergy Corporation,107.199,50022.43,United States and Canada,US,-0.0949,-0.0013,-0.0065,0.0053,0.008,-0.0019,-0.0015,0.0028,0.0175,0.0288,0.0228,-0.0002,0.0051,0.0152,0.0263,0.0298,13923.58,15284.5,16783.21,11879.65,12147.41,13764.24,11742.9,10113.64,10878.67,11009.45,11074.48,10845.65,11513.25
OPEN,Opendoor Technologies Inc.,3.485,3384.25,United States and Canada,US,-0.6794,-0.0014,0.0112,-0.0694,-0.1799,-0.2269,0.0354,0.0481,0.0661,0.0698,0.2419,0.0025,0.0297,0.1182,,,3928.3,7128.6,8825.35,5153,6946,15567,8021,2583,4741,1838.07,711.07,,
DDS,Dillard's Inc.,612.653,9569.32,United States and Canada,US,-0.1743,-0.0014,-0.0014,0.0056,-0.0067,0.0048,-0.0014,-0.0014,0.0055,-0.0106,0.0326,-0.0043,-0.0043,-0.0014,,,6608.92,6679.53,6824.24,6590.23,6874.42,6996.22,6624.27,4433.19,6343.21,6503.35,6422.68,6418.01,6754.55
EQT,EQT Corporation,51.69,32332.92,United States and Canada,US,-0.2425,-0.0015,-0.0191,-0.0308,0.0056,-0.0965,-0.0011,-0.0221,-0.0443,-0.0603,-0.0475,0.0053,0.0261,-0.0095,-0.0552,0.022,9422.56,9242.71,10180.82,5041.96,5069.98,12140.62,6839.7,2612.25,3799.85,4736.46,2701,1636.05,1954
PFG,Principal Financial Group Inc.,113.405,24280.54,United States and Canada,US,-0.0275,-0.0015,-0.0079,-0.0054,-0.0455,-0.0522,0.0004,-0.0051,0.0083,-0.008,-0.0249,0.0062,-0.0191,-0.04,-0.0408,-0.0499,16276.54,17720.07,18488.22,16127.7,13665.8,17491.6,14262.7,14741.7,16222.1,14237.2,14093.2,12394.1,11964.4
CXT,Crane NXT Co.,53.33,3068.73,United States and Canada,US,-0.2271,-0.0015,-0.0015,0.1093,0.106,0.1127,-0.0017,-0.0017,0.1272,0.1259,0.09,0,0,0.1446,,,1923.69,2036.5,2116.78,1486.8,1391.3,1339.9,1345.1,1104.8,1158.3,,,,
BANF,BancFirst Corporation,113.065,3798.84,United States and Canada,US,-0.1852,-0.0015,0.014,0.0358,0.0493,0.0457,-0.0021,0.012,0.0642,0.0675,,,,,,,747.6,790.35,,622.45,602.41,547.34,489.58,381.24,410.86,381.87,336.7,299.34,286.93
TRMK,Trustmark Corporation,47.423,2761.24,United States and Canada,US,-0.0322,-0.0015,-0.0019,-0.0019,-0.0016,0.0064,-0.0031,-0.0034,-0.0034,-0.0044,,,,,,,848.05,886.65,,519.75,676.73,623.24,664.71,656.08,602.79,587.27,584.51,546.76,553.11
EDU,New Oriental Education & Technology Group Inc.,56.392,8974.55,United States and Canada,US,-0.132,-0.0015,0.058,0.0605,0.0967,0.1171,0.0397,0.0695,0.0725,0.1123,0.1414,0.0406,0.193,0.193,0.1927,0.2079,6633.46,7385.3,8205.32,4900.26,4313.59,2997.76,3105.25,4276.54,3578.68,3096.49,2447.43,1799.51,1478.35
MLCO,Melco Resorts & Entertainment Limited,5.515,2141.43,United States and Canada,US,-0.4567,-0.0015,-0.0077,-0.0121,0.007,0.0104,-0.0024,-0.01,-0.0088,0.0073,0.0136,0,-0.0209,-0.0193,-0.0094,-0.0094,5319.85,5557.91,5732.75,4638.21,3775.25,1349.98,2012.36,1727.92,5736.8,5188.94,5284.82,4519.4,3974.8
XPEV,XPeng Inc.,12.13,11608.07,United States and Canada,US,-0.5704,-0.0016,0.0084,-0.0164,-0.1148,-0.1162,-0.003,0.0013,-0.0182,-0.0939,-0.0641,0.0001,0.0065,0.0061,0.005,0.0944,13673.72,17264.71,19940.05,5598.89,4321.91,3893.74,3302.62,895.3,333.37,1.41,,,
GOLF,Acushnet Holdings Corp.,93.32,5464.26,United States and Canada,US,-0.2201,-0.0016,-0.0016,0.0028,0.0293,0.0462,-0.0006,-0.0006,0.0076,0.0206,0.0389,-0.0053,-0.0053,0.0197,,,2671.23,2754.96,2850.46,2457.09,2381.99,2270.34,2147.93,1612.17,1681.36,1633.72,1560.26,1572.28,1502.96
PCG,PG&E Corporation,17.465,38461.85,United States and Canada,US,-0.0882,-0.0016,-0.0155,-0.0151,-0.0179,-0.0141,-0.0009,-0.0058,-0.0045,-0.0093,-0.0023,-0.0009,-0.0028,-0.0009,-0.0015,0.0106,26015.23,27173.04,28257.12,24419,24428,21680,20642,18469,17129,16759,17135,17666,16833
BWIN,The Baldwin Insurance Group Inc.,29.543,4121.2,United States and Canada,US,-0.1508,-0.0016,-0.0023,-0.0036,-0.007,0.1374,0.0024,-0.0008,-0.0101,-0.0261,0.0831,0.0046,-0.0052,-0.0308,0.0073,,2003.73,2205.69,2427.53,1389.04,1218.56,980.72,567.29,240.92,137.84,79.88,48.01,,
POST,Post Holdings Inc.,78.69,3566.43,United States and Canada,US,-0.329,-0.0016,-0.0033,-0.0123,-0.0143,-0.0794,-0.005,-0.0075,-0.0253,-0.0231,-0.0961,0,-0.0028,-0.0162,-0.0177,,8287.6,8201.62,8288.2,7922.7,6991,5851.2,4980.7,4711,5681.1,6257.2,5225.8,5026.8,4648.2
FLG,Flagstar Bank National Association,13.958,5820.75,United States and Canada,US,-0.096,-0.0017,-0.0331,-0.0406,-0.1251,-0.1505,-0.0031,-0.0299,-0.0384,-0.1007,-0.0833,0,-0.0716,-0.0886,-0.0736,,2187.11,2783.19,3172.92,1581,2800,1351,1347,1099,1034,1104.3,1309.64,1428.77,633.84
OTTR,Otter Tail Corporation,93.779,3937.37,United States and Canada,US,-0.0129,-0.0017,-0.0017,0.0045,-0.0087,-0.0464,0.0074,0.0074,0.01,0.0218,0.0031,0.0064,0.0064,-0.0031,0.008,-0.0014,1310.13,1367.25,1422.9,1330.55,1349.17,1460.21,1196.84,890.11,919.5,916.45,849.35,803.54,779.8
BRSL,Brightstar Lottery PLC,11.033,2023.09,United States and Canada,US,-0.4057,-0.0017,-0.005,-0.0115,-0.0166,-0.0302,0.0025,-0.0011,-0.0073,-0.0157,-0.0075,0.0011,0.0011,0.0057,,,2488.45,2577.21,2685.25,2512,2529,2597,4089,3115,4032,3980.87,4938.96,5153.9,4689.06
CRS,Carpenter Technology Corporation,570.432,28342.26,United States and Canada,US,-0.0887,-0.0018,0.0021,0.003,0.0158,-0.0004,0,-0.0092,-0.0066,0.0495,0.0681,0.0242,0.0287,0.0334,0.0809,0.1153,3483.38,3840.49,4269.81,2877.1,2759.7,2550.3,1836.3,1475.6,2181.1,2380.2,2157.7,1797.6,1813.4
CAR,Avis Budget Group Inc.,142.376,5029.54,United States and Canada,US,-0.832,-0.0018,-0.0243,-0.025,-0.0237,-0.028,-0.0201,-0.0237,-0.0189,-0.0237,-0.0176,-0.013,-0.0281,-0.0245,,,11648.2,11870.16,12196.05,11789,12008,11994,9313,5402,9172,9124,8848,8659,8502
VFC,V.F. Corporation,14.986,5891.51,United States and Canada,US,-0.3271,-0.0018,0.0006,-0.004,-0.0046,-0.0337,-0.0016,-0.0008,-0.0037,-0.0067,-0.0316,0.0019,0.0028,-0.0474,-0.0175,-0.0641,9501.01,9795.86,10058.06,9504.69,9915.68,11089.36,11841.84,9238.83,10488.56,10266.89,11492.38,8394.68,11026.15
RDN,Radian Group Inc.,36.91,4908.11,United States and Canada,US,-0.1009,-0.0018,-0.0018,0.089,0.5381,0.4828,-0.003,-0.003,0.112,0.6363,0.4951,0,0,0.0678,,,1915.29,2076.76,2716.06,1206.3,1177.3,1190.73,1329.93,1438.62,1526.95,1273.01,1221.63,1238.45,1193.25
MBGL,Mobility Global Inc.,19.7,6304,United States and Canada,US,-0.2423,-0.0018,-0.001,,,,-0.0018,-0.0015,,,,-0.0017,-0.0019,,,,1896.43,2052.47,2221.23,1613,1485,,,,,,,,
LUNR,Intuitive Machines Inc.,16.392,3557.41,United States and Canada,US,-0.6494,-0.0018,0.0034,0.0047,0.0563,1.5385,0.0057,0.0227,0.042,0.1179,1.6232,0.0158,0.0158,0.0024,0.2143,1.591,950.66,1157.23,1412.98,228,79.55,85.95,72.55,44.26,,,,,
MTG,MGIC Investment Corporation,30.48,6252.21,United States and Canada,US,-0.0442,-0.0018,-0.0018,-0.0105,-0.0313,-0.0556,0.003,0.003,-0.023,-0.0517,-0.0759,0.0137,0.0137,-0.0663,,,1191.58,1211.23,1184.47,1207.73,1155.1,1172.79,1185.67,1199.15,1213.98,1123.85,1066.05,1058.48,1065.04
AN,AutoNation Inc.,209.254,6918.11,United States and Canada,US,-0.1126,-0.0019,0.0004,-0.0004,-0.0239,-0.0072,-0.0017,0.0017,-0.0036,-0.0345,-0.0124,-0.0011,-0.0013,-0.0089,-0.0588,-0.0366,27825.95,28720.75,29606.75,26765.4,26948.9,26985,25844,20390,21335.7,21412.8,21534.6,21609,20862
H,Hyatt Hotels Corporation,177.71,16746.81,United States and Canada,US,-0.1409,-0.0019,0.0006,0.0039,-0.0023,-0.0226,-0.0017,0,0.0046,0.0122,-0.0099,-0.0032,0.0002,0.0083,,-0.0418,7169.24,7729.42,8280.1,3296,3609,3271,1445,780,2559,2498,2700,2534,2542
PGR,The Progressive Corporation,215.344,125194.92,United States and Canada,US,-0.1553,-0.0019,-0.0101,-0.0111,-0.0341,-0.0745,-0.0034,-0.0243,-0.0338,-0.052,-0.0989,-0.0111,-0.0125,-0.0398,-0.0522,-0.1716,87192.57,92341.23,97818.8,75343,62082.3,49586.4,47676.5,42638.1,38997.7,31954.7,26816.1,23417.4,20831.9
BCO,The Brink's Company,112.242,4623.21,United States and Canada,US,-0.1769,-0.0019,-0.0136,-0.0136,0.0156,0.0238,-0.006,-0.0206,-0.0206,-0.0016,0.0008,-0.0114,-0.0285,-0.0285,,,5583.04,5787.09,6078.55,5011.9,4874.6,4535.5,4200.2,3690.9,3683.2,3488.9,3347,3020.6,3061.4
SNAP,Snap Inc.,5.33,9014.08,United States and Canada,US,-0.4256,-0.0019,-0.0024,-0.0017,-0.0057,0.0245,0.0226,0.0217,0.0224,0.0249,0.0372,0.0239,0.0219,0.0266,0.0257,0.0357,6678.97,7509.27,8158.51,5361.4,4606.11,4601.85,4117.05,2506.63,1715.53,1180.45,824.95,404.48,58.66
JBTM,JBT Marel Corporation,123.12,6410.59,United States and Canada,US,-0.2766,-0.002,-0.002,-0.0024,0.0159,0.0479,0.0001,0.0001,0.0017,0.0135,0.0271,,,,,,4020.44,4225.58,,1716,1664.4,1590.3,1400.8,1727.8,1945.7,1919.7,1635.1,1350.5,1107.3
BNL,Broadstone Net Lease Inc.,20.93,4189.96,United States and Canada,US,-0.0939,-0.002,-0.0013,0.0124,0.0189,0.0319,-0.0061,-0.0068,0.0074,-0.0016,0.0263,0.0113,0.0113,0.0267,0.0563,0.1465,495.23,530.14,582.78,431.8,442.89,407.51,382.88,321.64,298.81,237.48,181.56,142.87,98.09
HTH,Hilltop Holdings Inc.,39.04,2236.46,United States and Canada,US,-0.0339,-0.002,0.0034,0.0036,-0.0013,0.0012,-0.0007,-0.0064,-0.0058,-0.0256,,,,,,,1258.66,1291.7,,1187.81,1177.43,1283.13,1891.47,2018.15,1494.59,1308.34,1585.78,1643.88,1542.22
AON,Aon plc,358.189,75981,United States and Canada,US,-0.0632,-0.002,-0.0047,-0.0065,-0.0087,-0.0298,-0.0029,-0.007,-0.0061,-0.0112,-0.0262,-0.0017,-0.004,-0.0053,-0.0106,0.0117,17921.37,19017.58,20155.91,15698,13376,12479,12193,11066,11013,10770,9998,9409,9480
XRAY,DENTSPLY SIRONA Inc.,12.119,2427.76,United States and Canada,US,-0.1845,-0.0021,-0.0022,-0.0022,-0.0245,-0.0448,-0.0042,-0.0046,-0.0046,-0.0314,-0.0542,0.0011,-0.0009,-0.0009,-0.0333,-0.0757,3576.34,3642.33,3745.58,3793,3965,3922,4231,3339,4022,3986,3993.4,3745.3,2674.3
GLPI,Gaming and Leisure Properties Inc.,44.137,13214.32,United States and Canada,US,-0.1164,-0.0021,-0.0028,0.0005,0.0161,0.029,-0.0015,-0.0023,0.0052,0.0194,0.0382,0.0038,0.0035,0.0054,-0.0653,-0.1705,1723.1,1829.93,1904.64,1531.55,1440.39,1311.68,1216.35,1153.16,1153.47,1055.73,971.31,828.25,575.05
ASB,Associated Banc-Corp,31.28,5832.99,United States and Canada,US,-0.0223,-0.0021,0.0033,0.0051,0.036,0.1305,0.0001,0.0032,0.0045,0.0355,0.1299,0,,,,,1767.92,1918.51,2004.53,952.86,1019.74,1206.69,1146.23,1120.71,1200.56,1234.6,1047.9,990.16,968.13
APO,Apollo Global Management Inc.,127.438,73400.69,United States and Canada,US,-0.1686,-0.0022,-0.0136,-0.0026,0.0265,0.0628,0.0119,0.0109,0.03,0.0232,0.0832,,,,,,5408.94,6347.8,7323.5,25888,31944,10844,5813,2221,2833.48,1033.69,2718.93,2030.08,1011.6
ERIE,Erie Indemnity Company,252.641,13210.56,United States and Canada,US,-0.3363,-0.0022,-0.0022,-0.0022,-0.0366,-0.0697,,,,,,,,,,,4169.22,,,3795.11,3268.94,2840.12,2633.98,2536.49,2477.3,2382.21,1691.77,1596.63,1505.51
SLGN,Silgan Holdings Inc.,41.71,4407.9,United States and Canada,US,-0.1582,-0.0022,0.0017,0.0017,0.0329,0.0414,0.0014,0.0029,0.0029,0.0342,0.0411,-0.003,-0.0022,-0.0022,0.0311,0.0662,6875.15,7030.27,7205.18,5854.69,5988.2,6411.5,5677.1,4921.94,4489.93,4448.88,4089.85,3612.91,3763.97
TAP,Molson Coors Beverage Company,43.373,8132.94,United States and Canada,US,-0.2088,-0.0022,-0.0047,-0.004,-0.0059,-0.0236,-0.0015,-0.0054,-0.0044,-0.0036,-0.0272,-0.0045,-0.01,-0.0087,-0.0177,-0.0333,11083.5,11119.37,11143.63,11627,11702.1,10701,10279.7,9654,10579.4,10769.6,11002.8,4885,3567.5
APD,Air Products and Chemicals Inc.,303.393,67561.23,United States and Canada,US,-0.0364,-0.0022,-0.0003,-0.0006,0.0165,0.0126,-0.0059,-0.0019,-0.0027,0.0151,0.0095,-0.0001,0.0016,0.0006,0.0194,-0.1079,12752.8,13476.19,14317.42,12100.6,12600,12698.6,10323,8856.3,8918.9,8930.2,8187.6,7503.7,7824.3
ATO,Atmos Energy Corporation,170.206,28410.76,United States and Canada,US,-0.1159,-0.0023,-0.0158,-0.0135,0.0195,-0.0098,0,-0.0098,-0.0198,-0.05,-0.0131,0,-0.0098,-0.0201,-0.017,0.0372,5162.78,5740.14,6284.79,4165.19,4275.36,4201.66,3407.49,2821.14,2901.85,3115.55,2759.74,2454.65,2926.99
LPX,Louisiana-Pacific Corporation,78.51,5485.09,United States and Canada,US,-0.2367,-0.0023,-0.0147,-0.0477,-0.1254,-0.1746,-0.002,-0.0182,-0.0493,-0.1143,-0.1304,0.0112,0.0094,0.0059,-0.0423,-0.1053,2517.3,2809.43,3008.72,2941,2581,3854,3915,2399,2310,2828,2734,2233.4,1892.5
JPM,JPMorgan Chase & Co.,357.52,950359.66,United States and Canada,US,-0.0151,-0.0023,0.0492,0.059,0.071,0.1219,0.0035,0.0396,0.0438,0.0582,0.1425,0.0055,0.0296,0.0332,0.0523,0.1802,207979.32,213200.71,220338.2,166775,145670,122306,130898,102471,110134,103744,94745,91208,89202
AAMI,Acadian Asset Management Inc.,89.812,3199.91,United States and Canada,US,-0.0533,-0.0024,-0.0027,0.0524,0.0802,0.1051,0.0005,0.0018,0.0701,0.1313,0.2349,0,0.0025,0.0561,,,773.7,910.77,1019.9,505.6,426.6,417.2,520.9,494.9,590.2,920.2,887.4,663.5,699.3
WMB,The Williams Companies Inc.,70.392,86101.2,United States and Canada,US,-0.1209,-0.0024,0.0126,-0.0075,-0.0531,-0.0409,0.0083,0.0328,-0.0284,-0.0456,-0.0307,0.0071,0.0406,-0.0065,0.0246,0.0453,12171.84,13764.07,16071.25,10753,9951,11352,10775,7724,8199,8686,8031,7499,7360
ADEA,Adeia Inc.,28.22,3112.11,United States and Canada,US,-0.1782,-0.0025,-0.0025,-0.0121,0.016,-0.0175,0.0074,0.0074,0.0129,0.0204,-0.0002,,,,,,416.04,450.81,475,376.02,388.79,438.93,391.21,515.92,280.07,406.13,373.73,259.56,273.3
HTGC,Hercules Capital Inc.,17.25,3184.19,United States and Canada,US,-0.123,-0.0026,-0.0068,-0.004,-0.0171,-0.0019,-0.0079,-0.0143,0.0019,0.0027,-0.0428,-0.001,-0.001,0.0571,,,582.1,623.27,684.68,493.59,460.67,321.69,280.98,287.26,267.87,207.75,190.88,175.05,157.13
DKNG,DraftKings Inc.,24.02,11917.01,United States and Canada,US,-0.5076,-0.0026,-0.0099,-0.0171,-0.0801,-0.1101,-0.0027,-0.0069,-0.0216,-0.0996,-0.1326,0.0008,-0.0027,-0.0159,-0.143,-0.1593,6710.14,7587.85,8694.72,4767.7,3665.39,2240.46,1296.03,614.53,323.41,226.28,191.84,,
CPT,Camden Property Trust,111.943,11658.44,United States and Canada,US,-0.0657,-0.0026,-0.0079,-0.0105,-0.0294,-0.0501,-0.0115,-0.0201,-0.0275,-0.0578,-0.0945,-0.0009,-0.0053,-0.0241,-0.083,-0.1262,1548.8,1563.95,1638.66,1555.4,1546.36,1434.01,1165.12,1065.64,1048.83,971.67,919.3,892.64,849.38
TW,Tradeweb Markets Inc.,102.618,24015.51,United States and Canada,US,-0.2634,-0.0026,-0.0047,0.0022,0.0201,0.0173,-0.0004,-0.0018,0.0021,0.0325,0.0396,-0.0008,-0.0087,0.0006,0.0512,0.0887,2345.68,2614.26,2871.94,1721.67,1338.22,1188.78,1074.86,892.34,775.57,684.41,562.97,517.07,
HNI,HNI Corporation,49.7,3587.44,United States and Canada,US,-0.0585,-0.0026,-0.0022,-0.02,-0.0125,1.1789,-0.0061,-0.0057,-0.0268,-0.0062,,-0.0005,0.0011,-0.019,,,5984.8,6203.74,6705.4,2526.4,2434,2361.8,2184.4,1955.4,2246.95,2257.89,2175.88,2203.49,2304.42
CE,Celanese Corporation,43.875,4811.44,United States and Canada,US,-0.3794,-0.0026,-0.0007,0.039,0.0451,-0.0162,-0.0125,-0.0133,-0.0028,0.0111,-0.0602,-0.0121,-0.0132,-0.0047,0.0145,-0.0071,10000.26,9967.75,10316.01,10268,10926,9673,8537,5655,6297,7155,6140,5389,5674
IPAR,Interparfums Inc.,123.18,3944.94,United States and Canada,US,-0.0473,-0.0026,-0.001,-0.0004,-0.0073,-0.0385,-0.0014,0.0006,0.0156,0.0111,-0.0263,-0.0246,-0.0246,-0.0058,,,1499.04,1615.54,1748.8,1452.33,1317.67,1086.65,879.52,539.01,713.51,675.57,591.25,521.07,468.54
DBD,Diebold Nixdorf Incorporated,75.292,2555.91,United States and Canada,US,-0.1824,-0.0027,-0.0016,-0.0016,0.0023,0.011,-0.0025,-0.0029,-0.0029,-0.0037,0.0001,,,,,,3905.57,4024.8,,3751.1,3760.5,3460.7,3905.2,3902.3,4408.7,4578.6,4609.3,3316.3,2419.3
TSN,Tyson Foods Inc.,58.04,20366.32,United States and Canada,US,-0.1647,-0.0027,-0.0027,-0.0044,-0.0019,0.0127,-0.0029,-0.0075,-0.0107,-0.0026,0.0091,-0.0038,-0.0109,-0.0098,-0.011,-0.0111,56541.17,56766.1,57526.08,53309,52881,53282,47049,43185,42405,40052,38260,36881,41373
ALGT,Allegiant Travel Company,95.585,2552.54,United States and Canada,US,-0.2268,-0.0027,-0.0104,0.2895,0.3592,0.3507,0.0061,0.0011,0.4566,0.4932,0.5067,0.0088,0.0102,0.4136,0.4629,,3663.17,4360.49,4494.69,2512.59,2509.86,2301.83,1707.91,990.07,1840.96,1667.45,1511.2,1378.94,1260.9
UTZ,Utz Brands Inc.,14.153,2037.5,United States and Canada,US,-0.0026,-0.0028,-0.0028,-0.0032,0.0071,0.0078,-0.0007,-0.0013,-0.0021,-0.0054,-0.0096,-0.001,-0.005,-0.0067,,,1492.46,1512.34,1550.29,1409.2,1438.2,1408.4,1180.71,964.31,768.23,772.03,707.03,,
BKNG,Booking Holdings Inc.,214.411,161104.24,United States and Canada,US,-0.075,-0.0028,-0.0033,-0.004,0.0024,0.0262,-0.0017,-0.0027,-0.0027,0.0102,0.0276,-0.0025,-0.0027,-0.0027,0.0116,0.0286,29257.93,32009.09,34628.53,23739,21365,17090,10958,6796,15066,14527,12681,10743,9223.99
ICFI,ICF International Inc.,95.05,1720.8,United States and Canada,US,-0.0654,-0.0028,-0.0028,-0.0056,-0.0081,-0.0284,-0.0025,-0.0025,-0.0047,-0.0041,,,,,,,1901.49,2004.36,,2019.79,1963.24,1779.96,1553.05,1506.88,1478.53,1337.97,1229.16,1185.1,1132.23
AKAM,Akamai Technologies Inc.,110.481,16062.33,United States and Canada,US,-0.3322,-0.0028,-0.0029,0.0033,0.0164,0.0307,0.0174,0.0177,0.0576,0.0756,0.0855,0.0334,0.0316,0.0903,0.0854,0.1149,4490.32,5074.81,5619.71,3991.17,3811.92,3616.65,3461.22,3198.15,2893.62,2714.47,2489.03,2347.99,2197.45
ARCC,Ares Capital Corporation,20.004,14363.33,United States and Canada,US,-0.1211,-0.003,-0.0058,-0.0043,-0.0243,-0.0268,0.003,-0.0065,-0.0045,-0.0201,-0.0961,0.0475,0.0153,0.0212,-0.0096,,3094.65,3189.4,3148.23,2990,2614,2096,1820,1511,1528,1337,1160,1012,1025
AVPT,AvePoint Inc.,12.773,2708.1,United States and Canada,US,-0.2961,-0.003,-0.003,-0.0053,0.0407,0.0814,-0.0015,-0.0015,-0.002,0.0609,0.0568,-0.0024,-0.0024,-0.0111,,-0.0393,511.28,615.33,743.56,330.48,271.82,232.34,191.91,151.53,116.1,107.31,,,
SPHR,Sphere Entertainment Co.,159.534,5729.44,United States and Canada,US,-0.0863,-0.003,-0.0026,0.0054,0.0306,0.1081,-0.0083,-0.0104,0.0038,0.0324,0.1111,0.0026,-0.011,-0.0077,0.0721,0.1023,1365.62,1376,1407.7,1072.41,1026.89,573.83,610.05,647.51,1436.02,1048.91,988.99,711.02,1115.31
PGY,Pagaya Technologies Ltd.,21.261,1773.72,United States and Canada,US,-0.5274,-0.003,-0.0054,-0.0012,-0.032,0.0067,0.0044,0.0046,0.0089,-0.0186,0.0328,0.0189,0.0189,0.0222,-0.0626,,1470.51,1694.7,1924.68,1032.25,812.05,748.93,474.59,99.01,36.14,,,,
XP,XP Inc.,16.234,8341.09,United States and Canada,US,-0.2981,-0.003,-0.0043,-0.0739,-0.0001,0.0273,-0.0061,-0.0161,-0.0893,-0.0184,0.0146,-0.0052,-0.0264,-0.0928,-0.0486,-0.0271,3921.33,4393.61,4920.3,2627.71,2935.96,2448.66,2141.76,1559.47,1254.77,745.52,557.23,384.71,166.9
HAPN,Happen Inc.,19.36,2234.29,United States and Canada,US,-0.1066,-0.003,0.011,0.0133,0.0005,-0.0543,-0.0024,0.0224,0.0355,0.0328,-0.0598,0,-0.0035,0.0439,-0.0011,,1072.76,1255.39,1451.66,1160.93,1135.41,1269.73,898.63,468.45,1001.27,1080.02,1145.57,1189.18,979.68
BRX,Brixmor Property Group Inc.,30.364,9317.87,United States and Canada,US,-0.076,-0.003,0.0051,0.0023,0.0008,0.0169,0.0006,0.0079,0.0177,0.0123,0.0275,0.0055,0.0084,0.0112,0.0139,,1431.48,1511.59,1603.36,1285.05,1245.04,1218.07,1152.27,1053.27,1168.26,1234.34,1283.56,1276.25,1266.44
BIDU,Baidu Inc.,109.719,37215.21,United States and Canada,US,-0.3362,-0.0031,-0.0231,-0.0176,-0.0159,-0.0114,-0.0061,-0.0303,-0.0166,-0.0164,-0.013,-0.0046,-0.0363,-0.0056,-0.0366,0.0064,19145.72,20407.81,22425.06,18238.8,18963.34,17931.71,19589.77,16402.77,15426.47,15101.69,13326.11,10160.58,10224.41
AAPL,Apple Inc.,313.298,4572327.41,United States and Canada,US,-0.0908,-0.0031,-0.0016,-0.0011,0.0284,0.0957,-0.0044,0.0056,0.0195,0.0614,0.1308,-0.0065,0.0083,0.0331,0.0775,0.1536,477372.75,523333.03,565122.76,391035,383285,394328,365817,274515,260174,265595,229234,215639,233715
ESI,Element Solutions Inc,37.884,9231.99,United States and Canada,US,-0.2308,-0.0031,0.0708,0.0758,0.2684,0.4229,0.0074,0.0766,0.0762,0.2607,0.4561,0.0215,0.0792,0.0972,0.3524,,3723.47,4003.16,4215.8,2456.9,2333.2,2549.4,2399.8,1853.7,1835.9,1961,1878.6,1770.1,2542.3
NBIS,Nebius Group N.V.,187.843,48096.26,United States and Canada,US,-0.3736,-0.0031,-0.0048,0.0243,-0.0227,1.4912,-0.0029,0.001,0.1326,0.394,3.7173,-0.0049,-0.0165,0.3359,0.4426,4.5533,3378.59,11418.14,21458.12,117.5,8952.4,7085.9,4759.11,2946.48,2825.72,1831.91,1628.94,1234.18,831.55
IONS,Ionis Pharmaceuticals Inc.,56.57,9401.05,United States and Canada,US,-0.3478,-0.0031,0.0306,0.0307,0.0092,0.0109,-0.0005,-0.0688,-0.0491,0.0399,0.131,0,-0.0761,-0.0636,0.0837,0.2267,920.76,1401.51,1995.62,705.14,787.65,587.37,810.46,729.26,1122.6,599.67,514.18,372.78,283.7
PAA,Plains All American Pipeline L.P.,22.791,16079.77,United States and Canada,US,-0.0895,-0.0031,-0.0116,0.0661,0.0721,-0.0379,0.0048,0.0167,0.0921,0.1137,-0.0058,0.0065,0.0029,0.094,0.1279,,51229.14,52928.11,54090.85,48889,47336,57342,42078,23290,33669,34055,26223,20182,23152
TDC,Teradata Corporation,27.402,2578.53,United States and Canada,US,-0.3441,-0.0032,-0.0032,-0.0047,0.0062,0.0063,-0.0073,-0.0076,-0.0089,0.0078,0.0179,-0.0083,-0.0092,-0.0052,0.0302,,1647.16,1669.14,1703.92,1750,1833,1795,1917,1836,1899,2164,2156,2322,2530
CBC,Central Bancompany Inc.,33.512,8026.29,United States and Canada,US,-0.009,-0.0032,-0.0032,-0.0016,0.0144,,-0.0057,-0.0062,-0.0023,0.0063,,-0.0152,-0.0188,-0.0031,,,1137.35,1195.68,1261.02,883.13,823.81,773.31,765.16,742.8,641.26,565.14,534.82,531.04,
CHKP,Check Point Software Technologies Ltd.,127.727,13041.01,United States and Canada,US,-0.3937,-0.0032,-0.0039,-0.0039,-0.0322,-0.0238,-0.0048,-0.0056,-0.0061,-0.0313,-0.0208,-0.0114,-0.013,-0.013,-0.0345,-0.0293,2802.54,2970.12,3141.09,2565,2414.7,2329.9,2166.8,2064.9,1994.8,1916.5,1854.7,1741.3,1629.84
GT,The Goodyear Tire & Rubber Company,6.433,1852.7,United States and Canada,US,-0.3943,-0.0032,-0.0032,-0.0076,-0.0494,-0.062,-0.002,-0.002,-0.0066,-0.0394,-0.024,0.0098,0.0098,0.0133,0.0233,-0.005,17471.59,17975.13,18727.91,18878,20066,20805,17478,12321,14745,15475,15377,15158,16443
NEE,NextEra Energy Inc.,84.65,176563.24,United States and Canada,US,-0.1428,-0.0033,-0.0156,-0.0073,-0.0182,0,-0.0016,0.0011,0.0061,0.0032,0.0224,-0.0012,0.0047,0.0073,0.0152,0.0483,31047.84,34589.09,37733.32,24753,28114,20956,17069,17997,19204,16727,17173,16138,17486
SITE,SiteOne Landscape Supply Inc.,103.779,4530.51,United States and Canada,US,-0.3843,-0.0033,-0.0096,-0.0102,-0.0057,-0.01,-0.0065,-0.0189,-0.0196,-0.0125,-0.0218,-0.0088,-0.0259,-0.0164,-0.0537,,4897.95,5094.95,5363.68,4540.6,4301.2,4014.5,3475.7,2704.5,2357.5,2112.3,1861.7,1648.2,1451.6
KD,Kyndryl Holdings Inc.,14.02,3053.81,United States and Canada,US,-0.5864,-0.0033,-0.0031,-0.0107,-0.0665,-0.0712,-0.0134,-0.0132,-0.0234,-0.1001,-0.1091,-0.0262,-0.0262,-0.0438,,,14856.61,14796.41,14801.89,15057,16052,17026,18317,18657,19352,20279,21796,,
ECHO,EchoStar Corporation,90.082,26167.98,United States and Canada,US,-0.3882,-0.0033,-0.0113,-0.0067,-0.0193,-0.0545,-0.0131,-0.0266,-0.026,-0.0486,-0.1213,-0.1658,-0.1606,-0.1927,-0.2409,-0.3253,14330.06,13710.62,11157.95,15825.52,17015.6,1998.09,1985.72,1887.91,1886.08,1762.64,1525.15,1810.47,1848.86
ACGL,Arch Capital Group Ltd.,98.461,33458.88,United States and Canada,US,-0.0805,-0.0034,-0.0376,-0.0373,-0.0971,-0.1405,-0.0218,-0.0483,-0.0538,-0.1263,-0.1859,-0.0358,-0.0638,-0.0786,-0.1568,,15724.13,15858.94,16079.05,17440,13634,9614.81,9249.98,8508.51,6925.97,5450.57,5627.38,4463.56,3936.59
IVT,InvenTrust Properties Corp.,33.23,2591.22,United States and Canada,US,-0.1072,-0.0034,0.0082,0.0131,0.0445,0.0404,-0.0111,-0.0028,0.0059,0.0576,0.0355,0,0.0076,0.0193,0.012,,332.83,353.41,376.85,273.97,285.29,247.54,225.07,195.57,223.04,243.49,251,251.99,263.04
BSY,Bentley Systems Incorporated,35.189,11017.92,United States and Canada,US,-0.3853,-0.0034,-0.0034,-0.0015,0.0285,0.0314,-0.0027,-0.0027,-0.0007,0.0279,0.0419,-0.0049,-0.0049,-0.0027,0.0137,0.0709,1694.8,1872.96,2072.1,1353.1,1228.41,1099.08,965.05,801.54,736.65,691.71,,,
EVR,Evercore Inc.,306.064,12566.31,United States and Canada,US,-0.2126,-0.0034,0.0291,0.0332,0.0192,0.1393,0.0047,0.0206,0.0194,0.0147,0.1057,0.0038,0.0039,0.0049,0.0133,,4854.81,5466.76,5433.34,2979.94,2426.25,2762.05,3285.13,2294.71,2008.7,2064.7,1635.27,1440.05,1223.27
MGRC,McGrath RentCorp,119.888,2928.34,United States and Canada,US,-0.061,-0.0034,-0.0034,-0.0034,-0.0196,-0.0358,-0.0017,-0.0017,-0.0017,-0.0252,,,,,,,963.22,1005.69,,910.94,831.84,635.66,534.59,572.55,570.23,498.33,462.03,424.08,404.54
KIM,Kimco Realty Corporation,24.46,16450.52,United States and Canada,US,-0.082,-0.0035,-0.004,-0.0025,-0.0027,0.004,-0.0037,-0.0044,-0.0015,0.0012,0.002,-0.0018,-0.009,-0.0055,0.0034,0.001,2188.81,2266.93,2351.36,2037.01,1783.4,1727.68,1364.59,1057.89,1158.88,1164.76,1200.83,1170.79,1166.77
UPST,Upstart Holdings Inc.,31.096,3026.05,United States and Canada,US,-0.5959,-0.0035,0.001,0.0106,0.116,0.0813,0.0001,0.0005,0.0091,0.243,0.1662,-0.0013,0.0228,0.0263,,0.2649,1419.19,1863.35,2394.47,676.96,548.46,853.29,851.86,241.44,190.67,125.8,66.71,,
MAA,Mid-America Apartment Communities Inc.,134.96,16053.68,United States and Canada,US,-0.0782,-0.0035,-0.0041,-0.0053,-0.0185,-0.0321,-0.0035,-0.0049,-0.007,-0.0228,-0.0621,0,-0.0035,-0.0162,-0.0448,-0.1089,2229.21,2295.18,2404.21,2191.01,2148.47,2019.87,1778.08,1677.98,1641.02,1571.35,1528.99,1125.35,1042.78
PAG,Penske Automotive Group Inc.,216.481,14214.76,United States and Canada,US,-0.0463,-0.0036,0.0248,0.0206,0.0377,0.0271,0.0103,0.016,0.0106,0.0134,0.0083,0.0164,0.016,0.0071,-0.0126,-0.0174,32899.19,33720.52,34471.51,31864.8,30916.5,27814.8,25554.7,20443.9,23179.4,22785.1,21386.9,20118.5,19284.9
ADT,ADT Inc.,7.635,5516.88,United States and Canada,US,-0.1455,-0.0036,0.0088,0.0088,-0.0229,-0.0304,-0.0046,0.0118,0.0118,-0.0284,-0.0394,0,0.0174,0.0174,,,5192.73,5340.17,5544.29,4898.45,4652.82,4381.9,4202.72,5314.79,5125.66,4581.67,4315.5,2949.77,549.28
PHIN,PHINIA Inc.,74.981,2747.16,United States and Canada,US,-0.1375,-0.0036,-0.0056,-0.0031,0.035,0.0567,0.0068,0.0045,0.0093,0.0471,0.0758,0.0109,0.008,0.0211,0.0263,,3644.14,3775.53,3841.6,3403,3500,3348,3227,1034,,,,,
APP,AppLovin Corporation,346.678,116015.97,United States and Canada,US,-0.535,-0.0036,-0.0055,0.0122,0.0423,0.1994,-0.0124,-0.0141,0.0062,0.0514,0.2513,-0.0204,-0.0217,-0.0045,0.016,0.2368,8153.31,10485.85,13061.77,3224.06,1841.76,2817.06,2793.1,1451.09,994.1,483.36,,,
WLK,Westlake Corporation,77.503,9904.62,United States and Canada,US,-0.3761,-0.0036,-0.0137,-0.0099,0.05,-0.0504,-0.0054,-0.0064,-0.0154,0.0276,-0.0908,-0.0078,-0.0059,-0.004,-0.025,,11790.71,12076.16,12622.8,12142,12548,15794,11778,7504,8118,8635,8041,5076,4463
PRM,Perimeter Solutions Inc.,35.258,5771.27,United States and Canada,US,-0.0763,-0.0037,-0.0044,0.0692,0.1619,0.5402,0.0093,0.0123,0.0904,0.1822,0.6588,-0.0016,-0.007,0.115,,,882.64,997.05,1081.47,560.97,322.11,360.5,362.34,339.58,239.31,,,,
BBT,Beacon Financial Corporation,31.513,2658.59,United States and Canada,US,-0.0401,-0.0037,-0.0061,-0.0061,-0.0602,,-0.0026,-0.0083,-0.0083,-0.0608,,,,,,,886.03,924.41,,333.56,333.44,319.49,317.2,222.92,273.51,267.97,,,
CPA,Copa Holdings S.A.,141.964,5807.64,United States and Canada,US,-0.1153,-0.0037,0.0017,0.0441,0.0908,0.1127,0.0063,0.0117,0.0355,0.0689,0.0792,0,-0.0045,0.0206,0.0898,,4370.23,4610.85,5039.63,3446.2,3457,2965.03,1509.93,801,2707.41,2677.63,2521.79,2219.19,2253.71
APLE,Apple Hospitality REIT Inc.,16.159,3814.86,United States and Canada,US,-0.0649,-0.0038,-0.0017,0.0111,0.003,-0.0041,0.0028,0.0053,0.0182,0.0086,-0.0132,0,0.0029,0.005,-0.0157,,1437.01,1474.78,1523.16,1431.47,1343.8,1238.42,933.87,601.88,1266.6,1270.56,1238.62,1041.03,898.31
TNET,TriNet Group Inc.,68.444,3141.9,United States and Canada,US,-0.0634,-0.0038,-0.0038,-0.0037,-0.0645,-0.0668,-0.004,-0.004,-0.0039,-0.0815,-0.0805,,,,,,4813.4,4996.5,,4989,4922,4885,4540,4034,3856,3503,3275,3060,2659
SYNA,Synaptics Incorporated,106.115,4145.14,United States and Canada,US,-0.2883,-0.0038,-0.005,-0.01,-0.0152,-0.0004,0.0022,0.0011,0.0154,0.0058,,0,0,,,,1293.71,1466.38,1570,1074.3,959.4,1355.1,1739.7,1339.6,1333.9,1472.2,1630.3,1718.2,1666.9
LASR,nLIGHT Inc.,56.155,3167.63,United States and Canada,US,-0.3542,-0.0038,-0.0038,0.0766,0.0653,0.2775,0.0058,0.0058,0.0745,0.0925,,-0.0465,-0.0465,0.0053,,,305.89,349.43,418.08,198.55,209.92,242.06,270.15,222.79,176.62,191.36,138.58,101.33,
FR,First Industrial Realty Trust Inc.,63.63,8719.28,United States and Canada,US,-0.0894,-0.0038,-0.0066,-0.0069,0.0122,0.0098,-0.0023,-0.0086,-0.0075,0.0051,0.0065,-0.0039,-0.0125,-0.0124,-0.0049,-0.0012,786.38,841.28,895.74,672.18,618.2,654.87,476.13,447.79,425.5,403.68,396.4,378.02,365.81
INTR,Inter & Co Inc.,5.252,2318.7,United States and Canada,US,-0.4931,-0.0038,0.012,-0.0402,0.0327,0.1593,-0.0124,0.0032,-0.0413,0.0441,0.1785,-0.0192,-0.0131,-0.0482,-0.0188,0.0274,2093.79,2524.18,2970.7,743.9,661.91,469.01,291.68,174.66,157.89,105.73,78.38,73.28,51.45
GXO,GXO Logistics Inc.,48.23,5535.36,United States and Canada,US,-0.2785,-0.004,-0.0041,-0.0006,-0.0003,0.0085,-0.004,-0.0032,-0.0053,-0.0066,0.0113,-0.0039,-0.0043,-0.0052,-0.0104,,13958.11,14737.39,15473.59,11709,9778,8993,7940,6195,6094,6065,,,
MHO,M/I Homes Inc.,151.99,3842.77,United States and Canada,US,-0.0713,-0.0041,0.0215,0.0125,-0.0472,-0.0611,0.0005,-0.0174,-0.0334,-0.0641,-0.1212,-0.0385,-0.0385,,,,4195.18,4407.75,4263,4504.67,4033.5,4131.39,3745.89,3046.14,2500.29,2286.28,1961.97,1691.33,1418.39
GPN,Global Payments Inc.,86.129,22791.32,United States and Canada,US,-0.052,-0.0041,-0.0057,-0.0073,-0.0363,0.2612,-0.0053,-0.0083,-0.0114,-0.0567,0.2558,-0.0082,-0.0097,-0.0198,-0.0649,-0.0517,12360,13024.35,13622.45,7735.97,7379.78,8975.51,8523.76,7423.56,4911.89,3366.37,3975.16,3776.39,2898.15
AEP,American Electric Power Company Inc.,125.722,68442.72,United States and Canada,US,-0.1057,-0.0042,0.0067,0.0003,0.015,0.0553,0.004,0.0047,0.0078,0.0136,0.0704,0.0032,0.0034,0.0115,-0.0053,0.0707,23611.48,25066.01,27151.21,19721,18982,19639.5,16792,14918.5,15561.4,16195.7,15424.9,16380.1,16453.2
YUMC,Yum China Holdings Inc.,47.72,16490.01,United States and Canada,US,-0.1827,-0.0042,0.011,0.0121,0.0261,0.0353,0.0054,0.0147,0.0154,0.0294,0.0386,0.0072,0.0182,0.0174,0.0304,-0.0252,12868.75,13656.51,14515.86,11303,10978,9569,9853,8263,8776,8415,7769,7075,6909
MNR,Mach Natural Resources LP,12.96,2180.19,United States and Canada,US,-0.1446,-0.0042,-0.0199,-0.0649,-0.0123,-0.1354,-0.0061,-0.0223,-0.0382,-0.0189,-0.1297,-0.0146,-0.0298,-0.0205,-0.0345,,1412.85,1429.24,1385.5,942.81,673.15,957.04,438.88,,,,,,
TRNO,Terreno Realty Corporation,68.74,7490.62,United States and Canada,US,-0.1292,-0.0043,-0.0051,0.0118,0.0091,-0.0035,0.0004,-0.0022,0.0169,0.0301,-0.0896,-0.0101,0.0007,0.0323,0.0472,-0.1766,513.75,573.48,665.28,382.62,323.59,276.21,221.93,186.88,171.02,151.66,132.48,108.42,95.89
COLM,Columbia Sportswear Company,57.32,2931.39,United States and Canada,US,-0.17,-0.0044,-0.0047,-0.0047,0.0021,-0.0022,-0.0053,-0.0059,-0.0059,0.0038,-0.0052,0.0005,0.0006,0.0006,0.0058,-0.0161,3459.11,3566.98,3670.11,3368.58,3487.2,3464.15,3126.4,2501.55,3042.48,2802.33,2466.11,2377.05,2326.18
TX,Ternium S.A.,53.918,10584.52,United States and Canada,US,-0.0083,-0.0044,-0.0009,0.0495,0.0239,-0.0162,0.004,0.0083,0.0458,0.008,-0.0048,-0.0002,0.0032,0.0293,0.0102,-0.0094,17263.74,18194.75,18537.86,17649.06,17610.09,16414.47,16090.74,8735.43,10192.82,11454.81,9700.3,7223.98,7877.45
BVN,Compañía de Minas Buenaventura S.A.A.,34.15,8673.65,United States and Canada,US,-0.2355,-0.0045,-0.0244,-0.0148,0.1756,0.7161,0,0.0336,0.0459,0.2321,0.5986,0,0.0437,0.0596,,,2357,2228.42,2371.65,1154.61,823.85,824.8,900.45,676.54,867.89,1150.71,1237.64,1068.79,929.52
DT,Dynatrace Inc.,48.953,14147.52,United States and Canada,US,-0.0813,-0.0045,-0.0046,0.0055,0.015,0.0248,-0.0025,-0.003,0.0094,0.0209,0.0242,-0.0028,-0.0028,0.0394,0.0176,0.0083,2318.54,2662.66,3049.75,1698.68,1430.53,1158.53,929.45,703.51,545.8,430.97,398.05,406.38,
CBZ,CBIZ Inc.,54.527,2875.26,United States and Canada,US,-0.1891,-0.0046,-0.0041,-0.0039,-0.0209,-0.0566,-0.0034,-0.0031,-0.0028,-0.0249,,,,,,,2827.03,2950.76,,1813.47,1591.19,1411.98,1104.92,963.9,948.42,922,855.34,799.83,750.42
HOPE,Hope Bancorp Inc.,13.974,1785.06,United States and Canada,US,-0.0349,-0.0046,-0.0187,-0.019,0.0047,0.0502,-0.0017,-0.0191,-0.0196,0.1098,,,,,,,620.8,761,,448.6,531.65,611.23,568.56,425.93,508.98,533.21,530.43,406.17,308.73
WRBY,Warby Parker Inc.,26.457,3246.68,United States and Canada,US,-0.1465,-0.0046,-0.0046,-0.0055,-0.0166,-0.0271,-0.0036,-0.0036,-0.0048,-0.014,-0.0262,-0.0103,-0.0103,-0.0139,0.0166,,975.37,1135.52,1544.9,771.32,669.76,598.11,540.8,393.72,370.46,,,,
NBTB,NBT Bancorp Inc.,52.685,2740.16,United States and Canada,US,-0.0333,-0.0046,-0.0022,-0.0017,-0.0039,-0.0172,-0.0019,-0.0011,0.0001,-0.009,,,,,,,759.41,800.43,,557.34,490.37,500.62,487.14,410.82,430.17,401.56,373.81,354.72,352.8
WSO,Watsco Inc.,330.044,12687.11,United States and Canada,US,-0.2809,-0.0047,-0.0097,0.0121,0.0021,-0.0625,-0.0089,-0.0103,0.0187,0.0069,-0.0687,-0.0056,-0.0223,0.0154,0.0219,-0.126,7550.18,7959.96,8400.14,7618.32,7283.77,7274.34,6280.19,5054.93,4770.36,4546.65,4341.95,4220.7,4113.24
PSN,Parsons Corporation,47.565,5080.2,United States and Canada,US,-0.4685,-0.0047,-0.0446,-0.0424,-0.0458,-0.0921,-0.0149,-0.0601,-0.0547,-0.0588,-0.0906,-0.0244,-0.0722,-0.0626,-0.0241,,6356.39,6723.92,7053.72,6750.58,5442.75,4195.27,3660.77,3918.95,3954.81,3560.51,3017.01,3039.19,
IBKR,Interactive Brokers Group Inc.,87.845,149451.54,United States and Canada,US,-0.1022,-0.0047,0.0587,0.0755,0.0878,0.2143,-0.0035,0.0862,0.1126,0.1839,0.3228,-0.003,0.0469,0.0657,0.1643,0.5761,7484.39,8672.3,9894.5,5200,4420,3167,2751,2237,1997,1922,1581,1436,1395
APA,APA Corporation,37.636,13210.24,United States and Canada,US,-0.1757,-0.0048,-0.0399,-0.0376,0.2011,0.0634,-0.0071,-0.032,-0.0514,0.0198,-0.0826,0,-0.0238,-0.0789,,,8993.07,7984.94,8145.93,9463,8093,11032,8025,4393,6354,7555,5792,5238,6360
PGNY,Progyny Inc.,28.099,2201.06,United States and Canada,US,-0.1502,-0.0048,-0.0045,0.0016,-0.0152,0.004,0.0005,0.0008,-0.0013,-0.0277,-0.0281,0.014,0.0148,0.0066,-0.047,-0.0371,1377.23,1506.04,1602.42,1167.22,1088.6,786.91,500.62,344.86,229.68,105.4,48.58,,
KMPR,Kemper Corporation,28.51,1679.9,United States and Canada,US,-0.4806,-0.005,-0.0092,-0.0075,-0.0344,-0.1545,0,-0.0084,0.0237,-0.0225,-0.1923,0,0,0.1192,0.0276,,4626.78,4884.75,5373.95,4639.2,4944.7,5523.9,5718.9,5205.7,5039.2,3682.9,2723.4,2521.9,2340.8
BSX,Boston Scientific Corporation,49.31,71461.51,United States and Canada,US,-0.5497,-0.0051,-0.0104,-0.0145,-0.0414,-0.0288,-0.02,-0.0436,-0.0527,-0.0933,-0.078,-0.0232,-0.0538,-0.0682,-0.121,-0.0982,21366.11,22336.81,23874.01,16747,14240,12682,11888,9913,10735,9823,9048,8386,7477
FCN,FTI Consulting Inc.,151.332,4091.65,United States and Canada,US,-0.2006,-0.0051,-0.0051,-0.006,0.0104,0.0155,-0.0057,-0.0057,-0.0058,0.0121,0.0267,0.0017,0.0017,0.0014,,,4005.43,4288.3,4543.29,3698.65,3489.24,3028.91,2776.22,2461.28,2352.72,2027.88,1807.73,1810.39,1779.15
FLEX,Flex Ltd.,121.339,44822.99,United States and Canada,US,-0.2728,-0.0052,0.0367,0.1802,0.1885,0.2523,0.0129,0.0328,0.4458,0.4584,0.5442,0.0131,0.0427,,,,34621,44978.82,51819.22,25813,26415,30346,26041,24124,24210,26211,25441.13,23862.93,24418.88
LII,Lennox International Inc.,439.77,15198.75,United States and Canada,US,-0.2867,-0.0052,-0.0063,-0.0025,0.0183,-0.0351,-0.0024,0.0023,0.0034,0.0312,-0.0281,0.0026,0.0073,0.0048,0.0451,-0.0896,5589.16,5944.1,6297,5341.3,4981.9,4718.4,4194.1,3634.1,3807.2,3883.9,3839.6,3641.6,3467.4
AOS,A. O. Smith Corporation,63.955,8692.03,United States and Canada,US,-0.2188,-0.0052,-0.0062,-0.0057,-0.0218,-0.0386,-0.0081,-0.0098,-0.0093,-0.0196,-0.0395,-0.011,-0.0118,-0.0044,-0.0197,-0.0534,3894.75,4047.82,4216.98,3818.1,3852.8,3753.9,3538.9,2895.3,2992.7,3187.9,2996.7,2685.9,2536.5
WPC,W. P. Carey Inc.,71.787,16354.29,United States and Canada,US,-0.0703,-0.0052,-0.0008,0.0005,0.0178,0.0353,-0.0005,0.0035,0.0068,0.029,0.034,0,0.0034,0.023,-0.0012,-0.0145,1846.84,1988.2,2169.15,1576.39,1736.57,1473.09,1263.01,1170.79,1212.43,923.34,860.58,908.73,915.61
DTE,DTE Energy Company,139.877,29106.73,United States and Canada,US,-0.1019,-0.0054,-0.0079,0.0136,0.0963,0.1225,-0.0078,0,0.0158,0.0726,0.1055,-0.008,0.0088,0.0263,0.1349,0.1441,15995.64,16495.29,17239.2,12457,12745,19228,14964,11423,12168,14212,12607,10630,10337
TFX,Teleflex Incorporated,134.845,5969.62,United States and Canada,US,-0.07,-0.0054,-0.0057,-0.0054,-0.3772,-0.3755,-0.0089,-0.0103,-0.0114,-0.3789,-0.3746,-0.0122,-0.0151,-0.0179,-0.3877,-0.3632,2274.33,2375.28,2480.74,1699.55,1712.44,2791.04,2809.56,2537.16,2595.36,2448.38,2146.3,1868.03,1799.49
BOH,Bank of Hawaii Corporation,79.26,3126.84,United States and Canada,US,-0.0817,-0.0054,-0.0095,-0.0095,-0.0069,0.0527,-0.0104,-0.0235,-0.0235,-0.0182,,,,,,,801.87,854.74,,627.96,663.86,702.88,715.03,566.82,665.05,641.85,625.75,606.1,576.94
RGA,Reinsurance Group of America Incorporated,246.319,16137.14,United States and Canada,US,-0.0073,-0.0055,-0.0029,0.0046,0.0287,0.0615,0,0.0097,0.009,0.0376,0.0372,0,0.0155,0.0096,0.0382,0.0009,26793,28495.41,30624.41,22107,18567,16227,16667,14596,14300,12876,12516,11521.51,10418.18
RRX,Regal Rexnord Corporation,178.061,11857.41,United States and Canada,US,-0.2814,-0.0055,-0.0042,0.0126,0.0147,0.0153,-0.002,0.0002,0.0311,0.0564,0.1132,-0.0078,-0.0025,0.0244,0.0497,,6205.06,7069.95,7395.62,6033.8,6250.7,5217.9,3810.3,2907,3238,3645.6,3360.3,3224.5,3509.7
ELS,Equity LifeStyle Properties Inc.,65.176,13067.65,United States and Canada,US,-0.0554,-0.0055,0.0005,0.0015,-0.0048,-0.0117,0.0004,0.0051,0.0016,0.0035,-0.02,0,0.0011,-0.0005,-0.0037,-0.0213,1574.41,1643.15,1741.62,1532.41,1492.14,1450.44,1320.28,1122.97,1046.01,991.59,929.08,873.04,825.74
MAR,Marriott International Inc.,353.899,92284.93,United States and Canada,US,-0.1389,-0.0056,-0.0046,-0.0012,0.0065,0.0028,-0.0049,-0.0036,0.0004,0.0079,0.0032,-0.0026,0.0034,0.0096,0.0305,0.0375,27766.56,29400.23,30815.42,6618,6300,5356,3415,2119,5373,5215,4997,3473,2856
FLS,Flowserve Corporation,79.948,10162.41,United States and Canada,US,-0.1349,-0.0058,-0.0025,-0.0024,-0.0206,-0.0278,-0.0035,-0.0045,-0.0045,0.0044,0.002,-0.0013,-0.003,-0.0031,0.0115,0.009,4867.95,5209.84,5434.49,4557.81,4320.58,3615.12,3541.06,3728.13,3939.7,3835.7,3660.83,3990.49,4557.79
FSLR,First Solar Inc.,249.761,26841.76,United States and Canada,US,-0.2218,-0.0058,-0.0077,-0.0092,-0.1759,-0.1918,-0.0001,0.0013,-0.0165,-0.1632,-0.1446,-0.0004,-0.0002,-0.0161,-0.1027,-0.0773,5049.02,5926.23,6531.14,4206.29,3318.6,2619.32,2923.38,2711.33,3063.12,2244.04,2941.32,2904.56,4112.65
MTX,Minerals Technologies Inc.,75.29,2343.68,United States and Canada,US,-0.1073,-0.0058,-0.0058,-0.0069,0.0081,0.0069,-0.0085,-0.0086,-0.0091,0.0099,,,,,,,2185.55,2287.88,,2118.5,2169.9,2125.5,1858.3,1594.8,1791,1807.6,1675.7,1638,1797.6
JJSF,J&J Snack Foods Corp.,92.02,1714.15,United States and Canada,US,-0.2089,-0.0059,-0.0098,-0.0121,-0.0361,-0.082,-0.0029,-0.0076,-0.0175,-0.0463,-0.0881,0.0013,-0.0032,-0.0211,-0.0598,,1512.43,1546.58,1577,1574.76,1558.83,1380.66,1144.58,1022.04,1186.49,1138.27,1084.22,992.78,976.26
HUBS,HubSpot Inc.,210.45,10494.34,United States and Canada,US,-0.5995,-0.006,-0.0059,-0.0038,0.0201,0.045,-0.018,-0.0178,-0.0189,0.0042,0.0165,-0.0306,-0.0306,-0.0396,-0.0148,-0.0014,3685.14,4209.06,4775.05,2627.54,2170.23,1730.97,1300.66,883.03,674.86,512.98,375.61,270.97,181.94
MWA,Mueller Water Products Inc.,26.659,4161.51,United States and Canada,US,-0.14,-0.0061,-0.006,-0.0058,-0.0022,0.0023,-0.0084,-0.0083,-0.0074,-0.0032,0.0047,-0.0031,-0.0031,-0.0031,-0.0037,,1475,1535.33,1572.76,1314.7,1275.7,1247.4,1111,964.1,968,916,826,800.6,793.4
ABG,Asbury Automotive Group Inc.,214.394,3848.78,United States and Canada,US,-0.186,-0.0062,-0.0159,-0.0207,-0.0849,-0.0789,-0.0048,-0.0157,-0.0254,-0.078,-0.0695,0.0017,-0.0062,-0.0298,-0.1499,-0.1318,17823.35,18581.29,19970.4,17188.6,14802.7,15433.9,9837.7,7131.8,7210.3,6874.4,6456.5,6527.8,6588.3
UBER,Uber Technologies Inc.,75.02,153232.86,United States and Canada,US,-0.2644,-0.0062,-0.006,0.0014,-0.0114,-0.0167,-0.0015,-0.0006,0.0035,0.0028,0.0043,0.0031,0.0049,0.0119,0.0208,0.0207,57832.27,67003.84,76250.72,43978,37281,31877,17455,11139,13000,10433,7932,3845,
MAS,Masco Corporation,77.51,15221.99,United States and Canada,US,-0.0733,-0.0063,-0.014,-0.0139,-0.018,-0.0298,-0.0104,-0.0165,-0.0171,-0.0279,-0.0446,-0.0077,-0.0103,-0.0204,-0.0662,-0.0997,7660.35,7879.6,8177.9,7828,7967,8680,8375,7188,6707,6654,6014,7361,7142
NUVB,Nuvation Bio Inc.,6.598,2297.44,United States and Canada,US,-0.3233,-0.0063,-0.0046,0.006,0.0979,1.2287,-0.0298,-0.031,-0.0052,-0.1976,1.0198,-0.0413,-0.0455,0.0453,-0.2319,0.5078,201.65,281.27,384.19,7.87,,,,,,,,,
POR,Portland General Electric Company,49.057,5769.48,United States and Canada,US,-0.1018,-0.0065,-0.0099,-0.0176,-0.0143,-0.0163,-0.0057,-0.0075,-0.0105,0.0065,0.0158,-0.0059,-0.0039,-0.0092,-0.0044,0.0166,3692.36,3962.15,4199.47,3440,2923,2647,2396,2145,2123,1991,2009,1923,1898
OWL,Blue Owl Capital Inc.,11.87,18506.42,United States and Canada,US,-0.4232,-0.0065,-0.0077,-0.0189,-0.0684,-0.1295,-0.0038,-0.0198,-0.0295,-0.1202,-0.1854,0.0011,0.002,-0.0252,-0.1412,-0.2313,2845.29,3135.78,3526.99,2295.43,1731.61,1369.72,823.88,249.81,190.85,121.25,,,
MSTR,Strategy Inc,100.042,38438.71,United States and Canada,US,-0.7586,-0.0065,0.0002,0.0001,0.009,0.0365,-0.0064,-0.0064,0.0424,0.0617,0.0872,0.0044,0.0044,0.0149,-0.0283,,498.15,512.09,529.21,463.46,496.26,499.26,510.76,480.74,486.33,497.64,503.84,513.59,529.87
MCD,McDonald's Corporation,274.48,195019.65,United States and Canada,US,-0.1968,-0.0067,-0.0096,-0.0174,-0.0019,0.0099,-0.0122,-0.0171,-0.0239,-0.0048,0.0019,-0.015,-0.0209,-0.0267,-0.0008,0.0064,28199.5,29649.01,31045.42,25920,25494,23183,23222.9,19207.8,21364.4,21257.9,22820.4,24621.9,25413
ALNY,Alnylam Pharmaceuticals Inc.,219.118,29319.99,United States and Canada,US,-0.5578,-0.0068,-0.0182,-0.0205,-0.0077,0.1481,-0.0203,-0.0386,-0.0445,-0.0169,0.1267,-0.0382,-0.0352,-0.046,-0.0024,0.0921,5503.25,6998.27,8393.01,2248.24,1828.29,1037.42,844.29,492.85,219.75,74.91,89.91,47.16,41.1
INGR,Ingredion Incorporated,104.33,6583.22,United States and Canada,US,-0.2004,-0.0068,-0.0069,-0.0109,-0.0216,-0.0522,-0.0183,-0.0217,-0.0262,-0.0311,-0.0551,-0.0274,-0.0338,-0.0334,-0.0289,-0.0421,7205.22,7323.12,7470.94,7430,8160,7946,6894,5987,6209,6289,6244,5704,5621
PPLI,People Incorporated,41.53,3092.49,United States and Canada,US,-0.1405,-0.0069,-0.0069,-0.015,-0.1969,-0.2507,-0.0058,-0.0058,-0.0167,-0.1967,-0.2546,-0.0098,-0.0098,-0.023,-0.2012,-0.2505,1826.59,1840.3,1878.43,2622.12,2919.4,5235.28,3699.63,2764.54,2509.98,2533.05,1952.61,1745.55,
SPSC,SPS Commerce Inc.,73.414,2642.92,United States and Canada,US,-0.3745,-0.007,-0.0086,-0.0097,-0.0211,-0.0509,-0.012,-0.0145,-0.0175,-0.0349,-0.0849,-0.0135,-0.0197,-0.0271,-0.0388,,790.65,840.12,900.63,637.76,536.91,450.88,385.28,312.63,279.12,248.24,220.09,193.15,158.52
NFG,National Fuel Gas Company,80.54,7654.93,United States and Canada,US,-0.1702,-0.007,-0.0092,-0.0125,-0.0056,-0.0969,-0.0043,-0.0042,-0.0509,-0.0593,0.0189,0,-0.0076,-0.0113,-0.0114,,2564.8,3016.38,2983.71,1944.81,2173.77,2186.05,1742.66,1546.29,1693.33,1592.67,1579.88,1452.42,1760.91
ONON,On Holding AG,37.55,12428.96,United States and Canada,US,-0.2807,-0.007,-0.0055,-0.0334,-0.0721,-0.024,-0.0078,-0.0057,-0.0332,-0.0827,-0.0498,-0.0094,-0.0076,-0.0473,-0.0969,-0.0453,4392.24,5283.39,6431.91,2554.91,2130.71,1321.78,794.26,480.4,276.06,,,,
UMBF,UMB Financial Corporation,145.719,11067.36,United States and Canada,US,-0.0285,-0.0071,0.0101,0.0102,0.0353,0.0769,0.0036,0.0055,0.0047,0.0264,0.0714,0.0021,0.0031,0.0031,0.0617,,2988.33,3158.87,3418.26,1567.96,1420.74,1430.13,1262.7,1160.89,1064.83,941.39,941.48,865.33,767.23
POWL,Powell Industries Inc.,211.671,7711.72,United States and Canada,US,-0.3547,-0.0072,-0.0072,-0.0078,-0.0011,0.0214,-0.0048,-0.0048,-0.0049,0.0925,0.1767,-0.0028,-0.0028,-0.001,0.0931,0.2712,1187.89,1419.11,1646.16,1012.36,699.31,532.58,470.56,518.5,517.18,448.72,395.91,565.24,661.86
MTH,Meritage Homes Corporation,74.59,4861.34,United States and Canada,US,-0.1264,-0.0073,-0.0124,-0.0124,-0.0635,-0.1832,-0.017,-0.0152,-0.0152,-0.0807,-0.1588,-0.025,-0.0331,-0.0331,-0.0651,,5416.62,5869.97,6206.62,6395.03,6138.26,6292.2,5141.32,4501.22,3666.94,3528.58,3240.97,3041.73,2579.46
OCFC,OceanFirst Financial Corp.,19.415,1910.75,United States and Canada,US,-0.058,-0.0074,-0.0003,-0.0165,-0.0361,0.3327,0.0105,0.007,-0.0061,-0.0085,,,,,,,600.85,761.27,,375.23,385.68,428.8,369.1,327.47,296.5,271.84,191.84,138.05,91.98
EIX,Edison International,68.62,26405.94,United States and Canada,US,-0.1593,-0.0076,-0.0126,-0.0156,0.0107,-0.0032,-0.0065,-0.0111,-0.0111,0.0191,-0.0015,-0.0071,-0.0104,-0.0099,0.0078,-0.0446,19080.13,19754.36,20433.17,17599,16338,17220,14905,13578,12347,12657,12320,11869,11524
ESE,ESCO Technologies Inc.,305.883,7924.56,United States and Canada,US,-0.1554,-0.0076,-0.006,-0.0055,-0.0024,-0.0591,0.0012,0.0029,0.1027,0.1079,,-0.0582,-0.0552,0.1325,,,1308.06,1552.2,1739.23,1026.76,956.03,857.5,715.44,730.47,726.04,683.65,685.74,571.46,537.29
EXC,Exelon Corporation,45.617,47088.33,United States and Canada,US,-0.0994,-0.0076,-0.0009,0.0043,0.0077,0.0133,-0.0009,0.0007,0.0046,0.0104,0.0117,-0.0015,0.0001,0.0046,0.0207,0.0167,25355.89,26198.95,27185.15,23028,21727,19078,17938,16663,34438,35978,33558,31366,29447
BLSH,Bullish,23.649,3586.33,United States and Canada,US,-0.7996,-0.0076,-0.0334,-0.0592,-0.0567,,-0.0126,-0.0373,-0.0456,-0.0399,,-0.0596,-0.0791,-0.0543,-0.0434,,362.23,412.2,449.07,158.48,88.28,97.98,0.29,,,,,,
FBIN,Fortune Brands Innovations Inc.,50.793,6059.27,United States and Canada,US,-0.2166,-0.0077,-0.0092,-0.0279,-0.0588,-0.0768,-0.0027,-0.005,-0.0284,-0.0695,-0.0973,-0.0003,-0.0005,-0.0381,,-0.1337,4349.93,4490.45,4699.55,4609,4626.2,4723,4801.1,3621.3,5764.6,5485.1,5283.3,4984.9,4579.4
SO,The Southern Company,92.69,106627.14,United States and Canada,US,-0.0808,-0.0078,-0.0026,-0.0014,0.0313,0.0395,-0.0003,0.0011,0.0027,0.0343,0.0485,0.004,0.006,0.0078,0.0406,0.0757,31034.54,32799.17,35015.29,26724,25253,29279,23113,20375,21419,23495,23031,19896,17489
AIG,American International Group Inc.,78.778,41768.59,United States and Canada,US,-0.0975,-0.0079,-0.0103,-0.0124,-0.011,-0.0062,0,-0.0074,-0.0104,0.0152,0.0229,0,0,-0.0068,-0.0037,-0.0037,28860,31325.9,32290.95,27027,27834,29721,51808,43337,49317,47590,49448,51209,58239
BUSE,First Busey Corporation,30.974,2576.71,United States and Canada,US,-0.0229,-0.008,-0.0167,-0.0167,-0.03,-0.0271,-0.0209,-0.0278,-0.0278,-0.0481,,,,,,,785.31,799.9,,454.8,438.98,445.62,418.6,362.4,393.23,326.97,282.54,224.28,175.01
BTU,Peabody Energy Corporation,23.807,2899.69,United States and Canada,US,-0.4213,-0.0081,-0.0344,-0.0579,0.021,-0.0963,-0.0053,-0.0064,-0.0049,0.015,-0.0061,-0.0043,-0.0084,-0.001,-0.0267,,4247.36,4778.02,4775.04,4236.7,4946.7,4981.9,3318.3,2881.1,4623.4,5581.8,5578.8,4715.3,5568.6
EG,Everest Group Ltd.,374.811,14371.28,United States and Canada,US,-0.0655,-0.0082,-0.0696,-0.074,-0.1174,-0.2474,-0.0432,-0.0715,-0.0867,-0.1565,-0.2681,-0.067,-0.0835,-0.114,-0.2347,,12436.18,12374.49,12429.4,17160,14601,12161,11827.7,9584.7,8236.63,7359.1,6637.16,5815.55,5596.75
OMCL,Omnicell Inc.,36.811,1674.12,United States and Canada,US,-0.3307,-0.0083,-0.0083,-0.0083,-0.0039,0.0391,-0.0205,-0.0205,-0.0205,-0.0087,0.0321,-0.028,-0.028,-0.028,-0.0154,0.0618,1236.93,1288.28,1344.04,1112.24,1147.11,1295.95,1132.02,892.21,897.03,787.31,712.71,695.91,484.56
LMAT,LeMaitre Vascular Inc.,81.115,1853.54,United States and Canada,US,-0.3126,-0.0083,-0.0083,-0.0075,0.0253,0.0194,-0.0057,-0.0057,-0.0059,0.0325,0.0034,-0.0085,-0.0085,-0.0085,0.0234,0.0227,277.63,304.02,329.99,219.86,193.48,161.65,154.42,129.37,117.23,105.57,100.87,89.15,77.61
AGIO,Agios Pharmaceuticals Inc.,32.266,1926.34,United States and Canada,US,-0.2986,-0.0084,0.4969,0.4632,0.883,0.5336,0.0289,0.3235,0.3073,0.525,0.2186,0.0301,0.2249,0.1831,0.0327,-0.1363,182.49,339.85,480.55,36.5,26.82,14.24,,,,94.39,43.01,69.89,59.12
IP,International Paper Company,41.58,22019.52,United States and Canada,US,-0.1725,-0.0084,-0.0052,-0.0069,-0.0031,-0.1163,-0.0035,0.0065,0.0061,0.0061,-0.0865,-0.0044,0.0105,0.0099,-0.0084,-0.1086,24569.95,25783.67,26233.31,18619,18916,21161,19363,17565,18317,23306,21743,19495,20675
CNO,CNO Financial Group Inc.,55.165,5113.63,United States and Canada,US,-0.0421,-0.0085,-0.0107,-0.0076,-0.009,-0.0096,0.0006,0.0005,0.0027,0.0028,0.0088,0.0003,0.0003,0.0029,-0.0203,-0.0072,4017,4201.45,4348.3,4449.5,4146.8,3576.8,4122.2,3821.1,4015.8,4313.5,4297.2,3985.1,3811.9
MCHB,Mechanics Bancorp,16.627,3848.41,United States and Canada,US,-0.0328,-0.0085,-0.0129,-0.0147,-0.075,,0.0027,-0.0058,-0.0097,-0.0771,,,,,,,796.14,837.25,,381.56,636.69,668.34,670.86,532.73,394.54,256,244.16,170.83,126.25
PODD,Insulet Corporation,141.115,9786.92,United States and Canada,US,-0.6024,-0.0086,-0.0095,-0.0086,0.0138,0.1077,-0.0424,-0.0442,-0.0455,-0.028,0.0869,-0.0744,-0.0763,-0.0776,-0.0686,0.1108,3291.5,3760.36,4290.71,2071.6,1697.1,1305.3,1098.8,904.4,738.2,563.8,463.8,366.99,263.89
LI,Li Auto Inc.,12.955,12768.82,United States and Canada,US,-0.522,-0.0086,-0.003,-0.0512,-0.1748,-0.3943,-0.0026,-0.0008,-0.0215,-0.1775,-0.36,-0.0012,0.0005,-0.015,-0.2642,-0.3405,17779.13,22156.96,24631.09,19791.74,17449.26,6566.16,4250.16,1448.67,40.84,,,,
WELL,Welltower Inc.,237.104,170891.51,United States and Canada,US,-0.0709,-0.0087,0.0188,0.0251,0.1513,0.2322,0.0163,0.0346,0.0522,0.2058,0.2344,0.0094,0.0208,-0.028,0.1186,0.2216,14374.74,16777.51,18807.86,7991.12,6637.99,5776.07,4709.48,4586.54,5121.31,4700.5,4316.64,4281.16,3859.83
JBS,JBS N.V.,14.23,15238.58,United States and Canada,US,-0.237,-0.0087,0.0101,-0.031,0.0192,0.0518,-0.0088,0.0095,-0.0314,0.0074,0.0375,-0.009,-0.0039,-0.0417,,,91943.2,94223.89,96148.9,77182.55,72918.12,70905.99,62899.39,52028.38,50884.11,46930.03,49266.3,52361.94,41126.53
OBDC,Blue Owl Capital Corporation,11.64,5777,United States and Canada,US,-0.1989,-0.0089,-0.0063,-0.0575,-0.1197,-0.1518,-0.0074,-0.0084,-0.0346,-0.1029,,-0.005,-0.005,-0.0615,,,1562.21,1574.51,1541.71,1596.76,1582.09,1202,1021.4,803.29,718.02,388.86,159.88,34.56,
BRKR,Bruker Corporation,53.401,8136.14,United States and Canada,US,-0.1822,-0.009,-0.009,-0.007,0.0227,0.0126,-0.0099,-0.0092,-0.0072,0.0166,0.0036,-0.0096,-0.0061,0.0048,0.0223,0.0083,3556.87,3705.1,3919.17,3366.4,2964.5,2530.7,2417.9,1987.5,2072.6,1895.6,1765.9,1611.3,1623.8
TROW,T. Rowe Price Group Inc.,114.015,24321.21,United States and Canada,US,-0.0655,-0.009,0.0108,0.0266,0.0112,0.0275,-0.0165,0.0152,0.0329,0.013,0.0374,-0.0257,-0.029,0.0039,0.0228,0.0591,7752.02,7949.49,7814.97,7093.6,6460.5,6488.4,7671.9,6206.7,5617.9,5372.6,4854.9,4284.8,4200.6
EVCM,EverCommerce Inc.,10.935,1934.96,United States and Canada,US,-0.2412,-0.0091,-0.0091,-0.0104,-0.0125,-0.0213,-0.0165,-0.0165,-0.0203,-0.0249,-0.0445,-0.0204,-0.0204,-0.0272,,,613.42,643.37,672.03,562.18,534.87,620.75,490.14,337.52,242.14,,,,
ED,Consolidated Edison Inc.,107.981,39794.21,United States and Canada,US,-0.071,-0.0091,-0.0057,-0.0025,0.0242,0.0275,0,0.002,0.0006,0.0266,0.0297,0,0,-0.0035,0.045,0.0326,17344.86,18304.47,19080.01,15256,14663,15670,13676,12246,12574,12337,12033,12075,12554
VTR,Ventas Inc.,93.348,48203.58,United States and Canada,US,-0.0812,-0.0092,0.0164,0.0156,0.0319,0.158,0.0027,0.0311,0.0233,0.0343,0.1912,0.0179,0.0623,0.0259,0.052,0.1897,6986.34,7905.47,8937.12,4889.02,4466.54,4154.06,3818.18,3789.59,3859.31,3701.58,3567.55,3447,3283.93
SJM,The J. M. Smucker Company,120.151,12841.82,United States and Canada,US,-0.0587,-0.0092,-0.0096,-0.0419,-0.0536,-0.0446,-0.0089,-0.013,-0.0553,-0.0653,-0.0585,-0.0169,-0.0172,-0.0564,-0.0619,-0.0394,8768.41,8790.21,9019.74,8726.1,8178.7,8529.2,7998.9,8002.7,7801,7838,7357.1,7392.3,7811.2
TDW,Tidewater Inc.,82.801,4119.87,United States and Canada,US,-0.1109,-0.0093,-0.0093,-0.0106,0.064,0.0151,0.0031,0.0031,0.0122,0.1544,0.1007,0.0189,0.0189,0.057,,,1437.05,1650.38,1752,1345.84,1009.99,647.68,371.03,397.04,486.55,406.52,490.87,601.61,979.06
NCLH,Norwegian Cruise Line Holdings Ltd.,19.24,8834.77,United States and Canada,US,-0.2921,-0.0093,-0.01,-0.0137,-0.0814,-0.0957,-0.0195,-0.023,-0.0362,-0.0942,-0.1195,-0.022,-0.025,-0.0366,-0.1283,-0.1411,10040.39,10590.54,11256.23,9479.65,8549.92,4843.76,647.99,1279.91,6462.38,6055.13,5396.18,4874.34,4345.05
ZG,Zillow Group Inc.,33.949,7707.79,United States and Canada,US,-0.6237,-0.0095,-0.0089,-0.0104,-0.0007,0.0077,-0.018,-0.0176,-0.0208,-0.0096,-0.0182,-0.0202,-0.0208,-0.0284,-0.0282,-0.03,2952,3310.48,3705.69,2236,1945,1958,2132,1624,2742.84,1333.55,1076.79,846.59,644.68
ALL,The Allstate Corporation,267,67513.07,United States and Canada,US,-0.0369,-0.0095,-0.013,-0.0122,-0.0309,-0.057,-0.0076,-0.0114,-0.0133,-0.0391,-0.0504,-0.0125,-0.0155,-0.0141,-0.022,-0.0057,69563.4,72680.9,75863.91,64106,57094,51412,50588,41909,41541,39815,39407,37399,35653
FIS,Fidelity National Information Services Inc.,42.767,22055.19,United States and Canada,US,-0.4134,-0.0096,-0.0097,-0.0088,0.0141,0.2433,-0.0106,-0.011,-0.011,-0.0058,0.2455,-0.0139,-0.0142,-0.0133,0.0203,0.2399,13663.67,14283.83,14825.86,10127,9831,9720,9339,12552,10333,8423,8668,8831,6596
ADM,Archer-Daniels-Midland Company,76.587,36911.84,United States and Canada,US,-0.1342,-0.0096,-0.0152,-0.018,0.0163,-0.0391,0.013,0.0039,0.0073,0.0563,-0.0244,0.0088,0.0131,0.0133,0.1202,0.0874,84413.85,89799.32,93089.13,85530,93935,101556,85249,64355,64656,64341,60828,62346,67702
LNG,Cheniere Energy Inc.,256.14,53674.62,United States and Canada,US,-0.1487,-0.0098,-0.0286,-0.0082,-0.0067,-0.0554,-0.0098,-0.0211,-0.0118,0.0072,0.0476,-0.0005,0.0013,0.0076,-0.0194,-0.0116,22088.8,23523.16,24288.24,15454,19781,33306,17531,9293,9157,7995,5646,1287,270
CTVA,Corteva Inc.,76.834,51263.34,United States and Canada,US,-0.1554,-0.0101,-0.0094,-0.0201,0.005,0.0098,-0.0103,-0.0094,0.0022,0.0053,0.0154,-0.01,-0.0097,0.0038,0.0095,0.0367,18143.48,18756.58,19296.47,16908,17226,17455,15655,14217,13846,14287,10684,14041,
TRN,Trinity Industries Inc.,29.895,2381.72,United States and Canada,US,-0.2196,-0.0101,-0.0363,-0.0363,-0.0555,-0.1549,-0.0113,-0.051,-0.051,-0.0143,-0.138,-0.2082,-0.2762,-0.2762,,,2051.97,2281.11,1813.27,3079.2,2983.3,1977.3,1516,1749.7,2752.4,2509.1,2397.4,3089.8,6392.7
FLUT,Flutter Entertainment plc,94.694,16433.11,United States and Canada,US,-0.6981,-0.0103,-0.0122,-0.0159,-0.0671,-0.0858,-0.0151,-0.0162,-0.0297,-0.0848,-0.1049,-0.0122,-0.0136,-0.0238,-0.117,-0.1113,18070.92,19681.8,21651.18,14048,11790,9463,8308,6036.1,2834.85,2388.23,2356.39,1849.46,1171.36
CPNG,Coupang Inc.,16.23,29173.61,United States and Canada,US,-0.5237,-0.0104,-0.0185,-0.0203,-0.0742,-0.0845,-0.0146,-0.0217,-0.0305,-0.0668,-0.0769,-0.0032,-0.0134,-0.0133,-0.0016,0.0093,37008.88,42031.22,46966,30268,24383,20582.62,18406.37,11967.34,6273.26,4053.59,,,
FSK,FS KKR Capital Corp.,12.435,3482.63,United States and Canada,US,-0.3537,-0.0109,-0.0095,-0.0917,-0.1788,-0.2743,0.0072,-0.0001,-0.1081,-0.1951,-0.2547,0.0084,0.0084,-0.0835,,,1131.76,1081.03,992.15,1721,1830,1635,1081,639,779,394,419,423,474.8
SPNT,SiriusPoint Ltd.,23.022,2674.35,United States and Canada,US,-0.1306,-0.011,-0.011,-0.0498,-0.0385,-0.0133,-0.0043,-0.0044,-0.0407,-0.041,-0.0143,-0.0187,-0.0187,-0.0741,-0.0661,,3093.05,3262.65,3351,2656.4,2795.2,2078.2,2130.3,889.7,982.6,377.31,932.57,691.57,573.82
PNW,Pinnacle West Capital Corporation,101.039,12245.65,United States and Canada,US,-0.091,-0.011,-0.0108,-0.0123,-0.0113,-0.0175,0.0006,0.0007,0.0012,0.0014,0.0063,0.0002,0.0009,0.0015,0.0232,0.0026,5471.25,5948.25,6295.57,5124.91,4695.99,4324.39,3803.84,3586.98,3471.21,3691.25,3565.3,3498.68,3495.44
HGV,Hilton Grand Vacations Inc.,45.66,3548.88,United States and Canada,US,-0.1758,-0.0112,-0.0069,-0.0094,0.0082,-0.0039,-0.0035,0.0006,0.0085,0.0432,0.0002,-0.0102,-0.0098,-0.0076,,,5627.7,5870.18,5879.53,4465,3592,3538,2133,757,1670,1852,1576,1457,1365
LYB,LyondellBasell Industries N.V.,59.59,19249.83,United States and Canada,US,-0.2901,-0.0112,-0.0358,-0.0462,0.1339,0.1139,0.0041,-0.0286,-0.0322,0.0901,0.0587,0.018,0.0039,0.003,0.0685,0.1476,33159.45,32051.14,32472.66,40302,41107,50451,46173,27753,34727,39004,34484,29183,32735
RITM,Rithm Capital Corp.,10.19,5690.17,United States and Canada,US,-0.2002,-0.0113,-0.0163,-0.0282,0.0938,0.2047,-0.0003,0.0005,-0.0183,0.1226,0.072,0,-0.0268,-0.0577,0.0061,,5845.83,6287.49,7093,3710.33,2371.58,4467.6,4274.69,-122.2,1555.25,1532.06,1604.86,795.84,388.7
WU,The Western Union Company,7.08,2208.1,United States and Canada,US,-0.316,-0.0114,-0.0362,-0.0362,0.0043,0.0007,-0.0123,-0.0216,-0.0216,0.0498,0.0505,-0.0194,-0.0348,-0.036,0.0403,0.025,4135.88,4377.3,4480.14,4209.7,4357,4475.5,5070.8,4835,5292.1,5589.9,5524.3,5422.9,5483.7
YUM,Yum! Brands Inc.,150.76,41142.57,United States and Canada,US,-0.1139,-0.0114,-0.0113,-0.0111,0.0038,0.0588,0.0002,0.0013,-0.0002,0.0137,0.0565,0.0043,-0.0031,-0.005,0.0017,0.0271,9085.96,9658.41,10165.89,7549,7076,6842,6584,5652,5597,5688,5878,6356,6418
EPAM,EPAM Systems Inc.,97.43,5090.18,United States and Canada,US,-0.5622,-0.0116,-0.0128,-0.0203,-0.0293,-0.0172,-0.0264,-0.0288,-0.0486,-0.0691,-0.0659,-0.042,-0.0441,-0.0698,-0.0889,-0.0604,5658.63,5894.89,6172.41,4727.94,4690.54,4824.7,3758.14,2659.48,2293.8,1842.91,1450.45,1160.13,914.13
CRCL,Circle Internet Group Inc.,66.67,16925.9,United States and Canada,US,-0.649,-0.0118,-0.0245,-0.0414,-0.0875,-0.1125,-0.054,-0.115,-0.1194,-0.1468,-0.3053,-0.0654,-0.094,-0.0918,-0.1398,-0.3243,3000.49,3804.24,4915.36,1676.25,1450.47,772.05,,15.44,9.42,,,,
LTC,LTC Properties Inc.,39.85,2039.58,United States and Canada,US,-0.0733,-0.0118,-0.0118,-0.0392,-0.0059,0.5843,0.069,0.069,0.0056,-0.0306,0.9044,0.0371,0.0371,0.1234,-0.0078,,427.09,610.46,806.07,201.6,191.82,172.11,155.35,157.92,185.13,166.47,166.69,161.99,137.02
ACA,Arcosa Inc.,144.82,7111.65,United States and Canada,US,-0.0143,-0.0122,-0.0122,-0.016,-0.1499,-0.1528,-0.0035,-0.0035,0.0097,-0.1119,,,,,,,2589.03,2838.87,2919.5,2569.9,2307.9,2242.8,2036.4,1935.6,1736.9,1460.4,1462.4,1704,2140.4
EPD,Enterprise Products Partners L.P.,37.78,81737.72,United States and Canada,US,-0.0594,-0.0123,0.1397,0.1459,0.1868,0.1217,0.0462,0.0999,0.1069,0.1281,0.092,0.0665,0.1418,0.1505,0.111,0.2957,62579.98,63453.6,69422.19,56219,49715,58186,40807,27200,32789.2,36534.2,29241.5,23022.3,27027.9
OLN,Olin Corporation,18.587,2118.59,United States and Canada,US,-0.3899,-0.0123,-0.0052,0.0063,0.0321,-0.0074,-0.0051,-0.0016,0.012,0.031,-0.0082,-0.0089,-0.0028,0.0198,0.0457,,6959.3,7253.99,7531.73,6540.1,6833,9376.2,8910.6,5758,6110,6946.1,6268.4,5550.6,2854.4
NATL,NCR Atleos Corporation,46.596,3438.69,United States and Canada,US,-0.0393,-0.0123,-0.0123,-0.0127,-0.0116,-0.0073,-0.0081,-0.0081,-0.0143,-0.0159,-0.0181,-0.0176,-0.0176,-0.0435,,,4472.11,4654.42,4900.02,4305,4186,4131,3549,2991,,,,,
PRKS,United Parks & Resorts Inc.,45.038,2122.89,United States and Canada,US,-0.2092,-0.0126,-0.0164,-0.0115,-0.0245,-0.0602,-0.0073,-0.0093,-0.0086,-0.0219,-0.0626,-0.0054,-0.0049,-0.0032,,,1658.51,1714.81,1765.71,1725.3,1726.59,1731.24,1503.73,431.78,1398.24,1372.29,1263.32,1344.29,1371
TLN,Talen Energy Corporation,348.041,16671.29,United States and Canada,US,-0.2288,-0.0126,-0.0243,0.0555,0.1024,0.25,0.0021,0.0111,0.1145,0.2008,0.3949,0.0232,0.0351,0.0622,0.2235,0.2767,4467.22,5260.42,5459.27,2073,2439,2412,1775,4481,4581,4495,,,
PS,Pershing Square Inc.,37.864,15145.6,United States and Canada,US,-0.3108,-0.0132,-0.0593,,,,-0.0073,-0.0407,,,,-0.0126,-0.0029,,,,336.08,552.27,680.46,455.5,512.66,,,,,,,,
OGE,OGE Energy Corp.,47.03,9715.52,United States and Canada,US,-0.0704,-0.0133,-0.0118,-0.0007,0.0122,0.0109,0,-0.0002,0.0062,0.0405,0.0471,0,0.0026,0.0109,0.0382,0.0367,3325.18,3547.72,3724.46,2985.3,2674.3,3375.7,3653.7,2122.3,2231.6,2270.3,2261.1,2259.2,2196.9
EXEL,Exelixis Inc.,54.075,13592.03,United States and Canada,US,-0.0607,-0.0136,-0.0154,-0.0123,-0.014,-0.0272,-0.0118,-0.0123,-0.0091,-0.048,-0.0453,-0.0107,-0.0137,-0.0179,-0.0248,-0.0079,2561.01,2890.53,3192.21,2168.7,1830.21,1611.06,1434.97,987.54,967.77,853.83,452.48,191.45,37.17
KEEL,Keel Infrastructure Corp.,3.875,2339.84,United States and Canada,US,-0.4742,-0.0139,-0.0048,-0.1447,-0.5005,-0.6686,-0.0058,-0.0712,-0.3083,-0.7296,,-0.3923,-0.3923,0.3206,,,124.47,135.28,312.99,133.27,120.4,142.43,169.49,34.7,32.42,33.8,51.98,,
MBIN,Merchants Bancorp,54.2,2489.84,United States and Canada,US,-0.0469,-0.0139,0.0032,-0.0088,-0.0065,0.0165,0.0066,0.0129,0.0094,0.0158,-0.0126,0,0.0038,-0.0166,0.0079,,723.42,767.26,810.53,646.45,522.51,427.19,430.31,339.78,165.45,134.93,111.81,81.52,68.1
DV,DoubleVerify Holdings Inc.,13.21,2027.26,United States and Canada,US,-0.1965,-0.0142,-0.0141,-0.014,-0.0265,-0.0431,-0.0223,-0.0224,-0.0235,-0.0419,-0.0703,-0.0576,-0.058,-0.0567,-0.088,-0.1332,807.22,876.4,918.91,656.85,572.54,452.42,332.74,243.92,182.66,104.3,,,
AXS,AXIS Capital Holdings Limited,103.456,7548.8,United States and Canada,US,-0.1378,-0.0142,-0.031,-0.0278,-0.0254,-0.0358,-0.0159,-0.039,-0.0386,-0.0394,-0.0332,-0.0222,-0.0409,-0.0409,-0.027,,6324.2,6656.3,6890.77,5957.65,5643.39,5135.44,5321.73,4841.95,5173.43,5090.41,4576.55,4005.66,3850.31
AAOI,Applied Optoelectronics Inc.,135.64,10884.13,United States and Canada,US,-0.4195,-0.0145,-0.0145,0.0913,0.3748,0.3404,0.0286,0.0286,0.4117,0.948,,,,,,,1050.28,2647.84,,249.37,217.65,222.82,211.56,234.62,190.87,267.46,382.33,260.71,189.9
NWN,Northwest Natural Holding Company,50.397,2121.36,United States and Canada,US,-0.0999,-0.0147,-0.0223,-0.0224,-0.0095,-0.0471,-0.0124,-0.0049,-0.0063,0.006,-0.0811,-0.0097,-0.0097,-0.0043,,0.0333,1378.3,1458.76,1516.06,1152.99,1197.47,1037.35,860.4,773.68,746.37,706.14,755.04,668.17,723.79
MTZ,MasTec Inc.,272.46,21600.39,United States and Canada,US,-0.3828,-0.0149,0.036,0.0363,0.1743,0.1969,-0.0311,0.0953,0.1133,0.277,0.3147,-0.0138,0.1195,0.151,0.3415,0.4304,18182.49,21762.28,25142.78,12303.46,11995.93,9778.04,7951.78,6320.98,7183.19,6909.42,6606.98,5134.7,4208.33
PATK,Patrick Industries Inc.,88.842,2945.72,United States and Canada,US,-0.4017,-0.015,-0.0319,-0.0376,-0.0627,-0.0347,-0.0135,-0.0293,-0.0337,-0.0582,,,,,,,3874.77,4107.28,,3715.68,3468.05,4881.87,4078.09,2486.6,2337.08,2263.06,1635.65,1221.89,920.33
FISV,Fiserv Inc.,52.396,27940.38,United States and Canada,US,-0.6269,-0.0152,-0.0154,-0.0164,-0.0222,-0.1225,-0.0199,-0.0203,-0.0206,-0.0254,-0.1536,-0.0275,-0.028,-0.0313,-0.0324,-0.1613,19730.46,20438.18,21035.97,20456,19093,17737,16226,14852,10187,5823,5696,5505,5254
GPI,Group 1 Automotive Inc.,266.269,3140.27,United States and Canada,US,-0.4548,-0.0154,-0.0216,-0.0274,-0.0452,-0.0439,0.0032,0.0077,0.0004,-0.0206,-0.0258,0.0045,0.0119,0.0025,-0.0291,-0.0344,22282.04,23661.68,24753.02,19934.3,17873.7,16222.1,13481.9,10600.2,11597.9,11601.4,11123.7,10887.61,10632.5
PRIM,Primoris Services Corporation,82.666,4450.1,United States and Canada,US,-0.5977,-0.0158,-0.0172,-0.1187,-0.101,-0.0414,-0.0107,-0.0103,-0.1086,-0.0671,0.0003,-0.0126,-0.0057,-0.1264,-0.0512,0.0208,7240,8126.3,8878.76,6366.8,5715.3,4420.6,3497.63,3491.5,3106.33,2939.48,2379.99,1996.95,1929.41
OTEX,Open Text Corporation,24.932,6050.06,United States and Canada,US,-0.3751,-0.0159,-0.0187,-0.0196,-0.021,-0.009,-0.0112,-0.0079,-0.0144,-0.0144,,,,,,,5163.01,5255.59,,5168.4,5769.58,4484.98,3493.84,3386.11,3109.74,2868.76,2815.24,2291.06,1824.23
WBD,Warner Bros. Discovery Inc.,26.765,67091.27,United States and Canada,US,-0.1078,-0.016,-0.0165,-0.0376,-0.0163,-0.0524,-0.0087,-0.0105,-0.0122,0.0043,-0.0342,-0.0039,-0.0058,-0.0125,-0.0029,-0.0535,36388.99,37646.69,38217.11,39321,41321,33817,12191,10671,11144,10553,6873,6497,6394
TRIN,Trinity Capital Inc.,18.053,1709.5,United States and Canada,US,-0.0105,-0.0161,-0.0146,0.0221,0.0704,0.2048,0.0096,0.0013,0.0363,0.2014,0.3678,0.0115,0.0115,0.0383,,,367.66,417.24,389.71,226.73,174.84,138.84,76.63,51.26,,,,,
GATX,GATX Corporation,177.701,6273.74,United States and Canada,US,-0.1355,-0.0164,-0.0158,-0.0307,-0.0773,0.2913,-0.0213,-0.0211,-0.0362,-0.0745,0.3034,-0.0151,-0.0148,-0.0409,,,2350.79,2427.52,2479.13,1585.5,1410.9,1273,1257.4,1209.2,1202.1,1175.1,1369.1,1408.3,1449.9
NWE,NorthWestern Energy Group Inc.,72.091,4434.88,United States and Canada,US,-0.0411,-0.0164,-0.0168,-0.0211,0.0063,0.0189,0.0017,-0.0025,-0.0064,0.0398,0.0522,0.0021,-0.0028,0.0006,0.0244,0.0189,1699.4,1816.13,1860.53,1513.9,1422.14,1477.84,1372.32,1198.67,1257.91,1192.01,1305.65,1257.25,1214.3
EEFT,Euronet Worldwide Inc.,72.087,2696.31,United States and Canada,US,-0.2683,-0.0165,-0.0175,-0.0172,-0.0172,-0.0428,-0.0171,-0.0195,-0.0188,-0.0303,-0.0706,,,,,,4473.87,4694.47,,3989.8,3688,3358.74,2995.44,2482.7,2750.11,2536.63,2252.42,1958.62,1772.26
O,Realty Income Corporation,62.516,58463.36,United States and Canada,US,-0.0798,-0.0168,-0.0168,0.0029,-0.0027,0.041,0.0006,0.0006,0.0325,0.0248,0.1303,0.0026,0.0026,0.0694,0.0217,,5738.52,6249.66,6873.06,5278.94,4081.54,3337.23,2081.57,1647.09,1488.16,1327.84,1215.77,1103.17,1023.28
RGTI,Rigetti Computing Inc.,17.928,5959.25,United States and Canada,US,-0.6917,-0.0174,-0.0173,0.0237,0.0967,0.0101,-0.0247,-0.0202,-0.0393,-0.0293,0.1677,0.1074,-0.1814,-0.2421,-0.0597,0.1192,23.17,44.06,83.94,10.79,12.01,13.1,8.94,5.54,0.74,,,,
MRP,Millrose Properties Inc.,28.98,4812.07,United States and Canada,US,-0.195,-0.0175,-0.0227,-0.0435,-0.0135,0.1268,-0.0251,-0.0274,-0.0338,-0.014,0.076,0,-0.0062,-0.0399,,,814.15,859.9,853.16,,,,,,,,,,
ANDE,The Andersons Inc.,65.302,2198.04,United States and Canada,US,-0.2047,-0.0177,-0.0139,-0.024,-0.053,-0.0538,0.0074,0.0117,-0.0091,-0.051,,,,,,,11577.55,12270.03,,11257.55,14750.11,17325.38,12612.05,8064.62,8003.25,3045.38,3686.34,3924.79,4198.49
CQP,Cheniere Energy Partners L.P.,64.818,31375.42,United States and Canada,US,-0.0825,-0.0178,-0.0272,0.0087,0.0203,-0.0531,0.0006,-0.0247,-0.0034,-0.0008,0.0162,0.008,0.0072,0.0504,0.1044,0.0923,11307.27,11352.13,12011.11,8704,9664,17206,9434,6167,6838,6426,4304,1100,270
MIDD,The Middleby Corporation,134.68,6089.49,United States and Canada,US,-0.2523,-0.0178,-0.1798,-0.162,-0.3018,-0.3088,-0.0051,-0.2262,-0.205,-0.3025,-0.3468,-0.1473,-0.2685,-0.2364,-0.2914,-0.3667,2783.2,2726.41,2727.3,3150.24,3242.09,4032.85,3250.79,2513.26,2959.45,2722.93,2335.54,2267.85,1826.6
AEVA,Aeva Technologies Inc.,26.604,1814.64,United States and Canada,US,-0.15,-0.0179,-0.0179,-0.0175,0.0869,-0.1193,-0.0054,-0.0054,-0.0335,-0.0235,-0.16,0.0783,0.0783,0.0645,0.0092,0.0537,32.28,73.9,233.18,9.06,4.31,4.19,9.27,4.84,1.38,0.14,,,
KMB,Kimberly-Clark Corporation,109.677,36476.27,United States and Canada,US,-0.2021,-0.0179,-0.0189,-0.0219,-0.017,-0.0191,-0.024,-0.0249,-0.0275,-0.0233,-0.013,-0.0359,-0.037,-0.043,-0.0558,-0.0186,16656.68,17132.07,17604.09,20058,20431,20175,19440,19140,18450,18486,18348,18287,18591
COP,ConocoPhillips,117.63,143307.92,United States and Canada,US,-0.1342,-0.0189,-0.0123,0.0301,0.2675,0.1367,-0.002,0.0065,0.0087,0.0891,0.0114,-0.0015,-0.0014,-0.0034,0.0451,0.2957,69998.32,66517.44,67023.85,56450,57861,80575,46660,19216,33346,37491,29878,23745,30219
BXSL,Blackstone Secured Lending Fund,24.531,5707.19,United States and Canada,US,-0.2007,-0.019,-0.0177,-0.0722,-0.0961,-0.1122,-0.0043,0.0023,-0.0595,-0.0548,-0.0023,-0.0179,-0.0179,-0.0307,,,1282.33,1296.38,1244.9,1326.9,1143.52,850.29,624.7,389.64,148.05,38.09,,,
LRN,Stride Inc.,82.51,3396,United States and Canada,US,-0.518,-0.0199,-0.0199,-0.0199,-0.0327,-0.1074,-0.0245,-0.0245,-0.0245,-0.0485,-0.1457,,,,,,2569.23,2684.13,,2405.32,2040.07,1837.36,1686.67,1536.76,1040.77,1015.75,917.73,888.52,872.7
MARA,MARA Holdings Inc.,10.1,3850.83,United States and Canada,US,-0.5693,-0.02,-0.0336,-0.0172,-0.295,-0.4117,0.021,0.0043,-0.0684,-0.2319,-0.3526,0,0.0862,-0.2159,-0.3071,-0.1492,783.04,909.07,744.5,656.38,387.51,117.75,159.16,4.36,1.19,1.56,0.52,36.63,18.98
CC,The Chemours Company,15.757,2371.41,United States and Canada,US,-0.4504,-0.0203,-0.0201,-0.0164,-0.0186,-0.0316,-0.0117,-0.0121,-0.008,-0.0027,-0.0214,-0.0081,-0.0081,-0.0121,-0.0077,,5923.58,6308.07,6598.06,5782,6078,6831,6345,4969,5526,6638,6183,5400,5717
DHC,Diversified Healthcare Trust,8.827,2137.27,United States and Canada,US,-0.0862,-0.0207,-0.0207,-0.0566,-0.0851,-0.0718,-0.0168,-0.0168,-0.0489,-0.0577,,-0.0199,-0.0199,0.001,,,1470.83,1577.87,1711.63,1495.43,1410.31,1283.57,1383.21,1632.03,1040.15,1117.16,1074.73,1058.02,998.77
SRAD,Sportradar Group AG,13.022,3852.14,United States and Canada,US,-0.5958,-0.0211,-0.0151,-0.0409,-0.0597,0.0094,-0.0384,-0.0337,-0.059,-0.0819,-0.0157,-0.0437,-0.024,-0.0496,-0.1065,-0.0465,1756.51,1968.14,2179.05,1146.33,968.89,781.87,638.75,494.65,426.7,,,,
USLM,United States Lime & Minerals Inc.,120.074,3436.76,United States and Canada,US,-0.151,-0.0211,-0.0211,-0.1032,0.0072,-0.028,-0.0227,-0.0227,-0.1059,0.0511,-0.0084,0,0,-0.0854,,,417,473,514,317.72,281.33,236.15,189.25,160.7,158.28,144.44,144.84,139.28,130.84
QBTS,D-Wave Quantum Inc.,20.76,7690.44,United States and Canada,US,-0.5559,-0.0218,-0.0161,-0.0403,-0.0297,0.101,-0.0053,-0.0094,0.0122,0.058,0.223,0.0208,0.0206,0.0149,-0.0043,0.3218,41.89,85.34,146.52,8.83,8.76,7.17,6.28,5.16,,,,,
LKQ,LKQ Corporation,24.876,6293.68,United States and Canada,US,-0.33,-0.0224,-0.0224,-0.0224,-0.0257,-0.0576,-0.0207,-0.0207,-0.0207,-0.032,-0.0573,-0.046,-0.046,-0.046,,,13597.38,13935.47,13829.56,14355,13866,12794,13089,11629,12506.11,11876.67,9736.91,8584.03,7192.63
KRYS,Krystal Biotech Inc.,326.319,9658.66,United States and Canada,US,-0.147,-0.0225,-0.0396,-0.0462,-0.1003,-0.1311,-0.0231,-0.0337,-0.0337,-0.113,-0.0338,-0.0123,-0.0104,-0.0104,-0.0767,-0.1503,504.45,654.74,869.27,290.51,50.7,,,,,,,,
AHR,American Healthcare REIT Inc.,56.767,11050.19,United States and Canada,US,-0.0329,-0.0225,-0.0191,-0.0396,0.0574,0.1344,0,0.0114,-0.0158,0.0921,0.1754,0,0.1264,0.0327,0.1874,0.2912,2667.6,3054.09,3818.43,2063.8,1857.42,1618.91,1263.95,1184.6,1221.02,1131.38,1049.24,980.29,159.89
DK,Delek US Holdings Inc.,58.435,3578.1,United States and Canada,US,-0.1523,-0.0226,0.0058,0.0124,0.2768,0.2012,-0.0102,0.0215,0.0229,0.2074,0.143,-0.0174,-0.0118,-0.038,,,12592.58,12010.91,11829.8,11852.2,16917.4,20245.8,10648.2,7301.8,9298.2,10233.1,7267.1,4197.9,4782
SNDK,Sandisk Corporation,1212.932,180726.87,United States and Canada,US,-0.4848,-0.0226,0.0126,0.2093,1.0148,4.4978,0.037,0.1028,0.4539,1.3813,6.0868,0.4043,0.7936,0.7936,0.9453,4.1251,48739.99,60365.51,44624.18,7355,6663,6086,9754,,,,,,
OLED,Universal Display Corporation,91.107,4187.9,United States and Canada,US,-0.406,-0.0228,-0.026,-0.0283,-0.1189,-0.1615,-0.0198,-0.0229,-0.0315,-0.1631,-0.2361,-0.0065,-0.02,-0.0286,-0.1777,,630.26,683,776.06,647.68,576.43,616.62,553.52,428.87,405.18,247.41,335.63,198.89,191.05
WTRG,Essential Utilities Inc.,40.046,11364.2,United States and Canada,US,-0.0549,-0.023,-0.023,-0.0204,0.043,-0.0016,-0.0138,-0.0138,0.0211,0.0538,0.0049,-0.0087,-0.0087,0.0253,0.0527,0.0101,2477,2653.5,2826.5,2086.11,2053.82,2288.03,1878.14,1462.7,889.69,838.09,809.52,819.88,814.2
ALB,Albemarle Corporation,131.11,15462.41,United States and Canada,US,-0.4067,-0.0239,-0.0151,0.0896,0.0539,0.1864,-0.0284,-0.0362,0.0535,0.0075,0.0609,-0.0118,-0.0172,0.0609,0.0904,-0.1352,6256.49,6370.02,6737.4,5377.53,9617.2,7320.1,3327.96,3128.91,3589.43,3374.95,3071.98,2677.2,2826.43
ATHM,Autohome Inc.,22.69,2626.59,United States and Canada,US,-0.2416,-0.024,-0.0232,-0.1452,-0.218,-0.2051,-0.0193,-0.0187,-0.1287,-0.2146,-0.2002,-0.0205,-0.0196,-0.1613,-0.3225,-0.307,766.38,790.76,771.62,964.46,1012.16,1006.35,1138.79,1326.41,1209.37,1051.56,954.43,858.6,533.53
AROC,Archrock Inc.,33.066,5797.73,United States and Canada,US,-0.217,-0.0241,-0.0238,-0.0145,-0.0401,-0.0442,-0.0004,0.0007,0.0069,-0.0172,-0.0183,-0.0026,0.0009,0.0099,-0.0165,,1525.06,1656.95,1766.81,1157.59,990.34,845.57,781.46,874.97,965.49,904.44,794.65,807.07,998.11
BXMT,Blackstone Mortgage Trust Inc.,14.155,2414.07,United States and Canada,US,-0.315,-0.0242,-0.0487,-0.0872,-0.1953,-0.2023,-0.1516,-0.1547,-0.1565,-0.3455,-0.3519,-0.1975,-0.1975,-0.1975,,,359.05,291.6,285.3,-46.69,420.88,416.55,554.33,264.52,424.18,396.48,303.05,313.7,258.22
PTON,Peloton Interactive Inc.,5.672,2455.93,United States and Canada,US,-0.3835,-0.0246,-0.0249,-0.0265,-0.0301,-0.0283,-0.0224,-0.0233,-0.0288,-0.0359,-0.1224,-0.1202,-0.1202,-0.1485,-0.1485,-0.1646,2378.39,2381.31,2389.05,2490.8,2700.5,2800.2,3582.1,4021.8,1825.9,915,435,218.6,
AEM,Agnico Eagle Mines Limited,178.82,90548.16,United States and Canada,US,-0.2994,-0.0246,-0.0741,-0.1018,0.0025,0.3546,-0.0279,-0.0879,-0.0875,0.0176,0.486,-0.0297,-0.0817,-0.0826,-0.0195,0.2956,15464.98,15907.16,14452.88,8285.75,6626.91,5741.16,3869.63,3138.11,2494.89,2191.22,2242.6,2138.23,1985.43
SGI,Somnigroup International Inc.,65.261,13728.66,United States and Canada,US,-0.3379,-0.025,-0.0252,-0.0423,-0.053,-0.0281,-0.0323,-0.0334,-0.0518,-0.0587,-0.0359,-0.0283,-0.0295,-0.0527,-0.0126,-0.0247,7605.48,7904.93,8406.91,4930.9,4925.4,4921.2,4930.8,3676.9,3106,2702.9,2700.6,3079.7,3154.6
BANC,Banc of California Inc.,18.722,2965.05,United States and Canada,US,-0.1463,-0.0265,-0.0349,-0.0356,-0.0476,-0.0537,-0.0018,-0.0055,-0.0054,-0.0164,-0.0266,-0.0055,-0.0055,0.0116,0.029,,1161.37,1294.12,1381.53,960.39,246.84,1341.09,1459.75,821.62,1135.19,1144.55,1050.39,1008.04,862.17
RMD,ResMed Inc.,212.026,30583.83,United States and Canada,US,-0.2784,-0.0275,-0.0432,-0.0373,-0.0392,-0.0321,-0.0331,-0.0451,-0.036,-0.0416,-0.0333,,-0.0632,-0.0905,-0.0748,-0.0691,5831.02,6223.84,6482.1,5146.33,4685.3,4222.99,3578.13,3196.82,2957.01,2606.57,2340.2,2066.74,1838.71
ABCL,AbCellera Biologics Inc.,6.935,2117.78,United States and Canada,US,-0.1783,-0.0279,-0.028,0.0304,-0.4479,-0.5114,0.055,0.055,-0.0937,-0.5152,-0.5839,0.0433,-0.0219,-0.3041,-0.772,-0.7722,31.09,32.59,32.63,28.83,38.02,485.42,375.2,233.16,11.61,8.83,,,
UTHR,United Therapeutics Corporation,538.749,23107.32,United States and Canada,US,-0.1159,-0.0282,-0.0317,-0.0437,-0.0712,-0.0757,-0.0464,-0.0526,-0.0644,-0.061,-0.0039,-0.0562,-0.0663,-0.0848,-0.0654,0.0481,3144.66,3509.47,3996.15,2877.4,2327.5,1936.3,1685.5,1483.3,1448.8,1627.8,1725.3,1598.8,1465.8
CRK,Comstock Resources Inc.,13.42,3940.39,United States and Canada,US,-0.5224,-0.0284,-0.0509,-0.0198,-0.11,-0.132,-0.0567,-0.0759,-0.1128,-0.0701,0.0028,-0.0552,-0.0452,-0.0356,,,1939.36,2225.16,2402.37,1253.58,1565.11,3628.06,1850.73,858.2,768.69,390.25,249.96,170.77,21.27
CPRI,Capri Holdings Limited,15.295,1737.65,United States and Canada,US,-0.4589,-0.0294,-0.0312,-0.0358,-0.038,-0.0184,-0.028,-0.0304,-0.0394,-0.0409,-0.0391,-0.0268,-0.0294,-0.0333,-0.0497,-0.0372,3407.86,3503.91,3588.24,4442,5170,5619,5654,4060,5551,5238,4719,4494,4712.1
STWD,Starwood Property Trust Inc.,16.45,6098.81,United States and Canada,US,-0.2107,-0.0297,-0.0309,0.0019,0.0541,0.0931,-0.0034,0,0.0344,-0.002,0.1081,0,0,-0.0027,,,2068.1,2310.3,2552,400.75,370.07,621.2,717.25,673,677.21,666.16,589.68,550.11,533.33
MOS,The Mosaic Company,23.06,7330.67,United States and Canada,US,-0.3767,-0.0301,-0.0301,-0.0709,-0.0232,-0.0446,-0.0013,0.006,-0.0132,0.022,-0.0049,0.0004,0.0047,-0.0185,-0.0276,-0.0668,12310.87,12732.07,12671.51,11122.8,13696.1,19125.2,12357.4,8681.7,8906.3,9587.3,7409.4,7162.8,8895.3
BLDR,Builders FirstSource Inc.,74.686,8035.95,United States and Canada,US,-0.5055,-0.0302,-0.0331,-0.0338,-0.0529,-0.0861,-0.0468,-0.0477,-0.0476,-0.076,-0.1036,-0.0553,-0.0596,-0.0613,-0.0935,,14334.32,14874.02,15596.41,16400.49,17097.33,22726.42,19893.86,8558.87,7280.43,7724.77,7034.21,6367.28,3564.43
LCII,LCI Industries,108.8,2645.09,United States and Canada,US,-0.3186,-0.0306,-0.0342,-0.0387,-0.0467,-0.0043,-0.0316,-0.0337,-0.0394,-0.0653,,,,,,,4096.31,4292.91,,3741.21,3784.81,5207.14,4472.7,2796.17,2371.48,2475.81,2147.77,1678.9,1403.07
RKT,Rocket Companies Inc.,13.72,38819.78,United States and Canada,US,-0.4368,-0.0307,-0.0361,-0.0514,0.0384,0.4741,-0.0202,-0.0302,-0.0425,0.0155,0.4856,-0.0281,-0.0184,-0.023,,0.4343,11133.07,12350.2,13179.84,5416,4005,6004.88,13175.61,15895.59,5204.02,4308.89,4252.85,,
UAA,Under Armour Inc.,6.11,2579.65,United States and Canada,US,-0.2503,-0.031,-0.0314,-0.0524,-0.0536,-0.0887,-0.0012,-0.0015,-0.0303,-0.0319,-0.0667,0,-0.0001,-0.0449,-0.0544,-0.1137,4782,5074.35,5296.48,5164.31,5701.88,5903.64,5727.22,5683.47,4474.67,5267.13,5193.19,4989.24,4833.34
SWX,Southwest Gas Holdings Inc.,92.147,6675.67,United States and Canada,US,-0.0245,-0.0321,-0.023,-0.0767,-0.1727,-0.651,-0.0131,-0.0977,-0.13,-0.162,-0.5582,-0.012,-0.0916,-0.1268,-0.2202,-0.5263,1855.56,2003.55,2141.77,5112.44,5433.97,4960.01,3680.45,3298.87,3119.92,2880.01,2548.79,2460.49,2463.63
DORM,Dorman Products Inc.,140.76,4177.14,United States and Canada,US,-0.1566,-0.0327,-0.0327,-0.0319,-0.0293,-0.017,-0.0338,-0.0338,-0.0332,-0.0293,,0,0,-0.0027,,,2214.86,2325.4,2573,2009.2,1929.79,1733.75,1345.25,1092.75,991.33,973.71,903.22,859.6,802.96
HONA,Honeywell Aerospace Inc.,168.614,53440.48,United States and Canada,US,-0.4332,-0.0336,-0.0331,,,,-0.0247,-0.0243,,,,-0.0287,-0.0286,,,,18406.21,20079.38,21548.5,15445,13790,,,,,,,,
CF,CF Industries Holdings Inc.,114.334,17565.05,United States and Canada,US,-0.1946,-0.0339,-0.0404,0.065,0.2707,0.3071,-0.0057,-0.0156,0.0203,0.1624,0.1485,-0.0088,-0.0101,-0.0188,0.0906,0.0678,8334.86,7285.92,6782.7,5936,6631,11186,6538,4124,4590,4429,4130,3685,4308
CELH,Celsius Holdings Inc.,27.811,7045.67,United States and Canada,US,-0.5833,-0.0359,-0.0448,-0.0573,-0.0143,0.1736,-0.0341,-0.0441,-0.0579,-0.0282,0.1447,-0.0381,-0.046,-0.0771,-0.0505,0.1916,3180.37,3487.54,3728.99,1355.63,1318.01,653.6,314.27,130.73,75.15,52.6,36.16,22.76,17.22
PFSI,PennyMac Financial Services Inc.,77.404,4021.26,United States and Canada,US,-0.5173,-0.0359,-0.0772,-0.1198,-0.1157,-0.1262,-0.0216,-0.0279,-0.0944,-0.023,-0.0102,-0.0447,-0.0605,-0.1108,-0.1461,,2214.81,2815.71,2742.3,2026.01,2005.68,1628.49,3582.31,5181.3,2455.83,1107.76,1195.67,1231.69,867.93
ZTS,Zoetis Inc.,72.66,30461.12,United States and Canada,US,-0.5472,-0.0367,-0.0375,-0.0504,-0.0517,-0.0679,-0.044,-0.0453,-0.066,-0.0715,-0.0907,-0.0442,-0.0463,-0.0727,-0.0713,-0.0885,9395.3,9701.61,10119.05,9256,8544,8080,7776,6675,6260,5825,5307,4888,4765
OHI,Omega Healthcare Investors Inc.,48.476,15362.9,United States and Canada,US,-0.0747,-0.0377,-0.0176,-0.0061,-0.0645,0.0493,-0.0033,0.0011,0.0031,-0.0303,0.0738,-0.0034,0.02,0.044,0.0599,0.2589,1079.47,1161.11,1257.99,1051.39,949.74,878.24,1062.81,892.38,928.83,881.68,908.38,900.83,743.62
DNLI,Denali Therapeutics Inc.,24.812,3937.91,United States and Canada,US,-0.0911,-0.0379,-0.2029,-0.1859,-0.479,-0.6908,0.0252,-0.061,-0.0132,-0.2767,-0.5691,0.0469,-0.1972,-0.1231,-0.3156,-0.3156,32.68,106.27,336.07,,330.53,108.46,48.66,335.66,26.68,129.16,,,
CRUS,Cirrus Logic Inc.,124.856,6299.32,United States and Canada,US,-0.308,-0.0394,-0.0416,-0.0147,-0.0249,0.0354,-0.0228,-0.0235,0.0295,0.0192,0.1315,,,,,,2020.78,2143.1,2243,1896.08,1788.89,1897.62,1781.46,1369.23,1281.12,1185.52,1532.19,1538.94,1169.25
AU,AngloGold Ashanti plc,96.22,49115.19,United States and Canada,US,-0.2549,-0.0397,-0.0775,-0.1066,-0.0974,0.2717,-0.0299,-0.0532,-0.0592,-0.0586,0.4836,-0.0248,-0.0361,-0.1351,0.06,,11995.39,13221.74,13606.76,5793,4582,4501,4029,4595,3525,3336,3394,4223,4015
CIFR,Cipher Digital Inc.,17.183,7131.47,United States and Canada,US,-0.4299,-0.0399,-0.0514,-0.0575,-0.4659,-0.4772,0.0023,-0.0234,-0.05,-0.1537,0.3993,-0.067,-0.1146,-0.4116,-0.3766,,223.05,855.73,988.98,151.27,126.84,3.04,,,,,,,
SR,Spire Inc.,82.009,4848.11,United States and Canada,US,-0.1396,-0.0422,-0.0325,-0.1051,-0.0497,-0.0947,0.0203,0.0155,0.0275,-0.0096,0.0431,0.0234,0.0201,0.0162,0.0039,0.0454,2499.11,2982.07,3129.88,2593,2666.3,2198.5,2235.5,1855.4,1952.4,1965,1740.7,1537.3,1976.4
SEDG,SolarEdge Technologies Inc.,31.722,1951.3,United States and Canada,US,-0.6096,-0.0443,-0.0424,-0.046,-0.0232,-0.1027,-0.0381,-0.0392,-0.045,-0.0237,-0.0945,-0.0305,-0.0217,-0.0312,0.0427,-0.0184,1328.55,1496.35,1654.32,901.46,2976.53,3110.28,1963.87,1459.27,1425.66,937.24,607.04,489.95,489.84
SLDE,Slide Insurance Holdings Inc.,21.115,2466.48,United States and Canada,US,-0.082,-0.0467,0.0202,0.0202,0.1717,0.2904,0.0098,0.0446,0.0446,0.1251,0.238,0.0263,0.064,0.064,,,1538.82,1562.37,1540.72,846.81,468.53,242.43,,,,,,,
APTV,Aptiv PLC,49.529,10283.87,United States and Canada,US,-0.4431,-0.0468,-0.1095,-0.1499,-0.4087,-0.3941,-0.0205,-0.0215,-0.0241,-0.4114,-0.402,-0.0375,-0.0373,-0.0357,-0.4137,-0.429,12708.69,13299.72,13877.25,19713,20051,17489,15618,13066,14357,14435,12884,12274,10864
ZLAB,Zai Lab Limited,23.336,2621.91,United States and Canada,US,-0.3654,-0.0513,-0.0535,-0.1277,-0.2618,-0.5066,-0.017,-0.0186,-0.0713,-0.2686,-0.547,-0.0232,-0.0288,-0.0609,-0.2548,-0.5788,424.69,584.48,734.07,398.99,266.72,215.04,144.31,48.96,12.98,0.13,,,
SRRK,Scholar Rock Holding Corporation,52.959,6345.99,United States and Canada,US,-0.0946,-0.0564,-0.0564,-0.6355,-0.8347,-0.9522,-0.0224,-0.0224,-0.1006,-0.3048,-0.544,0.0025,0.0025,0.0331,-0.1672,-0.3704,6.14,146.12,350.93,,,33.19,18.82,15.4,20.49,,,0.38,
CLSK,CleanSpark Inc.,12.305,3157.57,United States and Canada,US,-0.4788,-0.0589,-0.0856,-0.0918,-0.1412,-0.4867,-0.0453,-0.1388,-0.1317,-0.1779,-0.354,0.0678,0.0411,-0.3242,-0.3242,,588.82,667.29,956.02,378.97,168.41,131.52,39.29,10.03,4.53,0.58,0.45,0.08,
CENX,Century Aluminum Company,51.197,5067.17,United States and Canada,US,-0.2731,-0.0611,-0.1314,-0.0131,0.1035,0.2316,0.035,-0.1203,0.1071,0.3299,0.4184,-0.0414,-0.0656,0.1121,,,3199,4110.07,4067.7,2220.3,2185.4,2777.3,2212.5,1605.1,1836.6,1893.2,1589.1,1319.1,1949.86
RBLX,Roblox Corporation,37.79,26996.27,United States and Canada,US,-0.7339,-0.0684,-0.0686,-0.0687,-0.1689,-0.0417,-0.1019,-0.1003,-0.1173,-0.2032,-0.0752,-0.1095,-0.1086,-0.1147,-0.1822,-0.081,6971.95,8036.08,9491.08,3601.98,2799.27,2225.05,1919.18,923.88,508.39,324.96,,,
TRGP,Targa Resources Corp.,256.83,55126.99,United States and Canada,US,-0.1175,-0.0708,-0.0671,-0.0919,-0.1605,-0.2147,0.0132,0.0217,0.0226,-0.0347,-0.0665,0.0127,0.0232,0.0444,0.2517,0.1382,18721.72,23285.52,25204.33,16381.5,16060.3,20929.8,16949.8,8260.3,8671.1,10484,8814.9,6690.9,6658.6
SNDX,Syndax Pharmaceuticals Inc.,20.395,1821.21,United States and Canada,US,-0.203,-0.078,-0.0772,-0.0804,-0.1417,-0.0229,-0.0458,-0.0436,-0.0709,-0.1864,0.0278,-0.024,-0.0314,-0.0504,-0.1823,0.1476,317.9,480.82,663.29,23.68,,,139.71,1.52,1.52,1.52,2.11,1.22,0.63
HLI,Houlihan Lokey Inc.,129,9015.36,United States and Canada,US,-0.3909,-0.0852,-0.1081,-0.1148,-0.1416,-0.1475,-0.0489,-0.0595,-0.061,-0.0788,-0.0673,-0.042,-0.0468,,,,2627.66,3137.72,3414.04,2389.42,1914.4,1809.45,2269.77,1524.96,1158.84,1083.74,962.83,870.47,693.76
FCPT,Four Corners Property Trust Inc.,25.095,2757.21,United States and Canada,US,-0.0657,-0.0859,-0.0851,0.0029,-0.0808,-0.0466,-0.0069,-0.0054,0.0293,-0.0037,0.0155,0,0.0028,0.0588,0.0094,,293.29,341.24,373.64,268.07,250.61,223.19,199.38,170.94,160.23,143.63,133.21,124.02,33.46
FLNC,Fluence Energy Inc.,13.194,2435.56,United States and Canada,US,-0.6063,-0.0892,-0.0896,-0.0943,-0.1001,-0.1209,-0.0222,-0.0234,0.0083,-0.0027,-0.0221,-0.0101,-0.0128,0.0271,0.0198,0.1113,3047.48,4070.1,4869.25,2698.56,2217.98,1198.6,680.77,561.32,92.15,,,,
STEP,StepStone Group Inc.,46.443,5659.44,United States and Canada,US,-0.403,-0.0916,-0.0523,-0.0001,0.034,0.1531,0.0028,0.07,0.0998,0.0763,0.2803,0.0021,0.1938,,,,1484.95,1890.28,2111.07,1174.83,711.63,-67.57,1365.53,787.72,446.61,256.27,264.27,163.06,
CACC,Credit Acceptance Corporation,584.895,6071.55,United States and Canada,US,-0.1255,-0.0956,0.0043,-0.0956,-0.0989,-0.1205,-0.0886,0.0099,-0.0933,-0.093,,,,,,,2136.63,2278.07,,928.2,899.2,1184.4,1683.4,920.4,1216.4,1072.3,860.5,781.3,707.8
RCUS,Arcus Biosciences Inc.,28.649,3603.28,United States and Canada,US,-0.0972,-0.0974,-0.0974,-0.0753,-0.2905,-0.5239,-0.1904,-0.1904,-0.3122,-0.4248,-0.6668,0.0714,0.0714,0.0254,-0.3707,-0.6401,76.78,75.34,179.77,258,117,112,383,78,15,8.35,1.41,,
COIN,Coinbase Global Inc.,153.64,40535.9,United States and Canada,US,-0.618,-0.1018,-0.1253,-0.2101,-0.3525,-0.3589,-0.0981,-0.1178,-0.1767,-0.2708,-0.2308,-0.0788,-0.0695,-0.1149,-0.1918,-0.0601,5356.67,6811.61,7662.09,6293.25,2926.54,3148.82,7837.3,1274.86,522.81,,,,
BIP,Brookfield Infrastructure Partners L.P.,39.087,18100.31,United States and Canada,US,-0.1124,-0.1023,-0.0982,0.3154,0.9823,-0.0541,-0.0067,-0.0007,0.0042,0.0473,-0.07,-0.0064,-0.0007,0.0046,0.9301,-0.2774,17227.48,17983.55,18981.89,21039,17931,14427,11537,8885,6597,4652,3535,2115,1855
GLXY,Galaxy Digital Inc.,20.163,7891.71,United States and Canada,US,-0.5609,-0.1047,-0.1442,-0.1768,-0.2427,-0.2636,-0.0381,-0.1011,-0.1384,-0.3002,0.1743,-0.0997,-0.0866,-0.1852,-0.3173,-0.4318,38474.08,49726.58,63143.25,,,,,,,,,,
HUT,Hut 8 Corp.,88.552,10914.87,United States and Canada,US,-0.3711,-0.105,-0.1208,-0.1367,-0.3048,-0.2081,-0.0057,-0.0544,0.0692,-0.0307,-0.0031,0.0033,0.0162,0.3669,0.329,0.5436,295.99,610.73,1420.2,162.38,121.21,76.91,73.73,7.32,,,,,
ALMS,Alumis Inc.,27.593,3517.89,United States and Canada,US,-0.1198,-0.1137,-0.1137,-0.2293,-0.1187,0.53,0,0,0.0382,-0.0855,0.3884,0,0,0.0067,0.0543,0.8461,6.93,23.83,174.2,,,,,,,,,,
GENB,Generate Biomedicines Inc.,14.356,1840.33,United States and Canada,US,-0.2103,-0.1313,-0.1313,-0.1134,,,-0.1803,-0.1803,-0.186,,,0.1815,0.1815,0.1815,,,22.49,19.4,108.97,20.46,,,,,,,,,
TTD,The Trade Desk Inc.,13.796,6485.61,United States and Canada,US,-0.8491,-0.1362,-0.1356,-0.1566,-0.1805,-0.1891,-0.1298,-0.1296,-0.1705,-0.2156,-0.2411,-0.1001,-0.0979,-0.154,-0.2578,-0.2825,2745.71,3030.83,3344.73,2444.83,1946.12,1577.8,1196.47,836.03,661.06,477.29,308.22,202.93,113.84
CRNX,Crinetics Pharmaceuticals Inc.,84.141,8924.43,United States and Canada,US,-0.0019,-0.1413,-0.1453,-0.0495,-0.0456,0.2974,0,-0.005,-0.023,-0.1519,-0.0756,0,0,-0.0005,-0.2295,-0.2069,58.81,172.19,417.99,1.04,4.01,4.74,1.08,0.07,1.19,2.43,2.04,0.59,
BNTX,BioNTech SE,93.645,23524.03,United States and Canada,US,-0.2448,-0.156,-0.1487,-0.1615,-0.3316,-0.2428,-0.1645,-0.158,-0.1869,-0.3179,-0.2731,-0.0748,-0.0742,-0.0979,-0.156,-0.2456,2109.62,2148.97,2672.18,2849.99,4216.16,18535.82,21598.79,589.18,121.82,146.15,73.9,,
LCID,Lucid Group Inc.,7.035,2772.28,United States and Canada,US,-0.7212,-0.1641,-0.1742,-0.1466,-0.3206,-0.3472,-0.1046,-0.119,-0.1482,-0.1776,-0.1992,0.0437,0.0373,0.059,-0.083,0.0472,1631.28,3733.56,6973.3,807.83,595.27,608.18,27.11,3.98,4.59,,,,
UWMC,UWM Holdings Corporation,1.28,2049.39,United States and Canada,US,-0.8207,-0.1952,-0.2396,-0.3605,-0.2966,-0.2221,-0.0412,-0.1005,-0.1939,-0.2176,-0.1085,-0.0415,-0.1717,-0.2948,-0.3153,,2306.74,2954.74,3298.39,2458.69,2165.47,2088.52,3556.32,5000.88,1300.9,502.17,455.62,,
WULF,TeraWulf Inc.,17.092,8527.75,United States and Canada,US,-0.4272,-0.2052,-0.1495,-0.1777,-0.3307,-0.2854,-0.0398,-0.0844,-0.0831,-0.1887,0.6635,-0.0062,0.1274,0.3153,0.6666,1.3369,267.22,906.31,1697.55,140.05,69.23,15.03,,,,,,,
VRDN,Viridian Therapeutics Inc.,23.582,2604.11,United States and Canada,US,-0.3123,-0.2738,-0.2738,-0.3613,-0.7528,-0.5815,0,0,-0.146,-0.2942,-0.0449,0,0,0.0087,-0.211,-0.1015,20.08,231.55,584.93,0.3,0.31,1.77,2.96,1.05,4.46,8.39,4,3.48,5
IFF,International Flavors & Fragrances Inc.,85.89,21914.83,United States and Canada,US,-0.0383,-0.2938,-0.2929,-0.2936,-0.2855,-0.2982,-0.2908,-0.29,-0.2919,-0.2843,-0.3067,-0.2851,-0.2849,-0.2895,-0.2805,-0.2986,7579.69,7833.15,8197.52,11484,11479,12440,11656,5084,5140,3977.54,3398.72,3116.35,3023.19
BEAM,Beam Therapeutics Inc.,27.463,2744.26,United States and Canada,US,-0.2822,-0.3181,-0.2899,0.1145,0.2039,0.1386,-0.2392,-0.2001,0.0181,0.0941,0.3845,-0.1038,-0.0544,0.1711,0.0826,0.1327,53.78,73.09,145.07,63.52,377.71,60.92,51.84,0.02,0.02,,,,
SMR,NuScale Power Corporation,9.82,3589.02,United States and Canada,US,-0.829,-0.5072,-0.533,-0.654,-0.7865,-0.8375,-0.1208,-0.1407,-0.1564,-0.484,-0.5822,0.0434,-0.0716,-0.1025,-0.4628,-0.5379,26.36,148.83,288.47,37.05,22.81,11.8,2.86,0.6,0.37,,,,
NFTN,NFiniTi Inc.,3000,95451.47,United States and Canada,US,0,,,,,,,,,,,,,,,,,,,,,,,,,,,,
TYIDY,Toyota Industries Corporation,128,38459.98,United States and Canada,US,-0.0596,,,,,,,,,,,,,,,,,,,27241.22,25326.76,25457.31,22223.73,19130.51,20195.46,19986.88,18858.26,15047.37,19837.52
ASFZ,Associates First Capital Corporation,0,25727.03,United States and Canada,US,-0.99,,,,,,,,,,,,,,,,,,,3009,1969,1827,2801,3752,3126,4052,4648,6568.2,4869.4
L,Loews Corporation,115.53,23617.53,United States and Canada,US,-0.0453,,,,,,,,,,,,,,,,,,,17510,15901,14044,14657,12583,14931,14066,13735,13105,13415
WBHC,Wilson Bank Holding Company,1500,18431.91,United States and Canada,US,0,,,,,,,,,,,,,,,,,,,181.66,163.88,161.19,149.65,124.59,121.74,110.46,103.27,97.74,89.73
BNT,Brookfield Wealth Solutions Ltd.,44.638,14848,United States and Canada,US,-0.1047,,,,,,,,,,,,,,,,,,,14103,7020,5314,7245,514,382,160.89,,,
CNA,CNA Financial Corporation,52.044,14083.15,United States and Canada,US,-0.0658,,,,,,,,,,,,,,,,,,,14270,13299,11879,11908,10808,10767,10134,9542,9366,9101
BXBL,Boxabl Inc.,4.575,13725,United States and Canada,US,-0.6978,,,,,,,,,,,,,,,,,,,3.38,0.34,10.87,1.96,0.09,0.06,,,,
COKE,Coca-Cola Consolidated Inc.,192.735,12829.27,United States and Canada,US,-0.1225,,,,,,,,,,,,,,,,,,,6899.72,6653.86,6200.96,5562.71,5007.36,4826.55,4625.36,4287.59,3130.14,2306.46
GMXTF,GMéxico Transportes S.A.B. de C.V.,2.43,10618.95,United States and Canada,US,0,,,,,,,,,,,,,,,,,,,2908.53,3323.21,2800.35,2493.65,2318.59,2519.31,2311.76,1962.04,1587.45,1739.15
ALTB,Alpine Auto Brokers Inc.,9.75,9711.98,United States and Canada,US,-0.3906,,,,,,,,,,,,,,,,,,,,,0.17,0.36,0.4,,,,,
FRHC,Freedom Holding Corp.,148.53,9456.45,United States and Canada,US,-0.2293,,,,,,,,,,,,,,,,,,,1462.95,1093,538.04,609.05,323.88,72.91,63.75,41.14,15.28,
SYRE,Spyre Therapeutics Inc.,104.965,9255.16,United States and Canada,US,-0.0294,,,,,-1,,,,,-1,,,,,-1,0,0,0,,0.89,2.33,18.74,,,3.89,5.21,4.63,6.08
MAAS,Maase Inc.,19.068,8431.4,United States and Canada,US,-0.2342,,,,,,,,,,,,,,,,,,,0.45,,,,,,,,,
PCVX,Vaxcyte Inc.,58.065,8384.45,United States and Canada,US,-0.1067,,,,-1,-1,-0.5287,-0.5287,0.75,19.1066,-0.3308,0.6186,0.6186,0.3238,0.0008,-0.1331,0,41.08,286.77,,,,,,,,,,
IMVT,Immunovant Inc.,39.945,8244.74,United States and Canada,US,-0.0312,,,,-1,-1,-0.0529,-0.0712,-0.2152,-0.5527,-0.7044,-0.1293,-0.1311,-0.0826,-0.1862,-0.4405,0,34.67,390.89,,,,,,,,,,
NEU,NewMarket Corporation,889.125,8176.75,United States and Canada,US,-0.0131,,,,,,,,,,,,,,,,,,,2786.56,2698.42,2764.8,2356.11,2010.93,2190.3,2289.68,2198.4,2049.45,2140.83
CLUS,Cluster Group Holdings Limited Co.,200,8000.88,United States and Canada,US,,,,,,,,,,,,,,,,,,,,,,,,,,4.3,5.04,,
JMKE,Jersey Mike's Subs Inc.,22.91,7277.11,United States and Canada,US,-0.0832,,,,,,,,,,,,,,,,798.6,887,988.7,,,,,,,,,,
QMMM,QMMM Holdings Limited,119.4,6830.44,United States and Canada,US,-0.6059,,,,,,,,,,,,,,,,,,,2.81,3.4,3.56,,,,,,,
BLTE,Belite Bio Inc,162.66,6399.04,United States and Canada,US,-0.1867,,,-1,-1,-1,0,0,0.3271,0.6631,1.3802,0,0,-0.0277,0.2351,1.4695,0,242.83,547.55,,,,,,,,,,
ERAS,Erasca Inc.,18.408,6389.92,United States and Canada,US,-0.2418,,,,,,0,0,0.1667,0.1667,-0.9627,0,0,0,0,-0.9368,0,0.5,1.83,,,,,,,,,,
DFTX,Definium Therapeutics Inc.,46.159,6127.3,United States and Canada,US,-0.0705,,,,,,0.1818,0.0356,0.262,0.032,-0.4585,0.1423,0.1028,0.2989,0.3014,0.1475,0,33.23,255.18,,,,,,,,,,
ORKA,Oruka Therapeutics Inc.,98.698,5952.68,United States and Canada,US,-0.0141,,,,,,,,,,,,,,,,0,0,0,,,,,,,,,,
SWDR,Starwood Real Estate Income Trust Inc.,15.25,5387.22,United States and Canada,US,-0.0758,,,,,,,,,,,,,,,,,,,1674.35,1742.69,1489.19,438.06,281.9,84.12,,,,
WTM,White Mountains Insurance Group Ltd.,2152.252,5262.21,United States and Canada,US,-0.0775,,,,,,,,,,,,,,,,,,,2354.3,2166.7,1157.9,614.4,895.6,893.4,369.1,373.8,161.2,448.6
LBRDK,Liberty Broadband Corporation,35.884,5149.58,United States and Canada,US,-0.454,,,,-1,-1,,,,-1,-1,,,,,-1,0,0,0,,,975,988,51,15,22.26,13.09,30.59,91.18
FINN,First National of Nebraska Inc.,19000,5134.37,United States and Canada,US,-0.0155,,,,,,,,,,,,,,,,,,,1558.94,1560.89,1690.85,1307.61,1380.69,1292.54,1178.2,1237.57,1161.28,1074.32
OICT,Oicintra Inc.,11.25,5052.73,United States and Canada,US,-0.0217,,,,,,,,,,,,,,,,,,,,,,,,,,,,
IEP,Icahn Enterprises L.P.,7.454,5009.46,United States and Canada,US,-0.217,,,,,,,,,,,,,,,,,,,10025,10912,14285,11216,6140,8747,11702,10433,7385,15239
DYN,Dyne Therapeutics Inc.,26.255,4903.03,United States and Canada,US,-0.0308,,,,,-1,-0.0249,-0.0269,-0.2682,-0.3564,-0.2531,0.0001,0.0415,-0.0721,-0.2135,-0.0335,0,51.3,288.67,,,,,,,,,,
MANE,Veradermics Incorporated,114.39,4779.06,United States and Canada,US,-0.1284,,,,,,0,-0.1667,-0.3333,,,0,-0.0143,-0.121,,,0,8.66,119.6,,,,,,,,,,
SIM,Grupo Simec S.A.B. de C.V.,30.115,4620.1,United States and Canada,US,-0.1294,,,,,,,,,,,,,,,,,,,1614.26,2422.78,2779.16,2710.37,1803.82,1807.31,1815.73,1459.73,1327.43,1420.66
IBOC,International Bancshares Corporation,73.63,4578.4,United States and Canada,US,-0.0616,,,,,,,,,,,,,,,,,,,801.84,798.87,653.11,585.64,493.09,569.75,572.08,515.39,486.27,482.81
ELVN,Enliven Therapeutics Inc.,60.437,4219.89,United States and Canada,US,-0.0302,,,,-1,-1,2.5014,2.5014,1.5,1,1.5,2.5014,2.5014,1.5,1,1.5,0,0.03,0.03,,,,,,,,,,
SEB,Seaboard Corporation,4243.501,4064.4,United States and Canada,US,-0.2915,,,,,,,,,,,,,,,,,,,9100,9562,11243,9229,7126,6840,6583,5809,5379,5594
VKTX,Viking Therapeutics Inc.,34.271,3997.81,United States and Canada,US,-0.2058,,,,,-1,,,,-1,-1,0,0,0.3028,0.1572,0.0562,0,0,141.34,,,,,,,,,,
TNGX,Tango Therapeutics Inc.,27.06,3914.17,United States and Canada,US,-0.2131,,,-1,-1,-1,0,-0.0909,-0.0909,-0.7022,-0.8228,0,0,0.4286,-0.367,-0.4713,0,2.86,54.48,42.07,36.53,24.86,37.04,7.66,24.65,,,,
JOE,The St. Joe Company,67.35,3834.27,United States and Canada,US,-0.0842,,,,,,,,,,,,,,,,,,,402.74,389.29,252.32,267,160.56,127.08,110.28,100.04,96.86,103.87
QS,QuantumScape Corporation,6.076,3761.73,United States and Canada,US,-0.6814,,,,-1,-1,0,-0.0164,-0.3141,-0.4257,-0.4353,0,-0.3653,-0.3691,-0.8725,-0.8351,0,35.12,62.55,,,,,,,,,,
GNW,Genworth Financial Inc.,9.69,3711.36,United States and Canada,US,-0.05,,,,,,,,,,,,,,,,,,,7295,7488,7495,7822,8284,7705,7901,7513,8369,8548
IPEU,IPE Universal Inc.,14,3641.55,United States and Canada,US,-0.125,,,,,,,,,,,,,,,,,,,30.67,4.32,,,,,,,,
NHC,National HealthCare Corporation,214.676,3353.16,United States and Canada,US,-0.0773,,,,,,,,,,,,,,,,,,,1297.94,1135.31,1074.28,1010.94,977.93,996.38,978.68,963.89,923.58,906.62
CSQR,Csquare Inc.,21.533,3338.06,United States and Canada,US,-0.0837,,,,,,,,,,,,,,,,,,,907.55,198.26,,,,,,,,
MBX,MBX Biosciences Inc.,67.735,3224.02,United States and Canada,US,-0.0675,,,,,,,,,,,0.6,0.6,0.5985,0.1455,0.2179,0,0,42.38,,,,,,,,,,
CRVL,CorVel Corporation,62.51,3188.58,United States and Canada,US,-0.3329,,,,,,,,,,,,,,,,,,,895.59,795.31,718.56,646.23,552.64,592.23,595.74,558.35,518.69,503.58
IRON,Disc Medicine Inc.,77.575,2978.32,United States and Canada,US,-0.2204,,,,-1,-1,0,0.0449,0.0328,-0.7884,-0.6975,0,-0.0181,-0.0009,-0.565,-0.4039,0,33.69,135.02,,,,,,,,,,
TR,Tootsie Roll Industries Inc.,39.702,2971.67,United States and Canada,US,-0.1189,,,,,,,,,,,,,,,,,,,723.22,769.37,686.97,570.78,471.06,527.11,518.92,519.29,521.1,540.11
IOND,Ionic Digital Inc.,63.733,2862.98,United States and Canada,US,-0.1136,,,,,,,,,,,,,,,,,,,153.81,115.44,,,,,,,,
DJT,Trump Media & Technology Group Corp.,10.214,2828.81,United States and Canada,US,-0.4616,,,,,,,,,,,,,,,,,,,3.62,4.13,1.47,,,,,,,
KOD,Kodiak Sciences Inc.,45.29,2827.91,United States and Canada,US,-0.0533,,,,,,0.1063,0.1063,-0.1119,-0.0101,-0.1249,0,0,0,0.4798,0.7107,0,50.8,236.3,,,,,,,,,,
RGC,Regencell Bioscience Holdings Limited,5.52,2735.02,United States and Canada,US,-0.92,,,,,,,,,,,,,,,,,,,,,,,,,,,,
TRVI,Trevi Therapeutics Inc.,18.505,2627.33,United States and Canada,US,-0.0848,,,,,,,,,-1,-1,,,-1,-1,-1,0,0,0,,,,,,,,,,
AMLX,Amylyx Pharmaceuticals Inc.,22.836,2539.05,United States and Canada,US,-0.0717,,,,,-1,0.1908,-0.1366,-0.1305,0.0339,0.5991,0.0701,-0.1894,-0.2045,0.0869,0.3707,0,34.97,121.91,87.37,380.79,22.23,0.28,0.65,1.43,,,,
HYMC,Hycroft Mining Holding Corporation,26.558,2474.72,United States and Canada,US,-0.5478,,,,,,,,,,,,,,,,0,0,0,,,33.23,110.73,47.04,13.71,,,310.43,267.9
PHVS,Pharvaris N.V.,34.923,2440.41,United States and Canada,US,-0.0458,,,,,-1,-0.087,-0.11,-0.1449,-0.2956,-0.1906,-0.0058,-0.0003,-0.0034,-0.1036,0.0919,0,41.01,203.13,,,,,,,,,,
KLRA,Kailera Therapeutics Inc.,18.648,2416.14,United States and Canada,US,-0.3394,,,,,,,,,,,,,,,,0,0,0,,,,,,,,,,
MLYS,Mineralys Therapeutics Inc.,27.332,2409.55,United States and Canada,US,-0.4264,,,,-1,-1,0,0,0.0281,0.8424,0.6273,0,0,0.0363,-0.0424,-0.0619,0,121.38,254.69,,,,,,,,,,
SLS,SELLAS Life Sciences Group Inc.,11.998,2359.2,United States and Canada,US,-0.2443,,,,,-1,0,0.2,0.2,0.1608,-0.3175,0,0.2,0.2,-0.0128,-0.2613,0,53.09,122.04,,,1,7.6,1.9,,,,,
SIND,Sinda Ltd.,15.829,2357.51,United States and Canada,US,-0.0328,,,,,,,,,,,,,,,,0,0,0,,,,,,,,,,
COAG,Hemab Therapeutics Holdings Inc.,49.699,2321.21,United States and Canada,US,-0.0782,,,,,,,,,,,0,0,,,,0,0,1.16,,,,,,,,,,
SSMR,Sunshine Silver Mining & Refining Company,16.077,2310.69,United States and Canada,US,-0.0626,,,,,,,,,,,,,,,,0,0,0,0.1,,,,,,,,,
ETNB,89bio Inc.,14.84,2308.62,United States and Canada,US,-0.0146,,,,,,,,,,,,,,,,,,,,,,,,,,,,
SION,Sionna Therapeutics Inc.,51.087,2306.59,United States and Canada,US,-0.0706,,,,,,0.25,0.25,0.125,-0.125,,0.125,0.125,0.125,-0.125,,0,3.75,3.75,,,,,,,,,,
PVLA,Palvella Therapeutics Inc.,157.78,2273.36,United States and Canada,US,-0.0223,,,-1,-1,,-0.0499,-0.1427,-0.1224,1.1503,2.8254,-0.0663,-0.1913,-0.1956,0.3426,0.8221,0,29.03,115.05,,,,,,,,,,
BHVN,Biohaven Ltd.,14.66,2207.22,United States and Canada,US,-0.2104,,,,-1,-1,0,0.2917,0.1215,-0.6746,-0.9345,0,0.2451,0.0462,-0.4554,-0.8575,0,21.37,105.21,,,,,,,,,,
PLBL,Polibeli Group Ltd,5.67,2077.42,United States and Canada,US,-0.5794,,,,,,,,,,,,,,,,,,,30.23,22.79,28.75,,,,,,,
GHRS,GH Research PLC,30.225,2073.7,United States and Canada,US,-0.0564,,,,,,,,,,,-0.5221,-0.5819,-0.5819,-0.926,-0.9342,0,0,1.35,,,,,,,,,,
ADIG,ADI Global Distribution Inc.,27.058,2048.65,United States and Canada,US,-0.0146,,,,,,,,,,,,,,,,,,,,,,,,,,,,
PLWN,Pinelawn Cemetery,575,1991.8,United States and Canada,US,-0.1786,,,,,,,,,,,,,,,,,,,,,,,,,,,,
TMC,TMC the metals company Inc.,4.563,1976.79,United States and Canada,US,-0.598,,,,,,0,0,-0.1999,-0.3999,-0.9418,0,0,0,0.0024,-0.0479,0,26.24,588.23,,,,,,,,,,
WS,Worthington Steel Inc.,38.233,1947.9,United States and Canada,US,-0.2224,,,,,,,,,,,,,,,,,,,3093.3,3430.6,3607.7,4068.9,2127.4,,,,,
BRVE,Braveheart Bio Inc.,30.877,1904.15,United States and Canada,US,-0.0216,,,,,,,,,,,,,,,,,,,,,,,,,,,,
FBRX,Forte Biosciences Inc.,76.792,1877.32,United States and Canada,US,-0.0053,,,,,,,,,,,,,,,-1,0,0,0,,,,,,,,,,
WMK,Weis Markets Inc.,75.241,1861.81,United States and Canada,US,-0.1015,,,,,,,,,,,,,,,,,,,4791.73,4714.57,4713.99,4224.42,4112.6,3543.3,3509.27,3466.81,3136.72,2876.75
BCAX,Bicara Therapeutics Inc.,28.075,1844.64,United States and Canada,US,-0.0941,,,,,,,,,,,0,0,-0.0222,0.0367,1.9027,0,0,41.51,,,,,,,,,,
DMRA,Damora Therapeutics Inc.,29.94,1842.9,United States and Canada,US,-0.2188,,,,,,,,,,,,,,,,0,0,0,,,,,,,,,,
CMPS,COMPASS Pathways plc,13.54,1827.21,United States and Canada,US,-0.1208,,,,,,0.0342,0.0214,0.8531,1.2286,4.8907,0.1045,0.1386,0.2433,0.2906,0.567,0,61.46,245.18,,,,,,,,,,
KARD,Kardigan Inc.,20.41,1823.41,United States and Canada,US,-0.2441,,,,,,,,,,,,,,,,0,0,0,,,,,,,,,,
NEXT,NextDecade Corporation,6.696,1782.38,United States and Canada,US,-0.4059,,,,-1,-1,0,0.1656,0.1656,4.5143,-0.0232,0,1.0174,1.0174,,,0,1740.57,3992.53,,,,,,,,,,
OBX,Obsidian Therapeutics Inc.,27.301,1685.21,United States and Canada,US,-0.4537,,,,,,,,,,,,,,,,,,,,,,,,,,,,
IMKTA,Ingles Markets Incorporated,88.245,1676.16,United States and Canada,US,-0.0771,,,,,,,,,,,,,,,,,,,5639.61,5892.78,5678.84,4987.92,4610.61,4202.03,4092.8,4002.7,3794.98,3778.64
